heimild,heimild_heiti,skjal,adili_1,adili_2,rakning,samningur_fra,samningur_til,gildir_fra,tegund,prosenta,kronur,a_vid,artal_stada,tilvitnun
vr,VR,vr/file429437.pdf,launakannana VR árin 1999,2000 en,aðilar úr skjali,,,2001-01-01,prósenta,3.0,,almenn laun,úr texta,kki eins og er því brugðið á það ráð að fjalla um samningana í sitthvoru lagi hér að neðan. Stór meirihluti félagsmanna vinnur samkvæmt samningi VR og SA. VR og SA Launahækkun Samkvæmt samningi VR við Samtök atvinnulífsins áttu öll laun félagsmanna að hækka að lág- marki um 3% frá og með 1. janúar 2001. Launaviðtal Starfsmaður á rétt á viðtali við yfirmann einu sinni á ári um störf sín og hugsanle
vr,VR,vr/utfararstofa_2004.pdf,Útfararstofu kirkjugarðanna,Verzlunarmannafélags Reykjavíkur,aðilar úr skjali,,,2001-01-01,prósenta,3.0,,almenn laun,úr texta,"amtaka atvinnulífsins dags 21. apríl 2004 gilda. 2. grein. Launahækkanir verða sem hér segir á samningstímanum: Frá 16. apríl 2004 skulu laun hækka um 3,25%, auk kr. 5.000.- á mánuði. Frá 1. janúar 2001 3% Frá 1. janúar 2002 2,5% Frá 1. janúar 2003 2,25% 3. grein. Laun starfsmanna skulu vera eftirfarandi; 01. ap"
fin,Félag íslenskra náttúrufræðinga,fin/Riki_Heildarkjarasamningur.pdf,,,aðeins heimild,,,2001-12-31,prósenta,6.9,,launatafla,úr texta,"i, að við endurskoðun stofnanasamnings verði tekið tillit til þess mismunar sem er á núverandi launatöflu arkitekta og náttúrufræðinga. Núgildandi launatafla arkitekta verði framlengd og gildi til 31. desember 2001 með 6,9% hækkun svo stofnun hafi svigrúm til að endurskoða röðun þeirra eftir staðfestingu kjarasamningsins. Bókun 8 Vegna brottfellingar m.a. á greinum 2.6.13 og 4.2.2 (um lágmarksupph"
fin,Félag íslenskra náttúrufræðinga,fin/Riki_Heildarkjarasamningur.pdf,,,aðeins heimild,,,2002-01-01,prósenta,3.0,,launatafla,úr texta,"í mánaðarlaunin og margfaldað með fjölda almanaksdaga annarra en laugardaga og sunnudaga frá upphafi eða til loka starfstíma. 1.1.3 Launatöflur skv. gr. 1.1.1 taki þeim hækkunum sem hér segir: 1. janúar 2002 3,0% 1. janúar 2003 3,0% 1. janúar 2004 3,0% 1.2 Launaþrep 1.2.1 Í ramma A eru 6 launaþrep og raðast starfsmaður eft"
vr,VR,vr/file453984.pdf,,,aðeins heimild,,,2002-01-01,prósenta,3.0,,almenn laun,úr texta,1. janúar 2002 hafa þeir rétt til tveggja mán- aða fæðingarorlofs. Síðasti mán- uðurinn kemur svo þann 1. janúar 2003. Við minnum verðandi feður á þennan rétt og hvetjum þá til að nýta sér hann. Þann 1. janúar 2002 hækka laun sam- kvæmt samningi VR og Samtaka atvinnulífs- ins um 3%. Hér eru birtar töflur yfir lág- markslaun afgreiðslufólks og deildarstjóra í verslunum og skrifstofufólks frá og með
vr,VR,vr/utfararstofa_2004.pdf,Útfararstofu kirkjugarðanna,Verzlunarmannafélags Reykjavíkur,aðilar úr skjali,,,2002-01-01,prósenta,2.5,,almenn laun,úr texta,"ags 21. apríl 2004 gilda. 2. grein. Launahækkanir verða sem hér segir á samningstímanum: Frá 16. apríl 2004 skulu laun hækka um 3,25%, auk kr. 5.000.- á mánuði. Frá 1. janúar 2001 3% Frá 1. janúar 2002 2,5% Frá 1. janúar 2003 2,25% 3. grein. Laun starfsmanna skulu vera eftirfarandi; 01. apríl 2004 Mánaðarlaun Dagvi"
lis,Læknafélag Íslands,lis/urskurdur-kjaranefndar-oktober-2002.pdf,í september 1996. Samningnum fylgdi yfirlýsing frá heilbrigðisráðherra,fjármálaráðherra,aðilar úr skjali,,,2002-04-01,prósenta,3.0,,almenn laun,úr texta,kna er höfð hliðsjón af viðmiðunarreglum kjaranefndar um greiðslur fyrir aukastörf. 15. Úrskurðurinn tekur gildi 1. nóvember 2002 að öðru leyti en því að kafli IX.2 um mánaðarlaun gildir frá 1. apríl 2002. Laun samkvæmt úrskurði þessum skulu hækka um 3% 1. janúar 2003. ____________________________ Guðrún Zoëga _____________________________ ___________________
asi,Alþýðusamband Íslands,asi/2003.266.pdf,Samtaka atvinnulífsins,Bifreiðarstjórafélagsins Sleipnis,aðilar úr skjali,,,2002-06-12,krónutala,,1690,óskilgreint,úr texta,félagi Reykjavíkur.“ Lögmaður stefnanda sendi stefnda bréf 3. júní 2002 þar sem krafist var greiðslu bóta vegna uppsagnar stefnanda og Björns Briem. Þeirri kröfu var hafnað með bréfi SA dagsettu 12. júní 2002. Stefnandi krafðist í stefnu bóta að fjárhæð 2.31 1.690 krónur en lækkaði kröfuna við upphaf aðalmeðferðar um fjárhæð sem nemur atvinnuleysisbótum á því þriggja mánaða tímabili sem krafa vegn
fin,Félag íslenskra náttúrufræðinga,fin/Riki_Heildarkjarasamningur.pdf,,,aðeins heimild,,,2003-01-01,prósenta,3.0,,launatafla,úr texta,"ldað með fjölda almanaksdaga annarra en laugardaga og sunnudaga frá upphafi eða til loka starfstíma. 1.1.3 Launatöflur skv. gr. 1.1.1 taki þeim hækkunum sem hér segir: 1. janúar 2002 3,0% 1. janúar 2003 3,0% 1. janúar 2004 3,0% 1.2 Launaþrep 1.2.1 Í ramma A eru 6 launaþrep og raðast starfsmaður eftir aldri innan hans sem"
lis,Læknafélag Íslands,lis/urskurdur-kjaranefndar-oktober-2002.pdf,í september 1996. Samningnum fylgdi yfirlýsing frá heilbrigðisráðherra,fjármálaráðherra,aðilar úr skjali,,,2003-01-01,prósenta,3.0,,almenn laun,úr texta,liðsjón af viðmiðunarreglum kjaranefndar um greiðslur fyrir aukastörf. 15. Úrskurðurinn tekur gildi 1. nóvember 2002 að öðru leyti en því að kafli IX.2 um mánaðarlaun gildir frá 1. apríl 2002. Laun samkvæmt úrskurði þessum skulu hækka um 3% 1. janúar 2003. ____________________________ Guðrún Zoëga _____________________________ ___________________ _________ Ás
fin,Félag íslenskra náttúrufræðinga,fin/Riki_Heildarkjarasamningur.pdf,,,aðeins heimild,,,2004-01-01,prósenta,3.0,,launatafla,úr texta,"daga annarra en laugardaga og sunnudaga frá upphafi eða til loka starfstíma. 1.1.3 Launatöflur skv. gr. 1.1.1 taki þeim hækkunum sem hér segir: 1. janúar 2002 3,0% 1. janúar 2003 3,0% 1. janúar 2004 3,0% 1.2 Launaþrep 1.2.1 Í ramma A eru 6 launaþrep og raðast starfsmaður eftir aldri innan hans sem hér segir: 1. þrep: yngri en 25 ára 2. þrep: frá 25 ára aldri 3. þrep: frá 27 ára aldri"
samidn,Samiðn,samidn/kjarasamningur_or-_lokaskjal_-_10092006_-_samidn.pdf,Samiðnar sambands iðnfélaga f.h. aðildarfélaga,Orkuveitu Reykjavíkur,aðilar úr skjali,,,2004-01-01,prósenta,3.25,,launatafla,úr texta,"ngreint gildir jafnt um þá sem vinna samfellt hluta úr degi alla vikuna og þá sem vinna reglubundið t.d. einn dag í viku eða hluta af einum degi. 1.1.4 Mánaðarlaun skv. 1.1.1 hækka sem hér segir: 1. janúar 2004 hækkar launatafla skv. 1.1.1 um 3,25% 1. janúar 2005 hækkar launatafla skv. 1.1.1 um 3,00% 1. janúar 2006 hækkar launatafla skv. 1.1.1 um 2,50% 1. janúar 20"
afl,AFL Starfsgreinafélag,afl/veitogtjonustus.pdf,Samtaka atvinnulífsins,Starfsgreinasambands Íslands,aðilar úr skjali,,,2004-03-01,prósenta,3.25,,almenn laun,úr texta,"sem ráðnir eru til stjórnunarstarfa í skriflegum ráðningarsamningi. 1.2.5. Skilgreina skal starfssvið dyravarða í skriflegum ráðningarsamningi. 1.3. Launahækkanir 1.3.1. Laun hækka sem hér segir: 1. mars 2004 3,25%. 1. janúar 2005 3,00%, 1. janúar 2006 2,50%, 1. janúar 2007 2,25%. Aðrir kjaratengdir liðir taka sömu breytingu"
afl,AFL Starfsgreinafélag,afl/livafl.pdf,"skóla, stéttarfélags",fyrirtækis,aðilar úr skjali,,,2004-04-16,prósenta,3.25,,almenn laun,úr texta,"áss hf., Matbæjar hf. og Samkaupa hf. Um laun star fsfólks í gestamó ttöku og apót ekum ví sast t il viðkomandi samninga. 1.2. Launamyndun 1.2.1. H ækkun launa Öll laun hækka sem hér segir: 16. apríl 2004 3,25%, 1. janúar 2005 3,00%, 1. janúar 2006 2,50%, 1. janúar 2007 2,25% (2,9%) Aðrir k jaratengdir liðir tak a sö"
vr,VR,vr/utfararstofa_2004.pdf,Útfararstofu kirkjugarðanna,Verzlunarmannafélags Reykjavíkur,aðilar úr skjali,,,2004-04-16,prósenta og krónutala,3.25,5000,almenn laun,úr texta,"reinir, skal kjarasamningur milli Verzlunarmannafélags Reykjavíkur og Samtaka atvinnulífsins dags 21. apríl 2004 gilda. 2. grein. Launahækkanir verða sem hér segir á samningstímanum: Frá 16. apríl 2004 skulu laun hækka um 3,25%, auk kr. 5.000.- á mánuði. Frá 1. janúar 2001 3% Frá 1. janúar 2002 2,5% Frá 1. janúar 2003 2,25% 3. grein. Laun starfsmanna skulu vera ef"
afl,AFL Starfsgreinafélag,afl/kjarasamningursaogsamidn.pdf,Samtaka atvinnulífsins,Samiðnar ­ sambands,aðilar úr skjali,,,2004-04-26,prósenta,3.25,,óskilgreint,úr texta,"og mætingaskyldugjald. 1.1.1.3. Starfsaldur miðast við starfsaldur í starfsgrein frá sveinsprófi. 1.1.2. Launabreytingar á samningstímanum Laun og aðrir kjaratengdir liðir hækka sem hér segir: 26. apríl 2004 3,25%. 1. janúar 2005 3,0%, 1. janúar 2006 2,5% 1. janúar 2007 2,25%. 1.1.3. Taxtar nær greiddu kaupi Með samningi"
samidn,Samiðn,samidn/samningurmh2004.pdf,"Samiðnar - sambands iðnfélaga, vegna aðildarfélaga",Meistarafélags húsasmiða,aðilar úr skjali,,,2004-04-26,prósenta,3.25,,kauptaxtar,úr texta,"fyrirvörum sem í samningi þessum felast og falla þá úr gildi án sérstakrar uppsagnar. Samningur þessi gildir frá 1. maí 2004. 2. gr. Laun Laun og aðrir kjaratengdir liðir hækka sem hér segir: 26. apríl 2004 3,25%. 1. janúar 2005 3,0%, 1. janúar 2006 2,5% 1. janúar 2007 2,25%. 3. gr. Launataxtar Með gildistöku samning"
samidn,Samiðn,samidn/samidn_-_bilgreinasambandid_2004_-_endanlegt.pdf,Bílgreinasambandsins,Samiðnar - Sambands iðnfélaga,aðilar úr skjali,,,2004-05-01,prósenta,3.25,,óskilgreint,úr texta,".1.1.3. Við mat á starfsaldri til launa telst 22 ára aldur jafngilda eins árs starfi í starfsgrein. 1.1.2. Launabreytingar á samningstímanum Laun og aðrir kjaratengdir liðir hækka sem hér segir: 1. maí 2004 3,25%. 1. janúar 2005 3,0%, 1. janúar 2006 2,5% 1. janúar 2007 2,25%. 1.1.3 Taxtar nær greiddu kaupi Með sam ni"
afl,AFL Starfsgreinafélag,afl/ssiogasaaustf.pdf,Útvegsmannafélags Austfjarða og Samtaka atvinnulífsins,Alþýðusambands Austurlands,aðilar úr skjali,,,2004-10-30,prósenta,4.25,,óskilgreint,úr texta,"n, en hlut þeirra sem v antar skal reikna m.v. mönnun að honum meðtöldum. 1.03. Hækkun kaupliða. Frá gildistöku samnings þessa skulu kauptrygging og aðrir launaliðir hækka sem hér segir: Frá 30. október 2004 4,25% Þann 1. janúar 2005 3,00% Þann 1. janúar 2006 3,50% Þann 1. janúar 2007 2,25% Þann 1. janúar 2008 3,50% Tímakau"
afl,AFL Starfsgreinafélag,afl/ssiogliuhofn.pdf,Landsambands íslenskra útvegsmanna og Samtaka atvinnulífsins,Sjómannasambands Íslands,aðilar úr skjali,,,2004-10-30,prósenta,4.25,,óskilgreint,úr texta,"en hlut þess sem vantar skal reikna m.v. mönnun að honum meðtöldum. 1.03. Hækkun kaupliða. Frá gildistöku samnings þessa skulu kaupt rygging og aðrir la unaliðir hækka sem hér segir: Frá 30. október 2004 4,25% Þann 1. janúar 2005 3,00% Þann 1. janúar 2006 3,50% Þann 1. janúar 2007 2,25% Þann 1. janúar 2008 3,50% Tímakau"
afl,AFL Starfsgreinafélag,afl/kjarasamningursaogsamidn.pdf,Samtaka atvinnulífsins,Samiðnar ­ sambands,aðilar úr skjali,,,2005-01-01,prósenta,3.0,,óskilgreint,úr texta,".1.1.3. Starfsaldur miðast við starfsaldur í starfsgrein frá sveinsprófi. 1.1.2. Launabreytingar á samningstímanum Laun og aðrir kjaratengdir liðir hækka sem hér segir: 26. apríl 2004 3,25%. 1. janúar 2005 3,0%, 1. janúar 2006 2,5% 1. janúar 2007 2,25%. 1.1.3. Taxtar nær greiddu kaupi Með samningi þessum eru lágm arkslauna"
afl,AFL Starfsgreinafélag,afl/livafl.pdf,"skóla, stéttarfélags",fyrirtækis,aðilar úr skjali,,,2005-01-01,prósenta,3.0,,almenn laun,úr texta,"amkaupa hf. Um laun star fsfólks í gestamó ttöku og apót ekum ví sast t il viðkomandi samninga. 1.2. Launamyndun 1.2.1. H ækkun launa Öll laun hækka sem hér segir: 16. apríl 2004 3,25%, 1. janúar 2005 3,00%, 1. janúar 2006 2,50%, 1. janúar 2007 2,25% (2,9%) Aðrir k jaratengdir liðir tak a sö mu breytingum hlutfallsleg"
afl,AFL Starfsgreinafélag,afl/rkissamningur.pdf,fjármálaráðherra f.h. ríkissjóðs,Starfsgreinasambands Íslands,aðilar úr skjali,,,2005-01-01,prósenta,3.0,,launatafla,úr texta,"eð 21,67 í mánaðarlaunin og margfaldað með fjölda almanaksdaga annarra en laugardaga og sunnudaga frá upphafi eða til loka starfstíma. 1.1.3 Launatafla taki þeim hækkunum sem hér segir: 1. janúar 2005 3,00% 1. janúar 2006 2,50% 1. janúar 2007 2,25% 1. janúar 2008 0,50% 1.2 Launaþrep 1.2.1 Í launatöflu eru 6 þrep o"
afl,AFL Starfsgreinafélag,afl/samningur_vid_edduhotel.pdf,Flugleiðahótel hf. vegna sumarhótela sinna,Starfsgreinasamband,aðilar úr skjali,2004-03-01,2007-12-31,2005-01-01,prósenta,3.0,,launatafla,úr texta,"ð það ár sem hlutaðeigandi aldri er náð. Laun 17 ára eru 95% af byrjunarlaunum 18 ára í launaflokki 4, laun 16 ára 90% , laun 15 ára 75% og 14 ára 65% af sama stofni. Laun hækka sem hér segir: 1. janúar 2005 um 3%, 1. janúar 2006 um 2,5% 1. janúar 2008 um 2,25% Þann 1. janúar 2006 breytist röðun starfa í launaflokka þannig að þei"
afl,AFL Starfsgreinafélag,afl/ssiogasaaustf.pdf,Útvegsmannafélags Austfjarða og Samtaka atvinnulífsins,Alþýðusambands Austurlands,aðilar úr skjali,,,2005-01-01,prósenta,3.0,,óskilgreint,úr texta,"al reikna m.v. mönnun að honum meðtöldum. 1.03. Hækkun kaupliða. Frá gildistöku samnings þessa skulu kauptrygging og aðrir launaliðir hækka sem hér segir: Frá 30. október 2004 4,25% Þann 1. janúar 2005 3,00% Þann 1. janúar 2006 3,50% Þann 1. janúar 2007 2,25% Þann 1. janúar 2008 3,50% Tímakaup skal miðast við deilistuðul"
afl,AFL Starfsgreinafélag,afl/ssiogliuhofn.pdf,Landsambands íslenskra útvegsmanna og Samtaka atvinnulífsins,Sjómannasambands Íslands,aðilar úr skjali,,,2005-01-01,prósenta,3.0,,óskilgreint,úr texta,"eikna m.v. mönnun að honum meðtöldum. 1.03. Hækkun kaupliða. Frá gildistöku samnings þessa skulu kaupt rygging og aðrir la unaliðir hækka sem hér segir: Frá 30. október 2004 4,25% Þann 1. janúar 2005 3,00% Þann 1. janúar 2006 3,50% Þann 1. janúar 2007 2,25% Þann 1. janúar 2008 3,50% Tímakaup skal miðast við deilistuðul"
afl,AFL Starfsgreinafélag,afl/veitogtjonustus.pdf,Samtaka atvinnulífsins,Starfsgreinasambands Íslands,aðilar úr skjali,,,2005-01-01,prósenta,3.0,,almenn laun,úr texta,"nunarstarfa í skriflegum ráðningarsamningi. 1.2.5. Skilgreina skal starfssvið dyravarða í skriflegum ráðningarsamningi. 1.3. Launahækkanir 1.3.1. Laun hækka sem hér segir: 1. mars 2004 3,25%. 1. janúar 2005 3,00%, 1. janúar 2006 2,50%, 1. janúar 2007 2,25%. Aðrir kjaratengdir liðir taka sömu breytingum hlutfallslega á sömu d"
sa,Samtök atvinnulífsins,sa/b7f7e43a-dad2-4794-95ed-00b41f6ebb01_Kjarasamningur SA og Lyfjafræðingafélags Íslands v. apóteka.pdf,SAMTAKA ATVINNULÍFSINS,LYFJAFRÆÐINGAFÉLAGS ÍSLANDS,aðilar úr skjali,,,2005-01-01,prósenta,2.5,,óskilgreint,úr texta,"ttar lyfjafræðinga sem starfa í apótekum. Samkomulag er um að samningsaðilar geri launakannanir í ársbyrjun 2005 og 2006 sem sýni launabreytingar sem verða innan stéttarinnar á tímabilinu. Komi í ljós að launabreytingar lyfjafræðinga í heild hafi verið lægri en 2,5% á tímabilinu frá 1. janúar 2005 – 31. desember 2005 verður mismunur launa - breytinga skv. launakönnun og 2,5% greiddur í formi kjara"
samidn,Samiðn,samidn/kjarasamningur_or-_lokaskjal_-_10092006_-_samidn.pdf,Samiðnar sambands iðnfélaga f.h. aðildarfélaga,Orkuveitu Reykjavíkur,aðilar úr skjali,,,2005-01-01,prósenta,3.0,,launatafla,úr texta,"r degi alla vikuna og þá sem vinna reglubundið t.d. einn dag í viku eða hluta af einum degi. 1.1.4 Mánaðarlaun skv. 1.1.1 hækka sem hér segir: 1. janúar 2004 hækkar launatafla skv. 1.1.1 um 3,25% 1. janúar 2005 hækkar launatafla skv. 1.1.1 um 3,00% 1. janúar 2006 hækkar launatafla skv. 1.1.1 um 2,50% 1. janúar 2007 hækkar launatafla skv. 1.1.1 um 2,25% 1.2 Launaþre"
samidn,Samiðn,samidn/samidn_-_bilgreinasambandid_2004_-_endanlegt.pdf,Bílgreinasambandsins,Samiðnar - Sambands iðnfélaga,aðilar úr skjali,,,2005-01-01,prósenta,3.0,,óskilgreint,úr texta,"ri til launa telst 22 ára aldur jafngilda eins árs starfi í starfsgrein. 1.1.2. Launabreytingar á samningstímanum Laun og aðrir kjaratengdir liðir hækka sem hér segir: 1. maí 2004 3,25%. 1. janúar 2005 3,0%, 1. janúar 2006 2,5% 1. janúar 2007 2,25%. 1.1.3 Taxtar nær greiddu kaupi Með sam ningi þessum eru lágm arksl"
samidn,Samiðn,samidn/samningurmh2004.pdf,"Samiðnar - sambands iðnfélaga, vegna aðildarfélaga",Meistarafélags húsasmiða,aðilar úr skjali,,,2005-01-01,prósenta,3.0,,kauptaxtar,úr texta,"þessum felast og falla þá úr gildi án sérstakrar uppsagnar. Samningur þessi gildir frá 1. maí 2004. 2. gr. Laun Laun og aðrir kjaratengdir liðir hækka sem hér segir: 26. apríl 2004 3,25%. 1. janúar 2005 3,0%, 1. janúar 2006 2,5% 1. janúar 2007 2,25%. 3. gr. Launataxtar Með gildistöku samnings þessa falla úr gildi all"
sa,Samtök atvinnulífsins,sa/b7f7e43a-dad2-4794-95ed-00b41f6ebb01_Kjarasamningur SA og Lyfjafræðingafélags Íslands v. apóteka.pdf,SAMTAKA ATVINNULÍFSINS,LYFJAFRÆÐINGAFÉLAGS ÍSLANDS,aðilar úr skjali,,,2005-12-31,prósenta,2.5,,óskilgreint,úr texta,"jun 2005 og 2006 sem sýni launabreytingar sem verða innan stéttarinnar á tímabilinu. Komi í ljós að launabreytingar lyfjafræðinga í heild hafi verið lægri en 2,5% á tímabilinu frá 1. janúar 2005 – 31. desember 2005 verður mismunur launa - breytinga skv. launakönnun og 2,5% greiddur í formi kjarasamningsbundinnar launahækkunar til starfandi lyfjafræðinga í apótekum frá 1. janúar 2006. Kjarasamnings"
afl,AFL Starfsgreinafélag,afl/kjarasamningur_sgs_og_ln_2005.pdf,Launanefndar sveitarfélaga f.h. þeirra sveitarfélaga,annarra aðila sem hún hefur,aðilar úr skjali,,,2006-01-01,prósenta,3.0,,launatafla,úr texta,"75 283.638 294.132 305.015 316.301 328.004 Útgefin launatafla hverju sinni nær yfir alla launaflokka sem miðað er við í kjarasamningi þessum. Mánaðarlaun hækka sem hér segir á samningstímanum: 1. janúar 2006 3,0% 1. janúar 2007 3,0% 1. janúar 2008 3,0% 1.1.1.1 Að afloknum þriggja mánaða reynslutím a skulu föst laun greidd fyrir"
afl,AFL Starfsgreinafélag,afl/kjarasamningursaogsamidn.pdf,Samtaka atvinnulífsins,Samiðnar ­ sambands,aðilar úr skjali,,,2006-01-01,prósenta,2.5,,kauptaxtar,úr texta,"t við starfsaldur í starfsgrein frá sveinsprófi. 1.1.2. Launabreytingar á samningstímanum Laun og aðrir kjaratengdir liðir hækka sem hér segir: 26. apríl 2004 3,25%. 1. janúar 2005 3,0%, 1. janúar 2006 2,5% 1. janúar 2007 2,25%. 1.1.3. Taxtar nær greiddu kaupi Með samningi þessum eru lágm arkslaunataxtar Samiðnarmanna fær"
afl,AFL Starfsgreinafélag,afl/livafl.pdf,"skóla, stéttarfélags",fyrirtækis,aðilar úr skjali,,,2006-01-01,prósenta,2.5,,almenn laun,úr texta,"r fsfólks í gestamó ttöku og apót ekum ví sast t il viðkomandi samninga. 1.2. Launamyndun 1.2.1. H ækkun launa Öll laun hækka sem hér segir: 16. apríl 2004 3,25%, 1. janúar 2005 3,00%, 1. janúar 2006 2,50%, 1. janúar 2007 2,25% (2,9%) Aðrir k jaratengdir liðir tak a sö mu breytingum hlutfallslega á sömu dagsetningum, ne"
afl,AFL Starfsgreinafélag,afl/rkissamningur.pdf,fjármálaráðherra f.h. ríkissjóðs,Starfsgreinasambands Íslands,aðilar úr skjali,,,2006-01-01,prósenta,2.5,,launatafla,úr texta,"nin og margfaldað með fjölda almanaksdaga annarra en laugardaga og sunnudaga frá upphafi eða til loka starfstíma. 1.1.3 Launatafla taki þeim hækkunum sem hér segir: 1. janúar 2005 3,00% 1. janúar 2006 2,50% 1. janúar 2007 2,25% 1. janúar 2008 0,50% 1.2 Launaþrep 1.2.1 Í launatöflu eru 6 þrep og raðast starfsmaður eft"
afl,AFL Starfsgreinafélag,afl/samningur_vid_edduhotel.pdf,Flugleiðahótel hf. vegna sumarhótela sinna,Starfsgreinasamband,aðilar úr skjali,2004-03-01,2007-12-31,2006-01-01,prósenta,2.5,,launatafla,úr texta,"ndi aldri er náð. Laun 17 ára eru 95% af byrjunarlaunum 18 ára í launaflokki 4, laun 16 ára 90% , laun 15 ára 75% og 14 ára 65% af sama stofni. Laun hækka sem hér segir: 1. janúar 2005 um 3%, 1. janúar 2006 um 2,5% 1. janúar 2008 um 2,25% Þann 1. janúar 2006 breytist röðun starfa í launaflokka þannig að þeir sem eru í launaflokki"
afl,AFL Starfsgreinafélag,afl/samningur_vid_edduhotel.pdf,Flugleiðahótel hf. vegna sumarhótela sinna,Starfsgreinasamband,aðilar úr skjali,2004-03-01,2007-12-31,2006-01-01,prósenta,2.25,,launatafla,úr texta,"af byrjunarlaunum 18 ára í launaflokki 4, laun 16 ára 90% , laun 15 ára 75% og 14 ára 65% af sama stofni. Laun hækka sem hér segir: 1. janúar 2005 um 3%, 1. janúar 2006 um 2,5% 1. janúar 2008 um 2,25% Þann 1. janúar 2006 breytist röðun starfa í launaflokka þannig að þeir sem eru í launaflokki 4 færast í launaflokk 5 og þeir sem eru í lau"
afl,AFL Starfsgreinafélag,afl/ssiogasaaustf.pdf,Útvegsmannafélags Austfjarða og Samtaka atvinnulífsins,Alþýðusambands Austurlands,aðilar úr skjali,,,2006-01-01,prósenta,3.5,,óskilgreint,úr texta,"m meðtöldum. 1.03. Hækkun kaupliða. Frá gildistöku samnings þessa skulu kauptrygging og aðrir launaliðir hækka sem hér segir: Frá 30. október 2004 4,25% Þann 1. janúar 2005 3,00% Þann 1. janúar 2006 3,50% Þann 1. janúar 2007 2,25% Þann 1. janúar 2008 3,50% Tímakaup skal miðast við deilistuðulinn 173,33 í kauptryggingu."
afl,AFL Starfsgreinafélag,afl/ssiogliuhofn.pdf,Landsambands íslenskra útvegsmanna og Samtaka atvinnulífsins,Sjómannasambands Íslands,aðilar úr skjali,,,2006-01-01,prósenta,3.5,,óskilgreint,úr texta,"eðtöldum. 1.03. Hækkun kaupliða. Frá gildistöku samnings þessa skulu kaupt rygging og aðrir la unaliðir hækka sem hér segir: Frá 30. október 2004 4,25% Þann 1. janúar 2005 3,00% Þann 1. janúar 2006 3,50% Þann 1. janúar 2007 2,25% Þann 1. janúar 2008 3,50% Tímakaup skal miðast við deilistuðulinn 173,33 í kauptryggingu."
afl,AFL Starfsgreinafélag,afl/veitogtjonustus.pdf,Samtaka atvinnulífsins,Starfsgreinasambands Íslands,aðilar úr skjali,,,2006-01-01,prósenta,2.5,,almenn laun,úr texta,"ráðningarsamningi. 1.2.5. Skilgreina skal starfssvið dyravarða í skriflegum ráðningarsamningi. 1.3. Launahækkanir 1.3.1. Laun hækka sem hér segir: 1. mars 2004 3,25%. 1. janúar 2005 3,00%, 1. janúar 2006 2,50%, 1. janúar 2007 2,25%. Aðrir kjaratengdir liðir taka sömu breytingum hlutfallslega á sömu dagsetningum, nema um anna"
afl,AFL Starfsgreinafélag,afl/veitogtjonustus.pdf,Samtaka atvinnulífsins,Starfsgreinasambands Íslands,aðilar úr skjali,,,2006-01-01,prósenta,3.25,,kauptaxtar,úr texta,"arasamningur aðila miðar m.a. að því að færa umsamda launataxta nær greiddu kaupi án hækkunar á launum sem hærri eru en innröðun starfa í nýja launaflokka. Minnsta hækkun við gildistöku samningsins skal þó vera 3,25%. Bókun þessi á einnig við um þær launaflokkahækkanir sem umsamdar eru 1. janúar 2006. Við mat á því hvort breytingar á launatöxtum gefi tilefni til hækkunar launa sem fyrir gerð samni"
samidn,Samiðn,samidn/kjarasamningur_or-_lokaskjal_-_10092006_-_samidn.pdf,Samiðnar sambands iðnfélaga f.h. aðildarfélaga,Orkuveitu Reykjavíkur,aðilar úr skjali,,,2006-01-01,prósenta,2.5,,launatafla,úr texta,"nn dag í viku eða hluta af einum degi. 1.1.4 Mánaðarlaun skv. 1.1.1 hækka sem hér segir: 1. janúar 2004 hækkar launatafla skv. 1.1.1 um 3,25% 1. janúar 2005 hækkar launatafla skv. 1.1.1 um 3,00% 1. janúar 2006 hækkar launatafla skv. 1.1.1 um 2,50% 1. janúar 2007 hækkar launatafla skv. 1.1.1 um 2,25% 1.2 Launaþrep Launaþrep miðast við lífaldur til 30. júní 2006. L"
samidn,Samiðn,samidn/samidn_-_bilgreinasambandid_2004_-_endanlegt.pdf,Bílgreinasambandsins,Samiðnar - Sambands iðnfélaga,aðilar úr skjali,,,2006-01-01,prósenta,2.5,,kauptaxtar,úr texta,"aldur jafngilda eins árs starfi í starfsgrein. 1.1.2. Launabreytingar á samningstímanum Laun og aðrir kjaratengdir liðir hækka sem hér segir: 1. maí 2004 3,25%. 1. janúar 2005 3,0%, 1. janúar 2006 2,5% 1. janúar 2007 2,25%. 1.1.3 Taxtar nær greiddu kaupi Með sam ningi þessum eru lágm arkslaunataxtar Sam iðnarmanna"
samidn,Samiðn,samidn/samningurmh2004.pdf,"Samiðnar - sambands iðnfélaga, vegna aðildarfélaga",Meistarafélags húsasmiða,aðilar úr skjali,,,2006-01-01,prósenta,2.5,,kauptaxtar,úr texta,"úr gildi án sérstakrar uppsagnar. Samningur þessi gildir frá 1. maí 2004. 2. gr. Laun Laun og aðrir kjaratengdir liðir hækka sem hér segir: 26. apríl 2004 3,25%. 1. janúar 2005 3,0%, 1. janúar 2006 2,5% 1. janúar 2007 2,25%. 3. gr. Launataxtar Með gildistöku samnings þessa falla úr gildi allir fyrri launataxtar Sami"
samidn,Samiðn,samidn/kjarasamningur_or-_lokaskjal_-_10092006_-_samidn.pdf,Samiðnar sambands iðnfélaga f.h. aðildarfélaga,Orkuveitu Reykjavíkur,aðilar úr skjali,,,2006-06-30,prósenta,2.25,,launatafla,úr texta,"1 hækka sem hér segir: 1. janúar 2004 hækkar launatafla skv. 1.1.1 um 3,25% 1. janúar 2005 hækkar launatafla skv. 1.1.1 um 3,00% 1. janúar 2006 hækkar launatafla skv. 1.1.1 um 2,50% 1. janúar 2007 hækkar launatafla skv. 1.1.1 um 2,25% 1.2 Launaþrep Launaþrep miðast við lífaldur til 30. júní 2006. Laun starfsmanna hækka m.v. 25 ára aldur, 27 ára aldur, 30 ára aldur, 35 ára aldur, 40 ára aldur og 45"
vr,VR,vr/kjarasamningur_vr_fis_2008_uppfaerdur.pdf,VR/LÍV,FÍS,aðilar úr skjali,2008-02-01,2010-11-30,2006-10-01,prósenta,8.6,,lágmarkstekjur,grunsamlegt,"aun en 75% af lágmarkslaunum. Laun ungmenna skulu miðast við áramót þess árs, sem þau ná tilskyldum aldri. 1.2 Hækkun launa 1.2.1. Launaþróunartrygging við gildistöku Grunnhækkun launa við gildistöku samnings þessa er 8,6% fyrir þá starfsmenn sem voru í starfi hjá sama launagreiðanda 1. október 2006 og eru enn í starfi. Frá grunnhækkun dregst önnur sú launahækkun sem starfsmaður hefur fengið frá 2"
afl,AFL Starfsgreinafélag,afl/Kjaras_SA_og_Samidn2008.pdf,Samtaka atvinnulífsins,"Samiðnar - sambands iðnfélaga f.h. aðildarfélaga í málmiðnaði, byggingariðnaði og skrúðgarðyrkju",aðilar úr skjali,2008-02-01,2010-11-30,2007-01-01,prósenta,5.5,,óskilgreint,úr texta,"arfsaldur miðast við starfsaldur í starfsgrein frá sveinsprófi. 1.1.2. Launabreytingar á samningstímanum 1.1.2.1. Launaþróunartrygging við gildistöku 1. febrúar 2008 Grunnhækkun launa við gildistöku samnings þessa er 5,5% fyrir þá starfsmenn sem voru í starfi hjá sama launagreiðanda 1. janúar 2007. Frá grunnhækkun dregst önnur sú launahækkun sem starfsmaður hefur fengið frá 2. janúar 2007 til og m"
afl,AFL Starfsgreinafélag,afl/LIV-VRogSAkjarasamningur2008.pdf,Landssambands Íslenskra verslunarmanna/ Verslunarfélags Reykjavíkur,Samtaka atvinnulífsins,aðilar úr skjali,,,2007-01-01,prósenta,5.5,,kauptaxtar,úr texta,"afa verið sérstaklega og eru hluti þessa samnings. Launataxtarnir gilda frá 1. febrúar 2008, frá 1. mars 2009 og 1. janúar 2010. Launaþróunartrygging við gildistöku Grunnhækkun launa við gildistöku samnings þessa er 5,5% fyrir þá starfsmenn sem voru í starfi hjá sama launagreiðanda 1. janúar 2007. Frá gr unnhækkun dregst önnur sú launahækkun sem starfsmaður hefur fengið frá 2. janúar 2007 til og m"
afl,AFL Starfsgreinafélag,afl/kjarasamningur_sgs_og_ln_2005.pdf,Launanefndar sveitarfélaga f.h. þeirra sveitarfélaga,annarra aðila sem hún hefur,aðilar úr skjali,,,2007-01-01,prósenta,3.0,,launatafla,úr texta,"5.015 316.301 328.004 Útgefin launatafla hverju sinni nær yfir alla launaflokka sem miðað er við í kjarasamningi þessum. Mánaðarlaun hækka sem hér segir á samningstímanum: 1. janúar 2006 3,0% 1. janúar 2007 3,0% 1. janúar 2008 3,0% 1.1.1.1 Að afloknum þriggja mánaða reynslutím a skulu föst laun greidd fyrirfram, fyrsta virkan"
afl,AFL Starfsgreinafélag,afl/kjarasamninguralcoafjardaals.pdf,Alcoa Fjarðaáls sf,AFLs – Starfsgreinafélags,aðilar úr skjali,2006-06-01,2010-11-30,2007-01-01,prósenta,3.0,,almenn laun,úr texta,"oðstarfsemi rekstursins, ásamt hlutdeild í bættum árangri fyrirtækisins í gegnum stöðugar framfarir. 1.3 Hækkun launa 1.3.1 Mánaðarlaun skv. gr. 1.1. hækka á samningstímabilinu sem hér segir: 1. janúar 2007 3,0% 1. janúar 2008 2,5% 1. janúar 2009 2,0% 1. janúar 2010 2,0% 1.3.2 Aðlögun að launaþróun Samningur þessi gildir í r"
afl,AFL Starfsgreinafélag,afl/kjarasamningursaogsamidn.pdf,Samtaka atvinnulífsins,Samiðnar ­ sambands,aðilar úr skjali,,,2007-01-01,prósenta,2.25,,kauptaxtar,úr texta,"fsgrein frá sveinsprófi. 1.1.2. Launabreytingar á samningstímanum Laun og aðrir kjaratengdir liðir hækka sem hér segir: 26. apríl 2004 3,25%. 1. janúar 2005 3,0%, 1. janúar 2006 2,5% 1. janúar 2007 2,25%. 1.1.3. Taxtar nær greiddu kaupi Með samningi þessum eru lágm arkslaunataxtar Samiðnarmanna færðir nær greiddu kaupi í iðngreinunum og er það gert í fjórum áföngum. Nýir kauptaxtar eiga ekki sjálf"
afl,AFL Starfsgreinafélag,afl/livafl.pdf,"skóla, stéttarfélags",fyrirtækis,aðilar úr skjali,,,2007-01-01,prósenta,2.25,,almenn laun,úr texta,"og apót ekum ví sast t il viðkomandi samninga. 1.2. Launamyndun 1.2.1. H ækkun launa Öll laun hækka sem hér segir: 16. apríl 2004 3,25%, 1. janúar 2005 3,00%, 1. janúar 2006 2,50%, 1. janúar 2007 2,25% (2,9%) Aðrir k jaratengdir liðir tak a sö mu breytingum hlutfallslega á sömu dagsetningum, nema um annað hafi samist. * Athugið. Samkvæmt samkomulagi SA og VR 15. nóvember 2005 verður almenn lau"
afl,AFL Starfsgreinafélag,afl/rkissamningur.pdf,fjármálaráðherra f.h. ríkissjóðs,Starfsgreinasambands Íslands,aðilar úr skjali,,,2007-01-01,prósenta,2.25,,launatafla,úr texta,"fjölda almanaksdaga annarra en laugardaga og sunnudaga frá upphafi eða til loka starfstíma. 1.1.3 Launatafla taki þeim hækkunum sem hér segir: 1. janúar 2005 3,00% 1. janúar 2006 2,50% 1. janúar 2007 2,25% 1. janúar 2008 0,50% 1.2 Launaþrep 1.2.1 Í launatöflu eru 6 þrep og raðast starfsmaður eftir aldri sem hér segir:"
afl,AFL Starfsgreinafélag,afl/sa_og_sgs_kjarasamningur_2008.pdf,SAMTAKA ATVINNULÍFSINS,STARFSGREINASAMBANDS ÍSLANDS,aðilar úr skjali,2008-02-01,2010-11-30,2007-01-01,prósenta,5.5,,óskilgreint,úr texta,"Skilgreina skal starfssvið dyra varða í skriflegum ráðningarsamningi. 1.3. Launabreytingar á samningstíma 1.3.1. Launaþróunartrygging við gildistöku 1. febrúar 2008 Grunnhækkun launa við gildistöku samnings þessa er 5,5% fyrir þá starfsmenn sem voru í starfi hjá sama launagreiðanda 1. janúar 2007. Frá grunnhækkun dregst önnur sú launahækkun sem starfsmaður hefur fengið frá 2. janúar 2007 til og me"
afl,AFL Starfsgreinafélag,afl/ssiogasaaustf.pdf,Útvegsmannafélags Austfjarða og Samtaka atvinnulífsins,Alþýðusambands Austurlands,aðilar úr skjali,,,2007-01-01,prósenta,2.25,,óskilgreint,úr texta,"kaupliða. Frá gildistöku samnings þessa skulu kauptrygging og aðrir launaliðir hækka sem hér segir: Frá 30. október 2004 4,25% Þann 1. janúar 2005 3,00% Þann 1. janúar 2006 3,50% Þann 1. janúar 2007 2,25% Þann 1. janúar 2008 3,50% Tímakaup skal miðast við deilistuðulinn 173,33 í kauptryggingu. Mánaðarkaup aðstoðarmanns m"
afl,AFL Starfsgreinafélag,afl/ssiogliuhofn.pdf,Landsambands íslenskra útvegsmanna og Samtaka atvinnulífsins,Sjómannasambands Íslands,aðilar úr skjali,,,2007-01-01,prósenta,2.25,,óskilgreint,úr texta,"upliða. Frá gildistöku samnings þessa skulu kaupt rygging og aðrir la unaliðir hækka sem hér segir: Frá 30. október 2004 4,25% Þann 1. janúar 2005 3,00% Þann 1. janúar 2006 3,50% Þann 1. janúar 2007 2,25% Þann 1. janúar 2008 3,50% Tímakaup skal miðast við deilistuðulinn 173,33 í kauptryggingu. Mánaðarkaup aðstoðarmanns m"
afl,AFL Starfsgreinafélag,afl/veitogtjonustus.pdf,Samtaka atvinnulífsins,Starfsgreinasambands Íslands,aðilar úr skjali,,,2007-01-01,prósenta,2.25,,kauptaxtar,úr texta,". Skilgreina skal starfssvið dyravarða í skriflegum ráðningarsamningi. 1.3. Launahækkanir 1.3.1. Laun hækka sem hér segir: 1. mars 2004 3,25%. 1. janúar 2005 3,00%, 1. janúar 2006 2,50%, 1. janúar 2007 2,25%. Aðrir kjaratengdir liðir taka sömu breytingum hlutfallslega á sömu dagsetningum, nema um annað hafi samist. 1.3.2. Nýtt launaflokkakerfi – launataxtar nær greiddu kaupi Nýtt launaflokkakerfi"
samidn,Samiðn,samidn/kjarasamningur_or-_lokaskjal_-_10092006_-_samidn.pdf,Samiðnar sambands iðnfélaga f.h. aðildarfélaga,Orkuveitu Reykjavíkur,aðilar úr skjali,,,2007-01-01,prósenta,2.25,,launatafla,úr texta,"laun skv. 1.1.1 hækka sem hér segir: 1. janúar 2004 hækkar launatafla skv. 1.1.1 um 3,25% 1. janúar 2005 hækkar launatafla skv. 1.1.1 um 3,00% 1. janúar 2006 hækkar launatafla skv. 1.1.1 um 2,50% 1. janúar 2007 hækkar launatafla skv. 1.1.1 um 2,25% 1.2 Launaþrep Launaþrep miðast við lífaldur til 30. júní 2006. Laun starfsmanna hækka m.v. 25 ára aldur, 27 ára aldur, 30 ára aldur, 35 ára aldur, 40 á"
samidn,Samiðn,samidn/samidn_-_bilgreinasambandid_2004_-_endanlegt.pdf,Bílgreinasambandsins,Samiðnar - Sambands iðnfélaga,aðilar úr skjali,,,2007-01-01,prósenta,2.25,,kauptaxtar,úr texta,"starfi í starfsgrein. 1.1.2. Launabreytingar á samningstímanum Laun og aðrir kjaratengdir liðir hækka sem hér segir: 1. maí 2004 3,25%. 1. janúar 2005 3,0%, 1. janúar 2006 2,5% 1. janúar 2007 2,25%. 1.1.3 Taxtar nær greiddu kaupi Með sam ningi þessum eru lágm arkslaunataxtar Sam iðnarmanna færðir nær greiddu kaupi í iðngreinunum og er það gert í fjórum áföngum. Nýir kauptaxtar eiga ekki sj"
samidn,Samiðn,samidn/samningur_endanlegtnet.pdf,Bílgreinasambandsins,Samiðnar - Sambands iðnfélaga,aðilar úr skjali,,,2007-01-01,prósenta,5.5,,kauptaxtar,úr texta,"n 1. júní 2010 skulu laun hækka um 2,5%. Hækki laun meira vegna vegna sérstakrar hækkunar kauptaxta gildir sú hækkun. 1.1.2.1 Launaþróunartrygging við gildistöku Grunnhækkun launa við gildistöku samnings þessa er 5,5% fyrir þá starfsmenn sem voru í starfi hjá sama launagreiðanda 1. janúar 2007. Frá grunnhækkun dregst önnur sú launahækkun sem starfsmaður hefur fengið frá 2. janúar 2007 til og með g"
samidn,Samiðn,samidn/samningurmh2004.pdf,"Samiðnar - sambands iðnfélaga, vegna aðildarfélaga",Meistarafélags húsasmiða,aðilar úr skjali,,,2007-01-01,prósenta,2.25,,kauptaxtar,úr texta,"ppsagnar. Samningur þessi gildir frá 1. maí 2004. 2. gr. Laun Laun og aðrir kjaratengdir liðir hækka sem hér segir: 26. apríl 2004 3,25%. 1. janúar 2005 3,0%, 1. janúar 2006 2,5% 1. janúar 2007 2,25%. 3. gr. Launataxtar Með gildistöku samnings þessa falla úr gildi allir fyrri launataxtar Samiðnar, sbr. þó 5. gr. Frá gildistöku samningsins verða launataxtar sem hér segir: Iðnaðarmenn með svein"
vr,VR,vr/kjarasamningur_vr_fis_2008_uppfaerdur.pdf,VR/LÍV,FÍS,aðilar úr skjali,2008-02-01,2010-11-30,2007-01-01,prósenta,5.5,,almenn laun,úr texta,"við föstu viku- eða mánaðarlaun að viðbættum föstum álags- eða aukagreiðslum hverju nafni sem þær nefnast. Frádráttur getur aldrei numið meiru en grunnhækkun. Grunnhækkun launa við gildistöku samnings þessa er 5,5% fyrir þá starfsmenn sem hafa verið í starfi hjá sama launagreiðanda frá 1. janúar 2007. Frá grunnhækkun dregst önnur sú launahækkun sem starfsmaður hefur fengið frá 2. janúar 2007 til o"
vr,VR,vr/kjarasamningur_vr_fis_2008_uppfaerdur.pdf,VR/LÍV,FÍS,aðilar úr skjali,2008-02-01,2010-11-30,2007-01-01,prósenta,3.5,,kauptaxtar,ályktað (óvisst),"ekki til launamanna sem starfa í afkastatengdum launakerfum þar sem laun vegna frammistöðu eru meginhluti launa. Launabreytingar 1. nóvember 2009 Hinn 1. nóvember 2009 skulu laun starfsmanns breytast svo: Grunnhækkun launa er 3,5%. Frá henni dragast hækkanir á launum starfsmanns frá 1. janúar – 1. nóvember 2009, þ.m.t. vegna hækkunar kauptaxta. Frádráttur getur þó ekki orðið hærri en grunnhækkun. "
vr,VR,vr/kjarasamningur_vr_sa_2008_november_2009.pdf,VR / LÍV,Samtaka atvinnulífsins,aðilar úr skjali,2008-02-01,2010-11-30,2007-01-01,prósenta,5.0,,kauptaxtar,úr texta,"klega og eru hluti þessa samnings. Launataxtarnir gilda frá 1. febrúar 2008, frá 1. júlí 2009, 1. nóvember 2009 og 1. júní 2010. Launaþróunartrygging við gildistöku Grunnhækkun launa við gildistöku samnings þessa er 5, 5% fyrir þá starfsmenn sem voru í starfi hjá sama launagreiðanda 1. janúar 2007. Frá grunnhækkun dreg st önnur sú launahækkun sem starfsmaður hefur fengið frá 2. janúar 2007 til og "
vr,VR,vr/kjarasamningur_vr_sa_2008_november_2009.pdf,VR / LÍV,Samtaka atvinnulífsins,aðilar úr skjali,2008-02-01,2010-11-30,2007-01-01,prósenta,3.5,,kauptaxtar,ályktað (óvisst),"til launamanna sem starfa í afkasta-tengdum launakerfum þar sem laun vegna frammistöðu eru meginhluti launa. Launabreytingar 1. nóvember 2009 Hinn 1. nóvember 2009 skulu laun starfsmanns breytast svo: Grunnhækkun launa er 3,5%. Frá henni dragast hækkanir á launum starfsmanns frá 1. janúar – 1. nóvember 2009, þ.m.t. vegna hækkunar kauptaxta. Frádrá ttur getur þó ekki orðið hærri en grunnhækkun. Við"
afl,AFL Starfsgreinafélag,afl/sa_og_sgs_kjarasamningur_2008.pdf,SAMTAKA ATVINNULÍFSINS,STARFSGREINASAMBANDS ÍSLANDS,aðilar úr skjali,2008-02-01,2010-11-30,2007-01-02,prósenta,4.5,,almenn laun,úr texta,"eða mánaðarlaun að viðbættum föstum álags- eða aukagreiðslum hverju nafni sem þær nefnast. Frádráttur getur aldrei numið meiru en grunnhækkun. Nú hefur starfsmaður hafið stö rf á tímabilinu frá 2. janúar 2007 til loka september 2007. Er grunnhækkun launa hans þá 4,5% við gildistöku þessa samnings en frá henni dregst önnur sú launahækkun sem starfsmaður hefur fengið frá þeim tíma er hann var ráðinn"
fin,Félag íslenskra náttúrufræðinga,fin/Kjarasamningur-2005.pdf,starfsmanns,launagreiðanda að í stað beinna greiðslna fyrir yfirvinnu komi til frítökuréttur í,aðilar úr skjali,,,2007-05-01,prósenta,2.0,,launatafla,úr texta,"um samningi FÍN og fjármálaráðherra. Ný launatafla tekur gildi frá 1. maí 2006 samkvæmt áðurnefndu samkomulagi (sjá fylgiskjal 1). Tryggt skal að enginn lækki í mánaðarlaunum fyrir dagvinnu við yfirfærslu í nýja launatöflu. Þau 2%, sem ætluð eru til styrkingar/þróunar launakerfis frá 1. maí 2007 verði greidd ráðunautum sem álag á föst laun til loka samningstíma núgildandi samnings FÍN og ríkisins."
vm,VM - Félag vélstjóra og málmtæknimanna,vm/Heildartexti-OR_velfraedingar_2021_hreint.pdf,VM félags vélstjóra,málmtæknimanna,aðilar úr skjali,2008-05-01,2010-12-31,2007-10-01,prósenta,5.5,,kauptaxtar,úr texta,"ar Kauptaxtar kjarasamningsins hækka á samningstímabilinu í samræmi við launatöflur sem fylgja samningi þessum og teljast hluti hans. 1.8.1 Launaþróunartrygging við gildistöku Grunnhækkun launa við gildistöku samnings þessa er 5,5% fyrir þá starfsmenn sem voru í starfi hjá OR 1. október 2007. Frá grunnhækkun dregst önnur sú launahækkun sem starfsmaður hefur fengið frá 2. október 2007 til og með gi"
afl,AFL Starfsgreinafélag,afl/kauptaxtar_2008.pdf,,,aðeins heimild,,,2008-01-01,prósenta,3.5,,óskilgreint,úr texta,"r 24 vikur 171.906,00 992 1.785 2.364 50 Sjómenn. Samkvæmt kjarasamningi, sem undirritaður var 30. október 2004 og samkomulagi forsendunefndar dags. 22. júní 2006, verða kaupliðir frá 1. janúar 2008 sem hér segir: Hækkun kauptryggingar 3,5%. Hækkun kaupliða 3,5% Hækkun fæðispeninga 0,0% Kauptrygging: Skipstjóri, I. stýrimaður og yfirvélstjóri kr. 241,530 Matsveinn, I. vélstjóri, vél"
afl,AFL Starfsgreinafélag,afl/kjarasamningur_sgs_og_ln_2005.pdf,Launanefndar sveitarfélaga f.h. þeirra sveitarfélaga,annarra aðila sem hún hefur,aðilar úr skjali,,,2008-01-01,prósenta,3.0,,launatafla,úr texta,"Útgefin launatafla hverju sinni nær yfir alla launaflokka sem miðað er við í kjarasamningi þessum. Mánaðarlaun hækka sem hér segir á samningstímanum: 1. janúar 2006 3,0% 1. janúar 2007 3,0% 1. janúar 2008 3,0% 1.1.1.1 Að afloknum þriggja mánaða reynslutím a skulu föst laun greidd fyrirfram, fyrsta virkan dag hvers mánaðar nema starfsmaður óski þess að laun séu greidd eftir á. 1.1.2 Brot úr mánaðar"
afl,AFL Starfsgreinafélag,afl/kjarasamninguralcoafjardaals.pdf,Alcoa Fjarðaáls sf,AFLs – Starfsgreinafélags,aðilar úr skjali,2006-06-01,2010-11-30,2008-01-01,prósenta,2.5,,almenn laun,úr texta,"s, ásamt hlutdeild í bættum árangri fyrirtækisins í gegnum stöðugar framfarir. 1.3 Hækkun launa 1.3.1 Mánaðarlaun skv. gr. 1.1. hækka á samningstímabilinu sem hér segir: 1. janúar 2007 3,0% 1. janúar 2008 2,5% 1. janúar 2009 2,0% 1. janúar 2010 2,0% 1.3.2 Aðlögun að launaþróun Samningur þessi gildir í rúmlega 4 ½ ár og eru"
afl,AFL Starfsgreinafélag,afl/rkissamningur.pdf,fjármálaráðherra f.h. ríkissjóðs,Starfsgreinasambands Íslands,aðilar úr skjali,,,2008-01-01,prósenta,0.5,,launatafla,úr texta,"annarra en laugardaga og sunnudaga frá upphafi eða til loka starfstíma. 1.1.3 Launatafla taki þeim hækkunum sem hér segir: 1. janúar 2005 3,00% 1. janúar 2006 2,50% 1. janúar 2007 2,25% 1. janúar 2008 0,50% 1.2 Launaþrep 1.2.1 Í launatöflu eru 6 þrep og raðast starfsmaður eftir aldri sem hér segir: 1. þrep: yngri en 20 ára 2. þrep: frá 20 ára aldri 3. þrep: frá 23 ára aldri 4. þrep: frá 26"
afl,AFL Starfsgreinafélag,afl/samningur_vid_edduhotel.pdf,Flugleiðahótel hf. vegna sumarhótela sinna,Starfsgreinasamband,aðilar úr skjali,2004-03-01,2007-12-31,2008-01-01,prósenta,2.25,,launatafla,úr texta,"17 ára eru 95% af byrjunarlaunum 18 ára í launaflokki 4, laun 16 ára 90% , laun 15 ára 75% og 14 ára 65% af sama stofni. Laun hækka sem hér segir: 1. janúar 2005 um 3%, 1. janúar 2006 um 2,5% 1. janúar 2008 um 2,25% Þann 1. janúar 2006 breytist röðun starfa í launaflokka þannig að þeir sem eru í launaflokki 4 færast í launaflokk 5 og þeir"
afl,AFL Starfsgreinafélag,afl/ssiogasaaustf.pdf,Útvegsmannafélags Austfjarða og Samtaka atvinnulífsins,Alþýðusambands Austurlands,aðilar úr skjali,,,2008-01-01,prósenta,3.5,,óskilgreint,úr texta,"mnings þessa skulu kauptrygging og aðrir launaliðir hækka sem hér segir: Frá 30. október 2004 4,25% Þann 1. janúar 2005 3,00% Þann 1. janúar 2006 3,50% Þann 1. janúar 2007 2,25% Þann 1. janúar 2008 3,50% Tímakaup skal miðast við deilistuðulinn 173,33 í kauptryggingu. Mánaðarkaup aðstoðarmanns matsveins á frystitogurum skal frá undirskrift samnings þessa vera kr. 165.755 á mánuði og taka almennum"
afl,AFL Starfsgreinafélag,afl/ssiogliuhofn.pdf,Landsambands íslenskra útvegsmanna og Samtaka atvinnulífsins,Sjómannasambands Íslands,aðilar úr skjali,,,2008-01-01,prósenta,3.5,,óskilgreint,úr texta,"nings þessa skulu kaupt rygging og aðrir la unaliðir hækka sem hér segir: Frá 30. október 2004 4,25% Þann 1. janúar 2005 3,00% Þann 1. janúar 2006 3,50% Þann 1. janúar 2007 2,25% Þann 1. janúar 2008 3,50% Tímakaup skal miðast við deilistuðulinn 173,33 í kauptryggingu. Mánaðarkaup aðstoðarmanns matsveins á fr ystitogurum skal frá undirskrift samnings þessa vera kr. 165.755 á mánuði og taka almenn"
afl,AFL Starfsgreinafélag,afl/Kjaras_SA_og_Samidn2008.pdf,Samtaka atvinnulífsins,"Samiðnar - sambands iðnfélaga f.h. aðildarfélaga í málmiðnaði, byggingariðnaði og skrúðgarðyrkju",aðilar úr skjali,2008-02-01,2010-11-30,2008-02-01,prósenta,5.5,,óskilgreint,úr texta,"flutnings- og mætingaskyldugjald. 1.1.1.3. Starfsaldur miðast við starfsaldur í starfsgrein frá sveinsprófi. 1.1.2. Launabreytingar á samningstímanum 1.1.2.1. Launaþróunartrygging við gildistöku 1. febrúar 2008 Grunnhækkun launa við gildistöku samnings þessa er 5,5% fyrir þá starfsmenn sem voru í starfi hjá sama launagreiðanda 1. janúar 2007. Frá grunnhækkun dregst önnur sú launahækkun sem starfsm"
afl,AFL Starfsgreinafélag,afl/sa_og_sgs_kjarasamningur_2008.pdf,SAMTAKA ATVINNULÍFSINS,STARFSGREINASAMBANDS ÍSLANDS,aðilar úr skjali,2008-02-01,2010-11-30,2008-02-01,prósenta,5.5,,óskilgreint,úr texta,"arstarfa í skriflegum ráðningarsamningi. 1.2.5. Skilgreina skal starfssvið dyra varða í skriflegum ráðningarsamningi. 1.3. Launabreytingar á samningstíma 1.3.1. Launaþróunartrygging við gildistöku 1. febrúar 2008 Grunnhækkun launa við gildistöku samnings þessa er 5,5% fyrir þá starfsmenn sem voru í starfi hjá sama launagreiðanda 1. janúar 2007. Frá grunnhækkun dregst önnur sú launahækkun sem starf"
afl,AFL Starfsgreinafélag,afl/AFL-LN-heildarsamningur-2009.pdf,Launanefndar sveitarfélaga f.h. þeirra sveitarfélaga,annarra aðila sem hún hefur,aðilar úr skjali,,,2008-12-01,krónutala,,20300,launatafla,úr texta,"42 17. Fylgiskjöl og viðaukar 17.1 Fylgiskjal I a – Launatafla frá 1 desember 2008 Frá 1. desember 2008 Þann1. desember 2008 hækkuðu allar krónutölur í launatöflu um kr. 20.300. Launaviðbætur þær sem heimilaðar voru tí mabundið á tengitöflu starfsmats á 231. fundi Launanefndar sveitarfélaga, þann 28. janúar 2006, hefur einnig veri"
asi,Alþýðusamband Íslands,asi/2011-10-Skrifleg-Stadfesting-Radningar-Og-Breytinga.pdf,kl. 08:00,20:00 alla virka daga,aðilar úr skjali,,,2008-12-03,krónutala,,15000,almenn laun,úr texta,egna verkefna og þjónustu á vegum félagsins. Þann 28. nóvember 2005 gerðu aðilar viðbótarráðning arsamning þar sem mánaðarlaun stefnanda urðu frá og með 1. nóvember 2006 330.000 krónur og hlutur stefnda í rekstri GSM-síma á mánuði 15.000 krónur. Tekið er fram að annað sé óbreytt. Þann 3. desember 2008 undirrituðu aðilar breytingu á ráðningarsamningi þannig að heimild á símareiknin gi var lækkuð úr
afl,AFL Starfsgreinafélag,afl/Kjaras_SA_og_Samidn2008.pdf,Samtaka atvinnulífsins,"Samiðnar - sambands iðnfélaga f.h. aðildarfélaga í málmiðnaði, byggingariðnaði og skrúðgarðyrkju",aðilar úr skjali,2008-02-01,2010-11-30,2009-01-01,prósenta,3.5,,kauptaxtar,úr texta,"mningar verði framlengdir í október 2009. Samningur Samtaka atvinnulífsins og Samiðnar 9 1.1.2.2. Launabreytingar 1. nóvember 2009 * Hinn 1. nóvember 2009 skulu laun starfsmanns breytast svo: Grunnhækkun launa er 3,5%. Frá henni dragast hækkanir á launum starfsmanns frá og með 1. janúar 2009 til og með 1. nóvember 2009, þ.m.t. vegna hækkunar kauptaxta. Frádráttur getur þó ekki orðið hærri en grunn"
afl,AFL Starfsgreinafélag,afl/kjarasamninguralcoafjardaals.pdf,Alcoa Fjarðaáls sf,AFLs – Starfsgreinafélags,aðilar úr skjali,2006-06-01,2010-11-30,2009-01-01,prósenta,2.0,,almenn laun,úr texta,"ættum árangri fyrirtækisins í gegnum stöðugar framfarir. 1.3 Hækkun launa 1.3.1 Mánaðarlaun skv. gr. 1.1. hækka á samningstímabilinu sem hér segir: 1. janúar 2007 3,0% 1. janúar 2008 2,5% 1. janúar 2009 2,0% 1. janúar 2010 2,0% 1.3.2 Aðlögun að launaþróun Samningur þessi gildir í rúmlega 4 ½ ár og eru samningsaðilar sammála"
afl,AFL Starfsgreinafélag,afl/LIV-VRogSAkjarasamningur2008.pdf,Landssambands Íslenskra verslunarmanna/ Verslunarfélags Reykjavíkur,Samtaka atvinnulífsins,aðilar úr skjali,,,2009-03-01,prósenta,3.5,,kauptaxtar,úr texta,"5 Samningur LÍV/VR og SA Ákvæði þetta nær ekki til launamanna sem starfa í afkastatengdum launakerfum þar sem laun vegna frammistöðu eru meginhluti launa. Launabreytingar 1. mars 2009 Hinn 1. mars 2009 skulu laun starfsmanns breytast svo: Grunnhækkun launa er 3,5%. Frá henni dragast hækkanir á launum starfsmanns eftir gildistöku þessa samnings til og með 1. mars, þ.m.t. vegna hækkunar kauptaxta. F"
afl,AFL Starfsgreinafélag,afl/baendasamtokinsamningur27-05-08.pdf,Starfsgreinasambands Íslands,Bændasamtaka Íslands,aðilar úr skjali,,,2009-03-01,krónutala,,13500,launatafla,úr texta,kjarasamnings SGS og SA. 4. gr. Launahækkanir L a u n s k u l u h æ k k a m e ð s a m b æ r i l e g u m h æ t t i o g k v e ð i ð e r á u m í aðalkjarasamningi SA og SGS. Þann 1. mars 2009 hækkar launataflan um kr. 13.500 og aftur 1. janúar 2010 um kr. 6.500. Að öðru leyti vísast í ákvæði í aðalkjarasamningi SA og SGS um launaþróunar
afl,AFL Starfsgreinafélag,afl/holabrekka2008kjarasamningur.pdf,AFL Starfsgreinafélag,Sambýlisins HÓLABREKKU,aðilar úr skjali,2008-02-01,2010-11-30,2009-03-01,krónutala,,13500,almenn laun,úr texta,"5.743 28 167.217 965 1.737 2.299 270 1.235 214.038 31 172.018 992 1.786 2.365 278 1.270 220.183 36 179.093 1.033 1.860 2.463 289 1.323 229.239 1.2 Launahækkanir. Laun hækka sem hér segir: 1. mars 2009 13.500 kr. 1. janúar 2010 6.500 kr. 1.3 Yfirvinnukaup Öll vinna umfram ráðningarhlutfall er greidd á yfir vinnutaxta, svo"
afl,AFL Starfsgreinafélag,afl/sa_og_sgs_kjarasamningur_2008.pdf,SAMTAKA ATVINNULÍFSINS,STARFSGREINASAMBANDS ÍSLANDS,aðilar úr skjali,2008-02-01,2010-11-30,2009-03-01,prósenta,3.5,,kauptaxtar,úr texta,"eiru en grunnhækkun. Ákvæði þetta nær ekki til launamanna sem starfa í afkastatengdum launakerfum þar sem laun vegna frammistöðu eru meginhluti launa. 1.3.2. Launabreytingar 1. mars 2009 Hinn 1. mars 2009 skulu laun starfsmanns breytast svo: Grunnhækkun launa er 3,5%. Frá henni dragast hækkanir á launum starfsmanns eftir gildistöku þessa samnings til og með 1. mars, þ.m.t. vegna hækkunar kauptaxta"
vm,VM - Félag vélstjóra og málmtæknimanna,vm/Heildartexti-OR_velfraedingar_2021_hreint.pdf,VM félags vélstjóra,málmtæknimanna,aðilar úr skjali,2008-05-01,2010-12-31,2009-03-01,prósenta,3.5,,kauptaxtar,úr texta,"viku- eða mánaðarlaun að viðbættum föstum álags- eða aukagreiðslum hverju nafni sem þær nefnast. Frádráttur getur aldrei numið meiru en grunnhækkun. 1.8.2 Launabreytingar 1. mars 2009 Hinn 1. mars 2009 skulu laun starfsmanns breytast svo: Grunnhækkun launa er 3,5%. Frá henni dragast hækkanir á launum starfsmanns eftir gildistöku þessa samnings til og með 1. mars, þ.m.t. vegna hækkunar kauptaxta. F"
afl,AFL Starfsgreinafélag,afl/sgs_riki_2009.pdf,fjármálaráðherra f.h. ríkissjóðs,Starfsgreinasambands Íslands,aðilar úr skjali,,,2009-07-01,prósenta,0.7,,óskilgreint,úr texta,"30. nóvember 2010 47 B Ó K A N I R O G F Y L G I S K J Ö L Bókun 1 um reiknitölu kaupauka Vegagerðarinnar [2009] Reiknitala kaupauka Vegagerðarinnar hækkar sem hér segir á samningstímanum. 1. júlí 2009 .................................................. 0,7% (153,00 kr.) 1. nóvember 2009 ...................................... 0,6% (154,00 kr.) 1. júní 2010 .............................."
afl,AFL Starfsgreinafélag,afl/Kjaras_SA_og_Samidn2008.pdf,Samtaka atvinnulífsins,"Samiðnar - sambands iðnfélaga f.h. aðildarfélaga í málmiðnaði, byggingariðnaði og skrúðgarðyrkju",aðilar úr skjali,2008-02-01,2010-11-30,2009-11-01,prósenta,3.5,,kauptaxtar,úr texta,"nir frá og með 1.11.2009 eru þó háðar því að kjarasamningar verði framlengdir í október 2009. Samningur Samtaka atvinnulífsins og Samiðnar 9 1.1.2.2. Launabreytingar 1. nóvember 2009 * Hinn 1. nóvember 2009 skulu laun starfsmanns breytast svo: Grunnhækkun launa er 3,5%. Frá henni dragast hækkanir á launum starfsmanns frá og með 1. janúar 2009 til og með 1. nóvember 2009, þ.m.t. vegna hækkunar kaup"
afl,AFL Starfsgreinafélag,afl/sgs_riki_2009.pdf,fjármálaráðherra f.h. ríkissjóðs,Starfsgreinasambands Íslands,aðilar úr skjali,,,2009-11-01,prósenta,0.6,,kauptaxtar,úr texta,"nitölu kaupauka Vegagerðarinnar [2009] Reiknitala kaupauka Vegagerðarinnar hækkar sem hér segir á samningstímanum. 1. júlí 2009 .................................................. 0,7% (153,00 kr.) 1. nóvember 2009 ...................................... 0,6% (154,00 kr.) 1. júní 2010 ................................................ 1,5% (156,00 kr.) Bókun 2 um launataxta flatamældrar r"
samidn,Samiðn,samidn/samningur_endanlegtnet.pdf,Bílgreinasambandsins,Samiðnar - Sambands iðnfélaga,aðilar úr skjali,,,2009-11-01,prósenta,3.5,,óskilgreint,úr texta,"Ákvæði þetta nær ekki til launamanna sem starfa í afkastatengdum launakerfum þar sem laun vegna frammistöðu eru meginhluti launa. Launabreytingar 1. nóvember 2009 Hinn 1. nóvember 2009 skulu laun starfsmanns breytast svo: Grunnhækkun launa er 3,5%. Frá henni dragast hækkanir á launum starfsmanns eftir fyrstu útborgun eftir gildistöku þessa samnings til og með 1. nóvember 2009, þ.m.t. vegn"
vr,VR,vr/kjarasamningur_vr_fis_2008_uppfaerdur.pdf,VR/LÍV,FÍS,aðilar úr skjali,2008-02-01,2010-11-30,2009-11-01,prósenta,3.5,,kauptaxtar,úr texta,"numið meiru en grunnhækkun. Ákvæði þetta nær ekki til launamanna sem starfa í afkastatengdum launakerfum þar sem laun vegna frammistöðu eru meginhluti launa. Launabreytingar 1. nóvember 2009 Hinn 1. nóvember 2009 skulu laun starfsmanns breytast svo: Grunnhækkun launa er 3,5%. Frá henni dragast hækkanir á launum starfsmanns frá 1. janúar – 1. nóvember 2009, þ.m.t. vegna hækkunar kauptaxta. Frádrátt"
vr,VR,vr/kjarasamningur_vr_sa_2008_november_2009.pdf,VR / LÍV,Samtaka atvinnulífsins,aðilar úr skjali,2008-02-01,2010-11-30,2009-11-01,prósenta,3.5,,kauptaxtar,úr texta,"eiru en grunnhækkun. Ákvæði þetta nær ekki til launamanna sem starfa í afkasta-tengdum launakerfum þar sem laun vegna frammistöðu eru meginhluti launa. Launabreytingar 1. nóvember 2009 Hinn 1. nóvember 2009 skulu laun starfsmanns breytast svo: Grunnhækkun launa er 3,5%. Frá henni dragast hækkanir á launum starfsmanns frá 1. janúar – 1. nóvember 2009, þ.m.t. vegna hækkunar kauptaxta. Frádrá ttur ge"
afl,AFL Starfsgreinafélag,afl/LIV-VRogSAkjarasamningur2008.pdf,Landssambands Íslenskra verslunarmanna/ Verslunarfélags Reykjavíkur,Samtaka atvinnulífsins,aðilar úr skjali,,,2010-01-01,prósenta,2.5,,kauptaxtar,úr texta,"verið samið við ráðningu. Ákvæði þetta nær ekki til launamanna sem starfa í afkastatengdum launakerfum þar sem laun vegna frammistöðu eru meginhluti launa. Launabreytingar 1. janúar 2010 Hinn 1. janúar 2010 skulu laun hækka um 2,5% . Hækki laun meira vegna sérstakrar hækkunar kauptaxta gildir sú hækkun. 1.2.2. Persónubundin laun Við ákvörðun launa milli vinnuveitanda og starfsma nns skulu laun end"
afl,AFL Starfsgreinafélag,afl/baendasamtokinsamningur27-05-08.pdf,Starfsgreinasambands Íslands,Bændasamtaka Íslands,aðilar úr skjali,,,2010-01-01,krónutala,,6500,launatafla,úr texta,k u l u h æ k k a m e ð s a m b æ r i l e g u m h æ t t i o g k v e ð i ð e r á u m í aðalkjarasamningi SA og SGS. Þann 1. mars 2009 hækkar launataflan um kr. 13.500 og aftur 1. janúar 2010 um kr. 6.500. Að öðru leyti vísast í ákvæði í aðalkjarasamningi SA og SGS um launaþróunar‐ ingu og launabreytingar. trygg 5. gr. Orlof ágmarksorlof skal vera 24 virkir dagar miðað við fullt
afl,AFL Starfsgreinafélag,afl/holabrekka2008kjarasamningur.pdf,AFL Starfsgreinafélag,Sambýlisins HÓLABREKKU,aðilar úr skjali,2008-02-01,2010-11-30,2010-01-01,krónutala,,6500,almenn laun,úr texta,"7 2.299 270 1.235 214.038 31 172.018 992 1.786 2.365 278 1.270 220.183 36 179.093 1.033 1.860 2.463 289 1.323 229.239 1.2 Launahækkanir. Laun hækka sem hér segir: 1. mars 2009 13.500 kr. 1. janúar 2010 6.500 kr. 1.3 Yfirvinnukaup Öll vinna umfram ráðningarhlutfall er greidd á yfir vinnutaxta, svo og vinna á sérstökum frídögum og stórhátíðadögum. Yfirvinna er greidd með tímakaupi. Tímakaup fyrir"
afl,AFL Starfsgreinafélag,afl/kjarasamninguralcoafjardaals.pdf,Alcoa Fjarðaáls sf,AFLs – Starfsgreinafélags,aðilar úr skjali,2006-06-01,2010-11-30,2010-01-01,prósenta,2.0,,almenn laun,úr texta,"isins í gegnum stöðugar framfarir. 1.3 Hækkun launa 1.3.1 Mánaðarlaun skv. gr. 1.1. hækka á samningstímabilinu sem hér segir: 1. janúar 2007 3,0% 1. janúar 2008 2,5% 1. janúar 2009 2,0% 1. janúar 2010 2,0% 1.3.2 Aðlögun að launaþróun Samningur þessi gildir í rúmlega 4 ½ ár og eru samningsaðilar sammála um að fram fari endurmat á mánaðarlaunum skv. gr. 1.1. vegna óvissu um þróun launa á samningstím"
afl,AFL Starfsgreinafélag,afl/sa_og_sgs_kjarasamningur_2008.pdf,SAMTAKA ATVINNULÍFSINS,STARFSGREINASAMBANDS ÍSLANDS,aðilar úr skjali,2008-02-01,2010-11-30,2010-01-01,prósenta,2.5,,kauptaxtar,úr texta,"samið við ráðningu. Ákvæði þetta nær ekki til launamanna sem starfa í afkastatengdum launakerfum þar sem laun vegna frammistöðu eru meginhluti launa. 1.3.3. Launabreytingar 1. janúar 2010 Hinn 1. janúar 2010 skulu laun hækka um 2,5%. Hækki laun meira vegna sérstakrar hækkunar kauptaxta gildir sú hækkun. 1.4. Lágmarkstekjur fyrir fullt starf Lágmarkstekjur fyrir fullt sta rf, fullar 173,33 unnar st"
vm,VM - Félag vélstjóra og málmtæknimanna,vm/Heildartexti-OR_velfraedingar_2021_hreint.pdf,VM félags vélstjóra,málmtæknimanna,aðilar úr skjali,2008-05-01,2010-12-31,2010-01-01,prósenta,2.5,,kauptaxtar,úr texta,"á tímabilinu eftir gildistöku samningsins til 1. mars 2009. Nýtur hann þá grunnhækkunar án frádráttar nema um annað hafi verið samið við ráðningu. 1.8.3 Launabreytingar 1. janúar 2010 Hinn 1. janúar 2010 skulu laun hækka um 2,5%. Hækki laun meira vegna sérstakrar hækkunar kauptaxta gildir sú hækkun. 1.9 Launataxtar nær greiddu kaupi 1.9.1 Með samningi þessum eru lágmarkslaunataxtar færðir nær grei"
vr,VR,vr/kjarasamningur_vr_fis_2008_uppfaerdur.pdf,VR/LÍV,FÍS,aðilar úr skjali,2008-02-01,2010-11-30,2010-01-01,prósenta,2.5,,kauptaxtar,úr texta,"hafi verið samið við ráðningu. Ákvæði þetta nær ekki til launamanna sem starfa í afkastatengdum launakerfum þar sem laun vegna frammistöðu eru meginhluti launa. Launabreytingar 1. júní 2010 Hinn 1. janúar 2010 skulu laun hækka um 2,5%. Hækki laun meira vegna sérstakrar hækkunar kauptaxta gildir sú hækkun. 1.3. Laun a. Vinnuveitandi og starfsmaður semja milliliðalaust sín á milli í hverju tilfelli "
afl,AFL Starfsgreinafélag,afl/Kjaras_SA_og_Samidn2008.pdf,Samtaka atvinnulífsins,"Samiðnar - sambands iðnfélaga f.h. aðildarfélaga í málmiðnaði, byggingariðnaði og skrúðgarðyrkju",aðilar úr skjali,2008-02-01,2010-11-30,2010-06-01,prósenta,2.5,,kauptaxtar,úr texta,"mið við ráðningu. Ákvæði þetta nær ekki til launamanna sem starfa í afkasta- tengdum launakerfum þar sem laun vegna frammistöðu eru meginhluti launa. 1.1.2.3. Launabreytingar 1. júní 2010* Hinn 1. júní 2010 skulu laun hækka um 2,5%. Hækki laun meira vegna sérstakrar hækkunar kauptaxta gildir sú hækkun. 1.1.3. Starfsmannaviðtöl Starfsmaður á rétt á viðtali við yfirmann einu sinni á ári um störf sín"
afl,AFL Starfsgreinafélag,afl/sgs_riki_2009.pdf,fjármálaráðherra f.h. ríkissjóðs,Starfsgreinasambands Íslands,aðilar úr skjali,,,2010-06-01,prósenta,1.5,,kauptaxtar,úr texta,"hækkar sem hér segir á samningstímanum. 1. júlí 2009 .................................................. 0,7% (153,00 kr.) 1. nóvember 2009 ...................................... 0,6% (154,00 kr.) 1. júní 2010 ................................................ 1,5% (156,00 kr.) Bókun 2 um launataxta flatamældrar ræstingar [2009] Samninganefnd ríkisins fellst á að hækkanir launataxta flatarmældrar ræs"
samidn,Samiðn,samidn/samningur_endanlegtnet.pdf,Bílgreinasambandsins,Samiðnar - Sambands iðnfélaga,aðilar úr skjali,,,2010-06-01,prósenta,2.5,,kauptaxtar,úr texta,"kauptaxta Í stað áðurgildandi launataxta komi nýir sem undirritaðir hafa verið sérstaklega og gilda frá 1. febrúar 2008, frá 1. mars 2009 og 1. janúar 2010. Launabreytingar 1. júní 2010 Hinn 1. júní 2010 skulu laun hækka um 2,5%. Hækki laun meira vegna vegna sérstakrar hækkunar kauptaxta gildir sú hækkun. 1.1.2.1 Launaþróunartrygging við gildistöku Grunnhækkun launa við gildistöku samnings þessa e"
vr,VR,vr/kjarasamningur_vr_sa_2008_november_2009.pdf,VR / LÍV,Samtaka atvinnulífsins,aðilar úr skjali,2008-02-01,2010-11-30,2010-06-01,prósenta,2.5,,kauptaxtar,úr texta,"verið samið við ráðningu. Ákvæði þetta nær ekki til launamanna sem sta rfa í afkastatengdum launa kerfum þar sem laun vegna frammistöðu eru meginhluti launa. Launabreytingar 1. júní 2010 Hinn 1. júní 2010 skulu laun hækka um 2,5%. Hækki laun meira vegna sérstakrar hækkunar kauptaxta gildir sú hækkun. 1.2.2. Persónubundin laun Við ákvörðun launa milli vinnuv eitanda og starfsmanns skulu laun endurs"
vm,VM - Félag vélstjóra og málmtæknimanna,vm/Heildartexti_Landsvirkjun_2021_hreint.pdf,Landsvirkjunar,VM Félags vélstjóra og málmtæknimanna,aðilar úr skjali,2011-06-22,2014-01-31,2011-01-01,krónutala,,24000,kauptaxtar,leiðrétt,"a með yfirvinnukaupi. 9 4. Kafli LAUNAÁKVÆÐI 4.1 Launaflokkar Kauptaxtar kjarasamningsins hækka á samningstímabilinu sem hér segir: 1. apríl 2019 kr. 17.000 1. apríl 2020 kr. 24.000 1. janúar 2021 kr. 24.000 1. janúar 2022 kr. 25.000 Aðrir launaliðir kjarasamningsins hækka um 2,5% á sömu dagsetningum, nema um annað hafi veri"
vm,VM - Félag vélstjóra og málmtæknimanna,vm/Heildartexti_VM-og-kaupskip-yfirlesid-af-vm-25.9.2024.pdf,Samtaka atvinnulífsins,VM félags vélstjóra og málmtæknimanna,aðilar úr skjali,2011-06-01,2014-01-31,2011-03-01,krónutala,,3360,óskilgreint,ályktað (óvisst),"leyst af samtals í þrjá mánuði. 15 Samningur SA og VM v/kaupskipa 19. KAFLI Risna og tollvöruúttekt 19.1. Risna 19.1.1. Yfirvélstjórar hafi heimild til að taka út hjá bryta skipsins til risnu, gagnvart viðskiptamönnum félagsins allt að kr. 3.360 á mánuði. Upphæðin endurskoðist 1. mars, 1. júní, 1. september og 1. desember ár hvert og taki hækkunum í samræmi við verðskrá Hf. Eimskipafélags Íslands."
framsyn,Framsýn stéttarfélag,framsyn/SGS_kauptaxtar_1_feb_2013_almennir.pdf,Einingar-Iðju,Securitas hf. ............................................. 16,aðilar úr skjali,,,2011-05-05,prósenta og krónutala,3.25,11000,kauptaxtar,úr texta,"eruppbót miðað við fullt starf er: • Á árinu 2013 kr. 52.100. Samningurinn í heild er á www.sgs.is undir kaup og kjör 4 Kauptaxtar SGS frá 1. febrúar 2013, skv. samningi SA og SGS frá 5. maí 2011 Hækkun á kauptaxta er kr. 11.000 - almenn hækkun 3,25% Mánaðarkaup Byrjunarl. Eftir 1 ár Eftir 3 ár Eftir 5 ár Eftir 7 ár Launaflokkur 1 191.752 193.317 194.905 196.517 198.153 Launaflokkur 2 193.31"
sgs,Starfsgreinasamband Íslands,sgs/taxtar_sa_1-feb-2013.pdf,Einingar-Iðju,Securitas hf. ............................................. 16,aðilar úr skjali,,,2011-05-05,prósenta og krónutala,3.25,11000,kauptaxtar,úr texta,"eruppbót miðað við fullt starf er: • Á árinu 2013 kr. 52.100. Samningurinn í heild er á www.sgs.is undir kaup og kjör 4 Kauptaxtar SGS frá 1. febrúar 2013, skv. samningi SA og SGS frá 5. maí 2011 Hækkun á kauptaxta er kr. 11.000 - almenn hækkun 3,25% Mánaðarkaup Byrjunarl. Eftir 1 ár Eftir 3 ár Eftir 5 ár Eftir 7 ár Launaflokkur 1 191.752 193.317 194.905 196.517 198.153 Launaflokkur 2 193.31"
afl,AFL Starfsgreinafélag,afl/Kjarasamningur-AFLs-SA-2011.pdf,AFLs Starfsgreinafélags,Samtaka atvinnulífsins,aðilar úr skjali,2011-06-22,2014-01-31,2011-06-01,prósenta,4.25,,almenn laun,úr texta,"fangi starfsins ásamt ábyrgð sem því fylgir. 12 Samningur SA og AFLs 1.2. Launabreytingar á samningstíma 1.2.1. Almenn launahækkun Almenn launahækkun á samningstímabilinu er sem hér segir: 1. júní 2011: 4,25% 1. febrúar 2012: 3,5% 1. febrúar 2013: 3,25% Aðrir kjaratengdir liðir taka sömu breytingum hlutfallslega á sömu dag"
afl,AFL Starfsgreinafélag,afl/SamningurGS-SA-veit-gisti-greidasst2012.pdf,SAMTAKA ATVINNULÍFSINS,STARFSGREINASAMBANDS ÍSLANDS,aðilar úr skjali,2011-06-22,2014-01-31,2011-06-01,prósenta,4.25,,almenn laun,úr texta,". Skilgreina skal starfssvið dyra varða í skriflegum ráðningarsamningi. 1.3. Launabreytingar á samningstíma 1.3.1. Almenn launahækkun Almenn launahækkun á samningstímabilinu er sem hér segir: 1. júní 2011: 4,25% 1. febrúar 2012: 3,50% 1. febrúar 2013: 3,25% Aðrir kjaratengdir liðir taka sömu breytingum hlutfallslega á sömu da"
framsyn,Framsýn stéttarfélag,framsyn/Framsýn-og-Verkalýðsfélag-Þórshafnar_og_SNS_Endanlegur-samningur-010711.pdf,SAMBANDS ÍSLENSKRA SVEITARFÉLAGA f.h. þeirra sveitarfélaga,annarra aðila,aðilar úr skjali,,,2011-06-01,krónutala,,1217,launatafla,úr texta,"stingu hækka með sama hætti og launatafla aðila frá 1. mars 2014. 1.9.1 Tímamæld ákvæðisvinna við ræstingu samkv. eldra kerfi. 1.9.1.1 Laun 1.9.1.1.1 Kl. 08:00-20:00 mánudaga til föstudaga: Frá 1. júní 2011 kr. 1.217 Frá 1. mars 2012 kr. 1.288 Frá 1. mars 2013 kr. 1.359 1.9.1.1.2 Alla aðra tíma vikunnar, sbr. þó grein 1.9.1.2. Frá"
framsyn,Framsýn stéttarfélag,framsyn/Framsýn-og-Verkalýðsfélag-Þórshafnar_og_SNS_Endanlegur-samningur-0107111.pdf,SAMBANDS ÍSLENSKRA SVEITARFÉLAGA f.h. þeirra sveitarfélaga,annarra aðila,aðilar úr skjali,,,2011-06-01,krónutala,,1217,launatafla,úr texta,"stingu hækka með sama hætti og launatafla aðila frá 1. mars 2014. 1.9.1 Tímamæld ákvæðisvinna við ræstingu samkv. eldra kerfi. 1.9.1.1 Laun 1.9.1.1.1 Kl. 08:00-20:00 mánudaga til föstudaga: Frá 1. júní 2011 kr. 1.217 Frá 1. mars 2012 kr. 1.288 Frá 1. mars 2013 kr. 1.359 1.9.1.1.2 Alla aðra tíma vikunnar, sbr. þó grein 1.9.1.2. Frá 1"
framsyn,Framsýn stéttarfélag,framsyn/Samflot-og-SNR-Launatafla_2011-2014.pdf,,,aðeins heimild,2011-01-01,2014-12-31,2011-06-01,prósenta eða krónutala,4.25,12000,launatafla,úr texta,"435.921 442.143 448.457 454.867 461.372 467.975 43 448.457 454.867 461.372 467.975 474.677 481.480 44 461.372 467.975 474.677 481.480 488.384 495.393 45 474.677 481.480 488.384 495.393 502.506 509.726 4,25% hækkun eða 12.000 kr. að lágmarki Launatöflur Launatafla með gildistíma frá 1. júní 2011 Lífaldur <20 ára 20 ára 23 ára 26 ára 30 ára 35 ára 1 2 3 4 5 6 1 180.656 182.416 184.203 186.017 187.85"
grafia,Grafía,grafia/Kauptaxtar_1.juni2011.pdf,Félags bókagerðarmanna,Samtaka atvinnulífsins,aðilar úr skjali,,,2011-06-01,prósenta,4.25,,kauptaxtar,úr texta,"1.671 kr. 2.607 kr. 3. flokkur eftir 4 ár . . . . . . . . . . . . 275.368 kr. 1.765 kr. 2.754 kr. 4. flokkur eftir 6 ár . . . . . . . . . . . 286.414 kr. 1.836 kr. 2.864 kr. Kauptaxti FGT frá og með 1. júní 2011, almenn launahækkun 4,25% Mánaðar- laun Vikulaun Dagvinna Yfirvinna Yfirvinna í vaktavinnu Vakt. 20% jafnaðarálag, tvískiptar 5 daga vaktir Sveinar . . . . . . . . . . . . . . . . . 292.01"
ki,Kennarasamband Íslands,ki/fl_heildarkjarasamningur_i_gildi_010615_til_300619_okt2018_a_vefinn_101018-pdf.pdf,SAMBANDS ÍSLENSKRA SVEITARFÉLAGA F.H. ÞEIRRA SVEITARFÉLAGA,ANNARRA AÐILA SEM ÞAÐ HEFUR,aðilar úr skjali,,,2011-06-01,prósenta,2.5,,launatafla,úr texta,"Viðbótarupplýsinga verður aflað sameiginlega gerist þess þörf. d. Fyrir maílok 2012 skal liggja fyrir ákvörðun um efni launaleiðréttingarinnar. 2.3 Launaleiðrétting a. Fyrra skref launaleiðréttingar felur í sér 2,5% hækkun sem reiknuð hefur verið inn í launatöflu 1, sem gildir frá 1. júní 2011 til 29. febrúar 2012. b. Síðara skref launaleiðréttingar verður í þrem jöfnum hlutum og byggir á niðurstö"
vr,VR,vr/kjarasamningur_vr_fa_2011.pdf,LÍVog VR,Félags atvinnurekenda,aðilar úr skjali,,,2011-06-01,prósenta,4.25,,almenn laun,úr texta,"rvörum sem í samningi þessum felast. Samningur þessi gildir frá undirritun. 2. gr. Launabreytingar Launabreytingar þeirra sem ekki fá greitt samkvæmt lágmarkstaxta verða eftirfarandi: • Þann 1. júní 2011 hækka laun skv. kjarasamningi um 4,25% • Þann 1. febrúar 2012 hækka laun skv. kjarasamningi um 3,5% • Þann 1. febrúar 2013 hækka laun skv. kjarasamningi um 3,25%"
vr,VR,vr/kjarasamningur_vr_fa_2011.pdf,LÍVog VR,Félags atvinnurekenda,aðilar úr skjali,,,2011-06-01,krónutala,,12000,almenn laun,úr texta,"gi um 4,25% • Þann 1. febrúar 2012 hækka laun skv. kjarasamningi um 3,5% • Þann 1. febrúar 2013 hækka laun skv. kjarasamningi um 3,25% 3. gr. Lágmarkstaxtar skulu hækka sem hér segir: • Þann 1. júní 2011 skal lágmarkstaxti skv. kjarasamningi hækka um kr. 12.000. • Þann 1. febrúar 2012 skal lágmarkstaxti skv. kjarasamningi hækka um kr. 11.000. • Þann 1. febrúar 2013 skal lágmarkstaxti sk"
ki,Kennarasamband Íslands,ki/ff_fjolmennt_kjarasamningur_280514_i_gildi_010314til311016.pdf,Fjölmenntar ses,Kennarasambands Íslands,aðilar úr skjali,,,2011-08-11,prósenta,2.4,,launatafla,úr texta,"2015 Almenn uppbót ríkisstarfsmanna 2015 Á árinu 2016 Almenn uppbót ríkisstarfsmanna 2016 9 Grein 13 Brottfall álagsþreps Launataflan hækkar 1. mars 2014 um 2,4% og álagsþrep samkvæmt samkomulagi aðila dags. 11. ágúst 2011 fellur brott. Grein 14 Samningsforsendur Allar ákvarðanir nefndar sem starfar samkvæmt grein 14 samkvæmt kjarasam"
vm,VM - Félag vélstjóra og málmtæknimanna,vm/Heildartexti_Landsvirkjun_2021_hreint.pdf,Landsvirkjunar,VM Félags vélstjóra og málmtæknimanna,aðilar úr skjali,2011-06-22,2014-01-31,2012-01-01,prósenta og krónutala,2.5,25000,kauptaxtar,leiðrétt,"9 4. Kafli LAUNAÁKVÆÐI 4.1 Launaflokkar Kauptaxtar kjarasamningsins hækka á samningstímabilinu sem hér segir: 1. apríl 2019 kr. 17.000 1. apríl 2020 kr. 24.000 1. janúar 2021 kr. 24.000 1. janúar 2022 kr. 25.000 Aðrir launaliðir kjarasamningsins hækka um 2,5% á sömu dagsetningum, nema um annað hafi verið samið. Mánaðarlaun vélfræðings, sem gegnir fullu starfi, skulu frá og með 1. j anúar 2019 grei"
afl,AFL Starfsgreinafélag,afl/Kjarasamningur-AFLs-SA-2011.pdf,AFLs Starfsgreinafélags,Samtaka atvinnulífsins,aðilar úr skjali,2011-06-22,2014-01-31,2012-02-01,prósenta,3.5,,almenn laun,úr texta,"ábyrgð sem því fylgir. 12 Samningur SA og AFLs 1.2. Launabreytingar á samningstíma 1.2.1. Almenn launahækkun Almenn launahækkun á samningstímabilinu er sem hér segir: 1. júní 2011: 4,25% 1. febrúar 2012: 3,5% 1. febrúar 2013: 3,25% Aðrir kjaratengdir liðir taka sömu breytingum hlutfallslega á sömu dagsetningum, nema um annað"
afl,AFL Starfsgreinafélag,afl/SamningurGS-SA-veit-gisti-greidasst2012.pdf,SAMTAKA ATVINNULÍFSINS,STARFSGREINASAMBANDS ÍSLANDS,aðilar úr skjali,2011-06-22,2014-01-31,2012-02-01,prósenta,3.5,,almenn laun,úr texta,"fssvið dyra varða í skriflegum ráðningarsamningi. 1.3. Launabreytingar á samningstíma 1.3.1. Almenn launahækkun Almenn launahækkun á samningstímabilinu er sem hér segir: 1. júní 2011: 4,25% 1. febrúar 2012: 3,50% 1. febrúar 2013: 3,25% Aðrir kjaratengdir liðir taka sömu breytingum hlutfallslega á sömu dagsetningum, nema um annað"
framsyn,Framsýn stéttarfélag,framsyn/SGS_Kauptaxtar_1_feb_2012_almennir.pdf,,,aðeins heimild,,,2012-02-01,prósenta og krónutala,3.5,11000,kauptaxtar,úr texta,"................................................................................. 20 2 Launahækkanir á samningstímanum: Hækkun útgefna launataxta: Almenn hækkun fyrir utan launataxta: Hinn 1. febrúar 2012 kr. 11.000 3,50% Hinn 1. febrúar 2013 kr. 11.000 3,25%  Þann 1. febrúar 2012 hækka reiknitölur og föst álög í fiskvinnslu um 3,5% en þó"
framsyn,Framsýn stéttarfélag,framsyn/SGS_Kauptaxtar_1_feb_2012_almennir.pdf,,,aðeins heimild,,,2012-02-01,prósenta,3.5,,kauptaxtar,úr texta,"2 Launahækkanir á samningstímanum: Hækkun útgefna launataxta: Almenn hækkun fyrir utan launataxta: Hinn 1. febrúar 2012 kr. 11.000 3,50% Hinn 1. febrúar 2013 kr. 11.000 3,25%  Þann 1. febrúar 2012 hækka reiknitölur og föst álög í fiskvinnslu um 3,5% en þó ekki lægra en 10 kr.  Þann 1. febrúar 2013 hækka reiknitölur og föst álög í fiskvinnslu um 3,25% en þó ekki lægra en 9 kr. Lágmarkstekjur fyr"
framsyn,Framsýn stéttarfélag,framsyn/SGS_Kauptaxtar_1_feb_2012_almennir2.pdf,,,aðeins heimild,,,2012-02-01,prósenta og krónutala,3.5,11000,kauptaxtar,úr texta,"................................................................................. 20 2 Launahækkanir á samningstímanum: Hækkun útgefna launataxta: Almenn hækkun fyrir utan launataxta: Hinn 1. febrúar 2012 kr. 11.000 3,50% Hinn 1. febrúar 2013 kr. 11.000 3,25%  Þann 1. febrúar 2012 hækka reiknitölur og föst álög í fiskvinnslu um 3,5% en þó"
framsyn,Framsýn stéttarfélag,framsyn/SGS_Kauptaxtar_1_feb_2012_almennir2.pdf,,,aðeins heimild,,,2012-02-01,prósenta,3.5,,kauptaxtar,úr texta,"2 Launahækkanir á samningstímanum: Hækkun útgefna launataxta: Almenn hækkun fyrir utan launataxta: Hinn 1. febrúar 2012 kr. 11.000 3,50% Hinn 1. febrúar 2013 kr. 11.000 3,25%  Þann 1. febrúar 2012 hækka reiknitölur og föst álög í fiskvinnslu um 3,5% en þó ekki lægra en 10 kr.  Þann 1. febrúar 2013 hækka reiknitölur og föst álög í fiskvinnslu um 3,25% en þó ekki lægra en 9 kr. Lágmarkstekjur fyr"
framsyn,Framsýn stéttarfélag,framsyn/Samningur-beitning-LS-_-Framsýn-VA-og-VÞ-01.07.2011.pdf,"Framsýnar, Verkalýðsfélags Akraness, Verkalýðsfélags Þórshafnar",Landssambands smábátaeigenda,aðilar úr skjali,,,2012-02-01,krónutala,,11000,óskilgreint,úr texta,"a bjóða í hlutfalli við neðangreinda reglu. Kauptryggingin tekur þeim hækkunum sem verða á kjarasamningi Framsýnar, Verkalýðsfélags Akraness og Verkalýðsfélags Þórshafnar og SA á hverjum tíma. 1. febrúar 2012: kr. 11.000 – kauptrygging verði kr. 215.345 1. febrúar 2013: kr. 11.000 – kauptrygging verði kr. 226.345 Kauptrygging kr. 204.345,- / 2.229 pr 420 króka bjóð ="
framsyn,Framsýn stéttarfélag,framsyn/Samningur-beitning-LS-_-Framsýn-VA-og-VÞ-01.07.2011.pdf,"Framsýnar, Verkalýðsfélags Akraness, Verkalýðsfélags Þórshafnar",Landssambands smábátaeigenda,aðilar úr skjali,,,2012-02-01,krónutala,,5827,óskilgreint,úr texta,"ur, sloppur) skal fastráðinn beitningamaður hafa heimild til úttektar á vinnufatnaði hjá útgerðinni að upphæð kr. 5.528 á mánuði , sem skulu taka sömu hækkunum og aðrir kaupliðir samningsins. 1. febrúar 2012: kr. 5.827 1. febrúar 2013: kr. 6.124 Lausráðnir beitningamenn og starfsmenn við netafellingu skulu fá viðeigandi hlífðarfatna"
grafia,Grafía,grafia/Kauptaxtar_1.februar_2012.pdf,Félags bókagerðarmanna,Samtaka atvinnulífsins (SA),aðilar úr skjali,,,2012-02-01,prósenta,3.5,,almenn laun,úr texta,"orsendur, afgreiðslu kjarasamn- inga og önnur sameiginleg mál. Kjarasamningur þessi felur í sér breytingar og viðbætur við aðalkjarasamning FBM og aðalkjarasamning FGT- deildar. Almenn launahækkun 1. febrúar 2012, 3,5% 1. febrúar 2013, 3,25% Aðrir kjaratengdir liðir taka sömu breyt - ingum hlutfallslega á sömu dagsetningum, nema um anna"
verkvest,Verkalýðsfélag Vestfirðinga,verkvest/Kaupgjaldsskra_Verk-Vest_2012_-_allir-2.pdf,,,aðeins heimild,,,2012-02-01,krónutala,,11000,launatafla,úr texta,"................ 25 Kalkþörungaverksmiðjan á Bíldudal ........................................................................... 26 3 Launatafla skv. aðalkjarasamningi við SA: Gildir frá 1. feb. 2012. Hækkun frá síðustu kaupgjaldsskrá: kr. 11.000. 1. launaflokkur Mán. Dagv. Yfirv. Stórh. Byrjunarlaun 180.752 1.042,82 1.877,11 2.485,34 Eftir 1 ár 182.317 1.051,85 1.893,36 2.506,86 Eftir 3 ár 183.9"
vr,VR,vr/kjarasamningur_vr_fa_2011.pdf,LÍVog VR,Félags atvinnurekenda,aðilar úr skjali,,,2012-02-01,prósenta,3.5,,almenn laun,úr texta,"frá undirritun. 2. gr. Launabreytingar Launabreytingar þeirra sem ekki fá greitt samkvæmt lágmarkstaxta verða eftirfarandi: • Þann 1. júní 2011 hækka laun skv. kjarasamningi um 4,25% • Þann 1. febrúar 2012 hækka laun skv. kjarasamningi um 3,5% • Þann 1. febrúar 2013 hækka laun skv. kjarasamningi um 3,25% 3. gr. Lágmarkstaxtar skulu hækka sem hér segir: • Þann 1."
vr,VR,vr/kjarasamningur_vr_fa_2011.pdf,LÍVog VR,Félags atvinnurekenda,aðilar úr skjali,,,2012-02-01,krónutala,,11000,almenn laun,úr texta,"n 1. febrúar 2013 hækka laun skv. kjarasamningi um 3,25% 3. gr. Lágmarkstaxtar skulu hækka sem hér segir: • Þann 1. júní 2011 skal lágmarkstaxti skv. kjarasamningi hækka um kr. 12.000. • Þann 1. febrúar 2012 skal lágmarkstaxti skv. kjarasamningi hækka um kr. 11.000. • Þann 1. febrúar 2013 skal lágmarkstaxti skv. kjarasamningi hækka um kr. 11.000. Lágmarkstaxti fyrir fullt starf verða því"
framsyn,Framsýn stéttarfélag,framsyn/Samflot-og-SNR-Launatafla_2011-2014.pdf,,,aðeins heimild,2011-01-01,2014-12-31,2012-03-01,prósenta eða krónutala,3.5,11000,launatafla,úr texta,"451.178 457.618 464.153 470.787 477.520 484.354 43 464.153 470.787 477.520 484.354 491.291 498.332 44 477.520 484.354 491.291 498.332 505.477 512.732 45 491.291 498.332 505.477 512.732 520.094 527.566 3,50% hækkun eða 11.000 kr. að lágmarki Launatöflur Launatafla með gildistíma frá 1. mars 2012 Lífaldur <20 ára 20 ára 23 ára 26 ára 30 ára 35 ára 1 2 3 4 5 6 1 191.656 193.416 195.203 197.017 198.85"
vm,VM - Félag vélstjóra og málmtæknimanna,vm/Kjarasamn-VM-Hafro-1-april-2019-til-31-mars-2023.pdf,fjármála- og efnahagsráðherra f.h. ríkissjóðs,VM – Félags vélstjóra og málmtæknimanna,aðilar úr skjali,,,2012-03-01,krónutala,,5250,óskilgreint,úr texta,"og stórhátíðardögum, greiðast að lágmarki 4 klst. á almennum yfirvinnutaxta, nema reglulegur vinnutími viðkomandi manns hefjist fyrr. 2.11 Greiðsla fyrir vinnu á stórhátíðum 2.11.1 Fyrir hvern unninn stórhátíðardag skv. gr. 2.13.3, fær vélstjóri sérstaka greiðslu sem nemur kr. 5.250 (1. mars 2012) , sem taki sömu breytingum og almennt grunnkaup. Sama greiðsla kemur fyrir sjómannadaginn ef skip er "
vm,VM - Félag vélstjóra og málmtæknimanna,vm/Kjarasamn-VM-LHG-1-april-2019-til-31-mars-2023.pdf,fjármála- og efnahagsráðherra f.h. ríkissjóðs,VM – Félags vélstjóra og málmtæknimanna,aðilar úr skjali,,,2012-03-01,krónutala,,5250,óskilgreint,úr texta,"og stórhátíðardögum, greiðast að lágmarki 4 klst. á almennum yfirvinnutaxta, nema reglulegur vinnutími viðkomandi manns hefjist fyrr. 2.11 Greiðsla fyrir vinnu á stórhátíðum 2.11.1 Fyrir hvern unninn stórhátíðardag skv. gr. 2.13.3, fær vélstjóri sérstaka greiðslu sem nemur kr. 5.250 (1. mars 2012) , sem taki sömu breytingum og almennt grunnkaup. Sama greiðsla kemur fyrir sjómannadaginn ef skip er "
afl,AFL Starfsgreinafélag,afl/Kjarasamningur-AFLs-SA-2011.pdf,AFLs Starfsgreinafélags,Samtaka atvinnulífsins,aðilar úr skjali,2011-06-22,2014-01-31,2013-02-01,prósenta,3.25,,kauptaxtar,úr texta,"12 Samningur SA og AFLs 1.2. Launabreytingar á samningstíma 1.2.1. Almenn launahækkun Almenn launahækkun á samningstímabilinu er sem hér segir: 1. júní 2011: 4,25% 1. febrúar 2012: 3,5% 1. febrúar 2013: 3,25% Aðrir kjaratengdir liðir taka sömu breytingum hlutfallslega á sömu dagsetningum, nema um annað hafi samist. 1.2.2. Sérstök hækkun ka uptaxta kjarasamnings Kauptaxtar kjarasamningsins taka sér"
afl,AFL Starfsgreinafélag,afl/Kjarasamningur_LIV-VR_og_SA-2011.pdf,Landsambands íslenzkra verzlunarmanna,Samtaka atvinnulífsins,aðilar úr skjali,2011-06-22,2014-01-31,2013-02-01,prósenta,4.25,,kauptaxtar,úr texta,"ðkomandi samninga. 1.2. Launamyndun 1.2.1. Hækkun launa Kauptaxtar Í stað áðurgildandi launataxta koma nýir sem eru hluti samnings þessa. Launataxtar gilda frá 1. júní 2011, 1. febrúar 2012 og 1. febrúar 2013. Hækkun mánaðarlauna 1.6. 2011 4,25%. 1.2. 2012 3,5%. 1.2. 2013 3.25%. Aðrir kjaratengdir liðir taka sömu breytingum hlutfallslega á sömu dagsetningum, nema um annað hafi samist. 7 1.2.2. Per"
afl,AFL Starfsgreinafélag,afl/SamningurGS-SA-veit-gisti-greidasst2012.pdf,SAMTAKA ATVINNULÍFSINS,STARFSGREINASAMBANDS ÍSLANDS,aðilar úr skjali,2011-06-22,2014-01-31,2013-02-01,prósenta,3.25,,kauptaxtar,úr texta,"legum ráðningarsamningi. 1.3. Launabreytingar á samningstíma 1.3.1. Almenn launahækkun Almenn launahækkun á samningstímabilinu er sem hér segir: 1. júní 2011: 4,25% 1. febrúar 2012: 3,50% 1. febrúar 2013: 3,25% Aðrir kjaratengdir liðir taka sömu breytingum hlutfallslega á sömu dagsetningum, nema um annað hafi samist. 1.3.2. Sérstök hækkun kauptaxta kjarasamnings Kauptaxtar kjarasamningsins taka sé"
framsyn,Framsýn stéttarfélag,framsyn/SGS_Kauptaxtar_1_feb_2012_almennir.pdf,,,aðeins heimild,,,2013-02-01,prósenta og krónutala,3.25,11000,kauptaxtar,úr texta,".......................................... 20 2 Launahækkanir á samningstímanum: Hækkun útgefna launataxta: Almenn hækkun fyrir utan launataxta: Hinn 1. febrúar 2012 kr. 11.000 3,50% Hinn 1. febrúar 2013 kr. 11.000 3,25%  Þann 1. febrúar 2012 hækka reiknitölur og föst álög í fiskvinnslu um 3,5% en þó ekki lægra en 10 kr.  Þann 1. febrúar 201"
framsyn,Framsýn stéttarfélag,framsyn/SGS_Kauptaxtar_1_feb_2012_almennir2.pdf,,,aðeins heimild,,,2013-02-01,prósenta og krónutala,3.25,11000,kauptaxtar,úr texta,".......................................... 20 2 Launahækkanir á samningstímanum: Hækkun útgefna launataxta: Almenn hækkun fyrir utan launataxta: Hinn 1. febrúar 2012 kr. 11.000 3,50% Hinn 1. febrúar 2013 kr. 11.000 3,25%  Þann 1. febrúar 2012 hækka reiknitölur og föst álög í fiskvinnslu um 3,5% en þó ekki lægra en 10 kr.  Þann 1. febrúar 201"
framsyn,Framsýn stéttarfélag,framsyn/SGS_kauptaxtar_1_feb_2013_almennir.pdf,Einingar-Iðju,Securitas hf. ............................................. 16,aðilar úr skjali,,,2013-02-01,krónutala,,11000,kauptaxtar,úr texta,".. 21 Réttur verkafólks til launa í veikinda- og slysatilfellum eftir almennum samningum ............. 23 3 Launahækkanir á samningstímanum • Hækkun útgefinna launataxta hinn 1. febrúar 2013 - kr. 11.000. • Almenn hækkun fyrir utan launataxta hinn 1. febrúar 2013 - 3,25%. • Þann 1. febrúar 2013 hækka reiknitölur og föst álög um 3,25% en þó ekki lægra en 9 kr."
framsyn,Framsýn stéttarfélag,framsyn/SGS_kauptaxtar_1_feb_2013_almennir.pdf,Einingar-Iðju,Securitas hf. ............................................. 16,aðilar úr skjali,,,2013-02-01,prósenta,3.25,,kauptaxtar,úr texta,"ennum samningum ............. 23 3 Launahækkanir á samningstímanum • Hækkun útgefinna launataxta hinn 1. febrúar 2013 - kr. 11.000. • Almenn hækkun fyrir utan launataxta hinn 1. febrúar 2013 - 3,25%. • Þann 1. febrúar 2013 hækka reiknitölur og föst álög um 3,25% en þó ekki lægra en 9 kr. Lágmarkstekjur fyrir fullt starf"
framsyn,Framsýn stéttarfélag,framsyn/Samningur-beitning-LS-_-Framsýn-VA-og-VÞ-01.07.2011.pdf,"Framsýnar, Verkalýðsfélags Akraness, Verkalýðsfélags Þórshafnar",Landssambands smábátaeigenda,aðilar úr skjali,,,2013-02-01,krónutala,,11000,óskilgreint,úr texta,"r þeim hækkunum sem verða á kjarasamningi Framsýnar, Verkalýðsfélags Akraness og Verkalýðsfélags Þórshafnar og SA á hverjum tíma. 1. febrúar 2012: kr. 11.000 – kauptrygging verði kr. 215.345 1. febrúar 2013: kr. 11.000 – kauptrygging verði kr. 226.345 Kauptrygging kr. 204.345,- / 2.229 pr 420 króka bjóð = 91,67 bjóð á mánuði Með beituskurði / 2.654 pr 500 króka bjóð = 77,00 bjóð á mánuði / 2.866 p"
grafia,Grafía,grafia/Kauptaxtar 01.02.13.pdf,Félags bókagerðarmanna,Samtaka atvinnulífsins,aðilar úr skjali,,,2013-02-01,prósenta,3.25,,kauptaxtar,úr texta,"orsendur, afgreiðslu kjarasamn- inga og önnur sameiginleg mál. Kjarasamningur þessi felur í sér breytingar og viðbætur við aðalkjarasamning FBM og aðalkjarasamning FGT- deildar. Almenn launahækkun 1. Febrúar 2013, 3,25% Aðrir kjaratengdir liðir taka sömu breyt - ingum hlutfallslega á sömu dagsetningum, nema um annað hafi samist. Kauptaxtar Í stað áðurgildandi launataxta koma nýir sem undirritaðir "
grafia,Grafía,grafia/Kauptaxtar_1.februar_2012.pdf,Félags bókagerðarmanna,Samtaka atvinnulífsins (SA),aðilar úr skjali,,,2013-02-01,prósenta,3.25,,kauptaxtar,úr texta,"jarasamn- inga og önnur sameiginleg mál. Kjarasamningur þessi felur í sér breytingar og viðbætur við aðalkjarasamning FBM og aðalkjarasamning FGT- deildar. Almenn launahækkun 1. febrúar 2012, 3,5% 1. febrúar 2013, 3,25% Aðrir kjaratengdir liðir taka sömu breyt - ingum hlutfallslega á sömu dagsetningum, nema um annað hafi samist. Kauptaxtar Í stað áðurgildandi launataxta koma nýir sem undirritaðir "
grafia,Grafía,grafia/prentarinn_2012.pdf,,,aðeins heimild,,,2013-02-01,prósenta og krónutala,3.25,11000,óskilgreint,úr texta,"sagt upp. Þar gildir hlutfalls - legt vald sambanda og félaga með beina aðild innan ASÍ. www.fbm.is Það er því ekki á valdi hvers og eins félags að segja upp samningum. Fari svo að samningum verði sagt upp kemur 3,25% launahækkun og 11.000 kr. hækkun kaup - taxta ekki til framkvæmda 1. febrúar 2013. Það er því mik- ilvægt að freista þess að ná jákvæðri niðurstöðu í samn - ingaferlinu til að tryggj"
sgs,Starfsgreinasamband Íslands,sgs/taxtar_sa_1-feb-2013.pdf,Einingar-Iðju,Securitas hf. ............................................. 16,aðilar úr skjali,,,2013-02-01,krónutala,,11000,kauptaxtar,úr texta,".. 21 Réttur verkafólks til launa í veikinda- og slysatilfellum eftir almennum samningum ............. 23 3 Launahækkanir á samningstímanum • Hækkun útgefinna launataxta hinn 1. febrúar 2013 - kr. 11.000. • Almenn hækkun fyrir utan launataxta hinn 1. febrúar 2013 - 3,25%. • Þann 1. febrúar 2013 hækka reiknitölur og föst álög um 3,25% en þó ekki lægra en 9 kr."
sgs,Starfsgreinasamband Íslands,sgs/taxtar_sa_1-feb-2013.pdf,Einingar-Iðju,Securitas hf. ............................................. 16,aðilar úr skjali,,,2013-02-01,prósenta,3.25,,kauptaxtar,úr texta,"ennum samningum ............. 23 3 Launahækkanir á samningstímanum • Hækkun útgefinna launataxta hinn 1. febrúar 2013 - kr. 11.000. • Almenn hækkun fyrir utan launataxta hinn 1. febrúar 2013 - 3,25%. • Þann 1. febrúar 2013 hækka reiknitölur og föst álög um 3,25% en þó ekki lægra en 9 kr. Lágmarkstekjur fyrir fullt starf"
vr,VR,vr/kjarasamningur_vr_fa_2011.pdf,LÍVog VR,Félags atvinnurekenda,aðilar úr skjali,,,2013-02-01,prósenta,3.25,,almenn laun,úr texta,"eirra sem ekki fá greitt samkvæmt lágmarkstaxta verða eftirfarandi: • Þann 1. júní 2011 hækka laun skv. kjarasamningi um 4,25% • Þann 1. febrúar 2012 hækka laun skv. kjarasamningi um 3,5% • Þann 1. febrúar 2013 hækka laun skv. kjarasamningi um 3,25% 3. gr. Lágmarkstaxtar skulu hækka sem hér segir: • Þann 1. júní 2011 skal lágmarkstaxti skv. kjarasamningi hækka um kr. 12.000. • Þann 1. febrúar 2012"
vr,VR,vr/kjarasamningur_vr_fa_2011.pdf,LÍVog VR,Félags atvinnurekenda,aðilar úr skjali,,,2013-02-01,krónutala,,11000,óskilgreint,úr texta,skulu hækka sem hér segir: • Þann 1. júní 2011 skal lágmarkstaxti skv. kjarasamningi hækka um kr. 12.000. • Þann 1. febrúar 2012 skal lágmarkstaxti skv. kjarasamningi hækka um kr. 11.000. • Þann 1. febrúar 2013 skal lágmarkstaxti skv. kjarasamningi hækka um kr. 11.000. Lágmarkstaxti fyrir fullt starf verða því eftirfarandi; Þann 1. júní 2011 kr. 202.000.- á mánuði Þann 1. febrúar 2012 kr. 213.000.
vr,VR,vr/kjarasamningur_vr_og_sa_2011_oktober_2011.pdf,milli VR,Samtaka atvinnulífsins,aðilar úr skjali,2011-06-22,2014-01-31,2013-02-01,prósenta,4.25,,kauptaxtar,úr texta,"iðkomandi samninga. 1.2. Launamyndun 1.2.1. Hækkun launa Kauptaxtar Í stað áðurgildandi launataxta koma nýir sem eru hluti samnings þessa. Launataxtar gilda frá 1. júní 2011, 1. febrúar 2012 og 1. febrúar 2013. Hækkun mánaðarlauna 1.6. 2011 4,25%. 1.2. 2012 3,5%. 1.2. 2013 3.25%. Aðrir kjaratengdir liðir taka sömu breytingum hlutfallslega á sömu dagsetningum, nema um annað hafi samist. 7 1.2.2. Pe"
framsyn,Framsýn stéttarfélag,framsyn/Samflot-og-SNR-Launatafla_2011-2014.pdf,,,aðeins heimild,2011-01-01,2014-12-31,2013-03-01,prósenta eða krónutala,3.25,11000,launatafla,úr texta,"465.841 472.491 479.238 486.088 493.039 500.096 43 479.238 486.088 493.039 500.096 507.258 514.528 44 493.039 500.096 507.258 514.528 521.905 529.396 45 507.258 514.528 521.905 529.396 536.997 544.712 3,25% hækkun eða 11.000 kr. að lágmarki Launatöflur Launatafla með gildistíma frá 1. mars 2013"
afl,AFL Starfsgreinafélag,afl/kjarasamningur_asi_sa_2013.pdf,,,aðeins heimild,,,2014-01-01,prósenta með krónutölulágmarki,2.8,8000,kauptaxtar,úr texta,"mlengjast óbreyttir til 31. desember 2014, þ.m.t. sérkjarasamningar sem teljast hlutar aðalkjarasamninga, að því frátöldu að kaupliðir breytast sem hér segir: Kaupliðir Almenn launahækkun Hinn 1. janúar 2014 skulu laun og kauptaxtar hækka um 2,8%, þó að lágmarki kr. 8.000 á mánuði fyrir dagvinnu miðað við fullt starf. Aðrir kjaratengdir liðir hækka um 2,8% á sama tíma. Sérstök hækkun kauptaxta, 23"
asi,Alþýðusamband Íslands,asi/i-addraganda-kjarasamninga-2015-compressed.pdf,,,aðeins heimild,,,2014-01-01,prósenta,2.8,,almenn laun,úr texta,"launahækkun frá 1. janúar, þó að lágmarki 8.000 kr. á mánuði fyrir fullt starf og sérstaka 3 Fern heildarsamtök og þrenn samtök vinnuveitenda Kjarasamningar ASÍ og SA Dagsetning Hækkun Skýring 1. jan. 2014 2,8%, að lágmarki 8 þús .kr. Almenn launahækk un. 1. jan. 2014 1.750 kr . Hækkun launa taxta undir 230 þús.kr. 1. feb. 2014 14,6 þús.k r. Eingr eiðsla m.v. fullt starf,"
asi,Alþýðusamband Íslands,asi/i-addraganda-kjarasamninga-2015-compressed.pdf,,,aðeins heimild,,,2014-01-01,krónutala,,1750,almenn laun,úr texta,"yrir fullt starf og sérstaka 3 Fern heildarsamtök og þrenn samtök vinnuveitenda Kjarasamningar ASÍ og SA Dagsetning Hækkun Skýring 1. jan. 2014 2,8%, að lágmarki 8 þús .kr. Almenn launahækk un. 1. jan. 2014 1.750 kr . Hækkun launa taxta undir 230 þús.kr. 1. feb. 2014 14,6 þús.k r. Eingr eiðsla m.v. fullt starf, félög sem felldu desember samninginn. 17 hækkun um 1"
grafia,Grafía,grafia/Kauptaxtar 2014 3-1.pdf,Félags bókagerðarmanna,Samtaka atvinnulífsins,aðilar úr skjali,,,2014-01-01,prósenta,2.8,,kauptaxtar,úr texta,"u 6 mán. starfsþj. . 207.925 kr 47.984 kr 1.199,59 2.159,23 2.399,18 Eftir 6 mán. starfsþj. . . 217.768 kr 50.255 kr 1.256,38 2.261,45 2.512,76 Kauptaxti FBM frá og með 1. janúar 2014, almenn launahækkun 2,8% Vaktavinna Mánaðar- laun Vikulaun Dagvinna Yfirvinna Yfirvinna í vaktavinnu Vakt. 20% jafnaðarálag, tvískiptar 5 daga vaktir Sveinar . . . . . . . . . . . . 328.010 kr 75.696 kr 1"
sa,Samtök atvinnulífsins,sa/kjarasamningur-sa-og-vr.pdf,SAMTAKA ATVINNULÍFSINS,LANDSSAMBANDS ÍSLENZKRA,aðilar úr skjali,,,2014-01-01,prósenta með krónutölulágmarki,2.8,8000,kauptaxtar,úr texta,"i skóla, stéttarfélags og fyrirtækis. 1.1.4. Aðrir samningar Um l aun starfsfólks í gestamóttöku og apótekum vísast til viðkomandi samninga. 1.2. Launamyndun 1.2.1. Almenn launahækkun* Hinn 1. janúar 2014 skulu laun og kauptaxtar hækka um 2,8%, þó að lágmarki kr. 8.000 á mánuði fyrir dagvinnu miðað við fullt starf. Aðrir kjaratengdir liðir hækka um 2,8% á sama tíma. 1.2.2. Sérstök hækkun kauptaxta"
samidn,Samiðn,samidn/SAMNINGUR_heild_uppfaerdur_endanlegt.pdf,Bílgreinasambandsins,Samiðnar - Sambands iðnfélaga,aðilar úr skjali,2014-01-01,2015-02-28,2014-01-01,prósenta,2.8,,almenn laun,úr texta,"rfsaldri til launa telst 22 ára aldur jafngilda eins árs starfi í starfsgrein. 1.1.2. Launabreytingar á samningstímanum Launabreytingar Almenn launahækkun á samningstímabilinu er sem hér segir: 1.janúar 2014 hækka laun um 2,8% Aðrir launatengdir liðir taka sömu breytingum hlutfallslega á sömu dagsetningum nema um annað hafi samist. 1.1.3 Starfsmannaviðtöl Starfsmaður á rétt á viðtali við yfirmann "
vr,VR,vr/kjarasamningur_sa_januar_2014_med_breytingum_september.pdf,milli VR,Samtaka atvinnulífsins,aðilar úr skjali,2014-01-01,2015-02-28,2014-01-01,prósenta,2.8,,kauptaxtar,úr texta,"ttöku og apótekum vísast til viðkomandi samninga. 1.2. Launamyndun 1.2.1. Hækkun launa Kauptaxtar Í stað áðurgildandi launataxta koma nýir sem eru hluti samnings þessa. Launataxtar gilda frá 1. janúar 2014. Hækkun mánaðarlauna 1.1. 2014 2,80%. Þó að lágmarki kr. 8.00 á mánuði fyrir dagvinnu miðað við fullt starf. Launataxtar sem eru lægri en 230.000 – kr. hækka sérstaklega um 1.750 kr. Aðrir kjara"
vr,VR,vr/kjarasamningur_vr_fa_2014.pdf,VR/LÍV,Félags atvinnurekenda,aðilar úr skjali,,,2014-01-01,prósenta með krónutölulágmarki,2.8,8000,kauptaxtar,úr texta,"i eru en 16 ára skulu eigi taka lægri laun en 75% af lágmarkslaunum. Laun ungmenna skulu miðast við áramót þess árs, sem þau ná tilskyldum aldri. 1.2 Hækkun launa 1.2.1. Almenn launahækkun Þann 1. janúar 2014 skulu laun og kauptaxtar hækka um 2,8%, þó að lágmarki kr. 8.000 á mánuði fyrir dagvinnu miðað við fullt starf. Aðrir kjaratengdir liðir hækka um 2,8% á sama tíma. Sérstök hækkun kauptaxta, 2"
vr,VR,vr/kjarasamningur_vr_fa_2014.pdf,VR/LÍV,Félags atvinnurekenda,aðilar úr skjali,,,2014-01-01,krónutala,,1750,kauptaxtar,úr texta,"r hækka um 2,8%, þó að lágmarki kr. 8.000 á mánuði fyrir dagvinnu miðað við fullt starf. Aðrir kjaratengdir liðir hækka um 2,8% á sama tíma. Sérstök hækkun kauptaxta, 230.000,- kr. og lægri Kauptaxtar sem eru lægri en 230.000,- kr. hækka sérstaklega um kr. 1.750. Kauptaxtar gilda frá 1. janúar 2014. 1.3. Laun a. Vinnuveitandi og starfsmaður semja milliliðalaust sín á milli í hverju tilfelli fyrir "
asi,Alþýðusamband Íslands,asi/i-addraganda-kjarasamninga-2015-compressed.pdf,,,aðeins heimild,,,2014-02-01,krónutala,,1750,almenn laun,úr texta,"tarf og sérstaka 3 Fern heildarsamtök og þrenn samtök vinnuveitenda Kjarasamningar ASÍ og SA Dagsetning Hækkun Skýring 1. jan. 2014 2,8%, að lágmarki 8 þús .kr. Almenn launahækk un. 1. jan. 2014 1.750 kr . Hækkun launa taxta undir 230 þús.kr. 1. feb. 2014 14,6 þús.k r. Eingr eiðsla m.v. fullt starf, félög sem felldu desember samninginn. 17 hækkun um 1.750 kr. á m"
asi,Alþýðusamband Íslands,asi/i-addraganda-kjarasamninga-2015-compressed.pdf,,,aðeins heimild,,,2014-02-01,prósenta,2.8,,launatafla,úr texta,"um frekari almennar launahækkanir en í samningnum felst skuli sérstök nefnd fjalla um hvernig sambærilegar breytingar gildi um samninginn. Kjarasamningar BHM og ríkisins Dagsetning Hækkun Skýring 1. feb. 2014 2,8% Almenn launahækk un. 1. feb. 2014 0,8% Ný launa tafla. Leiðrétting á ósamræmi í bilum á milli launaflokka og þrepa. Kjarasamningur rík"
asi,Alþýðusamband Íslands,asi/i-addraganda-kjarasamninga-2015-compressed.pdf,,,aðeins heimild,,,2014-02-01,prósenta,0.8,,launatafla,úr texta,"samningnum felst skuli sérstök nefnd fjalla um hvernig sambærilegar breytingar gildi um samninginn. Kjarasamningar BHM og ríkisins Dagsetning Hækkun Skýring 1. feb. 2014 2,8% Almenn launahækk un. 1. feb. 2014 0,8% Ný launa tafla. Leiðrétting á ósamræmi í bilum á milli launaflokka og þrepa. Kjarasamningur ríkisins og KÍ vegna framhaldskólakennara Dagsetning Hækkun Skýring 1. mars 2014 2,8% Almenn h"
framsyn,Framsýn stéttarfélag,framsyn/SGS_taxtar_sa_1_feb_2014.pdf,"um veitinga-, þjónustu",greiðasölustaði og hliðstæða starfsemi. ...................... 13,aðilar úr skjali,,,2014-02-01,prósenta og krónutala,2.8,8000,kauptaxtar,úr texta,"nnupláss ............................................................................................................. 14 3 Launahækkanir á samningstímanum: Hækkun útgefna launataxta: Hinn 1. Febrúar 2014 kr. 8.000 Almenn hækkun fyrir utan launataxta: 2,8% • Kauptaxtar sem eru kr. 230.000 og lægri hækka sér staklega og nemur hækkunin tæplega 5%. Dæmi: Launaflokkur 1, byrjunarlaun, hækkar um kr. 9."
sa,Samtök atvinnulífsins,sa/kjoelfar_loka.pdf,,,aðeins heimild,,,2014-02-01,prósenta,3.2,,kauptaxtar,úr texta,"kkun Skýring 1. maí 2015 25 þús.kr. hækkun launataxta. Launaþróunartrygging 3,2%-7,2% Almenn hækkun launataxta 7,2% launaþróunartrygging á laun 300 þús.kr. eða lægri. Fer stiglækkandi, þó ekki lægri en 3,2% á laun 750 þús. kr og hærri. Frá grunnhækkun dregst önnur hækkun launa eftir 1. febrúar 2014. 1. maí 2016 5,5% launaþróunartrygging, að lágmarki 15 þús.kr. 5,5% launaþróunartrygging að lámarki "
sa,Samtök atvinnulífsins,sa/kjoelfar_loka.pdf,,,aðeins heimild,,,2014-02-01,prósenta,5.5,,kauptaxtar,úr texta,"taxtar hækka um 25.000. 7,2% launaþróunartrygging á laun 300 þús kr. eða lægri. Fer stiglækkandi, þó ekki lægri en 3,2% á laun 750 þús. kr og hærri. Frá grunnhækkun dregst önnur hækkun launa eftir 1. febrúar 2014. 2016 Maí Laun hækka almennt samkvæmt 5,5% launaþróunartrygging, að lámarki 15 þús. kr. að frádreginni annarri hækkun á tímabilinu 2.maí 2015-30.apríl 2016. 2017 Maí Launataxtar hækka um "
sa,Samtök atvinnulífsins,sa/samningar-2015-net.pdf,,,aðeins heimild,,,2014-02-01,prósenta,2.8,,launatafla,úr texta,"um frekari almennar launahækkanir en í samningnum felst skuli sérstök nefnd fjalla um hvernig sambærilegar breytingar gildi um samninginn. Kjarasamningar BHM og ríkisins Dagsetning Hækkun Skýring 1. feb. 2014 2,8% Almenn launahækkun. 1. feb. 2014 0,8% Ný launatafla. Leiðrétting á ósamræmi í bilum á milli launaflokka og þrepa. Kjarasamningur ríkis"
sa,Samtök atvinnulífsins,sa/samningar-2015-net.pdf,,,aðeins heimild,,,2014-02-01,prósenta,0.8,,launatafla,úr texta,"í samningnum felst skuli sérstök nefnd fjalla um hvernig sambærilegar breytingar gildi um samninginn. Kjarasamningar BHM og ríkisins Dagsetning Hækkun Skýring 1. feb. 2014 2,8% Almenn launahækkun. 1. feb. 2014 0,8% Ný launatafla. Leiðrétting á ósamræmi í bilum á milli launaflokka og þrepa. Kjarasamningur ríkisins og KÍ vegna framhaldskólakennara Dagsetning Hækkun Skýring 1. mars 2014 2,8% Almenn h"
vm,VM - Félag vélstjóra og málmtæknimanna,vm/Heildartexti_VM-og-kaupskip-yfirlesid-af-vm-25.9.2024.pdf,Samtaka atvinnulífsins,VM félags vélstjóra og málmtæknimanna,aðilar úr skjali,2011-06-01,2014-01-31,2014-02-01,prósenta eða krónutala,3.25,23750,launatafla,leiðrétt,"ð hefur. 1.3. Launabreytingar 1.3.1. Laun taka hlutfallshækkun, með krónutöluhækkun að lágmarki , nema annað leiði af launatöflum. Með mánaðarlaunum er átt við föst mánaðarlaun fyrir dagvinnu. 1. febrúar 2024 3,25% eða 23.750 kr. 1. janúar 2025 3,50% eða 23.750 kr. 1. janúar 2026 3,50% eða 23.750 kr. 1. janúar 2027 3,50% eða 23.750 kr."
framsyn,Framsýn stéttarfélag,framsyn/2017-Hvalursamningur_1.-maí.pdf,"SGS og SA um veitinga-, gisti, þjónustu",greiðasölustaða og hliðstæðrar starfssemi). Kjör starfsmanna mega,aðilar úr skjali,,,2014-02-21,krónutala,,9750,almenn laun,úr texta,"valaskoðunarbátum Samkomulag aðila frá 9. ágúst 2013 mun einnig gilda árið 2014 með þeim breytingum á launum sem kveðið er á um í kjarasamningi aðila. Mánaðarlaun almennra starfsmanna hækka þannig um kr. 9.750,- og aðrir kaupliðir til samræmis við þann samning. Reykjavík 21. febrúar 2014 Fh. Framsýnar, stéttarfélags Fh. Samtaka atvinnulífsins Uppfært: Framsýn, stéttarfélag Sa"
framsyn,Framsýn stéttarfélag,framsyn/2018-Hvalursamningur_1.-maí.pdf,"SGS og SA um veitinga-, gisti, þjónustu",greiðasölustaða og hliðstæðrar starfssemi). Kjör starfsmanna mega,aðilar úr skjali,,,2014-02-21,krónutala,,9750,almenn laun,úr texta,"valaskoðunarbátum Samkomulag aðila frá 9. ágúst 2013 mun einnig gilda árið 2014 með þeim breytingum á launum sem kveðið er á um í kjarasamningi aðila. Mánaðarlaun almennra starfsmanna hækka þannig um kr. 9.750,- og aðrir kaupliðir til samræmis við þann samning. Reykjavík 21. febrúar 2014 Fh. Framsýnar, stéttarfélags Fh. Samtaka atvinnulífsins Uppfært: Framsýn, stéttarfélag Sa"
framsyn,Framsýn stéttarfélag,framsyn/2019-Hvalursamningur_1.-april.pdf,"SGS og SA um veitinga-, gisti, þjónustu",greiðasölustaða og hliðstæðrar starfssemi). Kjör starfsmanna mega,aðilar úr skjali,,,2014-02-21,krónutala,,9750,almenn laun,úr texta,"valaskoðunarbátum Samkomulag aðila frá 9. ágúst 2013 mun einnig gilda árið 2014 með þeim breytingum á launum sem kveðið er á um í kjarasamningi aðila. Mánaðarlaun almennra starfsmanna hækka þannig um kr. 9.750,- og aðrir kaupliðir til samræmis við þann samning. Reykjavík 21. febrúar 2014 Fh. Framsýnar, stéttarfélags Fh. Samtaka atvinnulífsins Uppfært: Framsýn, stéttarfélag Sa"
asi,Alþýðusamband Íslands,asi/i-addraganda-kjarasamninga-2015-compressed.pdf,,,aðeins heimild,,,2014-03-01,prósenta,2.8,,launatafla,úr texta,"r. 9.750. Jafnframt var tengitöflu breytt 1. maí 2014 og bil á milli launaflokka samræmd 1. janúar 2015. Kjarasamningar Reykjavíkurborgar og Kjarasamningar ASÍ og ríkisins Dagsetning Hækkun Skýring 1. mars 2014 2,8%, að lágmarki 8 þús .kr. Almenn launahækk un. 14,6 þús.kr. Eingr eiðsla m.v. fullt starf. 1. mars 2014 1.750 kr . Hækkun launa taxta undir 230 þús.kr. 1. apríl 2015 20 þús.k r. Eingr ei"
asi,Alþýðusamband Íslands,asi/i-addraganda-kjarasamninga-2015-compressed.pdf,,,aðeins heimild,,,2014-03-01,krónutala,,1750,almenn laun,úr texta,"ningar Reykjavíkurborgar og Kjarasamningar ASÍ og ríkisins Dagsetning Hækkun Skýring 1. mars 2014 2,8%, að lágmarki 8 þús .kr. Almenn launahækk un. 14,6 þús.kr. Eingr eiðsla m.v. fullt starf. 1. mars 2014 1.750 kr . Hækkun launa taxta undir 230 þús.kr. 1. apríl 2015 20 þús.k r. Eingr eiðsla m.v. fullt starf. Kjarasamningar sveitarfélaga og ASÍ og BSRB (starfsmatshópar)"
asi,Alþýðusamband Íslands,asi/i-addraganda-kjarasamninga-2015-compressed.pdf,,,aðeins heimild,,,2014-03-01,prósenta,8.5,,almenn laun,úr texta,"nnan BHM byggja á starfsmati og leiða til niðurstöðu sem er nokkuð frábrugðin samningum Sambands sveitarfélaga og aðildar - félaga BHM. Kjarasamningar sveitarfélaga og BHM Dagsetning Hækkun Skýring 1. mars 2014 8,5% Almenn launahækk un. Kjarasamningar BSRB og ríkisins Dagsetning Hækkun Skýring 1. mars 2014 2,8%, lágmark 8 þús.k r. Almenn launahækk un. 1. mars 2014 1.750 kr . Hækkun launa taxta und"
asi,Alþýðusamband Íslands,asi/i-addraganda-kjarasamninga-2015-compressed.pdf,,,aðeins heimild,,,2014-03-01,prósenta,4.0,,launatafla,úr texta,"ý launa tafla. Leiðrétting á ósamræmi í bilum á milli launaflokka og þrepa. Kjarasamningur ríkisins og KÍ vegna framhaldskólakennara Dagsetning Hækkun Skýring 1. mars 2014 2,8% Almenn hækk un. 1. mars 2014 4% Vegna tilt ekinna breytinga í samningnum. 1. ágúst 2014 5% Vegna tilt ekinna breytinga í samningnum. 1. janúar 2015 2% Almenn hækk un. Febrúar 2015 Atkv æðagre"
asi,Alþýðusamband Íslands,asi/i-addraganda-kjarasamninga-2015-compressed.pdf,,,aðeins heimild,,,2014-03-01,prósenta,3.5,,óskilgreint,úr texta,"r skýrari. Meðalhækkun hreins tímakaups þessa hóps er 6,2% samanborið við 3,7% hækkun reglulega tímakaupsins. Samningar BSRB félaga við sveitarfélögin frá 2011 giltu til loka september 2014, samn- ingur við Reykjavíkurborg þó til loka apríl. Samkvæmt samningunum hækkuðu laun um 3,5% frá 1. mars 2014 og kemur sú hækkun þannig fram í greiningu launabreytinga í mynd 28 og bætist við launahækkanir skv"
ki,Kennarasamband Íslands,ki/ff_fjolmennt_kjarasamningur_280514_i_gildi_010314til311016.pdf,Fjölmenntar ses,Kennarasambands Íslands,aðilar úr skjali,,,2014-03-01,prósenta,2.4,,launatafla,úr texta,"um starfsmanna skv. lögum og reglum um störf trúnaðarmanna. Grein 11 Launahækkanir Launahækkanir ve rða með eftirf arandi hæ tti, sjá yfirlit í fylgiskjali IV og launatöflu í fylgiskjali V. 1. mars 2014 2,4% hækkun og miðlægt launaþrep fellur brott, sbr. gr. 13. Meðaltalshækkun vegna þessarar breytingar er 0,3%. Enginn lækkar í launum vegna þessa. 1. mars 2014 8,0% almenn launahækkun og vegna þeir"
ki,Kennarasamband Íslands,ki/ff_fjolmennt_kjarasamningur_280514_i_gildi_010314til311016.pdf,Fjölmenntar ses,Kennarasambands Íslands,aðilar úr skjali,,,2014-03-01,prósenta,8.0,,launatafla,úr texta,"V og launatöflu í fylgiskjali V. 1. mars 2014 2,4% hækkun og miðlægt launaþrep fellur brott, sbr. gr. 13. Meðaltalshækkun vegna þessarar breytingar er 0,3%. Enginn lækkar í launum vegna þessa. 1. mars 2014 8,0% almenn launahækkun og vegna þeirra breytinga er í samningi þessum felast. 1. ágúst 2014 5,0% vegna þeirra breytinga er í samningi þessum felast. 1. janúar 2015 2,0% almenn launahækkun. 1"
sa,Samtök atvinnulífsins,sa/samningar-2015-net.pdf,,,aðeins heimild,,,2014-03-01,prósenta,8.5,,kauptaxtar,úr texta,"nnan BHM byggja á starfsmati og leiða til niðurstöðu sem er nokkuð frábrugðin samningum Sambands sveitarfélaga og aðildar - félaga BHM. Kjarasamningar sveitarfélaga og BHM Dagsetning Hækkun Skýring 1. mars 2014 8,5% Almenn launahækkun. Kjarasamningar BSRB og ríkisins Dagsetning Hækkun Skýring 1. mars 2014 2,8%, lágmark 8 þús.kr. Almenn launahækkun. 1. mars 2014 1.750 kr. Hækkun launataxta undir 23"
sa,Samtök atvinnulífsins,sa/samningar-2015-net.pdf,,,aðeins heimild,,,2014-03-01,prósenta,2.8,,launatafla,úr texta,"enn launahækkun. 1. feb. 2014 0,8% Ný launatafla. Leiðrétting á ósamræmi í bilum á milli launaflokka og þrepa. Kjarasamningur ríkisins og KÍ vegna framhaldskólakennara Dagsetning Hækkun Skýring 1. mars 2014 2,8% Almenn hækkun. 1. mars 2014 4% Vegna tiltekinna breytinga í samningnum. 1. ágúst 2014 5% Vegna tiltekinna breytinga í samningnum. 1."
sa,Samtök atvinnulífsins,sa/samningar-2015-net.pdf,,,aðeins heimild,,,2014-03-01,prósenta,4.0,,launatafla,úr texta,"% Ný launatafla. Leiðrétting á ósamræmi í bilum á milli launaflokka og þrepa. Kjarasamningur ríkisins og KÍ vegna framhaldskólakennara Dagsetning Hækkun Skýring 1. mars 2014 2,8% Almenn hækkun. 1. mars 2014 4% Vegna tiltekinna breytinga í samningnum. 1. ágúst 2014 5% Vegna tiltekinna breytinga í samningnum. 1. janúar 2015 2% Almenn hækkun. Febrúar 2015 Atkvæðagreiðsl"
sa,Samtök atvinnulífsins,sa/samningar-2015-net.pdf,,,aðeins heimild,,,2014-03-01,prósenta,3.5,,óskilgreint,úr texta,"r skýrari. Meðalhækkun hreins tímakaups þessa hóps er 6,2% samanborið við 3,7% hækkun reglulega tímakaupsins. Samningar BSRB félaga við sveitarfélögin frá 2011 giltu til loka september 2014, samn- ingur við Reykjavíkurborg þó til loka apríl. Samkvæmt samningunum hækkuðu laun um 3,5% frá 1. mars 2014 og kemur sú hækkun þannig fram í greiningu launabreytinga í mynd 28 og bætist við launahækkanir skv"
asi,Alþýðusamband Íslands,asi/i-addraganda-kjarasamninga-2015-compressed.pdf,,,aðeins heimild,,,2014-05-01,krónutala,,9750,launatafla,úr texta,"stéttarfélaga innan BSRB og ASÍ voru gerðir í júlí 2014. Gilda þeir frá 1. maí 2014 til 30. apríl 2015. Byggjast samningarnir á starfsmati, þar sem laun einstakra starfsmanna eru metin skv. ákveðnum viðmiðum, launahækkun er þó aldrei lægri en kr. 9.750. Jafnframt var tengitöflu breytt 1. maí 2014 og bil á milli launaflokka samræmd 1. janúar 2015. Kjarasamningar Reykjavíkurborgar og Kjarasamningar "
asi,Alþýðusamband Íslands,asi/i-addraganda-kjarasamninga-2015-compressed.pdf,,,aðeins heimild,,,2014-05-01,prósenta,6.0,,launatafla,úr texta,2014 1.750 kr . Hækkun launa taxta undir 230 þús.kr. 1. apríl 2015 20 þús.k r. Eingr eiðsla m.v. fullt starf. Kjarasamningar sveitarfélaga og ASÍ og BSRB (starfsmatshópar) Dagsetning Hækkun Skýring 1. maí 2014 6% Hækkun launa töflu og breyting á tengitöflu. 1. jan. 2015 2% Br eyting launatöflu. 18 Starfsmannafélags Reykjavíkurborgar og stéttarfélaga innan ASÍ fólu í sér minni
sa,Samtök atvinnulífsins,sa/samningar-2015-net.pdf,,,aðeins heimild,,,2014-05-01,krónutala,,9750,launatafla,úr texta,"stéttarfélaga innan BSRB og ASÍ voru gerðir í júlí 2014. Gilda þeir frá 1. maí 2014 til 30. apríl 2015. Byggjast samningarnir á starfsmati, þar sem laun einstakra starfsmanna eru metin skv. ákveðnum viðmiðum, launahækkun er þó aldrei lægri en kr. 9.750. Jafnframt var tengitöflu breytt 1. maí 2014 og bil á milli launaflokka samræmd 1. janúar 2015. Kjarasamningar Reykjavíkurborgar og Kjarasamningar "
afl,AFL Starfsgreinafélag,afl/Kjarasamningur_2015_SA_Samidn.pdf,Samtaka atvinnulífsins,"Samiðnar - sambands iðnfélaga f.h. aðildarfélaga í málmiðnaði, byggingariðnaði og skrúðgarðyrkju",aðilar úr skjali,2015-05-01,2018-12-31,2014-05-02,prósenta með krónutölulágmarki,6.2,15000,almenn laun,ályktað (óvisst),"a rfsmanna sem framkvæmd hefur verið eftir 1. maí 2015 og fram til 21. janúar 2016, hafi launagreiðandi framkvæmt slíka hækkun launa gagnvart þorra starfsmanna. Þó skal enginn starfsmaður fá minna en 6,2% launahækkun, að lágmarki kr. 15.000 á mánaðarlaun fyr ir dagvinnu, á tímabilinu 2. maí til 31. desember 2015. † Launabreyting 1. maí 2016 var með samni"
framsyn,Framsýn stéttarfélag,framsyn/Kjarasamningur_2015_SA_og_Samiðn_-_lokaskjal_4.5.2016.pdf,Samtaka atvinnulífsins,"Samiðnar - sambands iðnfélaga f.h. aðildarfélaga í málmiðnaði, byggingariðnaði og skrúðgarðyrkju",aðilar úr skjali,2015-05-01,2018-12-31,2014-05-02,prósenta með krónutölulágmarki,6.2,15000,almenn laun,ályktað (óvisst),"a rfsmanna sem framkvæmd hefur verið eftir 1. maí 2015 og fram til 21. janúar 2016, hafi launagreiðandi framkvæmt slíka hækkun launa gagnvart þorra starfsmanna. Þó skal enginn starfsmaður fá minna en 6,2% launahækkun, að lágmarki kr. 15.000 á mánaðarlaun fyr ir dagvinnu, á tímabilinu 2. maí til 31. desember 2015. † Launabreyting 1. maí 2016 var með samni"
sa,Samtök atvinnulífsins,sa/012d00dc-4418-48bf-9a54-3b92d7e9a329_Kjarasamningur SA og Rafiðnaðarsambands Íslands 15-18.pdf,Samtaka atvinnulífsins og Samtaka rafverktaka,Rafiðnaðarsambands Íslands vegna aðildarfélaga,aðilar úr skjali,2015-05-01,2018-12-31,2014-05-02,prósenta með krónutölulágmarki,6.2,15000,almenn laun,ályktað (óvisst),"starfsmanna sem framkvæmd hefur verið eftir 1. maí 2015 og fram til 21. janúar 2016, hafi launagreiðandi framkvæmt slíka hækkun launa gagnvart þorra starfsmanna. Þó skal enginn starfsmaður fá minna en 6,2% launahækkun, að lágmarki kr. 15.000 á mánaðarlaun fyrir dagvinnu, á tímabilinu 2. maí til 31. desember 2015. 1.2.3. Launabreytingar 1. maí 20173 Þann 1. maí 2017 hækka laun og launatengdir liðir"
sa,Samtök atvinnulífsins,sa/6a6029a1-e5f2-4d0b-8e3a-ed8a56889efb_Kjarasamningur SA og Félags hársnyrtisveina 15-18.pdf,Samtaka atvinnulífsins,Félags hársnyrtisveina,aðilar úr skjali,2015-05-01,2018-12-31,2014-05-02,prósenta með krónutölulágmarki,6.2,15000,almenn laun,ályktað (óvisst),"tarfsmanna sem framkvæmd hefur verið eftir 1. maí 2015 og fram til 21. janúar 2016, hafi launagreið andi framkvæmt slíka hækkun launa gagnvart þorra starfsmanna. Þó skal enginn starfsmaður fá minna en 6,2% launahækkun, að lágmarki kr. 15.000 á mánaðarlaun fyrir dagvinnu, á tímabilinu 2. maí til 31. desember 2015. 1.2.3. Launabreytingar 1. maí 2017* Þann 1. maí 2017 hækka laun og launatengdir liðir"
sa,Samtök atvinnulífsins,sa/762fc76c-9aed-4452-bfd5-503849cbc2ea_Kjarasamningur SA og Samiðnar vegna málmiðnaðar_ byggingariðnaðar og skrúðgarðyrkju 15-18.pdf,Samtaka atvinnulífsins,"Samiðnar - sambands iðnfélaga f.h. aðildarfélaga í málmiðnaði, byggingariðnaði og skrúðgarðyrkju",aðilar úr skjali,2015-05-01,2018-12-31,2014-05-02,prósenta með krónutölulágmarki,6.2,15000,almenn laun,ályktað (óvisst),"tarfsmanna sem framkvæmd hefur verið eftir 1. maí 2015 og fram til 21. janúar 2016, hafi launagreiðandi framkvæmt slíka hækkun launa gagnvart þorra starfsmanna. Þó skal en ginn starfsmaður fá minna en 6,2% launahækkun, að lágmarki kr. 15.000 á mánaðarlaun fyrir dagvinnu, á tímabilinu 2. maí til 31. desember 2015. 2 Launabreyting 1. maí 2016 var með samni"
sa,Samtök atvinnulífsins,sa/a8329117-813c-4523-b1b7-423bb1ae7ee0_Kjarasamningur SA og VM_ félags vélstjóra og málmtæknimanna 15-18.pdf,Samtaka atvinnulífsins,"VM, félags vélstjóra og málmtæknimanna",aðilar úr skjali,2015-05-01,2018-12-31,2014-05-02,prósenta með krónutölulágmarki,6.2,15000,almenn laun,ályktað (óvisst),"tarfsmanna sem framkvæmd hefur verið eftir 1. maí 20 15 og fram til 21. janúar 2016, hafi launagreiðandi framkvæmt slíka hækkun launa gagnvart þorra starfsmanna. Þó skal enginn starfsmaður fá minna en 6,2% launahækkun, að lágmarki kr. 15.000 á mánaðarlaun fyrir dagvinnu, á tímabilinu 2. maí til 31. desember 2015. 2 Launabreyting 1. maí 2016 var með samnin"
sa,Samtök atvinnulífsins,sa/ded6a8a7-6855-4da1-be06-63218b4f6166_Eldri-Kjarasamningur SA og Sambands stjórnendafélaga.pdf,Samtaka atvinnulífsins,Sambands stjórnendafélaga*,aðilar úr skjali,2015-05-01,2018-12-31,2014-05-02,prósenta með krónutölulágmarki,6.2,15000,almenn laun,ályktað (óvisst),"starfsmanna sem framkvæmd hefur verið eftir 1. maí 2015 og fram til 21. janúar 2016, hafi launagreiðandi framkvæmt slíka hækkun launa gagnvart þorra starfsmanna. Þó skal enginn starfsmaður fá minna en 6,2% launahækkun, að lágmarki kr. 15.000 á mánaðarlaun fyrir dagvinnu, á tímabilinu 2. maí til 31. desember 2015. 1.1.1.3. Launabreytingar 1. maí 20172 Þann 1. maí 2017 hækka laun og launatengdir lið"
sa,Samtök atvinnulífsins,sa/ebb511b9-bbf3-4537-b6dd-951764153152_Kjarasamningur meistarafélaga í byggingariðnaði og Samiðnar 15-18.pdf,"Samtaka atvinnulífsins, vegna meistarafélaga í byggingariðnaði innan Samtaka iðnaðarins",Samiðnar - sambands iðnfélaga f.h. aðildarfélaga í byggingariðnaði,aðilar úr skjali,2015-05-01,2018-12-31,2014-05-02,prósenta með krónutölulágmarki,6.2,15000,almenn laun,ályktað (óvisst),"starfsmanna sem framkvæmd hefur verið eftir 1. maí 2015 og fram til 21. janúar 2016, hafi launagreiðandi framkvæmt slíka hækkun launa gagnvart þorra starfsmanna. Þó skal enginn starfsmaður fá minna en 6,2% launahækkun, að lágmarki kr. 15.000 á mánaðarlaun fyrir dagvinnu, á tímabilinu 2. maí til 31. desember 2015. 1.1.2.3. Launabreytingar 1. maí 20173 Þann 1. maí 2017 hækka laun og launatengdir lið"
sa,Samtök atvinnulífsins,sa/kjarasamningur-2015-sa-og-floi.pdf,Samtaka atvinnulífsins,Flóabandalagsins,aðilar úr skjali,2015-05-01,2018-12-31,2014-05-02,prósenta með krónutölulágmarki,6.2,15000,almenn laun,ályktað (óvisst),"u kjarasamninga viðkomandi aðidarsamtaka á árinu 2015 og fram að 21. janúar 2016, hafi launagreiðandi framkvæmt slíka hækkun launa gagnvart þorra starfsmanna. Þó skal enginn starfsmaður fá minna en 6,2% launahækkun, að lágmarki kr. 15.000 á mánaðarlaun fyrir dagsvinnu, á tímabilinu 2. maí til 31. desember 2015. 1.2.3. Launabreytingar 1. maí 20174 Þann 1. maí 2017 hækka laun og launatengdir liðir u"
sa,Samtök atvinnulífsins,sa/kjarasamningur-2015-sa-og-matvi-s-lokaskjal-14-09-2016.pdf,Samtaka atvinnulífsins,Matvæla- og veitingafélags Íslands,aðilar úr skjali,2015-05-01,2018-12-31,2014-05-02,krónutala,,15000,almenn laun,ályktað (óvisst),"aðildarfélaga ASÍ dags. 21. janúar 2016 færð fram til 1. janúar 2016 og almenn 6,2% launabreyting með takmarkaðri heimild til frádráttar kom í stað 5,5% launaþróunartryggingar. 8 Samningur SA og MATVÍS 8 launahækkun, að lágmarki kr. 15.000 á mánaðarlaun fyrir dagvinnu, á tímabilinu 2. maí til 31. desember 2015. Launabreytingar 1. maí 20172 Þann 1. maí 2017 hækka laun og launatengdir liðir um 4,5%."
sa,Samtök atvinnulífsins,sa/kjarasamningur-2015-sa-og-vr-lokaskjal-sa-6-11-2017.pdf,Samtaka atvinnulífsins,VR og,aðilar úr skjali,2015-05-01,2018-12-31,2014-05-02,prósenta,6.2,,almenn laun,ályktað (óvisst),"arfsmanna sem framkvæmd hefur verið eftir 1. maí 2015 og fram til 21. janúar 2016, hafi launagreiðandi framkvæmt slíka hækkun launa gagnvart þrorra starfsmanna. Þó skal enginn starfsmaður fá minna en 6,2% launahækkun, að lágmarki kr. 15 .000 á mánaðarlaun fyrir dagvinnu, á tímabilinu 2. maí til 31. desember 2015. Launabreytingar 1. maí 20173 Þann 1. maí 2017 hækka laun og launatengdir liðir um 4,5"
sa,Samtök atvinnulífsins,sa/kjarasamningur-2015-sa-og-vr-lokaskjal-sa-6-11-2017.pdf,Samtaka atvinnulífsins,VR og,aðilar úr skjali,2015-05-01,2018-12-31,2014-05-02,prósenta með krónutölulágmarki,6.2,15000,almenn laun,ályktað (óvisst),"mninga viðkomandi aðildarsamtaka á árinu 2015 og fram að undirskrift þessa samnings, hafi launagreiða ndi framkvæmt slíka hækkun launa gagnvart þorra starfsmanna. Þó skal enginn starfsmaður fá minna en 6,2% launahækkun, að lágmarki kr. 15.000 á mánaðarlaun fyrir dagvinnu, á tímabilinu 2. maí til 31. desember 2015. Bókun 2015 um sveigjanleg starfslok Meðfylgjandi stefna um sveigjanleg starfslok er "
samidn,Samiðn,samidn/Kjarasamningur_2015_meistarafelaga_og_Samidn_A5_heild_-_lokaeintak.pdf,"Samtaka atvinnulífsins, vegna meistarafélaga í byggingariðnaði innan Samtaka iðnaðarins",Samiðnar - sambands iðnfélaga f.h. aðildarfélaga í byggingariðnaði,aðilar úr skjali,2015-05-01,2018-12-31,2014-05-02,prósenta með krónutölulágmarki,6.2,15000,almenn laun,ályktað (óvisst),"starfsmanna sem framkvæmd hefur verið eftir 1. maí 2015 og fram til 21. janúar 2016, hafi launagreiðandi framkvæmt slíka hækkun launa gagnvart þorra starfsmanna. Þó skal enginn starfsmaður fá minna en 6,2% launahækkun, að lágmarki kr. 15.000 á mánaðarlaun fyrir dagvinnu, á tímabilinu 2. maí til 31. desember 2015. 1.1.2.3. Launabreytingar 1. maí 20173 Þann 1. maí 2017 hækka laun og launatengdir lið"
vlfa,Verkalýðsfélag Akraness,vlfa/Skra_0077127.pdf,Samtaka atvinnulífsins,"Samiðnar - sambands iðnfélaga f.h. aðildarfélaga í málmiðnaði, byggingariðnaði og skrúðgarðyrkju",aðilar úr skjali,2015-05-01,2018-12-31,2014-05-02,prósenta með krónutölulágmarki,6.2,15000,almenn laun,ályktað (óvisst),"a rfsmanna sem framkvæmd hefur verið eftir 1. maí 2015 og fram til 21. janúar 2016, hafi launagreiðandi framkvæmt slíka hækkun launa gagnvart þorra starfsmanna. Þó skal enginn starfsmaður fá minna en 6,2% launahækkun, að lágmarki kr. 15.000 á mánaðarlaun fyr ir dagvinnu, á tímabilinu 2. maí til 31. desember 2015. † Launabreyting 1. maí 2016 var með samni"
vr,VR,vr/kjarasamningurvr-sa2016_vefur.pdf,VR OG SAMTAKA ATVINNULÍFSINS GILDIR FRÁ 1. MAÍ 2015 TIL 31. DESEMBER 2018 KJARASAMNINGUR MILLI VR,SAMTAKA ATVINNULÍFSINS,aðilar úr skjali,2015-05-01,2018-12-31,2014-05-02,prósenta með krónutölulágmarki,6.2,15000,almenn laun,ályktað (óvisst),"manna sem framkvæmd hefur verið eftir 1. maí 2015 og fram til 21. janúar 2016, hafi launagreiðandi framkvæmt slíka hækkun launa gagnvart þorra starfsmanna. Þó skal enginn starfsmaður fá minna en 6,2% launahækkun, að lágmarki kr. 15.000 á mánaðarlaun fyrir dagvinnu, á tímabilinu 2. maí til 31. desember 2015. Launabreytingar 1. maí 20172 Þann 1. maí 2017 hækka laun og launatengdir liðir um 4,5%. La"
ki,Kennarasamband Íslands,ki/ff_fjolmennt_kjarasamningur_280514_i_gildi_010314til311016.pdf,Fjölmenntar ses,Kennarasambands Íslands,aðilar úr skjali,,,2014-08-01,prósenta,5.0,,almenn laun,úr texta,"sbr. gr. 13. Meðaltalshækkun vegna þessarar breytingar er 0,3%. Enginn lækkar í launum vegna þessa. 1. mars 2014 8,0% almenn launahækkun og vegna þeirra breytinga er í samningi þessum felast. 1. ágúst 2014 5,0% vegna þeirra breytinga er í samningi þessum felast. 1. janúar 2015 2,0% almenn launahækkun. 1. maí 2015 9,3% vegna þeirra breytinga er í samningi þessum felast. 1."
sa,Samtök atvinnulífsins,sa/b2112bf8-1d66-460a-9d6c-55b93316dbb7_Eldri - Kjarasamningar SA og Félags leiðsögumanna.pdf,SAMTAKA ATVINNULÍFSINS,SAMTAKA FERÐAÞJÓNUSTUNNAR,aðilar úr skjali,2015-07-01,2018-12-31,2014-12-31,prósenta,3.2,,kauptaxtar,úr texta,"ingar leiðsögumanna sem hófu störf fyrir 1. febrúar 2014 taka mið af töflu í fylgiskjali 2 en verður þó aldrei minni en 3,2%. Laun leiðsögumanna sem hófu störf frá eftir 1. febrúar 2014 og fram til 31. desember 2014 hækka um 3,2%. Launabreytingar 1. janúar 2016 Nýir launataxtar taka gildi sbr. fskj. 1 Almennar launahækkanir eru 6,2% sbr. þó bókun með þessari grei"
vr,VR,vr/kjarassamningur-1-juli-2015-31-desember-2018.pdf,SAMTAKA ATVINNULÍFSINS,SAMTAKA FERÐAÞJÓNUSTUNNAR,aðilar úr skjali,,,2014-12-31,prósenta,3.2,,kauptaxtar,úr texta,"ingar leiðsögumanna sem hófu störf fyrir 1. febrúar 2014 taka mið af töflu í fylgiskjali 2 en verður þó aldrei minni en 3,2%. Laun leiðsögumanna sem hófu störf frá eftir 1. febrúar 2014 og fram til 31. desember 2014 hækka um 3,2%. Launabreytingar 1. janúar 2016 Nýir launataxtar taka gildi sbr. fskj. 1 Almennar launahækkanir eru 6,2% sbr. þó bókun með þessari grei"
asi,Alþýðusamband Íslands,asi/i-addraganda-kjarasamninga-2015-compressed.pdf,,,aðeins heimild,,,2015-01-01,prósenta,2.0,,launatafla,úr texta,íl 2015 20 þús.k r. Eingr eiðsla m.v. fullt starf. Kjarasamningar sveitarfélaga og ASÍ og BSRB (starfsmatshópar) Dagsetning Hækkun Skýring 1. maí 2014 6% Hækkun launa töflu og breyting á tengitöflu. 1. jan. 2015 2% Br eyting launatöflu. 18 Starfsmannafélags Reykjavíkurborgar og stéttarfélaga innan ASÍ fólu í sér minni hækkanir en í kjarasamningum Sambands sveitarfélaga við sömu stéttarfélög og vor
ki,Kennarasamband Íslands,ki/ff_fjolmennt_kjarasamningur_280514_i_gildi_010314til311016.pdf,Fjölmenntar ses,Kennarasambands Íslands,aðilar úr skjali,,,2015-01-01,prósenta,2.0,,almenn laun,úr texta,"kar í launum vegna þessa. 1. mars 2014 8,0% almenn launahækkun og vegna þeirra breytinga er í samningi þessum felast. 1. ágúst 2014 5,0% vegna þeirra breytinga er í samningi þessum felast. 1. janúar 2015 2,0% almenn launahækkun. 1. maí 2015 9,3% vegna þeirra breytinga er í samningi þessum felast. 1. janúar 2016 2,0% almenn launahækkun."
vm,VM - Félag vélstjóra og málmtæknimanna,vm/Heildartexti_VM-og-kaupskip-yfirlesid-af-vm-25.9.2024.pdf,Samtaka atvinnulífsins,VM félags vélstjóra og málmtæknimanna,aðilar úr skjali,2011-06-01,2014-01-31,2015-01-01,prósenta eða krónutala,3.5,23750,launatafla,leiðrétt,"Laun taka hlutfallshækkun, með krónutöluhækkun að lágmarki , nema annað leiði af launatöflum. Með mánaðarlaunum er átt við föst mánaðarlaun fyrir dagvinnu. 1. febrúar 2024 3,25% eða 23.750 kr. 1. janúar 2025 3,50% eða 23.750 kr. 1. janúar 2026 3,50% eða 23.750 kr. 1. janúar 2027 3,50% eða 23.750 kr. Ef greitt er dagkaup skal við útreikning"
sa,Samtök atvinnulífsins,sa/kjoelfar_loka.pdf,,,aðeins heimild,,,2015-03-01,prósenta,7.2,,almenn laun,úr texta,"og skipaði gerðardóm til að kveða á um kaup og kjör félagsmanna. Gerðar dómur kvað upp sinn úrskurð 14. ágúst. Gildir gerðardómurinn frá 1. mars 2015 til 31. ágúst 2017. Dagsetning Hækkun Skýring 1. mars 2015 7,2% Almenn launahækkun. 1. júní 2016 5,5% 1,65% Menntunarákvæði Kjarasamningur ríkisins og KÍ vegna framhaldsskólakennara KÍ og ríkið undirri"
asi,Alþýðusamband Íslands,asi/i-addraganda-kjarasamninga-2015-compressed.pdf,,,aðeins heimild,,,2015-04-01,krónutala,,1750,almenn laun,úr texta,"avíkurborgar og Kjarasamningar ASÍ og ríkisins Dagsetning Hækkun Skýring 1. mars 2014 2,8%, að lágmarki 8 þús .kr. Almenn launahækk un. 14,6 þús.kr. Eingr eiðsla m.v. fullt starf. 1. mars 2014 1.750 kr . Hækkun launa taxta undir 230 þús.kr. 1. apríl 2015 20 þús.k r. Eingr eiðsla m.v. fullt starf. Kjarasamningar sveitarfélaga og ASÍ og BSRB (starfsmatshópar) Dagsetning Hæ"
afl,AFL Starfsgreinafélag,afl/2015-2018-KjarasamningurSA.pdf,LÍV/VR,Samtaka atvinnulífsins,aðilar úr skjali,2015-05-01,2018-12-31,2015-05-01,krónutala,,15000,almenn laun,úr texta,"breytingar 1. maí 2016 Launaþróunartrygging starfsmanna sem hófu störf fyrir 1. maí 2015 Grunnhækkun launa 1. maí 2016 er 5,5% fyrir starfsmann sem hefur verið í starfi hjá sama launagreiðanda frá 1. maí 2015, að lágmarki kr. 15.000 á mánaðarlaun fyrir dagvinnu. Frá grunnhækkun dregst önnur sú launahækkun sem starfsmaður hefur fengið frá 2. maí 2015 til 30. apríl 2016. Launabreyting starfsmanna se"
afl,AFL Starfsgreinafélag,afl/2015-2018-KjarasamningurSA.pdf,LÍV/VR,Samtaka atvinnulífsins,aðilar úr skjali,2015-05-01,2018-12-31,2015-05-01,prósenta,7.2,,óskilgreint,úr texta,"ð við næstu samningsgerð. Samkomulag þetta gildir frá 1. júní 2000. 44 Fylgiskjal 2015 launaþróunartrygging vegna launabreytinga 1. maí 2015 Frá Til Hækkun 7,2% 300.001 310.000 7,1% 310.001 320.000 7,0% 320.001 330.000 6,9% 330.001 340.000 6,8% 340.001 350.000 6,8% 350.001 360.000 6,7% 360.001 370.000 6,6% 370.001 380.000 6,5% 380.001 390.000 6,"
afl,AFL Starfsgreinafélag,afl/2015-SGS-sveitarf.pdf,SAMBANDS ÍSLENSKRA SVEITARFÉLAGA f.h. þeirra sveitarfélaga,annarra aðila sem það hefur,aðilar úr skjali,,,2015-05-01,prósenta eða krónutala,7.7,25000,launatafla,úr texta,"júní 2016 til 31. maí 2017. Launatafla III: Gildir frá 1. júní 2017 til 31. maí 2018. Launatafla IV: Gildir frá 1. júní 2018 til 31. mars 2019. Mánaðarlaun hækka sem hér segir á samningstímanum: 1. maí 2015: 25.000 kr. eða að lágmarki 7,7% sbr. meðfylgjandi launatöflu. 1. júní 2016: 15.000 kr. eða að lágmarki 5,5% sbr. meðfylgjandi launatöflu. 1. júní 2017: 2,5% sbr. meðfylgjandi launat"
afl,AFL Starfsgreinafélag,afl/2016-Kjaras_SGS-_riki.pdf,fjármála- og efnahagsráðherra f.h. ríkissjóðs,Starfsgreinasambands Íslands,aðilar úr skjali,,,2015-05-01,krónutala,,25000,launatafla,úr texta,"agsráðherra f.h. ríkissjóðs 1 1 Um kaup 1.1 Mánaðarlaun 1.1.1 Mánaðarlaun starfsmanns sem gegnir fullu starfi, skulu greidd samkvæmt meðfylgjandi launatöflum í fylgiskjölum II, III, IV og V. 1. maí 2015: Laun hækka um 25.000 kr., sbr. meðfy lgjandi töflu (sjá fylgiskjal II). 1. júní 2016: Laun hækka um 5,5% eða 15.000 kr. að lágmarki, sbr. meðfylgjandi töflu (fylgiskjal III). 1. júní 2017:"
afl,AFL Starfsgreinafélag,afl/2016_KjarasamningurSGS_LS.pdf,Starfsgreinasambands Íslands,Landssambands smábátaeigenda,aðilar úr skjali,,,2015-05-01,prósenta,8.7,,óskilgreint,úr texta,"nnarra en þeirra sem eru hlutaráðnir, enda gilda þar ákvæði sjómannasamninga. Samningurinn gildir jafnframt fyrir starfsmenn sem starfa við netavinnu. Umsamdar hækkanir verða sem hér segir: 9,5% frá 1. maí 2015 8,7% frá 1. janúar 2016 4,5% frá 1. maí 2017 3,1% frá 1. maí 2018 2. gr. Launakjör a) Beitning með beituskurði Greiða skal starf"
afl,AFL Starfsgreinafélag,afl/2016_KjarasamningurSGS_LS.pdf,Starfsgreinasambands Íslands,Landssambands smábátaeigenda,aðilar úr skjali,,,2015-05-01,prósenta,9.5,,óskilgreint,úr texta,"s eru samningsaðilar sammála um að vinna gegn svartri atvinnustarfsemi enda skekkir hún samkeppnisstöðu fyrirtækja og sviptir launafólk samningsbundnum réttindum. Kauptrygging vegna kjarasamnings milli LS. og SGS 2015 til 2018. Breytingin er 9,5 % hækkun á kauptryggingu. Gildir frá 1. maí 2015 Kauptrygging Tegund Fj. pr. mán. Gr. pr.bjóð Með beituskurði 258.524 420 króka bjóð 91,67 2.820 258.524 4"
afl,AFL Starfsgreinafélag,afl/Kjarasamningur_2015_SA_Samidn.pdf,Samtaka atvinnulífsins,"Samiðnar - sambands iðnfélaga f.h. aðildarfélaga í málmiðnaði, byggingariðnaði og skrúðgarðyrkju",aðilar úr skjali,2015-05-01,2018-12-31,2015-05-01,prósenta,6.2,,kauptaxtar,úr texta,"eru hluti samnings þessa, sbr. meðfylgjandi fylgiskjal. Kauptaxtar gilda frá 1. maí 2015 og taka á samningstímanum breytingum skv. gr. 1.1. 2. Kjaratengdir liðir kjarasam nings hækka um 7,2% þann 1. maí 2015, 6,2% þann 1. janúar 2016, 4,5% þann 1. maí 2017 og 3,0% 1. maí 2018, nema um annað sé samið í kjarasamningi. 1.1.2.6. Taxtar fag"
asi,Alþýðusamband Íslands,asi/2017-792-fyrirtaekjasamningur-kjarasamningur-raedur (2).pdf,kjarasamnings Samtaka atvinnulífsins og Samtaka rafverktaka,Rafiðnarsambands Íslands,aðilar úr skjali,,,2015-05-01,prósenta,9.3,,byrjunarlaun,úr texta,"grundvallar. Verði hækkun sem umsemst í aðalkjarasamningi á byrjunarlaunum rafiðnaðarsveins hærri en almenn hækkun mun RÚV tryggja heildarhækkun upp á 9,3% hækkun að hámarki.“ Þegar laun hafi hækkað 1. maí 2015 hafi stefnandi þannig fengið 9,3% hækkun á launum en ekki fylgt töxtum kjarasamnings eða almennum launahækkunum, svokallaðri launaþróunartryggingu sem fjallað sé um í grein 1.2.1 a. í kjara"
asi,Alþýðusamband Íslands,asi/i-addraganda-kjarasamninga-2015-compressed.pdf,,,aðeins heimild,,,2015-05-01,prósenta,9.5,,almenn laun,úr texta,"lakennara. 1. mars 2015 2% Almenn launahækk un leikskólakennara. 1. feb. 2015 20 þús.k r. Eingr eiðsla til leiðbeinenda í leikskólum. Feb. 2015 Atkv æðagreiðsla um vinnumat og nýjan vinnutímakafla 1. maí 2015 9,5% Vegna gildist öku vinnumats og nýs vinnutímakafla. 1. jan. 2016 2% Almenn launahækk un grunnskólakennara. 21 Í töflu 1 er þróun reglulegra launa greind eftir heildarsamtö"
framsyn,Framsýn stéttarfélag,framsyn/Kjarasamningur_2015_SA_og_Samiðn_-_lokaskjal_4.5.2016.pdf,Samtaka atvinnulífsins,"Samiðnar - sambands iðnfélaga f.h. aðildarfélaga í málmiðnaði, byggingariðnaði og skrúðgarðyrkju",aðilar úr skjali,2015-05-01,2018-12-31,2015-05-01,prósenta,6.2,,kauptaxtar,úr texta,"eru hluti samnings þessa, sbr. meðfylgjandi fylgiskjal. Kauptaxtar gilda frá 1. maí 2015 og taka á samningstímanum breytingum skv. gr. 1.1. 2. Kjaratengdir liðir kjarasam nings hækka um 7,2% þann 1. maí 2015, 6,2% þann 1. janúar 2016, 4,5% þann 1. maí 2017 og 3,0% 1. maí 2018, nema um annað sé samið í kjarasamningi. 1.1.2.6. Taxtar fag"
grafia,Grafía,grafia/Bref_til_felagsmanna_atkvgreidsla_Grafia_SIA_8.7.pdf,"aðila, allt eftir eðli",umfangi starfsins ásamt ábyrgð sem því fylgir og ekki vera lægra en fyrir,aðilar úr skjali,,,2015-05-01,prósenta,7.2,,kauptaxtar,úr texta,"hvaða laun viðkomandi hefur) jafnframt því að kauptaxtar hækka á bilinu u.þ.b. 16,5% í upphafi og um 32,3% á samningstímanum eða frá 88.000 – 106.000 kr. 1. Launabreytingar a. Almenn hækkun 1. maí 2015 3,2 – 7,2% launaþróunartrygging (sjá töflu í kjarasamningi) 1. maí 2016 5,5% launaþróunartrygging 1. maí 2017 3,0% 1. maí 2018 2,0% b. Krónutöluhækkun á taxta 1. maí 2015 16,"
grafia,Grafía,grafia/Bref_til_felagsmanna_atkvgreidsla_Grafia_SIA_8.7.pdf,"aðila, allt eftir eðli",umfangi starfsins ásamt ábyrgð sem því fylgir og ekki vera lægra en fyrir,aðilar úr skjali,,,2015-05-01,krónutala,,54000,kauptaxtar,úr texta,"a. Almenn hækkun 1. maí 2015 3,2 – 7,2% launaþróunartrygging (sjá töflu í kjarasamningi) 1. maí 2016 5,5% launaþróunartrygging 1. maí 2017 3,0% 1. maí 2018 2,0% b. Krónutöluhækkun á taxta 1. maí 2015 16,5% hækkun kauptaxta (45.000 – 54.000 kr). 1. maí 2016 5,5% hækkun kauptaxta (17.400 – 21.000 kr). 1. maí 2017 4,5% hækkun kauptaxta (15.000 – 18.000 kr). 1. ma"
grafia,Grafía,grafia/P15.03.312-3_1.pdf,Grafíu – stéttarfélags í prent,miðlunargrein,aðilar úr skjali,,,2015-05-01,prósenta,5.5,,kauptaxtar,úr texta,"urgildandi kauptaxta koma nýir sem eru hluti samnings þessa. Kauptaxtar gilda frá 1. maí 2015 og taka á samningstímanum breytingum skv. 2. gr. Kjaratengdir liðir kjarasamnings hækka um 7,2% þann 1. maí 2015, 5,5% þann 1. maí 2016, 3,0% þann 1. maí 2017 og 2,0% 1. maí 2018, nema um annað sé samið í kjarasamningi. Kauptaxti Grafíu/FBM f"
grafia,Grafía,grafia/P15.03.312-3_1.pdf,Grafíu – stéttarfélags í prent,miðlunargrein,aðilar úr skjali,,,2015-05-01,prósenta,7.2,,kauptaxtar,úr texta,"ngdir liðir kjarasamnings hækka um 7,2% þann 1. maí 2015, 5,5% þann 1. maí 2016, 3,0% þann 1. maí 2017 og 2,0% 1. maí 2018, nema um annað sé samið í kjarasamningi. Kauptaxti Grafíu/FBM frá og með 1. maí 2015 Launaþróunartrygging 7,2% - 3,2% hækkun launa skv. fylgiskjali 1. Mánaðarlaun Dagvinna Yfirvinna Yfirvinna í vaktavinnu Sveinar Byrjunarlaun 313.350 kr 1.807,82 3.254,14 3.615,64 Eftir 1 ár 31"
grafia,Grafía,grafia/P15.03.312-3_1.pdf,Grafíu – stéttarfélags í prent,miðlunargrein,aðilar úr skjali,,,2015-05-01,prósenta,3.3,,óskilgreint,úr texta,"650.001 660.000 4,0% 660.001 670.000 4,0% 670.001 680.000 3,9% 680.001 690.000 3,8% 690.001 700.000 3,7% 700.001 710.000 3,6% 710.001 720.000 3,5% 720.001 730.000 3,4% 730.001 740.000 3,3% 740.001 750.000 3,3% 750.001 og yfir 3,2% Fylgiskjal 1 – launaþróunartrygging vegna launabreytinga 1. maí 2015 Við samanburð launa skal miða við föst viku- eða mánaðar - laun að viðbættum föstum álags- eða aukag"
grafia,Grafía,grafia/kynning.pdf.pdf,Grafíu - stéttarfélags í prent,miðlunargrein,aðilar úr skjali,,,2015-05-01,prósenta,7.2,,almenn laun,úr texta,"5% í upphafi og allt að 30% á samningstímanum. Kynning á kjarasamningi milli Grafíu - stéttarfélags í prent- og miðlunargreinum og Samtaka atvinnulífsins 1. Launabreytingar a. Almenn hækkun 1. maí 2015 3,2 – 7,2% launaþróunartrygging (sjá töflu í kjarasamningi) 1. maí 2016 5,5% launaþróunartrygging 1. maí 2017 3,0% 1. maí 2018 2,0% b. Krónutöluhækkun á taxta 1. maí 2015 40.000"
grafia,Grafía,grafia/kynning.pdf.pdf,Grafíu - stéttarfélags í prent,miðlunargrein,aðilar úr skjali,,,2015-05-01,krónutala,,40000,kauptaxtar,úr texta,"ar a. Almenn hækkun 1. maí 2015 3,2 – 7,2% launaþróunartrygging (sjá töflu í kjarasamningi) 1. maí 2016 5,5% launaþróunartrygging 1. maí 2017 3,0% 1. maí 2018 2,0% b. Krónutöluhækkun á taxta 1. maí 2015 40.000 kr. hækkun kauptaxta sveina, auk þess sem við bætist nýr taxti sveina sem hafa meistarapróf eða tvö sveinspróf sem nýtast í starfi. 1. maí 2015 25.000 kr. hækkun aðstoðarfólks og nema. 1. ma"
grafia,Grafía,grafia/kynning.pdf.pdf,Grafíu - stéttarfélags í prent,miðlunargrein,aðilar úr skjali,,,2015-05-01,krónutala,,25000,kauptaxtar,úr texta,"1. maí 2018 2,0% b. Krónutöluhækkun á taxta 1. maí 2015 40.000 kr. hækkun kauptaxta sveina, auk þess sem við bætist nýr taxti sveina sem hafa meistarapróf eða tvö sveinspróf sem nýtast í starfi. 1. maí 2015 25.000 kr. hækkun aðstoðarfólks og nema. 1. maí 2016 5,5% hækkun kauptaxta sveina. 1. maí 2016 15.000 kr. hækkun kauptaxta aðstoðarfólks og nema. 1. maí 2017 4,5"
matvis,MATVÍS,matvis/Kjarasamningur_SNS_MATVIS_8_jan_2016_LOK.pdf,SAMBANDS ÍSLENSKRA SVEITARFÉLAGA F.H. ÞEIRRA SVEITARFÉLAGA,ANNARRA AÐILA SEM ÞAÐ HEFUR,aðilar úr skjali,2015-05-01,2016-05-31,2015-05-01,prósenta eða krónutala,7.7,25000,launatafla,úr texta,"júní 2016 til 31. maí 2017. Launatafla III: Gildir frá 1. júní 2017 til 31. maí 2018. Launatafla IV: Gildir frá 1. júní 2018 til 31. mars 2019. Mánaðarlaun hækka sem hér segir á samningstímanum: 1. maí 2015 25.000 kr. eða að lágmarki 7,7% sbr. meðfylgjandi launatöflu 1. júní 2016 15.000 kr. eða að lágmarki 5,5% sbr. meðfylgjandi launatöflu 1. júní 2017 2,5% hækkun launatöflu auk jöf"
reykjavik,Reykjavíkurborg,reykjavik/heildarkjarasamningur_samidn_2015_-_2019_uppf_6.9.2018_002.pdf,Reykjavíkurborgar,Samiðnar,aðilar úr skjali,2015-05-01,2019-03-31,2015-05-01,prósenta með krónutölulágmarki,7.7,25000,kauptaxtar,úr texta,"Kaup 1.1 Mánaðarlaun 1.1.1 Mánaðarlaun starfsmanns sem gegnir fullu starfi, skulu greidd skv. meðfylgjandi launatöflum í fylgiskjali IV sem taka eftirfarandi breytingum á samningstímanum: 1. maí 2015 hækka laun um kr. 25.000,- þó að lágmarki 7,7% 1. júní 2016 hækka launataxtar um 6,0% 1. júní 2017 tekur ný launatafla gildi. Launataxtar í kjarasamningi verða skv."
reykjavik,Reykjavíkurborg,reykjavik/rvk_efling_samningur_2016_2019_loka_jan.pdf,Reykjavíkurborgar,Eflingar – stéttarfélags,aðilar úr skjali,2016-01-01,2019-12-31,2015-05-01,prósenta með krónutölulágmarki,7.7,25000,kauptaxtar,úr texta,"1 Kaup 1.1 Mánaðarlaun 1.1.1 Mánaðarlaun starfsmanns sem gegnir fullu starfi, skulu greidd skv. meðfylgjandi launatöflum í fylgiskjali XIV sem taka eftirfarandi breytingum á samningstímanum: 1. maí 2015 hækka laun um kr. 25.000,- þó að lágmarki 7.7% 1. júní 2016 hækka launataxtar um 6,0% 1. júní 2017 kemur ný launatafla þar sem lífaldursþrep falla niður en starfsal"
reykjavik,Reykjavíkurborg,reykjavik/sfr_-_heildarkjarasamningur_1.mai_2015-_31.mars_2019.pdf,Reykjavíkurborgar,SFR- stéttarfélags í almannaþjónustu,aðilar úr skjali,2015-05-01,2019-03-31,2015-05-01,prósenta með krónutölulágmarki,7.7,25000,kauptaxtar,úr texta,"Kaup 1.1 Mánaðarlaun 1.1.1 Mánaðarlaun starfsmanns sem gegnir fullu starfi, skulu greidd skv. Með- fylgjandi launatöflum í fylgiskjali II sem taka eftirfarandi breytingum á samn - ingstímanum: 1. maí 2015 kr. 25.000,- þó að lágmarki 7,7%. sbr. meðfylgjandi launatöflu. 1. júní 2016 Hækkun launatöflu um 6,0% 1. júní 2017 Ný launatafla. Launataxtar í kjarasamningi verða skv. meðfylgjand"
sa,Samtök atvinnulífsins,sa/012d00dc-4418-48bf-9a54-3b92d7e9a329_Kjarasamningur SA og Rafiðnaðarsambands Íslands 15-18.pdf,Samtaka atvinnulífsins og Samtaka rafverktaka,Rafiðnaðarsambands Íslands vegna aðildarfélaga,aðilar úr skjali,2015-05-01,2018-12-31,2015-05-01,prósenta,6.2,,kauptaxtar,úr texta,"sem eru hluti samnings þessa, sbr. meðfylgjandi fylgiskjal. Kauptaxtar gilda frá 1. maí 2015 og taka á samningstímanum breytingum skv. gr. 1.2. Kjaratengdir liðir kjarasamnings hækka um 7,2% þann 1. maí 2015, 6,2% þann 1. janúar 2016, 4,5% þann 1. maí 2017 og 3,0% 1. maí 2018, nema um annað sé samið í kjarasamningi. 1.2.6. Taxtar fagl"
sa,Samtök atvinnulífsins,sa/1a376bbd-0331-4b28-a3a4-01379b413c5e_Samiðn - KJARASAMNINGUR 2015 - breytingar.pdf,Samiðnar,Samtaka atvinnulífsins,aðilar úr skjali,,,2015-05-01,prósenta,5.5,,kauptaxtar,úr texta,"ýir sem eru hluti samnings þessa, sbr. meðfylgjandi fylgiskjal. Kauptaxtar gilda frá 1. maí 2015 og taka á samningstímanum breytingum skv. 2. gr. Kjaratengdir liðir kjarasamnings hækka um 7,2% þann 1. maí 2015, 5,5% þann 1. maí 2015, 3,0% þann 1. maí 2017 og 2,0% 1. maí 2018, nema um annað sé samið í kjarasamningi. Taxtar faglærðra fær"
sa,Samtök atvinnulífsins,sa/1a376bbd-0331-4b28-a3a4-01379b413c5e_Samiðn - KJARASAMNINGUR 2015 - breytingar.pdf,Samiðnar,Samtaka atvinnulífsins,aðilar úr skjali,,,2015-05-01,prósenta,3.0,,kauptaxtar,úr texta,"ngs þessa, sbr. meðfylgjandi fylgiskjal. Kauptaxtar gilda frá 1. maí 2015 og taka á samningstímanum breytingum skv. 2. gr. Kjaratengdir liðir kjarasamnings hækka um 7,2% þann 1. maí 2015, 5,5% þann 1. maí 2015, 3,0% þann 1. maí 2017 og 2,0% 1. maí 2018, nema um annað sé samið í kjarasamningi. Taxtar faglærðra færðir nær greiddum launum"
sa,Samtök atvinnulífsins,sa/1a376bbd-0331-4b28-a3a4-01379b413c5e_Samiðn - KJARASAMNINGUR 2015 - breytingar.pdf,Samiðnar,Samtaka atvinnulífsins,aðilar úr skjali,,,2015-05-01,prósenta,7.2,,óskilgreint,úr texta,"nleg ákvæði og bókanir ASÍ félaga Reykjavík 22. júní 2015 F.h. Samiðnar F.h. Samtaka atvinnulífsins 6 Fylgiskjal 1 – launaþróunartrygging vegna launabreytinga 1. maí 2015 Frá Til Hækkun 7,2% 300.001 310.000 7,1% 310.001 320.000 7,0% 320.001 330.000 6,9% 330.001 340.000 6,8% 340.001 350.000 6,8% 350.001 360.000 6,7% 360.001 370.000 6,6% 370.001 380.000 6,5% 380.001 390.000 6,4%"
sa,Samtök atvinnulífsins,sa/6a6029a1-e5f2-4d0b-8e3a-ed8a56889efb_Kjarasamningur SA og Félags hársnyrtisveina 15-18.pdf,Samtaka atvinnulífsins,Félags hársnyrtisveina,aðilar úr skjali,2015-05-01,2018-12-31,2015-05-01,prósenta,7.2,,óskilgreint,úr texta,"ldi án sérstakrar uppsagnar. Reykjavík, 22. júní 2015 52 Samningur SA og Félags hársnyrtisveina Fylgiskjal - launaþróunartrygging Launaþróunartrygging vegna launabreytinga 1. maí 2015 Frá Til Hækkun Frá Til Hækkun 300.000 og lægri 7,2% 530.001 540.000 5,1% 300.001 310.000 7,1% 540.001 550.000 5,0% 310.001 320.000 7,0%"
sa,Samtök atvinnulífsins,sa/762fc76c-9aed-4452-bfd5-503849cbc2ea_Kjarasamningur SA og Samiðnar vegna málmiðnaðar_ byggingariðnaðar og skrúðgarðyrkju 15-18.pdf,Samtaka atvinnulífsins,"Samiðnar - sambands iðnfélaga f.h. aðildarfélaga í málmiðnaði, byggingariðnaði og skrúðgarðyrkju",aðilar úr skjali,2015-05-01,2018-12-31,2015-05-01,prósenta,6.2,,kauptaxtar,úr texta,"eru hluti samnings þessa, sbr. meðfylgjandi fylgiskjal. Kauptaxtar gilda frá 1. ma í 2015 og taka á samningstímanum breytingum skv. gr. 1.1. 2. Kjaratengdir liðir kjarasamnings hækka um 7,2% þann 1. maí 2015, 6,2% þann 1. janúar 2016, 4,5% þann 1. maí 2017 og 3,0% 1. maí 2018, nema um annað sé samið í kjarasamningi. 1.1.2.6. Taxtar fag"
sa,Samtök atvinnulífsins,sa/903bbbce-42f7-4310-884d-578899007d8a_vm-kjarasamningur-2015-breytingar.pdf,"VM, Félags vélstjóra",málmtæknimanna,aðilar úr skjali,,,2015-05-01,prósenta,5.5,,kauptaxtar,úr texta,"ýir sem eru hluti samnings þessa, sbr. meðfylgjandi fylgiskjal. Kauptaxtar gilda frá 1. maí 2015 og taka á samningstímanum breytingum skv. 2. gr. Kjaratengdir liðir kjarasamnings hækka um 7,2% þann 1. maí 2015, 5,5% þann 1. maí 2015, 3,0% þann 1. maí 2017 og 2,0% 1. maí 2018, nema um annað sé samið í kjarasamningi. Taxtar faglærðra fær"
sa,Samtök atvinnulífsins,sa/903bbbce-42f7-4310-884d-578899007d8a_vm-kjarasamningur-2015-breytingar.pdf,"VM, Félags vélstjóra",málmtæknimanna,aðilar úr skjali,,,2015-05-01,prósenta,3.0,,kauptaxtar,úr texta,"ngs þessa, sbr. meðfylgjandi fylgiskjal. Kauptaxtar gilda frá 1. maí 2015 og taka á samningstímanum breytingum skv. 2. gr. Kjaratengdir liðir kjarasamnings hækka um 7,2% þann 1. maí 2015, 5,5% þann 1. maí 2015, 3,0% þann 1. maí 2017 og 2,0% 1. maí 2018, nema um annað sé samið í kjarasamningi. Taxtar faglærðra færðir nær greiddum launum"
sa,Samtök atvinnulífsins,sa/903bbbce-42f7-4310-884d-578899007d8a_vm-kjarasamningur-2015-breytingar.pdf,"VM, Félags vélstjóra",málmtæknimanna,aðilar úr skjali,,,2015-05-01,prósenta,7.2,,óskilgreint,úr texta,"Reykjavík 22. júní 2015 F.h. VM, Félags vélstjóra og F.h. Samtaka atvinnulífsins málmtæknimanna 6 Fylgiskjal 1 – launaþróunartrygging vegna launabreytinga 1. maí 2015 Frá Til Hækkun 7,2% 300.001 310.000 7,1% 310.001 320.000 7,0% 320.001 330.000 6,9% 330.001 340.000 6,8% 340.001 350.000 6,8% 350.001 360.000 6,7% 360.001 370.000 6,6% 370.001 380.000 6,5% 380.001 390.000 6,4%"
sa,Samtök atvinnulífsins,sa/b2112bf8-1d66-460a-9d6c-55b93316dbb7_Eldri - Kjarasamningar SA og Félags leiðsögumanna.pdf,SAMTAKA ATVINNULÍFSINS,SAMTAKA FERÐAÞJÓNUSTUNNAR,aðilar úr skjali,2015-07-01,2018-12-31,2015-05-01,prósenta,7.2,,óskilgreint,úr texta,"iðir á laun tímabundið ráðinna haldast jafnframt óbreyttar skv kjarasamningi 22 Bókanir, yfirlýsingar og fylgiskjöl Fylgiskjal 2- launaþróunartrygging Launaþróunartrygging vegna launabreytinga 1. maí 2015 Frá Til Hækkun Frá Til Hækkun 300.000 og lægri 7,2% 530.001 540.000 5,1% 300.001 310.000 7,1% 540.001 550.000 5,0% 310.001 320.000 7,0%"
sa,Samtök atvinnulífsins,sa/c6a09f95-cbb2-47f1-ab6e-d7d863af55f8_RSÍ - KJARASAMNINGUR 2015 - breytingar.pdf,Rafiðnaðarsambands Íslands,Samtaka atvinnulífsins,aðilar úr skjali,,,2015-05-01,prósenta,5.5,,kauptaxtar,úr texta,"ir sem eru hluti samnings þessa , sbr. meðfylgjandi fylgiskjal. Kauptaxtar gilda frá 1. maí 2015 og taka á samningstímanum breytingum skv. 2. gr. Kjaratengdir liðir kjarasamnings hækka um 7,2% þann 1. maí 2015, 5,5% þann 1. maí 2015, 3,0% þann 1. maí 2017 og 2,0% 1. maí 2018, nema um annað sé samið í kjarasamningi. Taxtar faglærðra fær"
sa,Samtök atvinnulífsins,sa/c6a09f95-cbb2-47f1-ab6e-d7d863af55f8_RSÍ - KJARASAMNINGUR 2015 - breytingar.pdf,Rafiðnaðarsambands Íslands,Samtaka atvinnulífsins,aðilar úr skjali,,,2015-05-01,prósenta,3.0,,kauptaxtar,úr texta,"gs þessa , sbr. meðfylgjandi fylgiskjal. Kauptaxtar gilda frá 1. maí 2015 og taka á samningstímanum breytingum skv. 2. gr. Kjaratengdir liðir kjarasamnings hækka um 7,2% þann 1. maí 2015, 5,5% þann 1. maí 2015, 3,0% þann 1. maí 2017 og 2,0% 1. maí 2018, nema um annað sé samið í kjarasamningi. Taxtar faglærðra færðir nær greiddum launum"
sa,Samtök atvinnulífsins,sa/c6a09f95-cbb2-47f1-ab6e-d7d863af55f8_RSÍ - KJARASAMNINGUR 2015 - breytingar.pdf,Rafiðnaðarsambands Íslands,Samtaka atvinnulífsins,aðilar úr skjali,,,2015-05-01,prósenta,7.2,,óskilgreint,úr texta,"skipum Reykjavík, 22. júní 2015 F.h. Rafiðnaðarsambands Íslands F.h. Samtaka atvinnulífsins 6 Fylgiskjal 1 – launaþróunartrygging vegna launabreytinga 1. maí 2015 Frá Til Hækkun 7,2% 300.001 310.000 7,1% 310.001 320.000 7,0% 320.001 330.000 6,9% 330.001 340.000 6,8% 340.001 350.000 6,8% 350.001 360.000 6,7% 360.001 370.000 6,6% 370.001 380.000 6,5% 380.001 390.000 6,4%"
sa,Samtök atvinnulífsins,sa/ded6a8a7-6855-4da1-be06-63218b4f6166_Eldri-Kjarasamningur SA og Sambands stjórnendafélaga.pdf,Samtaka atvinnulífsins,Sambands stjórnendafélaga*,aðilar úr skjali,2015-05-01,2018-12-31,2015-05-01,prósenta,7.2,,óskilgreint,úr texta,"þá vera ný forsenda. Samningur SA og Sambands stjórnendafélaga 43 Fylgiskjöl, bókanir, yfirlýsingar og samþykktir Fylgiskjal - launaþróunartrygging Launaþróunartrygging vegna launabreytinga 1. maí 2015 Frá Til Hækkun Frá Til Hækkun 300.000 og lægri 7,2% 530.001 540.000 5,1% 300.001 310.000 7,1% 540.001 550.000 5,0% 310.001 320.000 7,0%"
sa,Samtök atvinnulífsins,sa/ebb511b9-bbf3-4537-b6dd-951764153152_Kjarasamningur meistarafélaga í byggingariðnaði og Samiðnar 15-18.pdf,"Samtaka atvinnulífsins, vegna meistarafélaga í byggingariðnaði innan Samtaka iðnaðarins",Samiðnar - sambands iðnfélaga f.h. aðildarfélaga í byggingariðnaði,aðilar úr skjali,2015-05-01,2018-12-31,2015-05-01,prósenta,6.2,,kauptaxtar,úr texta,"m eru hluti samnings þessa, sbr. meðfylgjandi fylgiskjal. Kauptaxtar gilda frá 1. maí 2015 og taka á samningstímanum breytingum skv. gr. 1.1. 2. Kjaratengdir liðir kjarasamnings hækka um 7,2% þann 1. maí 2015, 6,2% þann 1. janúar 2016, 4,5% þann 1. maí 2017 og 3,0% 1. maí 2018, nema um annað sé samið í kjarasamningi.1.1.2.6. Taxtar fagl"
sa,Samtök atvinnulífsins,sa/kjarasamningur-2015-sa-og-floi.pdf,Samtaka atvinnulífsins,Flóabandalagsins,aðilar úr skjali,2015-05-01,2018-12-31,2015-05-01,krónutala,,15000,almenn laun,úr texta,"annað hafi verið samið. 1.2.2. Launabreytingar 1. janúar 20163 Grunnhækkun launa og launatengdra liða 1. maí 2016 er 6,2% fyrir starfsmann sem hefur verið í starfi hj á sama launagreiðanda frá 1. maí 2015, að lágmarki kr. 15.000 á mánaðarlaun fyrir dagvinnu. Launagreiðanda er heimilt að draga frá umsaminni launahækkun á árinu 2016, ótilkynnta almenna hækkun launa starfsmanna sem framkvæmd hefur ve"
sa,Samtök atvinnulífsins,sa/kjarasamningur-2015-sa-og-matvi-s-lokaskjal-14-09-2016.pdf,Samtaka atvinnulífsins,Matvæla- og veitingafélags Íslands,aðilar úr skjali,2015-05-01,2018-12-31,2015-05-01,prósenta,6.2,,kauptaxtar,úr texta,"eru hlu ti samnings þessa, sbr. meðfylgjandi fylgiskjal. Kauptaxtar gilda frá 1. maí 2015 og taka á samningstímanum breytingum skv. gr. 1.1. 2. Kjaratengdir liðir kjarasamnings hækka um 7,2% þann 1. maí 2015, 6,2% þann 1. janúar 2016, 4,5% þann 1. maí 2017 og 3,0% 1. maí 2018, nema um annað sé samið í kjarasamningi. Taxtar faglærðra f"
sa,Samtök atvinnulífsins,sa/kjarasamningur-2015-sa-og-matvi-s-lokaskjal-14-09-2016.pdf,Samtaka atvinnulífsins,Matvæla- og veitingafélags Íslands,aðilar úr skjali,2015-05-01,2018-12-31,2015-05-01,prósenta,7.2,,óskilgreint,úr texta,"gildi án sérstakrar uppsagnar. Reykjavík, 22. júní 2015 52 Samningur SA og MATVÍS 52 Fylgiskjöl og bókanir Fylgiskjal - launaþróunartrygging Launaþróunartrygging vegna launabreytinga 1. maí 2015 Frá Til Hækkun Frá Til Hækkun 300.000 og lægri 7,2% 530.001 540.000 5,1% 300.001 310.000 7,1% 540.001 550.000 5,0% 310.001 320.000 7,0%"
sa,Samtök atvinnulífsins,sa/kjoelfar_loka.pdf,,,aðeins heimild,,,2015-05-01,prósenta,3.2,,kauptaxtar,úr texta,"kju- trygging hækkar um 86 þúsund krónur á samningstímanum og fer í 245 þúsund krónur á mánuði við gildistöku samningsins og 300 þúsund krónur á mánuði frá og með maí 2018. Dagsetning Hækkun Skýring 1. maí 2015 25 þús.kr. hækkun launataxta. Launaþróunartrygging 3,2%-7,2% Almenn hækkun launataxta 7,2% launaþróunartrygging á laun 300 þús.kr. eða lægri. Fer stiglækkandi, þó ekki lægri en 3,2% á laun "
sa,Samtök atvinnulífsins,sa/kjoelfar_loka.pdf,,,aðeins heimild,,,2015-05-01,prósenta,7.7,,lágmarkstekjur,úr texta,"1. maí 2015 til marsloka 2019. Lágmarkstekjutrygging fer í 245 þúsund kr ónur á m ánuði vi ð gildistöku samningsins og 300 þúsund krónur á mánuði frá og með 1. júní 2018. Dagsetning Hækkun Skýring 1. maí 2015 25 þús.kr. hækkun að lágmarki 7,7% 1. júní 2016 15 þús.kr. hækkun að lágmarki 5,5% 1. júní 2017 2,5% 1,7% Almenn launahækkun. Jöfnun á launabilum í töflu"
sa,Samtök atvinnulífsins,sa/liv-vr-kjarasamningur-2015-breytingar.pdf,Landssambands íslenzkra verzlunarmanna og VR,Samtaka atvinnulífsins,aðilar úr skjali,,,2015-05-01,krónutala,,15000,almenn laun,úr texta,"eytingar 1. maí 2016 Launaþróunartrygging starfsmanna sem hófu störf fyrir 1. maí 2015 Grunnhækkun launa 1. maí 2016 er 5,5% fyrir starfsmann sem hefur verið í starfi hjá sama launagreiðanda frá 1. maí 2015, að lágmarki kr. 15.000 á mánaðarlaun fyrir dagvinnu. Frá grunnhækkun dregst önnur sú launahækkun sem starfsmaður hefur fengið frá 2. maí 2015 til 30. apríl 2016. Launabreyting starfsmanna sem "
sameyki,Sameyki stéttarfélag í almannaþjónustu,sameyki/''sns_strv_akranes_hofdi_2015loka.pdf,SAMBANDS ÍSLENSKRA SVEITARFÉLAGA f.h. þeirra sveitarfélaga,annarra aðila sem hún hefur,aðilar úr skjali,,,2015-05-01,prósenta eða krónutala,7.7,25000,launatafla,úr texta,". júní 2016 til 31. maí 2017. Launatafla III: Gildir frá 1. júní 2017 til 31. maí 2018. Launatafla IV: Gildir frá 1. júní 2018 til 31. mars 2019 Mánaðarlaun hækka sem hér segir á samningstímanum: 1. maí 2015 25.000 kr. eða að lágmarki 7,7% sbr. meðfylgjandi launatöflu 1. júní 2016 15.000 kr. eða að lágmarki 5,5% sbr. meðfylgjandi launatöflu 1. júní 2017 2,5% sbr. meðfylgjandi launatöf"
sameyki,Sameyki stéttarfélag í almannaþjónustu,sameyki/''sns_strv_seltjarnarnes_2015loka.pdf,SAMBANDS ÍSLENSKRA SVEITARFÉLAGA f.h. þeirra sveitarfélaga,annarra aðila sem hún hefur,aðilar úr skjali,,,2015-05-01,prósenta eða krónutala,7.7,25000,launatafla,úr texta,". júní 2016 til 31. maí 2017. Launatafla III: Gildir frá 1. júní 2017 til 31. maí 2018. Launatafla IV: Gildir frá 1. júní 2018 til 31. mars 2019 Mánaðarlaun hækka sem hér segir á samningstímanum: 1. maí 2015 25.000 kr. eða að lágmarki 7,7% sbr. meðfylgjandi launatöflu 1. júní 2016 15.000 kr. eða að lágmarki 5,5% sbr. meðfylgjandi launatöflu 1. júní 2017 2,5% sbr. meðfylgjandi launatöf"
samidn,Samiðn,samidn/Heildarkjarasamningur_Samidn_2015_-_2019_uppf_6.9.2018.pdf,Reykjavíkurborgar,Samiðnar,aðilar úr skjali,2015-05-01,2019-03-31,2015-05-01,prósenta með krónutölulágmarki,7.7,25000,kauptaxtar,úr texta,"Kaup 1.1 Mánaðarlaun 1.1.1 Mánaðarlaun starfsmanns sem gegnir fullu starfi, skulu greidd skv. meðfylgjandi launatöflum í fylgiskjali IV sem taka eftirfarandi breytingum á samningstímanum: 1. maí 2015 hækka laun um kr. 25.000,- þó að lágmarki 7,7% 1. júní 2016 hækka launataxtar um 6,0% 1. júní 2017 tekur ný launatafla gildi. Launataxtar í kjarasamningi verða skv."
samidn,Samiðn,samidn/Heildarkjarasamningur_Samidn__Reykjavikur_2015_-_2019_lokadrog.pdf,Reykjavíkurborgar,Samiðnar,aðilar úr skjali,,,2015-05-01,prósenta með krónutölulágmarki,7.7,25000,launatafla,úr texta,"Kaup 1.1 Mánaðarlaun 1.1.1 Mánaðarlaun starfsmanns sem gegnir fullu starfi, skulu greidd skv. meðfylgjandi launatöflum í fylgiskjali IV sem taka eftirfarandi breytingum á samningstímanum: 1. maí 2015 kr. 25.000,- þó að lágmarki 7,7% 1. júní 2016 6,0 % 1. júní 2017 ný launatafla 1. júní 2018 3% 1.1.2 Þann 1. febrúar 2018 greiðist sérstök ei"
samidn,Samiðn,samidn/Kjarasamningur_2015_meistarafelaga_og_Samidn_A5_heild_-_lokaeintak.pdf,"Samtaka atvinnulífsins, vegna meistarafélaga í byggingariðnaði innan Samtaka iðnaðarins",Samiðnar - sambands iðnfélaga f.h. aðildarfélaga í byggingariðnaði,aðilar úr skjali,2015-05-01,2018-12-31,2015-05-01,prósenta,6.2,,kauptaxtar,úr texta,"m eru hluti samnings þessa, sbr. meðfylgjandi fylgiskjal. Kauptaxtar gilda frá 1. maí 2015 og taka á samningstímanum breytingum skv. gr. 1.1. 2. Kjaratengdir liðir kjarasamnings hækka um 7,2% þann 1. maí 2015, 6,2% þann 1. janúar 2016, 4,5% þann 1. maí 2017 og 3,0% 1. maí 2018, nema um annað sé samið í kjarasamningi.1.1.2.6. Taxtar fagl"
samidn,Samiðn,samidn/SNS_Samidn_2015-2019_Heildarkjarasamningur_LOK-1.pdf,SAMBAND ÍSLENSKRA SVEITARFÉLAGA F.H. ÞEIRRA SVEITARFÉLAGA,ANNARRA AÐILA SEM ÞAÐ HEFUR,aðilar úr skjali,2015-01-01,2019-12-31,2015-05-01,prósenta eða krónutala,7.7,25000,launatafla,úr texta,"til 31.desember 2017. Launatafla III-B: Gildir frá 1. janúar 2018 til 31. maí 2018. Launatafla IV: Gildir frá 1. júní 2018 til 31. mars 2019. Mánaðarlaun hækka sem hér segir á samningstímanum: 1. maí 2015 25.000 kr. eða að lágmarki 7,7% sbr. meðfylgjandi launatöflu 1. júní 2016 15.000 kr. eða að lágmarki 5,5% sbr. meðfylgjandi launatöflu 1. júní 2017 2,5% hækkun launatöflu auk jöfn"
sgs,Starfsgreinasamband Íslands,sgs/kjarasamningur-sgs-og-rikisins-2015.pdf,fjármála- og efnahagsráðherra f.h. ríkissjóðs,Starfsgreinasambands Íslands,aðilar úr skjali,,,2015-05-01,krónutala,,25000,launatafla,úr texta,"agsráðherra f.h. ríkissjóðs 1 1 Um kaup 1.1 Mánaðarlaun 1.1.1 Mánaðarlaun starfsmanns sem gegnir fullu starfi, skulu greidd samkvæmt meðfylgjandi launatöflum í fylgiskjölum II, III, IV og V. 1. maí 2015: Laun hækka um 25.000 kr., sbr. meðfy lgjandi töflu (sjá fylgiskjal II). 1. júní 2016: Laun hækka um 5,5% eða 15.000 kr. að lágmarki, sbr. meðfylgjandi töflu (fylgiskjal III). 1. júní 2017:"
sgs,Starfsgreinasamband Íslands,sgs/kjarasamningur-sgs-og-sveitarfelaga-2015.pdf,Starfsgreinasambands Íslands,Sambands íslenskra sveitarfélaga,aðilar úr skjali,,,2015-05-01,prósenta eða krónutala,7.7,25000,launatafla,úr texta,"í 2016 til 31. maí 2017. Launatafla III: Gildir frá 1. júní 2017 til 31. maí 2018. Launatafla IV: Gildir frá 1. júní 2018 til 31. mars 2019. Mánaðarlaun hækka sem hér segir á samningstímanum: 1. maí 2015: 25.000 kr. eða að lágmarki 7,7% sbr. meðfylgjandi launatöflu. 1. júní 2016: 15.000 kr. eða að lágmarki 5,5% sbr. meðfylgjandi launatöflu. 1. júní 2017: 2,5% sbr. meðfyl gjandi launa"
vlfa,Verkalýðsfélag Akraness,vlfa/Skra_0077127.pdf,Samtaka atvinnulífsins,"Samiðnar - sambands iðnfélaga f.h. aðildarfélaga í málmiðnaði, byggingariðnaði og skrúðgarðyrkju",aðilar úr skjali,2015-05-01,2018-12-31,2015-05-01,prósenta,6.2,,kauptaxtar,úr texta,"eru hluti samnings þessa, sbr. meðfylgjandi fylgiskjal. Kauptaxtar gilda frá 1. maí 2015 og taka á samningstímanum breytingum skv. gr. 1.1. 2. Kjaratengdir liðir kjarasam nings hækka um 7,2% þann 1. maí 2015, 6,2% þann 1. janúar 2016, 4,5% þann 1. maí 2017 og 3,0% 1. maí 2018, nema um annað sé samið í kjarasamningi. 1.1.2.6. Taxtar fag"
vm,VM - Félag vélstjóra og málmtæknimanna,vm/Heildartexti-OR_malmtaeknimenn_2021_hreint.pdf,VM félags vélstjóra,málmtæknimanna,aðilar úr skjali,2008-05-01,2010-12-31,2015-05-01,prósenta,6.1,,kauptaxtar,grunsamlegt,"töku kjarasamnings. Starfsmaður sem kýs að halda þeim greiðslum sem hann hefur haft umfram taxta kjarasamnings skal tilkynna OR það skriflega eigi síðar en þann 20. nóvember 2015. Hækkar þá kauptaxti hans, þ.e. sá taxti sem hann naut fyrir gildistöku kjarasamnings þessa, um 6,1% frá 1. maí 2015 að telja en kauptaxti hans hækkar ekki að öðru leyti en því sem kveðið er á um í ákvæði 1. gr. kjarasamn"
vm,VM - Félag vélstjóra og málmtæknimanna,vm/Heildartexti-OR_velfraedingar_2021_hreint.pdf,VM félags vélstjóra,málmtæknimanna,aðilar úr skjali,2008-05-01,2010-12-31,2015-05-01,prósenta,6.1,,kauptaxtar,grunsamlegt,"i kjarasamnings. Starfsmaður sem kýs að halda þeim greiðslum sem hann hefur haft umfram taxta kjarasamnings skal tilkynna OR það skriflega eigi síðar en þann 20. nóvember 2015. Hækkar þá kauptaxti hans, þ.e. sá taxti sem hann naut fyrir gildistöku kjarasamnings þessa, um 6,1% frá 1. maí 2015 að telja en kauptaxti hans hækkar ekki að öðru leyti en því sem kveðið er á um í ákvæði 1. gr. kjarasamning"
vm,VM - Félag vélstjóra og málmtæknimanna,vm/Uppfaerdur-heildarsamningur-milli-VM-og-OR-vegna-malmidnadarmanna-2024-loka.pdf,VM félags vélstjóra,málmtæknimanna,aðilar úr skjali,2008-05-01,2010-12-31,2015-05-01,prósenta,6.1,,kauptaxtar,grunsamlegt,"distöku kjarasamnings. Starfsmaður sem kýs að halda þeim greiðslum sem hann hefur haft umfram taxta kjarasamnings skal tilkynna OR það skriflega eigi síðar en þann 20. nóvember 2015. Hækkar þá kauptaxti hans, þ.e. sá taxti sem hann naut fyrir gildistöku kjarasamnings þessa, um 6,1% frá 1. maí 2015 að telja en kauptaxti hans hækkar ekki að öðru leyti en því sem kveðið er á um í ákvæði 1. gr. kjaras"
vm,VM - Félag vélstjóra og málmtæknimanna,vm/Uppfaerdur-heildarsamningur-milli-VM-og-OR-vegna-velfraedinga-2024-loka.pdf,VM félags vélstjóra,málmtæknimanna,aðilar úr skjali,2008-05-01,2010-12-31,2015-05-01,prósenta,6.1,,kauptaxtar,grunsamlegt,"eldri kjarasamnings. Starfsmaður sem kýs að halda þeim greiðslum sem hann hefur haft umfram taxta kjarasamnings skal tilkynna OR það skriflega eigi síðar en þann 20. nóvember 2015. Hækkar þá kauptaxti hans, þ.e. sá taxti sem hann naut fyrir gildistöku kjarasamnings þessa, um 6,1% frá 1. maí 2015 að telja en kauptaxti hans hækkar ekki að öðru leyti en því sem kveðið er á um í ákvæði 1. gr. kjarasam"
vr,VR,vr/kjarasamningur_vr_fa_2015 (2).pdf,VR/LÍV,Félags atvinnurekenda,aðilar úr skjali,,,2015-05-01,krónutala,,15000,almenn laun,úr texta,"breytingar 1. maí 2016 Launaþróunartrygging starfsmanna sem hófu störf fyrir 1. maí 2015 Grunnhækkun launa 1. maí 2016 er 5,5% fyrir starfsmann sem hefur verið í starfi hjá sama launagreiðanda frá 1. maí 2015, að lágmarki kr. 15.000 á mánaðarlaun fyrir dagvinnu. Frá grunnhækkun dregst önnur sú launahækkun sem starfsmaður hefur fengið frá 2. maí 2015 til 30. apríl 2016. Launabreyting starfsmanna se"
vr,VR,vr/kjarasamningur_vr_fa_2015 (2).pdf,VR/LÍV,Félags atvinnurekenda,aðilar úr skjali,,,2015-05-01,prósenta,7.2,,óskilgreint,úr texta,"imilt að vísa honum til nefndarinnar sem skal þá leitast við að ná sáttum 37 Fylgiskjal 2015 launaþróunartrygging vegna launabreytinga 1. maí 2015 Frá Til Hækkun 7,2% 300.001 310.000 7,1% 310.001 320.000 7,0% 320.001 330.000 6,9% 330.001 340.000 6,8% 340.001 350.000 6,8% 350.001 360.000 6,7% 360.001 370.000 6,6% 370.001 380.000 6,5% 380.001 390.000 6,4%"
vr,VR,vr/kjarasamningur_vr_sa_2015.pdf,milli VR,Samtaka atvinnulífsins,aðilar úr skjali,2015-05-01,2018-12-31,2015-05-01,krónutala,,15000,almenn laun,úr texta,"breytingar 1. maí 2016 Launaþróunartrygging starfsmanna sem hófu störf fyrir 1. maí 2015 Grunnhækkun launa 1. maí 2016 er 5,5% fyrir starfsmann sem hefur verið í starfi hjá sama launagreiðanda frá 1. maí 2015, að lágmarki kr. 15.000 á mánaðarlaun fyrir dagvinnu. Frá grunnhækkun dregst önnur sú launahækkun sem starfsmaður hefur fengið frá 2. maí 2015 til 30. apríl 2016. Launabreyting starfsmanna se"
vr,VR,vr/kjarasamningur_vr_sa_2015.pdf,milli VR,Samtaka atvinnulífsins,aðilar úr skjali,2015-05-01,2018-12-31,2015-05-01,prósenta,7.2,,óskilgreint,úr texta,"ð við næstu samningsgerð. Samkomulag þetta gildir frá 1. júní 2000. 44 Fylgiskjal 2015 launaþróunartrygging vegna launabreytinga 1. maí 2015 Frá Til Hækkun 7,2% 300.001 310.000 7,1% 310.001 320.000 7,0% 320.001 330.000 6,9% 330.001 340.000 6,8% 340.001 350.000 6,8% 350.001 360.000 6,7% 360.001 370.000 6,6% 370.001 380.000 6,5% 380.001 390.000 6,"
grafia,Grafía,grafia/P15.03.312-3_1.pdf,Grafíu – stéttarfélags í prent,miðlunargrein,aðilar úr skjali,,,2015-05-02,prósenta,5.5,,kauptaxtar,úr texta,"na frammistöðu eru meginhluti launa. Launabreytingar 1. maí 2016 Launaþróunartrygging starfsmanna sem hófu störf fyrir 1. maí 2015. Starfsmönnum sem hófu störf hjá launa- greiðanda fyrir 1. maí 2015 er tryggð 5,5% lágmarkslaunaþróun á tímabilinu frá 2. maí 2015 til 30. apríl 2016, að lágmarki kr. 15.000 á mánaðarlaun fyrir dagvinnu. Kauptaxtar kjarasamnings taka sömu hækkun."
sa,Samtök atvinnulífsins,sa/1a376bbd-0331-4b28-a3a4-01379b413c5e_Samiðn - KJARASAMNINGUR 2015 - breytingar.pdf,Samiðnar,Samtaka atvinnulífsins,aðilar úr skjali,,,2015-05-02,prósenta,5.5,,kauptaxtar,úr texta,"mistöðu eru meginhluti launa. 2 Launabreytingar 1. maí 2016 Launaþróunartrygging starfsmanna sem hófu störf fyrir 1. maí 2015 Starfsmönnum sem hófu störf hjá launagreiðanda fyrir 1. maí 2015 er tryggð 5,5% lágmarkslaunaþróun á tímabilinu frá 2. maí 2015 til 30. apríl 2016 , að lágmarki kr. 15.000 á mánaðarlaun fyrir dagvinnu. Kauptaxtar kjarasamnings taka sömu hækkun."
sa,Samtök atvinnulífsins,sa/903bbbce-42f7-4310-884d-578899007d8a_vm-kjarasamningur-2015-breytingar.pdf,"VM, Félags vélstjóra",málmtæknimanna,aðilar úr skjali,,,2015-05-02,prósenta,5.5,,kauptaxtar,úr texta,"mistöðu eru meginhluti launa. 2 Launabreytingar 1. maí 2016 Launaþróunartrygging starfsmanna sem hófu störf fyrir 1. maí 2015 Starfsmönnum sem hófu störf hjá launagreiðanda fyrir 1. maí 2015 er tryggð 5,5% lágmarkslaunaþróun á tímabilinu frá 2. maí 2015 til 30. apríl 2016 , að lágmarki kr. 15.000 á mánaðarlaun fyrir dagvinnu. Kauptaxtar kjarasamnings taka sömu hækkun."
sa,Samtök atvinnulífsins,sa/b2112bf8-1d66-460a-9d6c-55b93316dbb7_Eldri - Kjarasamningar SA og Félags leiðsögumanna.pdf,SAMTAKA ATVINNULÍFSINS,SAMTAKA FERÐAÞJÓNUSTUNNAR,aðilar úr skjali,2015-07-01,2018-12-31,2015-05-02,prósenta með krónutölulágmarki,6.2,15000,almenn laun,ályktað (óvisst),"amninga viðkomandi aðildar samtaka á árinu 2015 og fram að undirskrift þessa samnings, hafi launagreiðandi framkvæmt slíka hækkun launa gagnvart þorra starfsmanna. Þó skal enginn starfsmaður fá minna en 6,2% launahækkun, að lágmarki kr. 15.000 á mánaðarlaun fyrir dagvinnu, á tímabil inu 2. maí til 31. desember 2015. Bókun um ráðningarsamninga - 2011 Samstarfsnefnd mun skoða það verkefni að útbúa s"
sa,Samtök atvinnulífsins,sa/c6a09f95-cbb2-47f1-ab6e-d7d863af55f8_RSÍ - KJARASAMNINGUR 2015 - breytingar.pdf,Rafiðnaðarsambands Íslands,Samtaka atvinnulífsins,aðilar úr skjali,,,2015-05-02,prósenta,5.5,,kauptaxtar,úr texta,"istöðu eru meginhluti launa. 2 Launabreytingar 1. maí 2016 Launaþróunartrygging starfsmanna sem hófu störf fyrir 1. maí 2015 Starfsmönnum sem hófu störf hjá launagreiðanda fyrir 1. maí 2015 er tryggð 5,5% lágmarkslaunaþróun á tímabilinu frá 2. maí 2015 til 30. apríl 2016 , að lágmarki kr. 15.000 á mánaðarlaun fyrir dagvinnu. Kauptaxtar kjarasamnings taka sömu hækkun."
sa,Samtök atvinnulífsins,sa/d90eaaa6-a028-4417-819a-c70fdee1c4ad_Kjarasamningur SA og FIT vegna snyrtifræðinga 15-18.pdf,Samtaka atvinnulífsins,Félags iðn- og tæknigreina vegna snyrtifræðinga,aðilar úr skjali,2016-01-01,2018-12-31,2015-05-02,prósenta með krónutölulágmarki,6.2,15000,almenn laun,ályktað (óvisst),"tarfsmanna sem framkvæmd hefur verið eftir 1. maí 2015 og fra m til 21. janúar 2016, hafi launagreiðandi framkvæmt slíka hækkun launa gagnvart þorra starfsmanna. Þó skal enginn starfsmaður fá minna en 6,2% launahækkun, að lágmarki kr. 15.000 á mánaðarlaun fyrir dagvinnu, á tímabilinu 2. maí til 31. desember 2015. 1.2.2. Launabreytingar 1. maí 2017 Þann 1. maí 2017 hækka laun og launatengdir liðir "
vm,VM - Félag vélstjóra og málmtæknimanna,vm/Heildartexti-OR_malmtaeknimenn_2021_hreint.pdf,VM félags vélstjóra,málmtæknimanna,aðilar úr skjali,2008-05-01,2010-12-31,2015-08-31,prósenta,6.1,,launatafla,grunsamlegt,"aður notið greiðslu kaupauka/bónus skal hann í stað slíkra greiðslna njóta fastra mánaðarlegra greiðslna sem ákvarðist sem mánaðarlegt meðaltal kaupauka/bónus á tímabilinu frá 1. september 2014 til 31. ágúst 2015, að viðbættri hækkun um 6,1% frá 1. maí 2015 að telja. Bókun um endurskoðun á röðun í launaflokka. OR lýsir því yfir að fyrirtækið mun á gildistíma k"
vm,VM - Félag vélstjóra og málmtæknimanna,vm/Heildartexti-OR_velfraedingar_2021_hreint.pdf,VM félags vélstjóra,málmtæknimanna,aðilar úr skjali,2008-05-01,2010-12-31,2015-08-31,prósenta,6.1,,launatafla,grunsamlegt,"aður notið greiðslu kaupauka/bónus skal hann í stað slíkra greiðslna njóta fastra mánaðarlegra greiðslna sem ákvarðist sem mánaðarlegt meðaltal kaupauka/bónus á tímabilinu frá 1. september 2014 til 31. ágúst 2015, að viðbættri hækkun um 6,1% frá 1. maí 2015 að telja. Bókun um endurskoðun á röðun í launaflokka. OR lýsir því yfir að fyrirtækið mun á gildistíma k"
vm,VM - Félag vélstjóra og málmtæknimanna,vm/Uppfaerdur-heildarsamningur-milli-VM-og-OR-vegna-malmidnadarmanna-2024-loka.pdf,VM félags vélstjóra,málmtæknimanna,aðilar úr skjali,2008-05-01,2010-12-31,2015-08-31,prósenta,6.1,,launatafla,grunsamlegt,"aður notið greiðslu kaupauka/bónus skal hann í stað slíkra greiðslna njóta fastra mánaðarlegra greiðslna sem ákvarðist sem mánaðarlegt meðaltal kaupauka/bónus á tímabilinu frá 1. september 2014 til 31. ágúst 2015, að viðbættri hækkun um 6,1% frá 1. maí 2015 að telja. Bókun um endurskoðun á röðun í launaflokka. OR lýsir því yfir að fyrirtækið mun á gildistíma kja"
vm,VM - Félag vélstjóra og málmtæknimanna,vm/Uppfaerdur-heildarsamningur-milli-VM-og-OR-vegna-velfraedinga-2024-loka.pdf,VM félags vélstjóra,málmtæknimanna,aðilar úr skjali,2008-05-01,2010-12-31,2015-08-31,prósenta,6.1,,launatafla,grunsamlegt,"ður notið greiðslu kaupauka/bónus skal hann í stað slíkra greiðslna njóta fastr a mánaðarlegra greiðslna sem ákvarðist sem mánaðarlegt meðaltal kaupauka/bónus á tímabilinu frá 1. september 2014 til 31. ágúst 2015, að viðbættri hækkun um 6,1% frá 1. maí 2015 að telja. Bókun um endurskoðun á röðun í launaflokka. OR lýsir því yfir að fyrirtækið mun á gildistíma kja"
ssf,Samtök starfsmanna fjármálafyrirtækja,ssf/Kjarasamningur-2015-2018-skyringar.pdf,"2015. Aðal bókunin er um samningsforsendur, en þær eru þær sömu",hjá öll,aðilar úr skjali,2015-01-01,2018-12-31,2015-10-01,krónutala,,25000,launatafla,úr texta,"umarkaði hafa undirritað í sumar. Mikilvæg endurskoðunarákvæði (uppsagnarákvæði) eru jafnframt á árunum 2016, 2017 og 2018 ef forsendur kjarasamninga ganga ekki eftir. Launabreytingar 2015: 1. 1. október 2015 hækka öll laun í launatöflu SSF um kr. 25.000. Laun þeirra sem taka laun samkvæmt launatöflunni hækka þannig um 4,5% og upp í 8,5%, hærra fyrir þá sem taka laun samkvæmt lægri launaflokkum. N"
ssf,Samtök starfsmanna fjármálafyrirtækja,ssf/Kjarasamningur-2015-2018-skyringar.pdf,"2015. Aðal bókunin er um samningsforsendur, en þær eru þær sömu",hjá öll,aðilar úr skjali,2015-01-01,2018-12-31,2015-10-02,prósenta,5.5,,kauptaxtar,úr texta,"lið í greiðslunni. (lögbundið fæðingarorlof og veikindi teljast til starfstíma skv. kjarasamningi SSF). Launabreytingar 2016 1. Starfsmönnum sem hófu störf hjá launagreiðanda fyrir 1. maí 2015 eru tryggð 5,5% lágmarkslaunaþróun á tímabilinu 2. október 2015 til 30. apríl 2016, að lágmarki kr. 15.000 á mánaðarlaun fyrir dagvinnu. Kauptaxtar kjarasamnings taka sömu hækkun, 5"
ki,Kennarasamband Íslands,ki/kjarasamningur-fl-og-sns-2015-2019_endanl.pdf,SAMBANDS ÍSLENSKRA SVEITARFÉLAGA F.H. ÞEIRRA SVEITARFÉLAGA,ANNARRA AÐILA SEM ÞAÐ HEFUR,aðilar úr skjali,2015-01-01,2019-12-31,2015-12-31,prósenta,9.5,,launatafla,úr texta,".1.1 breytist svo: Mánaðarlaun þeirra starfsmanna sem hafa menntun í leikskólafræðum og gegna fullu starfi, skulu greidd skv. eftirtöldum launatöflum: Launatafla 1-A, gildistími: 1. júní 2015 til 31. desember 2015, 9,5% Launatafla 2-A, gildistími: 1. janúar 2016 til 31. maí 2016, 2,0% Launatafla 3-A, gildistími: 1. júní 2016 til 31. maí 2017, 3,5% Launatafla 4"
afl,AFL Starfsgreinafélag,afl/2016_KjarasamningurSGS_LS.pdf,Starfsgreinasambands Íslands,Landssambands smábátaeigenda,aðilar úr skjali,,,2016-01-01,prósenta,4.5,,óskilgreint,úr texta,"eru hlutaráðnir, enda gilda þar ákvæði sjómannasamninga. Samningurinn gildir jafnframt fyrir starfsmenn sem starfa við netavinnu. Umsamdar hækkanir verða sem hér segir: 9,5% frá 1. maí 2015 8,7% frá 1. janúar 2016 4,5% frá 1. maí 2017 3,1% frá 1. maí 2018 2. gr. Launakjör a) Beitning með beituskurði Greiða skal starfsmanni sem beitir í land"
afl,AFL Starfsgreinafélag,afl/2016_KjarasamningurSGS_LS.pdf,Starfsgreinasambands Íslands,Landssambands smábátaeigenda,aðilar úr skjali,,,2016-01-01,prósenta,8.7,,óskilgreint,úr texta,"1 3.318 Uppstokkun 258.524 420 króka bjóð 123,87 2.087 258.524 450 króka bjóð 115,62 2.236 258.524 500 króka bjóð 104,05 2.485 258.524 540 króka bjóð 96,35 2.683 Kauptrygging vegna kjarasamnings milli LS. og SGS 2015 til 2018. Breytingin er 8,7% hækkun á kauptryggingu. Gildir frá 1. janúar 2016 Kauptrygging Tegund Fj. pr.mán. Gr. pr.bjóð Með beituskurði 281.016 420 króka bjóð 91,67 3.066 281.016 4"
afl,AFL Starfsgreinafélag,afl/Kjarasamningur_2015_SA_Samidn.pdf,Samtaka atvinnulífsins,"Samiðnar - sambands iðnfélaga f.h. aðildarfélaga í málmiðnaði, byggingariðnaði og skrúðgarðyrkju",aðilar úr skjali,2015-05-01,2018-12-31,2016-01-01,prósenta með krónutölulágmarki,6.2,15000,almenn laun,úr texta,"unakerfi Launaþróunartrygging nær ekki til launamanna sem starfa í afkastatengdum launakerfum þar sem laun vegna frammistöðu eru meginhluti launa. 1.1.2.2. Launabreytingar 1. janúar 2016† Þann 1. janúar 2016 hækka laun og launatengdir liðir um 6,2%, að lágmarki kr. 15.000 á mánaðarlaun fyrir dagvinnu. Launagreiðanda er þó heimilt að draga frá launahækkun skv. 1. mgr. ótilkynnta almenna hækkun laun"
afl,AFL Starfsgreinafélag,afl/Kjarasamningur_2015_SA_Samidn.pdf,Samtaka atvinnulífsins,"Samiðnar - sambands iðnfélaga f.h. aðildarfélaga í málmiðnaði, byggingariðnaði og skrúðgarðyrkju",aðilar úr skjali,2015-05-01,2018-12-31,2016-01-01,prósenta,6.2,,óskilgreint,úr texta,"nu 2. maí til 31. desember 2015. † Launabreyting 1. maí 2016 var með samningi SA, ASÍ og aðildarfélaga ASÍ dags. 21. janúar 2016 færð fram til 1. janúar 2016 og almenn 6,2% launabreyting me ð takmarkaðri heimild til frádráttar kom í stað 5,5% launaþróunartryggingar. Samningur Samtaka atvinnulífsins og Samiðnar 11 1.1.2.3. Launabreytingar 1. maí 2017 ‡ Þ"
afl,AFL Starfsgreinafélag,afl/Kjarasamningur_2015_SA_Samidn.pdf,Samtaka atvinnulífsins,"Samiðnar - sambands iðnfélaga f.h. aðildarfélaga í málmiðnaði, byggingariðnaði og skrúðgarðyrkju",aðilar úr skjali,2015-05-01,2018-12-31,2016-01-01,prósenta,4.5,,kauptaxtar,úr texta,"sa, sbr. meðfylgjandi fylgiskjal. Kauptaxtar gilda frá 1. maí 2015 og taka á samningstímanum breytingum skv. gr. 1.1. 2. Kjaratengdir liðir kjarasam nings hækka um 7,2% þann 1. maí 2015, 6,2% þann 1. janúar 2016, 4,5% þann 1. maí 2017 og 3,0% 1. maí 2018, nema um annað sé samið í kjarasamningi. 1.1.2.6. Taxtar faglærðra færðir nær greiddum"
asi,Alþýðusamband Íslands,asi/Kjarasamn_enska_isl_vef (2).pdf,,,aðeins heimild,,,2016-01-01,prósenta,6.2,,lágmarkstekjur,úr texta,"slaun. Lágmarkslaun ráðast fyrst og fremst af eðli starfs, starfsaldri og menntun. Verði kjarasamningarnir frá 21. janúar 2016 samþykktir í allsherjaratkvæðagreiðslu, mun laun hækka afturvirkt frá 1. Janúar 2016 um 6,2% Dæmi um lágmarkslaun 22 ára verkamanns (2016): Ræstingar kr. 244.517 Fiskvinnsla kr. 249.500 Byggingavinna kr. 251.211 Tækjastjórn kr. 258.402 Veitingastörf kr. 249.500 Lágmarkslau"
asi,Alþýðusamband Íslands,asi/Kjarasamn_polska_vef (2).pdf,,,aðeins heimild,,,2016-01-01,prósenta,6.2,,lágmarkstekjur,úr texta,"slaun. Lágmarkslaun ráðast fyrst og fremst af eðli starfs, starfsaldri og menntun. Verði kjarasamningarnir frá 21. janúar 2016 samþykktir í allsherjaratkvæðagreiðslu, mun laun hækka afturvirkt frá 1. Janúar 2016 um 6,2% Dæmi um lágmarkslaun 22 ára verkamanns (2016): Ræstingar kr. 244.517 Fiskvinnsla kr. 249.500 Byggingavinna kr. 251.211 Tækjastjórn kr. 258.402 Veitingastörf kr. 249.500 Lágmarkslau"
asi,Alþýðusamband Íslands,asi/i-addraganda-kjarasamninga-2015-compressed.pdf,,,aðeins heimild,,,2016-01-01,prósenta,2.0,,almenn laun,úr texta,"feb. 2015 20 þús.k r. Eingr eiðsla til leiðbeinenda í leikskólum. Feb. 2015 Atkv æðagreiðsla um vinnumat og nýjan vinnutímakafla 1. maí 2015 9,5% Vegna gildist öku vinnumats og nýs vinnutímakafla. 1. jan. 2016 2% Almenn launahækk un grunnskólakennara. 21 Í töflu 1 er þróun reglulegra launa greind eftir heildarsamtökunum og viðsemjendum þeirra og launavísitala Hagstofunnar sýnd til samanburðar. Reg"
framsyn,Framsýn stéttarfélag,framsyn/Kjarasamningur_2015_SA_og_Samiðn_-_lokaskjal_4.5.2016.pdf,Samtaka atvinnulífsins,"Samiðnar - sambands iðnfélaga f.h. aðildarfélaga í málmiðnaði, byggingariðnaði og skrúðgarðyrkju",aðilar úr skjali,2015-05-01,2018-12-31,2016-01-01,prósenta með krónutölulágmarki,6.2,15000,almenn laun,úr texta,"unakerfi Launaþróunartrygging nær ekki til launamanna sem starfa í afkastatengdum launakerfum þar sem laun vegna frammistöðu eru meginhluti launa. 1.1.2.2. Launabreytingar 1. janúar 2016† Þann 1. janúar 2016 hækka laun og launatengdir liðir um 6,2%, að lágmarki kr. 15.000 á mánaðarlaun fyrir dagvinnu. Launagreiðanda er þó heimilt að draga frá launahækkun skv. 1. mgr. ótilkynnta almenna hækkun laun"
framsyn,Framsýn stéttarfélag,framsyn/Kjarasamningur_2015_SA_og_Samiðn_-_lokaskjal_4.5.2016.pdf,Samtaka atvinnulífsins,"Samiðnar - sambands iðnfélaga f.h. aðildarfélaga í málmiðnaði, byggingariðnaði og skrúðgarðyrkju",aðilar úr skjali,2015-05-01,2018-12-31,2016-01-01,prósenta,6.2,,óskilgreint,úr texta,"u 2. maí til 31. desember 2015. † Launabreyting 1. maí 2016 var með samnin gi SA, ASÍ og aðildarfélaga ASÍ dags. 21. janúar 2016 færð fram til 1. janúar 2016 og almenn 6,2% launabreyting með takmarkaðri heimild til frádráttar kom í stað 5,5% launaþróunartryggingar. Samningur Samtaka atvinnulífsins og Samiðnar 11 1.1.2.3. Launabreytingar 1. maí 2017 ‡ Þa"
framsyn,Framsýn stéttarfélag,framsyn/Kjarasamningur_2015_SA_og_Samiðn_-_lokaskjal_4.5.2016.pdf,Samtaka atvinnulífsins,"Samiðnar - sambands iðnfélaga f.h. aðildarfélaga í málmiðnaði, byggingariðnaði og skrúðgarðyrkju",aðilar úr skjali,2015-05-01,2018-12-31,2016-01-01,prósenta,4.5,,kauptaxtar,úr texta,"sa, sbr. meðfylgjandi fylgiskjal. Kauptaxtar gilda frá 1. maí 2015 og taka á samningstímanum breytingum skv. gr. 1.1. 2. Kjaratengdir liðir kjarasam nings hækka um 7,2% þann 1. maí 2015, 6,2% þann 1. janúar 2016, 4,5% þann 1. maí 2017 og 3,0% 1. maí 2018, nema um annað sé samið í kjarasamningi. 1.1.2.6. Taxtar faglærðra færðir nær greiddum"
grafia,Grafía,grafia/Prentarinn_2016.pdf,fyrir aðildarfélög ASÍ,þar með GRAFÍU 2,aðilar úr skjali,,,2016-01-01,prósenta,3.0,,kauptaxtar,úr texta,"janúar 2016 sem innihélt viðbætur og breyt­ ingar við kjarasamninginn frá sumrinu 2015. Hækkun launa sem fyrirhuguð var 1. maí 2016, 5,5% á grunni launa­ þróunartryggingar, var breytt í 6,2% frá 1. janúar 2016 sem almenn launa­ hækkun, almenn launahækkun sem fyrirhuguð var 3,0% 1 maí 2017 og 4,5% hækkun á kauptaxta breytist í 4,5% almenna launahækkun, þ.e. bæði á kauptaxta og öll laun, almenn laun"
sa,Samtök atvinnulífsins,sa/012d00dc-4418-48bf-9a54-3b92d7e9a329_Kjarasamningur SA og Rafiðnaðarsambands Íslands 15-18.pdf,Samtaka atvinnulífsins og Samtaka rafverktaka,Rafiðnaðarsambands Íslands vegna aðildarfélaga,aðilar úr skjali,2015-05-01,2018-12-31,2016-01-01,prósenta með krónutölulágmarki,6.2,15000,almenn laun,úr texta,"launamanna se m starfa í afkastatengdum launakerfum þar sem laun vegna frammistöðu eru meginhluti launa. Samningur Samtaka atvinnulífsins og RSÍ 10 1.2.2. Launabreytingar 1. janúar 20162 Þann 1. janúar 2016 hækka laun og launatengdir liðir um 6,2%, að lágmarki kr. 15.000 á mánaðarlaun fyrir dagvinnu. Launagreiðanda er þó heimilt að draga frá launahækkun skv. 1. mgr. ótilkynnta almenna hækkun launa"
sa,Samtök atvinnulífsins,sa/012d00dc-4418-48bf-9a54-3b92d7e9a329_Kjarasamningur SA og Rafiðnaðarsambands Íslands 15-18.pdf,Samtaka atvinnulífsins og Samtaka rafverktaka,Rafiðnaðarsambands Íslands vegna aðildarfélaga,aðilar úr skjali,2015-05-01,2018-12-31,2016-01-01,prósenta,4.5,,kauptaxtar,úr texta,"þessa, sbr. meðfylgjandi fylgiskjal. Kauptaxtar gilda frá 1. maí 2015 og taka á samningstímanum breytingum skv. gr. 1.2. Kjaratengdir liðir kjarasamnings hækka um 7,2% þann 1. maí 2015, 6,2% þann 1. janúar 2016, 4,5% þann 1. maí 2017 og 3,0% 1. maí 2018, nema um annað sé samið í kjarasamningi. 1.2.6. Taxtar faglærðra færðir nær greiddum"
sa,Samtök atvinnulífsins,sa/012d00dc-4418-48bf-9a54-3b92d7e9a329_Kjarasamningur SA og Rafiðnaðarsambands Íslands 15-18.pdf,Samtaka atvinnulífsins og Samtaka rafverktaka,Rafiðnaðarsambands Íslands vegna aðildarfélaga,aðilar úr skjali,2015-05-01,2018-12-31,2016-01-01,prósenta,6.2,,almenn laun,úr texta,"um í engum tilvikum leiða til minni 2 Launabreyting 1. maí 2016 var með samningi SA, ASÍ og aðildarfélaga ASÍ dags. 21. janúar 2016 færð fram til 1. janúar 2016 og almenn 6,2% launabreyting með takmarkaðri heimild til frádráttar kom í stað 5,5% launaþróunartryggingar. 3 Sbr. samning SA og ASÍ fr á 21. janúar 2016. Í stað 3,0% almennrar hækkunar launa og 4,5% hækku"
sa,Samtök atvinnulífsins,sa/6a6029a1-e5f2-4d0b-8e3a-ed8a56889efb_Kjarasamningur SA og Félags hársnyrtisveina 15-18.pdf,Samtaka atvinnulífsins,Félags hársnyrtisveina,aðilar úr skjali,2015-05-01,2018-12-31,2016-01-01,prósenta með krónutölulágmarki,6.2,15000,almenn laun,úr texta,"unamanna sem starfa í afkastatengdum launakerfum þar sem laun vegna frammistöðu eru meginhluti launa. Samningur SA og Félags hársnyrtisveina 9 1.2.2. Launabreytingar 1. janúar 20162 Þann 1. janúar 2016 hækka laun og launatengdir liðir um 6,2%, að lágmarki kr. 15.000 á mánaðarlaun fyrir dagvinnu. Launagreiðanda er þó heimilt að draga frá launahækkun skv. 1. mgr. ótilkynnta almenna hækkun launa star"
sa,Samtök atvinnulífsins,sa/6a6029a1-e5f2-4d0b-8e3a-ed8a56889efb_Kjarasamningur SA og Félags hársnyrtisveina 15-18.pdf,Samtaka atvinnulífsins,Félags hársnyrtisveina,aðilar úr skjali,2015-05-01,2018-12-31,2016-01-01,prósenta,6.2,,almenn laun,úr texta,"ti hans hækkar ekki að öðru leyti. 2 Launabreyting 1. maí 2016 var með samningi SA, ASÍ og aðildarfélaga ASÍ dags. 21. janúar 2016 færð fram til 1. janúar 2016 og almenn 6,2% launabreyting með takmarkaðri h eimild til frádráttar kom í stað 5,5% launaþróunartryggingar. 3 Sbr. samning SA og ASÍ frá 21. janúar 2016. Í stað 3,0% almennrar hækkunar launa og 4,5% hækku"
sa,Samtök atvinnulífsins,sa/762fc76c-9aed-4452-bfd5-503849cbc2ea_Kjarasamningur SA og Samiðnar vegna málmiðnaðar_ byggingariðnaðar og skrúðgarðyrkju 15-18.pdf,Samtaka atvinnulífsins,"Samiðnar - sambands iðnfélaga f.h. aðildarfélaga í málmiðnaði, byggingariðnaði og skrúðgarðyrkju",aðilar úr skjali,2015-05-01,2018-12-31,2016-01-01,prósenta með krónutölulágmarki,6.2,15000,almenn laun,úr texta,"unakerfi Launaþróunartrygging nær ekki til launamanna sem starfa í afkastatengdum launakerfum þar sem laun vegna frammistöðu eru meginhluti launa. 1.1.2.2. Launabreytingar 1. janúar 20162 Þann 1. janúar 2016 hækka laun og launatengdir liðir um 6,2%, að lágmarki kr. 15.000 á mánaðarlaun fyrir dagvinnu. Launagreiðanda er þó heimilt að draga frá launahækkun skv. 1. mgr. ótilkynnta almenna hækkun laun"
sa,Samtök atvinnulífsins,sa/762fc76c-9aed-4452-bfd5-503849cbc2ea_Kjarasamningur SA og Samiðnar vegna málmiðnaðar_ byggingariðnaðar og skrúðgarðyrkju 15-18.pdf,Samtaka atvinnulífsins,"Samiðnar - sambands iðnfélaga f.h. aðildarfélaga í málmiðnaði, byggingariðnaði og skrúðgarðyrkju",aðilar úr skjali,2015-05-01,2018-12-31,2016-01-01,prósenta,6.2,,óskilgreint,úr texta,"nu 2. maí til 31. desember 2015. 2 Launabreyting 1. maí 2016 var með samningi SA, ASÍ og aðildarfélaga ASÍ dags. 21. janúar 2016 færð fram til 1. janúar 2016 og almenn 6,2% launabreyting með takmarkaðri heimild til frádráttar kom í stað 5,5% launaþróunartryggingar. Samningur Samtaka atvinnulífsins og Samiðnar 11 1.1.2.3. Launabreytingar 1. maí 20173 Þan"
sa,Samtök atvinnulífsins,sa/762fc76c-9aed-4452-bfd5-503849cbc2ea_Kjarasamningur SA og Samiðnar vegna málmiðnaðar_ byggingariðnaðar og skrúðgarðyrkju 15-18.pdf,Samtaka atvinnulífsins,"Samiðnar - sambands iðnfélaga f.h. aðildarfélaga í málmiðnaði, byggingariðnaði og skrúðgarðyrkju",aðilar úr skjali,2015-05-01,2018-12-31,2016-01-01,prósenta,4.5,,kauptaxtar,úr texta,"sa, sbr. meðfylgjandi fylgiskjal. Kauptaxtar gilda frá 1. ma í 2015 og taka á samningstímanum breytingum skv. gr. 1.1. 2. Kjaratengdir liðir kjarasamnings hækka um 7,2% þann 1. maí 2015, 6,2% þann 1. janúar 2016, 4,5% þann 1. maí 2017 og 3,0% 1. maí 2018, nema um annað sé samið í kjarasamningi. 1.1.2.6. Taxtar faglærðra færðir nær greiddum"
sa,Samtök atvinnulífsins,sa/a8329117-813c-4523-b1b7-423bb1ae7ee0_Kjarasamningur SA og VM_ félags vélstjóra og málmtæknimanna 15-18.pdf,Samtaka atvinnulífsins,"VM, félags vélstjóra og málmtæknimanna",aðilar úr skjali,2015-05-01,2018-12-31,2016-01-01,prósenta með krónutölulágmarki,6.2,15000,almenn laun,úr texta,"unakerfi Launaþróunartrygging nær ekki til launamanna sem starfa í afkastatengdum launakerfum þar sem laun vegna frammistöðu eru meginhluti launa. 1.1.2.2. Launabreytingar 1. janúar 20162 Þann 1. janúar 2016 hækka laun og launatengdir liðir um 6,2%, að lágmarki kr. 15.000 á mánaðarlaun fyrir dagvinnu. Launagreiðanda er þó heimilt að draga frá launahækkun skv. 1. mgr. ótilkynnta almenna hækkun laun"
sa,Samtök atvinnulífsins,sa/a8329117-813c-4523-b1b7-423bb1ae7ee0_Kjarasamningur SA og VM_ félags vélstjóra og málmtæknimanna 15-18.pdf,Samtaka atvinnulífsins,"VM, félags vélstjóra og málmtæknimanna",aðilar úr skjali,2015-05-01,2018-12-31,2016-01-01,prósenta,6.2,,almenn laun,úr texta,"inu 2. maí til 31. desember 2015. 2 Launabreyting 1. maí 2016 var með samningi SA, ASÍ og aðildarfélaga ASÍ dags. 21. janúar 2016 færð fram til 1. janúar 2016 og almenn 6,2% launabreyting með takmarkaðri heimild til frádráttar kom í stað 5,5% launaþróunartryggingar. Samningur SA og VM 11 1.1.2.3. Launabreytingar 1. maí 20173 Þann 1. maí 2017 hækka laun og l"
sa,Samtök atvinnulífsins,sa/b2112bf8-1d66-460a-9d6c-55b93316dbb7_Eldri - Kjarasamningar SA og Félags leiðsögumanna.pdf,SAMTAKA ATVINNULÍFSINS,SAMTAKA FERÐAÞJÓNUSTUNNAR,aðilar úr skjali,2015-07-01,2018-12-31,2016-01-01,prósenta,6.2,,kauptaxtar,úr texta,"014 taka mið af töflu í fylgiskjali 2 en verður þó aldrei minni en 3,2%. Laun leiðsögumanna sem hófu störf frá eftir 1. febrúar 2014 og fram til 31. desember 2014 hækka um 3,2%. Launabreytingar 1. janúar 2016 Nýir launataxtar taka gildi sbr. fskj. 1 Almennar launahækkanir eru 6,2% sbr. þó bókun með þessari grein. Launabreytingar 1. maí 2017 Nýir launataxtar taka gildi sbr. fskj. 1 Almennar launahæ"
sa,Samtök atvinnulífsins,sa/d90eaaa6-a028-4417-819a-c70fdee1c4ad_Kjarasamningur SA og FIT vegna snyrtifræðinga 15-18.pdf,Samtaka atvinnulífsins,Félags iðn- og tæknigreina vegna snyrtifræðinga,aðilar úr skjali,2016-01-01,2018-12-31,2016-01-01,prósenta með krónutölulágmarki,6.2,15000,almenn laun,úr texta,"í lengri fjarvistum skal samið um þóknun með hliðsjón af þeirri ábyrgð og álagi sem þeim afleysingum fylgir. 1.2. Launabreytingar á samnings- tímanum 1.2.1. Launabreytingar 1. janúar 2016 Þann 1. janúar 2016 hækka laun og launatengdir liðir um 6,2%, að lágmarki kr. 15.000 á mánaðarlaun fyrir dagvinnu. Launagreiðanda er þó heimilt að draga frá launahækkun skv. 1. mgr. ótilkynnta almenna hækkun laun"
sa,Samtök atvinnulífsins,sa/ded6a8a7-6855-4da1-be06-63218b4f6166_Eldri-Kjarasamningur SA og Sambands stjórnendafélaga.pdf,Samtaka atvinnulífsins,Sambands stjórnendafélaga*,aðilar úr skjali,2015-05-01,2018-12-31,2016-01-01,prósenta með krónutölulágmarki,6.2,15000,almenn laun,úr texta,"eru meginhluti launa. Kjaratengdir liðir kjarasamnings hækka um 7,2% nema um annað hafi verið samið. 8 Samningur SA og Sambands stjórnendafélaga 1.1.1.2. Launabreytingar 1. janúar 20161 Þann 1. janúar 2016 hækka laun og launatengdir liðir um 6,2%, að lágmarki kr. 15.000 á mánaðarlaun fyrir dagvinnu. Launagreiðanda er þó heimilt að draga frá launahækkun skv. 1. mgr. ótilkynnta almenna hækkun launa "
sa,Samtök atvinnulífsins,sa/ded6a8a7-6855-4da1-be06-63218b4f6166_Eldri-Kjarasamningur SA og Sambands stjórnendafélaga.pdf,Samtaka atvinnulífsins,Sambands stjórnendafélaga*,aðilar úr skjali,2015-05-01,2018-12-31,2016-01-01,prósenta,6.2,,almenn laun,úr texta,"ugsanlega breytingu á starfskjörum. 1 Launabreyting 1. maí 2016 var með samningi SA, ASÍ og aðildarfélaga ASÍ dags. 21. janúar 2016 færð fram til 1. janúar 2016 og almenn 6,2% launabreyting með takmarkaðri heimild til frádráttar kom í stað 5,5% launaþróunartryggingar. 2 Sbr. samning SA og ASÍ frá 21. janúar 2016. Í stað 3,0% almennrar hækkunar launa og 4,5% hækkuna"
sa,Samtök atvinnulífsins,sa/ebb511b9-bbf3-4537-b6dd-951764153152_Kjarasamningur meistarafélaga í byggingariðnaði og Samiðnar 15-18.pdf,"Samtaka atvinnulífsins, vegna meistarafélaga í byggingariðnaði innan Samtaka iðnaðarins",Samiðnar - sambands iðnfélaga f.h. aðildarfélaga í byggingariðnaði,aðilar úr skjali,2015-05-01,2018-12-31,2016-01-01,prósenta með krónutölulágmarki,6.2,15000,almenn laun,úr texta,"unakerfi Launaþróunartrygging nær ekki til launamanna sem starfa í afkastatengdum launakerfum þar sem laun vegna frammistöðu eru meginhluti launa. 1.1.2.2. Launabreytingar 1. janúar 20162 Þann 1. janúar 2016 hækka laun og launatengdir liðir um 6,2%, að lágmarki kr. 15.000 á mánaðarlaun fyrir dagvinnu. Launagreiðanda er þó heimilt að draga frá launahækkun skv. 1. mgr. ótilkynnta almenna hækkun laun"
sa,Samtök atvinnulífsins,sa/ebb511b9-bbf3-4537-b6dd-951764153152_Kjarasamningur meistarafélaga í byggingariðnaði og Samiðnar 15-18.pdf,"Samtaka atvinnulífsins, vegna meistarafélaga í byggingariðnaði innan Samtaka iðnaðarins",Samiðnar - sambands iðnfélaga f.h. aðildarfélaga í byggingariðnaði,aðilar úr skjali,2015-05-01,2018-12-31,2016-01-01,prósenta,4.5,,kauptaxtar,úr texta,"ssa, sbr. meðfylgjandi fylgiskjal. Kauptaxtar gilda frá 1. maí 2015 og taka á samningstímanum breytingum skv. gr. 1.1. 2. Kjaratengdir liðir kjarasamnings hækka um 7,2% þann 1. maí 2015, 6,2% þann 1. janúar 2016, 4,5% þann 1. maí 2017 og 3,0% 1. maí 2018, nema um annað sé samið í kjarasamningi.1.1.2.6. Taxtar faglærðra færðir nær greiddum"
sa,Samtök atvinnulífsins,sa/ebb511b9-bbf3-4537-b6dd-951764153152_Kjarasamningur meistarafélaga í byggingariðnaði og Samiðnar 15-18.pdf,"Samtaka atvinnulífsins, vegna meistarafélaga í byggingariðnaði innan Samtaka iðnaðarins",Samiðnar - sambands iðnfélaga f.h. aðildarfélaga í byggingariðnaði,aðilar úr skjali,2015-05-01,2018-12-31,2016-01-01,prósenta,6.2,,kauptaxtar,úr texta,"ir kauptaxtar eiga ekki sjálfkrafa 2 Launabreyting 1. maí 2016 var með samningi SA, ASÍ og aðildarfélaga ASÍ dags. 21 . janúar 2016 færð fram til 1. janúar 2016 og almenn 6,2% launabreyting með takmarkaðri heimild til frádráttar kom í stað 5,5% launaþróunartryggingar. 3 Sbr. samning SA og ASÍ frá 21. janúar 2016. Í stað 3,0% almennrar hækkunar launa og 4,5% hækkun"
sa,Samtök atvinnulífsins,sa/kjarasamningur-2015-sa-og-floi.pdf,Samtaka atvinnulífsins,Flóabandalagsins,aðilar úr skjali,2015-05-01,2018-12-31,2016-01-01,prósenta,7.2,,kauptaxtar,úr texta,"hluti launa. Sérstök hækkun kauptaxta kjarasamnings Kauptaxtar kjarasamnings hækka sérstaklega, sbr. fylgiskjal. Launaflokkur 1 fellur brott og s tarfsheiti færast í launaflokk 2. Kjaratengdir liðir kjarasamnings hækka um 7,2% nema um annað hafi verið samið. 1.2.2. Launabreytingar 1. janúar 20163 Grunnhækkun launa og launatengdra liða 1. maí 2016 er 6,2% fyrir starfsmann sem hefur verið í starfi h"
sa,Samtök atvinnulífsins,sa/kjarasamningur-2015-sa-og-floi.pdf,Samtaka atvinnulífsins,Flóabandalagsins,aðilar úr skjali,2015-05-01,2018-12-31,2016-01-01,prósenta,6.2,,almenn laun,úr texta,"sama tíma um 3,0%, sbr. gr. 1.1.1. 3 Launabreyting 1. maí 2016 var með samningi SA, ASÍ og aðildarfélaga ASÍ dags. 21. janúar 2016 færð fram til 1. janúar 2016 og almenn 6,2% launabreyting með takmarkaðri heimild til frádráttar kom í stað 5,5% launaþróunartryggingar. 4 Sbr. samning SA og ASÍ frá 21. janúar 2016. Í stað 3,0% almennrar hækkunar launa og 4,5% hækkun"
sa,Samtök atvinnulífsins,sa/kjarasamningur-2015-sa-og-matvi-s-lokaskjal-14-09-2016.pdf,Samtaka atvinnulífsins,Matvæla- og veitingafélags Íslands,aðilar úr skjali,2015-05-01,2018-12-31,2016-01-01,prósenta með krónutölulágmarki,6.2,15000,almenn laun,úr texta,"engd launakerfi Launaþróunartrygging nær ekki til launamanna sem starfa í afkastatengdum launakerfum þar sem laun vegna frammistöðu eru meginhluti launa. Launabreytingar 1. janúar 20161 Þann 1. janúar 2016 hækka laun og launatengdir liðir um 6,2%, að lágmarki kr. 15.000 á mánaðarlaun fyrir dagvinnu. Launagreiðanda er þó heimilt að draga frá launahækkun skv. 1. mgr. ótilkynnta almenna hækkun launa "
sa,Samtök atvinnulífsins,sa/kjarasamningur-2015-sa-og-matvi-s-lokaskjal-14-09-2016.pdf,Samtaka atvinnulífsins,Matvæla- og veitingafélags Íslands,aðilar úr skjali,2015-05-01,2018-12-31,2016-01-01,prósenta,6.2,,almenn laun,úr texta,"enginn starfsmaður fá minna en 6,2% 1 Launabreyting 1. maí 2016 var með samningi SA, ASÍ og aðildarfélaga ASÍ dags. 21. janúar 2016 færð fram til 1. janúar 2016 og almenn 6,2% launabreyting með takmarkaðri heimild til frádráttar kom í stað 5,5% launaþróunartryggingar. 8 Samningur SA og MATVÍS 8 launahækkun, að lágmarki kr. 15.000 á mánaðarlaun fyrir dagvinnu, á"
sa,Samtök atvinnulífsins,sa/kjarasamningur-2015-sa-og-matvi-s-lokaskjal-14-09-2016.pdf,Samtaka atvinnulífsins,Matvæla- og veitingafélags Íslands,aðilar úr skjali,2015-05-01,2018-12-31,2016-01-01,prósenta,4.5,,kauptaxtar,úr texta,"ssa, sbr. meðfylgjandi fylgiskjal. Kauptaxtar gilda frá 1. maí 2015 og taka á samningstímanum breytingum skv. gr. 1.1. 2. Kjaratengdir liðir kjarasamnings hækka um 7,2% þann 1. maí 2015, 6,2% þann 1. janúar 2016, 4,5% þann 1. maí 2017 og 3,0% 1. maí 2018, nema um annað sé samið í kjarasamningi. Taxtar faglærðra færðir nær greiddum launum"
sa,Samtök atvinnulífsins,sa/kjarasamningur-2015-sa-og-vr-lokaskjal-sa-6-11-2017.pdf,Samtaka atvinnulífsins,VR og,aðilar úr skjali,2015-05-01,2018-12-31,2016-01-01,prósenta,7.2,,kauptaxtar,úr texta,"arfa í afkastatengdum launakerfum þar sem laun vegna framm istöðu eru meginhluti launa. Sérstök hækkun kauptaxta kjarasamnings Kauptaxtar kjarasamnings hækka sérstaklega, sbr. fylgiskjal. Kjaratengdir liðir kjarasamnings hækka um 7,2% nema um annað hafi verið samið. Launabreytingar 1. janúar 20162 1. janúar 2016 : 6,2% almenn launahækkun að lágmarki kr. 15.000 á mánaðarlaun fyrir dagvinnu, þ.m.t. "
sa,Samtök atvinnulífsins,sa/kjarasamningur-2015-sa-og-vr-lokaskjal-sa-6-11-2017.pdf,Samtaka atvinnulífsins,VR og,aðilar úr skjali,2015-05-01,2018-12-31,2016-01-01,prósenta með krónutölulágmarki,6.2,15000,kauptaxtar,úr texta,"auptaxta kjarasamnings Kauptaxtar kjarasamnings hækka sérstaklega, sbr. fylgiskjal. Kjaratengdir liðir kjarasamnings hækka um 7,2% nema um annað hafi verið samið. Launabreytingar 1. janúar 20162 1. janúar 2016 : 6,2% almenn launahækkun að lágmarki kr. 15.000 á mánaðarlaun fyrir dagvinnu, þ.m.t. hækkun annarra kjaratengdra liða en desember og orlo fsuppbóta, sbr. þó meðfylgjandi bókun. Launagreiðan"
sa,Samtök atvinnulífsins,sa/kjarasamningur-2015-sa-og-vr-lokaskjal-sa-6-11-2017.pdf,Samtaka atvinnulífsins,VR og,aðilar úr skjali,2015-05-01,2018-12-31,2016-01-01,prósenta,6.2,,almenn laun,úr texta,"nnutími ákvarðast af afgreiðslutíma 2 Launabreyting 1. maí 2016 var með samningi SA, ASÍ og aðildarfélaga ASÍ dags. 21. janúar 2016 færð fram til 1. janúar 2016 og almenn 6,2% laun abreyting með takmarkaðri heimild til frádráttar kom í stað 5,5% launaþróunartryggingar. 3 Sbr. samning SA og ASÍ frá 21. janúar 2016. Í stað 3,0% almennrar hækkunar launa og 4,5% hækku"
sa,Samtök atvinnulífsins,sa/kjoelfar_loka.pdf,,,aðeins heimild,,,2016-01-01,prósenta,6.2,,almenn laun,úr texta,"llur brott. Í stað hennar kemur 6,2% almenn launahækkun þann 1. jan úar 2016. Auk þess sem gerðar voru breytingar á almennum launahækkunum þann 1. maí 2017 og 1. maí 2018. Dagsetning Hækkun Skýring 1. jan. 2016 6,2%, að lágmarki 15 þús.kr. á tímabilinu 2.maí-31.des 2015 1. maí 2017 4,5% Almenn launahækkun. 1. maí 2018 3% Almenn launahækkun. Auk ákvæða um launahækkanir fó"
sa,Samtök atvinnulífsins,sa/kjoelfar_loka.pdf,,,aðeins heimild,,,2016-01-01,prósenta,2.0,,almenn laun,úr texta,fyrirvara. Dagsetning Hækkun Skýring 1. jan. 2015 2% Almenn hækkun. 1. feb. 2015 Atkvæðagreiðsla um vinnumat og nýjan vinnutímakafla. 1. maí 2015 8% Vegna gildistöku vinnumat og nýs vinnutímakafla. 1. jan. 2016 2% Almenn hækkun. Í kjölfar kosninga um vinnumat gerðu samningsaðilar nokkrar breytingar á samningnum 1. apríl 2015 þ. á m. um að seinka launahækkun 1. maí 2015 um einn mánuð. 12 Kjarasamni
samidn,Samiðn,samidn/Kjarasamningur_2015_meistarafelaga_og_Samidn_A5_heild_-_lokaeintak.pdf,"Samtaka atvinnulífsins, vegna meistarafélaga í byggingariðnaði innan Samtaka iðnaðarins",Samiðnar - sambands iðnfélaga f.h. aðildarfélaga í byggingariðnaði,aðilar úr skjali,2015-05-01,2018-12-31,2016-01-01,prósenta með krónutölulágmarki,6.2,15000,almenn laun,úr texta,"unakerfi Launaþróunartrygging nær ekki til launamanna sem starfa í afkastatengdum launakerfum þar sem laun vegna frammistöðu eru meginhluti launa. 1.1.2.2. Launabreytingar 1. janúar 20162 Þann 1. janúar 2016 hækka laun og launatengdir liðir um 6,2%, að lágmarki kr. 15.000 á mánaðarlaun fyrir dagvinnu. Launagreiðanda er þó heimilt að draga frá launahækkun skv. 1. mgr. ótilkynnta almenna hækkun laun"
samidn,Samiðn,samidn/Kjarasamningur_2015_meistarafelaga_og_Samidn_A5_heild_-_lokaeintak.pdf,"Samtaka atvinnulífsins, vegna meistarafélaga í byggingariðnaði innan Samtaka iðnaðarins",Samiðnar - sambands iðnfélaga f.h. aðildarfélaga í byggingariðnaði,aðilar úr skjali,2015-05-01,2018-12-31,2016-01-01,prósenta,4.5,,kauptaxtar,úr texta,"ssa, sbr. meðfylgjandi fylgiskjal. Kauptaxtar gilda frá 1. maí 2015 og taka á samningstímanum breytingum skv. gr. 1.1. 2. Kjaratengdir liðir kjarasamnings hækka um 7,2% þann 1. maí 2015, 6,2% þann 1. janúar 2016, 4,5% þann 1. maí 2017 og 3,0% 1. maí 2018, nema um annað sé samið í kjarasamningi.1.1.2.6. Taxtar faglærðra færðir nær greiddum"
samidn,Samiðn,samidn/Kjarasamningur_2015_meistarafelaga_og_Samidn_A5_heild_-_lokaeintak.pdf,"Samtaka atvinnulífsins, vegna meistarafélaga í byggingariðnaði innan Samtaka iðnaðarins",Samiðnar - sambands iðnfélaga f.h. aðildarfélaga í byggingariðnaði,aðilar úr skjali,2015-05-01,2018-12-31,2016-01-01,prósenta,6.2,,kauptaxtar,úr texta,"ir kauptaxtar eiga ekki sjálfkrafa 2 Launabreyting 1. maí 2016 var með samningi SA, ASÍ og aðildarfélaga ASÍ dags. 21 . janúar 2016 færð fram til 1. janúar 2016 og almenn 6,2% launabreyting með takmarkaðri heimild til frádráttar kom í stað 5,5% launaþróunartryggingar. 3 Sbr. samning SA og ASÍ frá 21. janúar 2016. Í stað 3,0% almennrar hækkunar launa og 4,5% hækkun"
vlfa,Verkalýðsfélag Akraness,vlfa/Skra_0077127.pdf,Samtaka atvinnulífsins,"Samiðnar - sambands iðnfélaga f.h. aðildarfélaga í málmiðnaði, byggingariðnaði og skrúðgarðyrkju",aðilar úr skjali,2015-05-01,2018-12-31,2016-01-01,prósenta með krónutölulágmarki,6.2,15000,almenn laun,úr texta,"unakerfi Launaþróunartrygging nær ekki til launamanna sem starfa í afkastatengdum launakerfum þar sem laun vegna frammistöðu eru meginhluti launa. 1.1.2.2. Launabreytingar 1. janúar 2016† Þann 1. janúar 2016 hækka laun og launatengdir liðir um 6,2%, að lágmarki kr. 15.000 á mánaðarlaun fyrir dagvinnu. Launagreiðanda er þó heimilt að draga frá launahækkun skv. 1. mgr. ótilkynnta almenna hækkun laun"
vlfa,Verkalýðsfélag Akraness,vlfa/Skra_0077127.pdf,Samtaka atvinnulífsins,"Samiðnar - sambands iðnfélaga f.h. aðildarfélaga í málmiðnaði, byggingariðnaði og skrúðgarðyrkju",aðilar úr skjali,2015-05-01,2018-12-31,2016-01-01,prósenta,6.2,,óskilgreint,úr texta,"u 2. maí til 31. desember 2015. † Launabreyting 1. maí 2016 var með samnin gi SA, ASÍ og aðildarfélaga ASÍ dags. 21. janúar 2016 færð fram til 1. janúar 2016 og almenn 6,2% launabreyting með takmarkaðri heimild til frádráttar kom í stað 5,5% launaþróunartryggingar. Samningur Samtaka atvinnulífsins og Samiðnar 11 1.1.2.3. Launabreytingar 1. maí 2017 ‡ Þa"
vlfa,Verkalýðsfélag Akraness,vlfa/Skra_0077127.pdf,Samtaka atvinnulífsins,"Samiðnar - sambands iðnfélaga f.h. aðildarfélaga í málmiðnaði, byggingariðnaði og skrúðgarðyrkju",aðilar úr skjali,2015-05-01,2018-12-31,2016-01-01,prósenta,4.5,,kauptaxtar,úr texta,"sa, sbr. meðfylgjandi fylgiskjal. Kauptaxtar gilda frá 1. maí 2015 og taka á samningstímanum breytingum skv. gr. 1.1. 2. Kjaratengdir liðir kjarasam nings hækka um 7,2% þann 1. maí 2015, 6,2% þann 1. janúar 2016, 4,5% þann 1. maí 2017 og 3,0% 1. maí 2018, nema um annað sé samið í kjarasamningi. 1.1.2.6. Taxtar faglærðra færðir nær greiddum"
vm,VM - Félag vélstjóra og málmtæknimanna,vm/kjarasamningur-vm-orkubu-vestfj-april-2015.pdf,ORKUBÚS VESTFJARÐA,VM – Félags vélstjóra og málmtæknimanna,aðilar úr skjali,2015-04-01,2018-12-31,2016-01-01,prósenta,6.2,,launatafla,úr texta,"la sem gildir frá 1. apríl 2015 1.1.2 Útgefin launatafla hverju sinni nær yfir alla launaflokka sem miðað er við í kjarasamningi þessum. Á samningstímanum skulu laun hækka sem hér segir: 1. janúar 2016: 6,2% 1. apríl 2017: 4,5%. 1. apríl 2018: 3,0%. 1.1.3 Yfirvinna er 1,0385% af mánaðarlaunum. 1.1.4. Laun fyri"
vr,VR,vr/kjarasamningurvr-sa2016_vefur.pdf,VR OG SAMTAKA ATVINNULÍFSINS GILDIR FRÁ 1. MAÍ 2015 TIL 31. DESEMBER 2018 KJARASAMNINGUR MILLI VR,SAMTAKA ATVINNULÍFSINS,aðilar úr skjali,2015-05-01,2018-12-31,2016-01-01,prósenta,7.2,,kauptaxtar,úr texta,"afkastatengdum launakerfum þar sem laun vegna frammistöðu eru meginhluti launa. Sérstök hækkun kauptaxta kjarasamnings Kauptaxtar kjarasamnings hækka sérstaklega, sbr. fylgiskjal. Kjaratengdir liðir kjarasamnings hækka um 7,2% nema um annað hafi verið samið. Launabreytingar 1. janúar 20161 1. janúar 2016: 6,2% almenn launahækkun að lágmarki kr. 15.000 á mánaðarlaun fyrir dagvinnu, þ.m.t. hækkun an"
vr,VR,vr/kjarasamningurvr-sa2016_vefur.pdf,VR OG SAMTAKA ATVINNULÍFSINS GILDIR FRÁ 1. MAÍ 2015 TIL 31. DESEMBER 2018 KJARASAMNINGUR MILLI VR,SAMTAKA ATVINNULÍFSINS,aðilar úr skjali,2015-05-01,2018-12-31,2016-01-01,prósenta,6.2,,almenn laun,úr texta,"forsendum ráðningarkjara skal endurskoða launin og samsetningu þeirra með tilliti til 1Launabreyting 1. maí 2016 var með samningi SA, ASÍ og aðildarfélaga ASÍ dags. 21. janúar 2016 færð fram til 1. janúar 2016 og almenn 6,2% launabreyting með takmarkaðri heimild til frádráttar kom í stað 5,5% launaþróunartryggingar. 2Sbr. samning SA og ASÍ frá 21. janúar 2016. Í stað 3,0% almennrar hækkunar launa "
vr,VR,vr/kjarassamningur-1-juli-2015-31-desember-2018.pdf,SAMTAKA ATVINNULÍFSINS,SAMTAKA FERÐAÞJÓNUSTUNNAR,aðilar úr skjali,,,2016-01-01,prósenta,6.2,,kauptaxtar,úr texta,"014 taka mið af töflu í fylgiskjali 2 en verður þó aldrei minni en 3,2%. Laun leiðsögumanna sem hófu störf frá eftir 1. febrúar 2014 og fram til 31. desember 2014 hækka um 3,2%. Launabreytingar 1. janúar 2016 Nýir launataxtar taka gildi sbr. fskj. 1 Almennar launahækkanir eru 6,2% sbr. þó bókun með þessari grein. Launabreytingar 1. maí 2017 Nýir launataxtar taka gildi sbr. fskj. 1 Almennar launahæ"
afl,AFL Starfsgreinafélag,afl/Kjarasamningur_2015_SA_Samidn.pdf,Samtaka atvinnulífsins,"Samiðnar - sambands iðnfélaga f.h. aðildarfélaga í málmiðnaði, byggingariðnaði og skrúðgarðyrkju",aðilar úr skjali,2015-05-01,2018-12-31,2016-01-21,prósenta,3.0,,kauptaxtar,úr texta,"i starfsmaður eftir viðtali skal það veitt innan tveggja mánaða og liggi niðurstaða þess fyrir innan mánaðar. ‡ Sbr. samning SA og ASÍ frá 21. janúar 2016. Í stað 3,0% almennrar hækkunar launa og 4,5% hækkunar kauptaxta kjarasamnings hækka laun og kauptaxtar um 4,5% þann 1. maí 2017. Í st að 2,0% almennrar hækkunar launa og 3,0% hækkunar kauptaxta kjarasamnin"
framsyn,Framsýn stéttarfélag,framsyn/Kjarasamningur_2015_SA_og_Samiðn_-_lokaskjal_4.5.2016.pdf,Samtaka atvinnulífsins,"Samiðnar - sambands iðnfélaga f.h. aðildarfélaga í málmiðnaði, byggingariðnaði og skrúðgarðyrkju",aðilar úr skjali,2015-05-01,2018-12-31,2016-01-21,prósenta,3.0,,kauptaxtar,úr texta,"i starfsmaður eftir viðtali skal það veitt innan tveggja mánaða og liggi niðurstaða þess fyrir innan mánaðar. ‡ Sbr. samning SA og ASÍ frá 21. janúar 2016. Í stað 3,0% almennr ar hækkunar launa og 4,5% hækkunar kauptaxta kjarasamnings hækka laun og kauptaxtar um 4,5% þann 1. maí 2017. Í stað 2,0% almennrar hækkunar launa og 3,0% hækkunar kauptaxta kjarasamnin"
framsyn,Framsýn stéttarfélag,framsyn/taxtar_sa_1.-jan-2016-2.pdf,"um veitinga-, þjónustu",greiðasölustaði og,aðilar úr skjali,,,2016-01-21,prósenta með krónutölulágmarki,6.2,15000,kauptaxtar,úr texta,"vert almanaksár miðað við fullt starf er: Á árinu 2015 kr. 78.000 Á árinu 2016 kr. 82.000 Á árinu 2017 kr. 86.000 Á árinu 2018 kr. 89.000 4 Kauptaxtar SGS frá 1. janúar 2016, skv. samningi við SA frá 21. janúar 2016 Almenn hækkun er 6,20% þó að lágmarki kr. 15.000 Mánaðarkaup Byrjunarl. Eftir 1 ár Eftir 3 ár Eftir 5 ár Launaflokkur 2 244.517 246.153 247.814 249.500 Launaflokkur 3 246.153 247.814 2"
sa,Samtök atvinnulífsins,sa/012d00dc-4418-48bf-9a54-3b92d7e9a329_Kjarasamningur SA og Rafiðnaðarsambands Íslands 15-18.pdf,Samtaka atvinnulífsins og Samtaka rafverktaka,Rafiðnaðarsambands Íslands vegna aðildarfélaga,aðilar úr skjali,2015-05-01,2018-12-31,2016-01-21,prósenta,3.0,,kauptaxtar,úr texta,"ga ASÍ dags. 21. janúar 2016 færð fram til 1. janúar 2016 og almenn 6,2% launabreyting með takmarkaðri heimild til frádráttar kom í stað 5,5% launaþróunartryggingar. 3 Sbr. samning SA og ASÍ fr á 21. janúar 2016. Í stað 3,0% almennrar hækkunar launa og 4,5% hækkunar kauptaxta kjarasamnings hækka laun og kauptaxtar um 4,5% þann 1. maí 2017. Í stað 2,0% almennrar hækkunar launa og 3,0% hækkunar kaup"
sa,Samtök atvinnulífsins,sa/6a6029a1-e5f2-4d0b-8e3a-ed8a56889efb_Kjarasamningur SA og Félags hársnyrtisveina 15-18.pdf,Samtaka atvinnulífsins,Félags hársnyrtisveina,aðilar úr skjali,2015-05-01,2018-12-31,2016-01-21,prósenta,3.0,,kauptaxtar,úr texta,"ga ASÍ dags. 21. janúar 2016 færð fram til 1. janúar 2016 og almenn 6,2% launabreyting með takmarkaðri h eimild til frádráttar kom í stað 5,5% launaþróunartryggingar. 3 Sbr. samning SA og ASÍ frá 21. janúar 2016. Í stað 3,0% almennrar hækkunar launa og 4,5% hækkunar kauptaxta kjarasamnings hækka laun og kauptaxtar um 4,5% þann 1. maí 2017. Í stað 2,0% almennrar hækkunar launa og 3,0% hækkunar kaup"
sa,Samtök atvinnulífsins,sa/762fc76c-9aed-4452-bfd5-503849cbc2ea_Kjarasamningur SA og Samiðnar vegna málmiðnaðar_ byggingariðnaðar og skrúðgarðyrkju 15-18.pdf,Samtaka atvinnulífsins,"Samiðnar - sambands iðnfélaga f.h. aðildarfélaga í málmiðnaði, byggingariðnaði og skrúðgarðyrkju",aðilar úr skjali,2015-05-01,2018-12-31,2016-01-21,prósenta,3.0,,kauptaxtar,úr texta,"i starfsmaður eftir viðtali skal það veitt innan tveggja mánaða og liggi niðurstaða þess fyrir innan mánaðar. 3 Sbr. samning SA og ASÍ frá 21. janúar 2016. Í stað 3,0% almennrar hækkunar launa og 4,5% hækkunar kauptaxta kjarasamnings hækka laun og kauptaxtar um 4,5% þann 1 . maí 2017. Í stað 2,0% almennrar hækkunar launa og 3,0% hækkunar kauptaxta kjarasamnin"
sa,Samtök atvinnulífsins,sa/a8329117-813c-4523-b1b7-423bb1ae7ee0_Kjarasamningur SA og VM_ félags vélstjóra og málmtæknimanna 15-18.pdf,Samtaka atvinnulífsins,"VM, félags vélstjóra og málmtæknimanna",aðilar úr skjali,2015-05-01,2018-12-31,2016-01-21,prósenta,3.0,,kauptaxtar,úr texta,"f. Uppbótin greiðist eigi síðar en 15. desember ár hvert, miðað við starfshlutfall og starfstíma, öllum starfsmönnum 3 Sbr. samning SA og ASÍ frá 21. janúar 2016. Í stað 3,0% almennrar hækkunar launa og 4,5% hækkunar kauptaxta kjarasamnings hækka laun og kauptaxtar um 4,5% þann 1. maí 2017. Í stað 2,0% almennrar hækkunar launa og 3,0% hækkunar kauptaxta kjarasamning"
sa,Samtök atvinnulífsins,sa/ded6a8a7-6855-4da1-be06-63218b4f6166_Eldri-Kjarasamningur SA og Sambands stjórnendafélaga.pdf,Samtaka atvinnulífsins,Sambands stjórnendafélaga*,aðilar úr skjali,2015-05-01,2018-12-31,2016-01-21,prósenta,3.0,,kauptaxtar,úr texta,"laga ASÍ dags. 21. janúar 2016 færð fram til 1. janúar 2016 og almenn 6,2% launabreyting með takmarkaðri heimild til frádráttar kom í stað 5,5% launaþróunartryggingar. 2 Sbr. samning SA og ASÍ frá 21. janúar 2016. Í stað 3,0% almennrar hækkunar launa og 4,5% hækkunar kauptaxta kjarasamnings hækka laun og kauptaxtar um 4,5% þann 1. maí 2017. Í stað 2,0% almennrar hækkunar launa og 3,0% hæ kkunar ka"
sa,Samtök atvinnulífsins,sa/ebb511b9-bbf3-4537-b6dd-951764153152_Kjarasamningur meistarafélaga í byggingariðnaði og Samiðnar 15-18.pdf,"Samtaka atvinnulífsins, vegna meistarafélaga í byggingariðnaði innan Samtaka iðnaðarins",Samiðnar - sambands iðnfélaga f.h. aðildarfélaga í byggingariðnaði,aðilar úr skjali,2015-05-01,2018-12-31,2016-01-21,prósenta,3.0,,kauptaxtar,úr texta,"ga ASÍ dags. 21 . janúar 2016 færð fram til 1. janúar 2016 og almenn 6,2% launabreyting með takmarkaðri heimild til frádráttar kom í stað 5,5% launaþróunartryggingar. 3 Sbr. samning SA og ASÍ frá 21. janúar 2016. Í stað 3,0% almennrar hækkunar launa og 4,5% hækkunar kauptaxta kjarasamnings hækka laun og kauptaxtar um 4,5% þann 1. maí 2017. Í stað 2,0% almennrar hækkunar launa og 3,0% hækkunar kaup"
sa,Samtök atvinnulífsins,sa/kjarasamningur-2015-sa-og-floi.pdf,Samtaka atvinnulífsins,Flóabandalagsins,aðilar úr skjali,2015-05-01,2018-12-31,2016-01-21,prósenta,3.0,,kauptaxtar,úr texta,"aga ASÍ dags. 21. janúar 2016 færð fram til 1. janúar 2016 og almenn 6,2% launabreyting með takmarkaðri heimild til frádráttar kom í stað 5,5% launaþróunartryggingar. 4 Sbr. samning SA og ASÍ frá 21. janúar 2016. Í stað 3,0% almennrar hækkunar launa og 4,5% hækkunar kauptaxta kjarasamnings hækka laun og kauptaxtar um 4,5% þann 1. maí 2017. Í stað 2,0% almennrar hækkunar launa og 3,0% hækkunar kaup"
sa,Samtök atvinnulífsins,sa/kjarasamningur-2015-sa-og-matvi-s-lokaskjal-14-09-2016.pdf,Samtaka atvinnulífsins,Matvæla- og veitingafélags Íslands,aðilar úr skjali,2015-05-01,2018-12-31,2016-01-21,prósenta,3.0,,kauptaxtar,úr texta,"í starfi hjá atvinnurekanda í 12 vikur á síðustu 12 mánuðum eða eru í starfi fyrstu viku í desember. Heimilt er með 2 Sbr. samning SA og ASÍ frá 21. janúar 2016. Í stað 3,0% almennrar hækkunar launa og 4,5% hækkunar kauptaxta kjarasamnings hækka laun og kauptaxtar um 4,5% þann 1. maí 2017. Í stað 2,0% almennrar hækkunar launa og 3,0% hækkunar kauptaxta kjarasamning"
sa,Samtök atvinnulífsins,sa/kjarasamningur-2015-sa-og-vr-lokaskjal-sa-6-11-2017.pdf,Samtaka atvinnulífsins,VR og,aðilar úr skjali,2015-05-01,2018-12-31,2016-01-21,prósenta,3.0,,kauptaxtar,úr texta,"ga ASÍ dags. 21. janúar 2016 færð fram til 1. janúar 2016 og almenn 6,2% laun abreyting með takmarkaðri heimild til frádráttar kom í stað 5,5% launaþróunartryggingar. 3 Sbr. samning SA og ASÍ frá 21. janúar 2016. Í stað 3,0% almennrar hækkunar launa og 4,5% hækkunar kauptaxta kjarasamnings hækka laun og kauptaxtar um 4,5% þann 1. m aí 2017. Í stað 2,0% almennrar hækkunar launa og 3,0% hækkunar kau"
samidn,Samiðn,samidn/Kjarasamningur_2015_meistarafelaga_og_Samidn_A5_heild_-_lokaeintak.pdf,"Samtaka atvinnulífsins, vegna meistarafélaga í byggingariðnaði innan Samtaka iðnaðarins",Samiðnar - sambands iðnfélaga f.h. aðildarfélaga í byggingariðnaði,aðilar úr skjali,2015-05-01,2018-12-31,2016-01-21,prósenta,3.0,,kauptaxtar,úr texta,"ga ASÍ dags. 21 . janúar 2016 færð fram til 1. janúar 2016 og almenn 6,2% launabreyting með takmarkaðri heimild til frádráttar kom í stað 5,5% launaþróunartryggingar. 3 Sbr. samning SA og ASÍ frá 21. janúar 2016. Í stað 3,0% almennrar hækkunar launa og 4,5% hækkunar kauptaxta kjarasamnings hækka laun og kauptaxtar um 4,5% þann 1. maí 2017. Í stað 2,0% almennrar hækkunar launa og 3,0% hækkunar kaup"
sgs,Starfsgreinasamband Íslands,sgs/taxtar_sa_1-jan-2016.pdf,"um veitinga-, þjónustu",greiðasölustaði og,aðilar úr skjali,,,2016-01-21,prósenta með krónutölulágmarki,6.2,15000,kauptaxtar,úr texta,"vert almanaksár miðað við fullt starf er: Á árinu 2015 kr. 78.000 Á árinu 2016 kr. 82.000 Á árinu 2017 kr. 86.000 Á árinu 2018 kr. 89.000 4 Kauptaxtar SGS frá 1. janúar 2016, skv. samningi við SA frá 21. janúar 2016 Almenn hækkun er 6,20% þó að lágmarki kr. 15.000 Mánaðarkaup Byrjunarl. Eftir 1 ár Eftir 3 ár Eftir 5 ár Launaflokkur 2 244.517 246.153 247.814 249.500 Launaflokkur 3 246.153 247.814 2"
vlfa,Verkalýðsfélag Akraness,vlfa/Skra_0077127.pdf,Samtaka atvinnulífsins,"Samiðnar - sambands iðnfélaga f.h. aðildarfélaga í málmiðnaði, byggingariðnaði og skrúðgarðyrkju",aðilar úr skjali,2015-05-01,2018-12-31,2016-01-21,prósenta,3.0,,kauptaxtar,úr texta,"i starfsmaður eftir viðtali skal það veitt innan tveggja mánaða og liggi niðurstaða þess fyrir innan mánaðar. ‡ Sbr. samning SA og ASÍ frá 21. janúar 2016. Í stað 3,0% almennr ar hækkunar launa og 4,5% hækkunar kauptaxta kjarasamnings hækka laun og kauptaxtar um 4,5% þann 1. maí 2017. Í stað 2,0% almennrar hækkunar launa og 3,0% hækkunar kauptaxta kjarasamnin"
vr,VR,vr/kjarasamningurvr-sa2016_vefur.pdf,VR OG SAMTAKA ATVINNULÍFSINS GILDIR FRÁ 1. MAÍ 2015 TIL 31. DESEMBER 2018 KJARASAMNINGUR MILLI VR,SAMTAKA ATVINNULÍFSINS,aðilar úr skjali,2015-05-01,2018-12-31,2016-01-21,prósenta,3.0,,kauptaxtar,úr texta,"rfélaga ASÍ dags. 21. janúar 2016 færð fram til 1. janúar 2016 og almenn 6,2% launabreyting með takmarkaðri heimild til frádráttar kom í stað 5,5% launaþróunartryggingar. 2Sbr. samning SA og ASÍ frá 21. janúar 2016. Í stað 3,0% almennrar hækkunar launa og 4,5% hækkunar kauptaxta kjarasamnings hækka laun og kauptaxtar um 4,5% þann 1. maí 2017. Í stað 2,0% almennrar hækkunar launa og 3,0% hækkunar k"
grafia,Grafía,grafia/P15.03.312-3_1.pdf,Grafíu – stéttarfélags í prent,miðlunargrein,aðilar úr skjali,,,2016-04-30,krónutala,,15000,kauptaxtar,úr texta,"aþróunartrygging starfsmanna sem hófu störf fyrir 1. maí 2015. Starfsmönnum sem hófu störf hjá launa- greiðanda fyrir 1. maí 2015 er tryggð 5,5% lágmarkslaunaþróun á tímabilinu frá 2. maí 2015 til 30. apríl 2016, að lágmarki kr. 15.000 á mánaðarlaun fyrir dagvinnu. Kauptaxtar kjarasamnings taka sömu hækkun. Hafi starfsmaður ekki notið lágmarks - launaþróunar skulu laun hækka 1. maí 2016 svo henni "
sa,Samtök atvinnulífsins,sa/1a376bbd-0331-4b28-a3a4-01379b413c5e_Samiðn - KJARASAMNINGUR 2015 - breytingar.pdf,Samiðnar,Samtaka atvinnulífsins,aðilar úr skjali,,,2016-04-30,krónutala,,15000,kauptaxtar,úr texta,"Launaþróunartrygging starfsmanna sem hófu störf fyrir 1. maí 2015 Starfsmönnum sem hófu störf hjá launagreiðanda fyrir 1. maí 2015 er tryggð 5,5% lágmarkslaunaþróun á tímabilinu frá 2. maí 2015 til 30. apríl 2016 , að lágmarki kr. 15.000 á mánaðarlaun fyrir dagvinnu. Kauptaxtar kjarasamnings taka sömu hækkun. Hafi starfsmaður ekki notið lágmarkslaunaþróunar skulu laun hækka 1. maí 2016 svo henni s"
sa,Samtök atvinnulífsins,sa/903bbbce-42f7-4310-884d-578899007d8a_vm-kjarasamningur-2015-breytingar.pdf,"VM, Félags vélstjóra",málmtæknimanna,aðilar úr skjali,,,2016-04-30,krónutala,,15000,kauptaxtar,úr texta,"Launaþróunartrygging starfsmanna sem hófu störf fyrir 1. maí 2015 Starfsmönnum sem hófu störf hjá launagreiðanda fyrir 1. maí 2015 er tryggð 5,5% lágmarkslaunaþróun á tímabilinu frá 2. maí 2015 til 30. apríl 2016 , að lágmarki kr. 15.000 á mánaðarlaun fyrir dagvinnu. Kauptaxtar kjarasamnings taka sömu hækkun. Hafi starfsmaður ekki notið lágmarkslaunaþróunar skulu laun hækka 1. maí 2016 svo henni s"
sa,Samtök atvinnulífsins,sa/c6a09f95-cbb2-47f1-ab6e-d7d863af55f8_RSÍ - KJARASAMNINGUR 2015 - breytingar.pdf,Rafiðnaðarsambands Íslands,Samtaka atvinnulífsins,aðilar úr skjali,,,2016-04-30,krónutala,,15000,kauptaxtar,úr texta,"aunaþróunartrygging starfsmanna sem hófu störf fyrir 1. maí 2015 Starfsmönnum sem hófu störf hjá launagreiðanda fyrir 1. maí 2015 er tryggð 5,5% lágmarkslaunaþróun á tímabilinu frá 2. maí 2015 til 30. apríl 2016 , að lágmarki kr. 15.000 á mánaðarlaun fyrir dagvinnu. Kauptaxtar kjarasamnings taka sömu hækkun. Hafi starfsmaður ekki notið lágmarkslaunaþróunar skulu laun hækka 1. maí 2016 svo henni sé"
sa,Samtök atvinnulífsins,sa/kjoelfar_loka.pdf,,,aðeins heimild,,,2016-04-30,prósenta,4.5,,kauptaxtar,úr texta,"nhækkun dregst önnur hækkun launa eftir 1. febrúar 2014. 2016 Maí Laun hækka almennt samkvæmt 5,5% launaþróunartrygging, að lámarki 15 þús. kr. að frádreginni annarri hækkun á tímabilinu 2.maí 2015-30.apríl 2016. 2017 Maí Launataxtar hækka um 4,5%. Almenn launahækkun 3%. 2018 Maí Launataxtar hækka um 3%. Almenn launahækkun 2%. 1 Í 5,5% launaþróunartryggingu fólst að launamanni var tryggð 5,5% laun"
ssf,Samtök starfsmanna fjármálafyrirtækja,ssf/Kjarasamningur-2015-2018-skyringar.pdf,"2015. Aðal bókunin er um samningsforsendur, en þær eru þær sömu",hjá öll,aðilar úr skjali,2015-01-01,2018-12-31,2016-04-30,krónutala,,15000,kauptaxtar,úr texta,"tarfstíma skv. kjarasamningi SSF). Launabreytingar 2016 1. Starfsmönnum sem hófu störf hjá launagreiðanda fyrir 1. maí 2015 eru tryggð 5,5% lágmarkslaunaþróun á tímabilinu 2. október 2015 til 30. apríl 2016, að lágmarki kr. 15.000 á mánaðarlaun fyrir dagvinnu. Kauptaxtar kjarasamnings taka sömu hækkun, 5,5% (ný launatafafla). Hækkanir á tímabilinu vegna starfsaldurshækkana (gr. 1.1.5) og jafnlauna"
afl,AFL Starfsgreinafélag,afl/2015-2018-KjarasamningurSA.pdf,LÍV/VR,Samtaka atvinnulífsins,aðilar úr skjali,2015-05-01,2018-12-31,2016-05-01,prósenta,7.2,,kauptaxtar,úr texta,"arfa í afkastatengdum launakerfum þar sem laun vegna frammistöðu eru meginhluti launa. Sérstök hækkun kauptaxta kjarasamnings Kauptaxtar kjarasamnings hækka sérstaklega, sbr. fylgiskjal. Kjaratengdir liðir kjarasamnings hækka um 7,2% nema um annað hafi verið samið. Launabreytingar 1. maí 2016 Launaþróunartrygging starfsmanna sem hófu störf fyrir 1. maí 2015 Grunnhækkun launa 1. maí 2016 er 5,5% fy"
afl,AFL Starfsgreinafélag,afl/2015-2018-KjarasamningurSA.pdf,LÍV/VR,Samtaka atvinnulífsins,aðilar úr skjali,2015-05-01,2018-12-31,2016-05-01,prósenta,5.5,,almenn laun,úr texta,". Kjaratengdir liðir kjarasamnings hækka um 7,2% nema um annað hafi verið samið. Launabreytingar 1. maí 2016 Launaþróunartrygging starfsmanna sem hófu störf fyrir 1. maí 2015 Grunnhækkun launa 1. maí 2016 er 5,5% fyrir starfsmann sem hefur verið í starfi hjá sama launagreiðanda frá 1. maí 2015, að lágmarki kr. 15.000 á mánaðarlaun fyrir dagvinnu. Frá grunnhækkun dregst önnur sú launahækkun sem sta"
afl,AFL Starfsgreinafélag,afl/2015-2018-KjarasamningurSA.pdf,LÍV/VR,Samtaka atvinnulífsins,aðilar úr skjali,2015-05-01,2018-12-31,2016-05-01,prósenta,3.2,,almenn laun,úr texta,"fur fengið frá 2. maí 2015 til 30. apríl 2016. Launabreyting starfsmanna sem hófu störf á tímabilinu 1. maí 2015 til 31. desember 2015 Nú hefur starfsmaður hafið störf á tímabilinu frá 1. maí 2015 til loka desember 2015 og hækka þá laun hans og launatengdir liðir um 3,2% frá 1. maí 2016. Launasamanburður Við samanburð launa skal miða við föst viku - eða mánaðarlaun að viðbættum föstum álags - eða "
grafia,Grafía,grafia/Bref_til_felagsmanna_atkvgreidsla_Grafia_SIA_8.7.pdf,"aðila, allt eftir eðli",umfangi starfsins ásamt ábyrgð sem því fylgir og ekki vera lægra en fyrir,aðilar úr skjali,,,2016-05-01,prósenta,5.5,,kauptaxtar,úr texta,"u.þ.b. 16,5% í upphafi og um 32,3% á samningstímanum eða frá 88.000 – 106.000 kr. 1. Launabreytingar a. Almenn hækkun 1. maí 2015 3,2 – 7,2% launaþróunartrygging (sjá töflu í kjarasamningi) 1. maí 2016 5,5% launaþróunartrygging 1. maí 2017 3,0% 1. maí 2018 2,0% b. Krónutöluhækkun á taxta 1. maí 2015 16,5% hækkun kauptaxta (45.000 – 54.000 kr"
grafia,Grafía,grafia/Bref_til_felagsmanna_atkvgreidsla_Grafia_SIA_8.7.pdf,"aðila, allt eftir eðli",umfangi starfsins ásamt ábyrgð sem því fylgir og ekki vera lægra en fyrir,aðilar úr skjali,,,2016-05-01,prósenta og krónutala,5.5,21000,kauptaxtar,úr texta,"ygging (sjá töflu í kjarasamningi) 1. maí 2016 5,5% launaþróunartrygging 1. maí 2017 3,0% 1. maí 2018 2,0% b. Krónutöluhækkun á taxta 1. maí 2015 16,5% hækkun kauptaxta (45.000 – 54.000 kr). 1. maí 2016 5,5% hækkun kauptaxta (17.400 – 21.000 kr). 1. maí 2017 4,5% hækkun kauptaxta (15.000 – 18.000 kr). 1. maí 2018 3,0% hækkun kauptaxta (10.500 – 12.600 kr). Ný gre"
grafia,Grafía,grafia/P15.03.312-3_1.pdf,Grafíu – stéttarfélags í prent,miðlunargrein,aðilar úr skjali,,,2016-05-01,prósenta,3.2,,óskilgreint,úr texta,"ar við útreikning launaþróunar - tryggingar. Launabreyting starfsmanna sem hófu störf á tímabilinu 1. maí 2015 til 31. desember 2015. Nú hefur starfsmaður hafið störf á tíma - bilinu frá 1. maí 2015 til loka desember 2015 og hækka þá laun hans og launa - tengdir liðir um 3,2% frá 1. maí 2016. Frávik vegna gjaldþrots og uppsagna af völdum verkefnaskorts Starfsmenn sem hófu störf hjá nýjum vinnuveit"
grafia,Grafía,grafia/P15.03.312-3_1.pdf,Grafíu – stéttarfélags í prent,miðlunargrein,aðilar úr skjali,,,2016-05-01,prósenta,3.0,,kauptaxtar,úr texta,"a nýir sem eru hluti samnings þessa. Kauptaxtar gilda frá 1. maí 2015 og taka á samningstímanum breytingum skv. 2. gr. Kjaratengdir liðir kjarasamnings hækka um 7,2% þann 1. maí 2015, 5,5% þann 1. maí 2016, 3,0% þann 1. maí 2017 og 2,0% 1. maí 2018, nema um annað sé samið í kjarasamningi. Kauptaxti Grafíu/FBM frá og með 1. maí 2015"
grafia,Grafía,grafia/Prentarinn_2016.pdf,fyrir aðildarfélög ASÍ,þar með GRAFÍU 2,aðilar úr skjali,,,2016-05-01,prósenta,5.5,,almenn laun,úr texta,"dirritaður var kjarasamningur fyrir aðildarfélög ASÍ og þar með GRAFÍU 21. janúar 2016 sem innihélt viðbætur og breyt­ ingar við kjarasamninginn frá sumrinu 2015. Hækkun launa sem fyrirhuguð var 1. maí 2016, 5,5% á grunni launa­ þróunartryggingar, var breytt í 6,2% frá 1. janúar 2016 sem almenn launa­ hækkun, almenn launahækkun sem fyrirhuguð var 3,0% 1 maí 2017 og 4,5% hækkun á kaupta"
grafia,Grafía,grafia/kynning.pdf.pdf,Grafíu - stéttarfélags í prent,miðlunargrein,aðilar úr skjali,,,2016-05-01,prósenta,5.5,,kauptaxtar,úr texta,"i milli Grafíu - stéttarfélags í prent- og miðlunargreinum og Samtaka atvinnulífsins 1. Launabreytingar a. Almenn hækkun 1. maí 2015 3,2 – 7,2% launaþróunartrygging (sjá töflu í kjarasamningi) 1. maí 2016 5,5% launaþróunartrygging 1. maí 2017 3,0% 1. maí 2018 2,0% b. Krónutöluhækkun á taxta 1. maí 2015 40.000 kr. hækkun kauptaxta sveina, auk þess"
grafia,Grafía,grafia/kynning.pdf.pdf,Grafíu - stéttarfélags í prent,miðlunargrein,aðilar úr skjali,,,2016-05-01,krónutala,,15000,kauptaxtar,úr texta,"auk þess sem við bætist nýr taxti sveina sem hafa meistarapróf eða tvö sveinspróf sem nýtast í starfi. 1. maí 2015 25.000 kr. hækkun aðstoðarfólks og nema. 1. maí 2016 5,5% hækkun kauptaxta sveina. 1. maí 2016 15.000 kr. hækkun kauptaxta aðstoðarfólks og nema. 1. maí 2017 4,5% hækkun allra kauptaxta. 1. maí 2018 3,0% hækkun allra kauptaxta. c. Lágmarkstekjutrygging í dagvinnu"
sa,Samtök atvinnulífsins,sa/1a376bbd-0331-4b28-a3a4-01379b413c5e_Samiðn - KJARASAMNINGUR 2015 - breytingar.pdf,Samiðnar,Samtaka atvinnulífsins,aðilar úr skjali,,,2016-05-01,prósenta,3.2,,óskilgreint,úr texta,"dráttar við útreikning launaþróunartryggingar. Launabreyting starfsmanna sem hófu störf á tímabilinu 1. maí 2015 til 31. desember 2015 Nú hefur starfsmaður hafið störf á tímabilinu frá 1. maí 2015 til loka desember 2015 og hækka þá laun hans og launatengdir liðir um 3,2% frá 1. maí 2016. Frávik vegna gjaldþrots og uppsagna af völdum verkefnaskorts Starfsmenn sem hófu störf hjá nýjum vinnuveitanda "
sa,Samtök atvinnulífsins,sa/903bbbce-42f7-4310-884d-578899007d8a_vm-kjarasamningur-2015-breytingar.pdf,"VM, Félags vélstjóra",málmtæknimanna,aðilar úr skjali,,,2016-05-01,prósenta,3.2,,óskilgreint,úr texta,"dráttar við útreikning launaþróunartryggingar. Launabreyting starfsmanna sem hófu störf á tímabilinu 1. maí 2015 til 31. desember 2015 Nú hefur starfsmaður hafið störf á tímabilinu frá 1. maí 2015 til loka desember 2015 og hækka þá laun hans og launatengdir liðir um 3,2% frá 1. maí 2016. Frávik vegna gjaldþrots og uppsagna af völdum verkefnaskorts Starfsmenn sem hófu störf hjá nýjum vinnuveitanda "
sa,Samtök atvinnulífsins,sa/c6a09f95-cbb2-47f1-ab6e-d7d863af55f8_RSÍ - KJARASAMNINGUR 2015 - breytingar.pdf,Rafiðnaðarsambands Íslands,Samtaka atvinnulífsins,aðilar úr skjali,,,2016-05-01,prósenta,3.2,,óskilgreint,úr texta,"dráttar við útreikning launaþróunartryggingar. Launabreyting starfsmanna sem hófu störf á tímabilinu 1. maí 2015 til 31. desember 2015 Nú hefur starfsmaður hafið störf á tímabilinu frá 1. maí 2015 til loka desember 2015 og hækka þá laun hans og launatengdir liðir um 3,2% frá 1. maí 2016. Frávik vegna gjaldþrots og uppsagna af völdum verkefnaskorts Starfsmenn sem hófu störf hjá nýjum vinnuveitanda "
sa,Samtök atvinnulífsins,sa/kjarasamningur-2015-sa-og-floi.pdf,Samtaka atvinnulífsins,Flóabandalagsins,aðilar úr skjali,2015-05-01,2018-12-31,2016-05-01,prósenta,6.2,,launatafla,úr texta,"g s tarfsheiti færast í launaflokk 2. Kjaratengdir liðir kjarasamnings hækka um 7,2% nema um annað hafi verið samið. 1.2.2. Launabreytingar 1. janúar 20163 Grunnhækkun launa og launatengdra liða 1. maí 2016 er 6,2% fyrir starfsmann sem hefur verið í starfi hj á sama launagreiðanda frá 1. maí 2015, að lágmarki kr. 15.000 á mánaðarlaun fyrir dagvinnu. Launagreiðanda er heimilt að draga frá umsaminni"
sa,Samtök atvinnulífsins,sa/kjarasamningur-2015-sa-og-matvi-s-lokaskjal-14-09-2016.pdf,Samtaka atvinnulífsins,Matvæla- og veitingafélags Íslands,aðilar úr skjali,2015-05-01,2018-12-31,2016-05-01,prósenta,6.2,,óskilgreint,úr texta,"kkun launa starfsmanna sem framkvæmd hefur verið eftir 1. maí 2015 og fram til 21. janúar 2016, hafi launagreiðandi framkvæmt slíka hækkun launa gagnvart þorra starfsmanna. Þó skal enginn starfsmaður fá minna en 6,2% 1 Launabreyting 1. maí 2016 var með samningi SA, ASÍ og aðildarfélaga ASÍ dags. 21. janúar 2016 færð fram til 1. janúar 2016 og almenn 6,2% launab"
sa,Samtök atvinnulífsins,sa/kjoelfar_loka.pdf,,,aðeins heimild,,,2016-05-01,prósenta,5.5,,kauptaxtar,úr texta,"taxta 7,2% launaþróunartrygging á laun 300 þús.kr. eða lægri. Fer stiglækkandi, þó ekki lægri en 3,2% á laun 750 þús. kr og hærri. Frá grunnhækkun dregst önnur hækkun launa eftir 1. febrúar 2014. 1. maí 2016 5,5% launaþróunartrygging, að lágmarki 15 þús.kr. 5,5% launaþróunartrygging að lámarki 15 þús.kr. að frádreginni annarri hækkun á tímabilinu 2. maí 2015-30. apríl 2016 1. maí 2017 4,5% hækkun "
sa,Samtök atvinnulífsins,sa/liv-vr-kjarasamningur-2015-breytingar.pdf,Landssambands íslenzkra verzlunarmanna og VR,Samtaka atvinnulífsins,aðilar úr skjali,,,2016-05-01,prósenta,7.2,,kauptaxtar,úr texta,"tatengdum launakerfum þar sem laun vegna frammistöðu eru meginhluti launa. Sérstök hækkun kauptaxta kjarasamnings Kauptaxtar kjarasamnings hækka sérstaklega, sbr. fylgiskjal. Kjaratengdir liðir kjarasamnings hækka um 7,2% nema um annað hafi verið samið. 2 Launabreytingar 1. maí 2016 Launaþróunartrygging starfsmanna sem hófu störf fyrir 1. maí 2015 Grunnhækkun launa 1. maí 2016 er 5,5% fyrir starf"
sa,Samtök atvinnulífsins,sa/liv-vr-kjarasamningur-2015-breytingar.pdf,Landssambands íslenzkra verzlunarmanna og VR,Samtaka atvinnulífsins,aðilar úr skjali,,,2016-05-01,prósenta,5.5,,almenn laun,úr texta,"ir liðir kjarasamnings hækka um 7,2% nema um annað hafi verið samið. 2 Launabreytingar 1. maí 2016 Launaþróunartrygging starfsmanna sem hófu störf fyrir 1. maí 2015 Grunnhækkun launa 1. maí 2016 er 5,5% fyrir starfsmann sem hefur verið í starfi hjá sama launagreiðanda frá 1. maí 2015, að lágmarki kr. 15.000 á mánaðarlaun fyrir dagvinnu. Frá grunnhækkun dregst önnur sú launahækkun sem star"
sa,Samtök atvinnulífsins,sa/liv-vr-kjarasamningur-2015-breytingar.pdf,Landssambands íslenzkra verzlunarmanna og VR,Samtaka atvinnulífsins,aðilar úr skjali,,,2016-05-01,prósenta,3.2,,almenn laun,úr texta,"fengið frá 2. maí 2015 til 30. apríl 2016. Launabreyting starfsmanna sem hófu störf á tímabilinu 1. maí 2015 til 31. desember 2015 Nú hefur starfsmaðu r hafið störf á tímabilinu frá 1 . maí 2015 til loka desember 2015 og hækka þá laun hans og launatengdir liðir um 3,2% frá 1. maí 2016. Launasamanburður Við samanburð launa skal miða við föst viku - eða mánaðarlaun að viðbættum föstum álags - eða au"
sameyki,Sameyki stéttarfélag í almannaþjónustu,sameyki/''or-strv_kjarasamningur_2015_2018.pdf,"Orkuveitu Reykjavíkur, sameignarfyrirtækis ( OR )",Starfsmannafélags Reykjavíkurborgar,aðilar úr skjali,2015-05-01,2018-12-31,2016-05-01,prósenta,5.5,,kauptaxtar,úr texta,"indu tímabili en ella hlutfallslega. 1.8 Launabreytingar á samningstímanum Frá 1. maí 2015 að telja tekur gildi ný launatafla, sjá Kauptaxta fyrir árið 2015, sem fylgir kjarasamningi þessum. Frá 1. maí 2016 hækka laun um 5,5%. Frá 1. maí 2017 hækka laun um 3,0%. Frá 1. maí 2018 hækka laun um 2,0% Aðrir launaliðir sem ekki sækja viðmið í launatöflu"
ssf,Samtök starfsmanna fjármálafyrirtækja,ssf/Kjarasamningur-2015-2018-skyringar.pdf,"2015. Aðal bókunin er um samningsforsendur, en þær eru þær sömu",hjá öll,aðilar úr skjali,2015-01-01,2018-12-31,2016-05-01,prósenta,3.2,,kauptaxtar,úr texta,"afla). Hækkanir á tímabilinu vegna starfsaldurshækkana (gr. 1.1.5) og jafnlaunaátaks koma ekki til frádráttar launaþróunartryggingu. 2. Starfsmenn sem hófu eða hefja störf á tímabilinu 1. maí 2015 til loka desember skulu hækka um 3,2% frá 1. maí 2016 Launabreytingar 1. maí 2017 1. Þann 1. maí 2017 hækka öll laun og launatengdir liðir um 3,75%. Kauptaxtar kjarasam"
vr,VR,vr/kjarasamningur_vr_fa_2015 (2).pdf,VR/LÍV,Félags atvinnurekenda,aðilar úr skjali,,,2016-05-01,prósenta,7.2,,kauptaxtar,úr texta,"arfa í afkastatengdum launakerfum þar sem laun vegna frammistöðu eru meginhluti launa. Sérstök hækkun kauptaxta kjarasamnings Kauptaxtar kjarasamnings hækka sérstaklega, sbr. fylgiskjal. Kjaratengdir liðir kjarasamnings hækka um 7,2% nema um annað hafi verið samið. Launabreytingar 1. maí 2016 Launaþróunartrygging starfsmanna sem hófu störf fyrir 1. maí 2015 Grunnhækkun launa 1. maí 2016 er 5,5% fy"
vr,VR,vr/kjarasamningur_vr_fa_2015 (2).pdf,VR/LÍV,Félags atvinnurekenda,aðilar úr skjali,,,2016-05-01,prósenta,5.5,,almenn laun,úr texta,". Kjaratengdir liðir kjarasamnings hækka um 7,2% nema um annað hafi verið samið. Launabreytingar 1. maí 2016 Launaþróunartrygging starfsmanna sem hófu störf fyrir 1. maí 2015 Grunnhækkun launa 1. maí 2016 er 5,5% fyrir starfsmann sem hefur verið í starfi hjá sama launagreiðanda frá 1. maí 2015, að lágmarki kr. 15.000 á mánaðarlaun fyrir dagvinnu. Frá grunnhækkun dregst önnur sú launahækkun sem sta"
vr,VR,vr/kjarasamningur_vr_fa_2015 (2).pdf,VR/LÍV,Félags atvinnurekenda,aðilar úr skjali,,,2016-05-01,prósenta,3.2,,almenn laun,úr texta,"fur fengið frá 2. maí 2015 til 30. apríl 2016. Launabreyting starfsmanna sem hófu störf á tímabilinu 1. maí 2015 til 31. desember 2015 Nú hefur starfsmaður hafið störf á tímabilinu frá 1. maí 2015 til loka desember 2015 og hækka þá laun hans og launatengdir liðir um 3,2% frá 1. maí 2016. Launasamanburður Við samanburð launa skal miða við föst viku - eða mánaðarlaun að viðb ættum föstum álags - eða"
vr,VR,vr/kjarasamningur_vr_sa_2015.pdf,milli VR,Samtaka atvinnulífsins,aðilar úr skjali,2015-05-01,2018-12-31,2016-05-01,prósenta,7.2,,kauptaxtar,úr texta,"tarfa í afkastatengdum launakerfum þar sem laun vegna frammistöðu eru meginhluti launa. Sérstök hækkun kauptaxta kjarasamnings Kauptaxtar kjarasamnings hækka sérstaklega, sbr. fylgiskjal. Kjaratengdir liðir kjarasamnings hækka um 7,2% nema um annað hafi verið samið. Launabreytingar 1. maí 2016 Launaþróunartrygging starfsmanna sem hófu störf fyrir 1. maí 2015 Grunnhækkun launa 1. maí 2016 er 5,5% f"
vr,VR,vr/kjarasamningur_vr_sa_2015.pdf,milli VR,Samtaka atvinnulífsins,aðilar úr skjali,2015-05-01,2018-12-31,2016-05-01,prósenta,5.5,,almenn laun,úr texta,"l. Kjaratengdir liðir kjarasamnings hækka um 7,2% nema um annað hafi verið samið. Launabreytingar 1. maí 2016 Launaþróunartrygging starfsmanna sem hófu störf fyrir 1. maí 2015 Grunnhækkun launa 1. maí 2016 er 5,5% fyrir starfsmann sem hefur verið í starfi hjá sama launagreiðanda frá 1. maí 2015, að lágmarki kr. 15.000 á mánaðarlaun fyrir dagvinnu. Frá grunnhækkun dregst önnur sú launahækkun sem st"
vr,VR,vr/kjarasamningur_vr_sa_2015.pdf,milli VR,Samtaka atvinnulífsins,aðilar úr skjali,2015-05-01,2018-12-31,2016-05-01,prósenta,3.2,,almenn laun,úr texta,"fur fengið frá 2. maí 2015 til 30. apríl 2016. Launabreyting starfsmanna sem hófu störf á tímabilinu 1. maí 2015 til 31. desember 2015 Nú hefur starfsmaður hafið störf á tímabilinu frá 1. maí 2015 til loka desember 2015 og hækka þá laun hans og launatengdir liðir um 3,2% frá 1. maí 2016. Launasamanburður Við samanburð launa skal miða við föst viku - eða mánaðarlaun að viðbættum föstum álags - eða "
afl,AFL Starfsgreinafélag,afl/2015-SGS-sveitarf.pdf,SAMBANDS ÍSLENSKRA SVEITARFÉLAGA f.h. þeirra sveitarfélaga,annarra aðila sem það hefur,aðilar úr skjali,,,2016-06-01,prósenta eða krónutala,5.5,15000,launatafla,úr texta,". maí 2018. Launatafla IV: Gildir frá 1. júní 2018 til 31. mars 2019. Mánaðarlaun hækka sem hér segir á samningstímanum: 1. maí 2015: 25.000 kr. eða að lágmarki 7,7% sbr. meðfylgjandi launatöflu. 1. júní 2016: 15.000 kr. eða að lágmarki 5,5% sbr. meðfylgjandi launatöflu. 1. júní 2017: 2,5% sbr. meðfylgjandi launatöflu. 1,7% vegna jöfnunar á bilum milli launaflokka í launatöflu. 1. júní 2"
afl,AFL Starfsgreinafélag,afl/2016-Kjaras_SGS-_riki.pdf,fjármála- og efnahagsráðherra f.h. ríkissjóðs,Starfsgreinasambands Íslands,aðilar úr skjali,,,2016-06-01,prósenta eða krónutala,5.5,15000,launatafla,úr texta,"anns sem gegnir fullu starfi, skulu greidd samkvæmt meðfylgjandi launatöflum í fylgiskjölum II, III, IV og V. 1. maí 2015: Laun hækka um 25.000 kr., sbr. meðfy lgjandi töflu (sjá fylgiskjal II). 1. júní 2016: Laun hækka um 5,5% eða 15.000 kr. að lágmarki, sbr. meðfylgjandi töflu (fylgiskjal III). 1. júní 2017: 4,5%, sbr. meðfylgjandi töflu (fylgiskjal IV). 1. júní 2018: 3%, sbr. meðfylgjandi töflu"
matvis,MATVÍS,matvis/Kjarasamningur_SNS_MATVIS_8_jan_2016_LOK.pdf,SAMBANDS ÍSLENSKRA SVEITARFÉLAGA F.H. ÞEIRRA SVEITARFÉLAGA,ANNARRA AÐILA SEM ÞAÐ HEFUR,aðilar úr skjali,2015-05-01,2016-05-31,2016-06-01,prósenta eða krónutala,5.5,15000,launatafla,úr texta,". maí 2018. Launatafla IV: Gildir frá 1. júní 2018 til 31. mars 2019. Mánaðarlaun hækka sem hér segir á samningstímanum: 1. maí 2015 25.000 kr. eða að lágmarki 7,7% sbr. meðfylgjandi launatöflu 1. júní 2016 15.000 kr. eða að lágmarki 5,5% sbr. meðfylgjandi launatöflu 1. júní 2017 2,5% hækkun launatöflu auk jöfnunar á bilum milli launaflokka í launatöflu sbr. meðfylgjandi launatöflu."
reykjavik,Reykjavíkurborg,reykjavik/heildarkjarasamningur_samidn_2015_-_2019_uppf_6.9.2018_002.pdf,Reykjavíkurborgar,Samiðnar,aðilar úr skjali,2015-05-01,2019-03-31,2016-06-01,prósenta,6.0,,kauptaxtar,úr texta,"m gegnir fullu starfi, skulu greidd skv. meðfylgjandi launatöflum í fylgiskjali IV sem taka eftirfarandi breytingum á samningstímanum: 1. maí 2015 hækka laun um kr. 25.000,- þó að lágmarki 7,7% 1. júní 2016 hækka launataxtar um 6,0% 1. júní 2017 tekur ný launatafla gildi. Launataxtar í kjarasamningi verða skv. meðfylgjandi launatöflu í fylgiskjali IV"
reykjavik,Reykjavíkurborg,reykjavik/rvk_efling_samningur_2016_2019_loka_jan.pdf,Reykjavíkurborgar,Eflingar – stéttarfélags,aðilar úr skjali,2016-01-01,2019-12-31,2016-06-01,prósenta,6.0,,kauptaxtar,úr texta,"m gegnir fullu starfi, skulu greidd skv. meðfylgjandi launatöflum í fylgiskjali XIV sem taka eftirfarandi breytingum á samningstímanum: 1. maí 2015 hækka laun um kr. 25.000,- þó að lágmarki 7.7% 1. júní 2016 hækka launataxtar um 6,0% 1. júní 2017 kemur ný launatafla þar sem lífaldursþrep falla niður en starfsaldursþrep koma inn í staðinn. Auk þess er"
reykjavik,Reykjavíkurborg,reykjavik/sfr_-_heildarkjarasamningur_1.mai_2015-_31.mars_2019.pdf,Reykjavíkurborgar,SFR- stéttarfélags í almannaþjónustu,aðilar úr skjali,2015-05-01,2019-03-31,2016-06-01,prósenta,6.0,,kauptaxtar,úr texta,", skulu greidd skv. Með- fylgjandi launatöflum í fylgiskjali II sem taka eftirfarandi breytingum á samn - ingstímanum: 1. maí 2015 kr. 25.000,- þó að lágmarki 7,7%. sbr. meðfylgjandi launatöflu. 1. júní 2016 Hækkun launatöflu um 6,0% 1. júní 2017 Ný launatafla. Launataxtar í kjarasamningi verða skv. meðfylgjandi launatöflu. 1. júní 2018 Hækkun launat"
sa,Samtök atvinnulífsins,sa/kjoelfar_loka.pdf,,,aðeins heimild,,,2016-06-01,prósenta,5.5,,almenn laun,úr texta,"rygging fer í 245 þúsund kr ónur á m ánuði vi ð gildistöku samningsins og 300 þúsund krónur á mánuði frá og með 1. júní 2018. Dagsetning Hækkun Skýring 1. maí 2015 25 þús.kr. hækkun að lágmarki 7,7% 1. júní 2016 15 þús.kr. hækkun að lágmarki 5,5% 1. júní 2017 2,5% 1,7% Almenn launahækkun. Jöfnun á launabilum í töflu 1. júní 2018 2% 1. febr. 2019 42,5 þús. kr. Ein"
sa,Samtök atvinnulífsins,sa/kjoelfar_loka.pdf,,,aðeins heimild,,,2016-06-01,prósenta,3.5,,almenn laun,úr texta,"fa slíka menntun. Samningstíminn er frá 1. júní 2015 til 31. mars 2019. Dagsetning Leikskólakennarar Leiðbeinendur Skýring 1. júní 2015 9,5% 55 þús./7,9% Almenn hækkun. 1. jan. 2016 2% Almenn hækkun. 1. júní 2016 3,5% 5,5% Almenn hækkun. 1. júní 2017 3% 3% Almenn hækkun. 1. júní 2018 3% 3% Almenn hækkun. 2.2 Launaþróun og launamyndun 2006-2015 Í þessum ka"
sameyki,Sameyki stéttarfélag í almannaþjónustu,sameyki/''sns_strv_akranes_hofdi_2015loka.pdf,SAMBANDS ÍSLENSKRA SVEITARFÉLAGA f.h. þeirra sveitarfélaga,annarra aðila sem hún hefur,aðilar úr skjali,,,2016-06-01,prósenta eða krónutala,5.5,15000,launatafla,úr texta,"31. maí 2018. Launatafla IV: Gildir frá 1. júní 2018 til 31. mars 2019 Mánaðarlaun hækka sem hér segir á samningstímanum: 1. maí 2015 25.000 kr. eða að lágmarki 7,7% sbr. meðfylgjandi launatöflu 1. júní 2016 15.000 kr. eða að lágmarki 5,5% sbr. meðfylgjandi launatöflu 1. júní 2017 2,5% sbr. meðfylgjandi launatöflu 1,7% vegna jöfnunar á bilum milli launaflokka í launatöflu 1. júní 2018"
sameyki,Sameyki stéttarfélag í almannaþjónustu,sameyki/''sns_strv_seltjarnarnes_2015loka.pdf,SAMBANDS ÍSLENSKRA SVEITARFÉLAGA f.h. þeirra sveitarfélaga,annarra aðila sem hún hefur,aðilar úr skjali,,,2016-06-01,prósenta eða krónutala,5.5,15000,launatafla,úr texta,"31. maí 2018. Launatafla IV: Gildir frá 1. júní 2018 til 31. mars 2019 Mánaðarlaun hækka sem hér segir á samningstímanum: 1. maí 2015 25.000 kr. eða að lágmarki 7,7% sbr. meðfylgjandi launatöflu 1. júní 2016 15.000 kr. eða að lágmarki 5,5% sbr. meðfylgjandi launatöflu 1. júní 2017 2,5% sbr. meðfylgjandi launatöflu 1,7% vegna jöfnunar á bilum milli launaflokka í launatöflu 1. júní 2018"
samidn,Samiðn,samidn/Heildarkjarasamningur_Samidn_2015_-_2019_uppf_6.9.2018.pdf,Reykjavíkurborgar,Samiðnar,aðilar úr skjali,2015-05-01,2019-03-31,2016-06-01,prósenta,6.0,,kauptaxtar,úr texta,"m gegnir fullu starfi, skulu greidd skv. meðfylgjandi launatöflum í fylgiskjali IV sem taka eftirfarandi breytingum á samningstímanum: 1. maí 2015 hækka laun um kr. 25.000,- þó að lágmarki 7,7% 1. júní 2016 hækka launataxtar um 6,0% 1. júní 2017 tekur ný launatafla gildi. Launataxtar í kjarasamningi verða skv. meðfylgjandi launatöflu í fylgiskjali IV"
samidn,Samiðn,samidn/SNS_Samidn_2015-2019_Heildarkjarasamningur_LOK-1.pdf,SAMBAND ÍSLENSKRA SVEITARFÉLAGA F.H. ÞEIRRA SVEITARFÉLAGA,ANNARRA AÐILA SEM ÞAÐ HEFUR,aðilar úr skjali,2015-01-01,2019-12-31,2016-06-01,prósenta eða krónutala,5.5,15000,launatafla,úr texta,"maí 2018. Launatafla IV: Gildir frá 1. júní 2018 til 31. mars 2019. Mánaðarlaun hækka sem hér segir á samningstímanum: 1. maí 2015 25.000 kr. eða að lágmarki 7,7% sbr. meðfylgjandi launatöflu 1. júní 2016 15.000 kr. eða að lágmarki 5,5% sbr. meðfylgjandi launatöflu 1. júní 2017 2,5% hækkun launatöflu auk jöfnunar á bilum milli launaflokka í launatöflu sbr. meðfylgjandi launatöflu."
sgs,Starfsgreinasamband Íslands,sgs/kjarasamningur-sgs-og-rikisins-2015.pdf,fjármála- og efnahagsráðherra f.h. ríkissjóðs,Starfsgreinasambands Íslands,aðilar úr skjali,,,2016-06-01,prósenta eða krónutala,5.5,15000,launatafla,úr texta,"anns sem gegnir fullu starfi, skulu greidd samkvæmt meðfylgjandi launatöflum í fylgiskjölum II, III, IV og V. 1. maí 2015: Laun hækka um 25.000 kr., sbr. meðfy lgjandi töflu (sjá fylgiskjal II). 1. júní 2016: Laun hækka um 5,5% eða 15.000 kr. að lágmarki, sbr. meðfylgjandi töflu (fylgiskjal III). 1. júní 2017: 4,5%, sbr. meðfylgjandi töflu (fylgiskjal IV). 1. júní 2018: 3%, sbr. meðfylgjandi töflu"
sgs,Starfsgreinasamband Íslands,sgs/kjarasamningur-sgs-og-sveitarfelaga-2015.pdf,Starfsgreinasambands Íslands,Sambands íslenskra sveitarfélaga,aðilar úr skjali,,,2016-06-01,prósenta eða krónutala,5.5,15000,launatafla,úr texta,"aí 2018. Launatafla IV: Gildir frá 1. júní 2018 til 31. mars 2019. Mánaðarlaun hækka sem hér segir á samningstímanum: 1. maí 2015: 25.000 kr. eða að lágmarki 7,7% sbr. meðfylgjandi launatöflu. 1. júní 2016: 15.000 kr. eða að lágmarki 5,5% sbr. meðfylgjandi launatöflu. 1. júní 2017: 2,5% sbr. meðfyl gjandi launatöflu. 1,7% vegna jöfnunar á bilum milli launaflokka í launatöflu. 1. jún"
vm,VM - Félag vélstjóra og málmtæknimanna,vm/kjarasamningur-vm-orkubu-vestfj-april-2015.pdf,ORKUBÚS VESTFJARÐA,VM – Félags vélstjóra og málmtæknimanna,aðilar úr skjali,2015-04-01,2018-12-31,2017-04-01,prósenta,4.5,,launatafla,úr texta,"íl 2015 1.1.2 Útgefin launatafla hverju sinni nær yfir alla launaflokka sem miðað er við í kjarasamningi þessum. Á samningstímanum skulu laun hækka sem hér segir: 1. janúar 2016: 6,2% 1. apríl 2017: 4,5%. 1. apríl 2018: 3,0%. 1.1.3 Yfirvinna er 1,0385% af mánaðarlaunum. 1.1.4. Laun fyrir hluta úr mánuði reiknas"
afl,AFL Starfsgreinafélag,afl/2015-2018-KjarasamningurSA.pdf,LÍV/VR,Samtaka atvinnulífsins,aðilar úr skjali,2015-05-01,2018-12-31,2017-05-01,prósenta,5.5,,kauptaxtar,úr texta,"tarfa í afkastatengdum launakerfum þar sem laun vegna frammistöðu eru meginhluti launa. Sérstök hækkun kauptaxta kjarasamnings Kauptaxtar kjarasamnings hækka sérstaklega, sbr. fylgiskjal. Kjaratengdir liðir kjarasamnings hækka um 5,5% nema um annað hafi verið samið. Launabreytingar 1. maí 2017 Þann 1. maí 2017 hækka laun og launatengdir liðir um 3,0%. Kauptaxtar kjarasamnings þessa hækka frá sama "
afl,AFL Starfsgreinafélag,afl/2015-2018-KjarasamningurSA.pdf,LÍV/VR,Samtaka atvinnulífsins,aðilar úr skjali,2015-05-01,2018-12-31,2017-05-01,prósenta,3.0,,kauptaxtar,úr texta,"ptaxta kjarasamnings Kauptaxtar kjarasamnings hækka sérstaklega, sbr. fylgiskjal. Kjaratengdir liðir kjarasamnings hækka um 5,5% nema um annað hafi verið samið. Launabreytingar 1. maí 2017 Þann 1. maí 2017 hækka laun og launatengdir liðir um 3,0%. Kauptaxtar kjarasamnings þessa hækka frá sama tíma um 4,5%, sbr. fylgiskjal. Launabreytingar 1. maí 2018 Þann 1. maí 2018 hækka laun og launatengdir lið"
afl,AFL Starfsgreinafélag,afl/2016_KjarasamningurSGS_LS.pdf,Starfsgreinasambands Íslands,Landssambands smábátaeigenda,aðilar úr skjali,,,2017-05-01,prósenta,3.1,,óskilgreint,úr texta,"lda þar ákvæði sjómannasamninga. Samningurinn gildir jafnframt fyrir starfsmenn sem starfa við netavinnu. Umsamdar hækkanir verða sem hér segir: 9,5% frá 1. maí 2015 8,7% frá 1. janúar 2016 4,5% frá 1. maí 2017 3,1% frá 1. maí 2018 2. gr. Launakjör a) Beitning með beituskurði Greiða skal starfsmanni sem beitir í landi pr. bjóð samkvæmt ne"
afl,AFL Starfsgreinafélag,afl/2016_KjarasamningurSGS_LS.pdf,Starfsgreinasambands Íslands,Landssambands smábátaeigenda,aðilar úr skjali,,,2017-05-01,prósenta,4.5,,óskilgreint,úr texta,".607 Uppstokkun 281.016 420 króka bjóð 123,87 2.269 281.016 450 króka bjóð 115,62 2.431 281.016 500 króka bjóð 104,05 2.701 281.016 540 króka bjóð 96,35 2.917 Kauptrygging vegna kjarasamnings milli LS. og SGS 2015 til 2018. Breytingin er 4,5 % hækkun á kauptryggingu. Gildir frá 1. maí 2017 Kauptrygging Tegund Fj. pr. mán. Gr. pr.bjóð Með beituskurði 293.661 420 króka bjóð 91,67 3.203 293.661 450 k"
afl,AFL Starfsgreinafélag,afl/Kjarasamningur_2015_SA_Samidn.pdf,Samtaka atvinnulífsins,"Samiðnar - sambands iðnfélaga f.h. aðildarfélaga í málmiðnaði, byggingariðnaði og skrúðgarðyrkju",aðilar úr skjali,2015-05-01,2018-12-31,2017-05-01,prósenta,4.5,,kauptaxtar,úr texta,"% launabreyting me ð takmarkaðri heimild til frádráttar kom í stað 5,5% launaþróunartryggingar. Samningur Samtaka atvinnulífsins og Samiðnar 11 1.1.2.3. Launabreytingar 1. maí 2017 ‡ Þann 1. maí 2017 hækka laun og launatengdir liðir um 4,5%. 1.1.2.4. Launabreytingar 1. maí 2018* Þann 1. maí 2018 hækka laun og launatengdir liðir um 3,0%. 1.1.2.5. Kauptaxtar og kjaratengdir liðir"
afl,AFL Starfsgreinafélag,afl/Kjarasamningur_2015_SA_Samidn.pdf,Samtaka atvinnulífsins,"Samiðnar - sambands iðnfélaga f.h. aðildarfélaga í málmiðnaði, byggingariðnaði og skrúðgarðyrkju",aðilar úr skjali,2015-05-01,2018-12-31,2017-05-01,prósenta,3.0,,kauptaxtar,úr texta,"iskjal. Kauptaxtar gilda frá 1. maí 2015 og taka á samningstímanum breytingum skv. gr. 1.1. 2. Kjaratengdir liðir kjarasam nings hækka um 7,2% þann 1. maí 2015, 6,2% þann 1. janúar 2016, 4,5% þann 1. maí 2017 og 3,0% 1. maí 2018, nema um annað sé samið í kjarasamningi. 1.1.2.6. Taxtar faglærðra færðir nær greiddum launum Með samning"
framsyn,Framsýn stéttarfélag,framsyn/Kjarasamningur_2015_SA_og_Samiðn_-_lokaskjal_4.5.2016.pdf,Samtaka atvinnulífsins,"Samiðnar - sambands iðnfélaga f.h. aðildarfélaga í málmiðnaði, byggingariðnaði og skrúðgarðyrkju",aðilar úr skjali,2015-05-01,2018-12-31,2017-05-01,prósenta,4.5,,kauptaxtar,úr texta,"2% launabreyting með takmarkaðri heimild til frádráttar kom í stað 5,5% launaþróunartryggingar. Samningur Samtaka atvinnulífsins og Samiðnar 11 1.1.2.3. Launabreytingar 1. maí 2017 ‡ Þann 1. maí 2017 hækka laun og launatengdir liðir um 4,5%. 1.1.2.4. Launabreytingar 1. maí 2018* Þann 1. maí 2018 hækka laun og launatengdir liðir um 3,0%. 1.1.2.5. Kauptaxtar og kjaratengdir liðir"
framsyn,Framsýn stéttarfélag,framsyn/Kjarasamningur_2015_SA_og_Samiðn_-_lokaskjal_4.5.2016.pdf,Samtaka atvinnulífsins,"Samiðnar - sambands iðnfélaga f.h. aðildarfélaga í málmiðnaði, byggingariðnaði og skrúðgarðyrkju",aðilar úr skjali,2015-05-01,2018-12-31,2017-05-01,prósenta,3.0,,kauptaxtar,úr texta,"iskjal. Kauptaxtar gilda frá 1. maí 2015 og taka á samningstímanum breytingum skv. gr. 1.1. 2. Kjaratengdir liðir kjarasam nings hækka um 7,2% þann 1. maí 2015, 6,2% þann 1. janúar 2016, 4,5% þann 1. maí 2017 og 3,0% 1. maí 2018, nema um annað sé samið í kjarasamningi. 1.1.2.6. Taxtar faglærðra færðir nær greiddum launum Með samning"
grafia,Grafía,grafia/Bref_til_felagsmanna_atkvgreidsla_Grafia_SIA_8.7.pdf,"aðila, allt eftir eðli",umfangi starfsins ásamt ábyrgð sem því fylgir og ekki vera lægra en fyrir,aðilar úr skjali,,,2017-05-01,prósenta,3.0,,kauptaxtar,úr texta,"amningstímanum eða frá 88.000 – 106.000 kr. 1. Launabreytingar a. Almenn hækkun 1. maí 2015 3,2 – 7,2% launaþróunartrygging (sjá töflu í kjarasamningi) 1. maí 2016 5,5% launaþróunartrygging 1. maí 2017 3,0% 1. maí 2018 2,0% b. Krónutöluhækkun á taxta 1. maí 2015 16,5% hækkun kauptaxta (45.000 – 54.000 kr). 1. maí 2016 5"
grafia,Grafía,grafia/Bref_til_felagsmanna_atkvgreidsla_Grafia_SIA_8.7.pdf,"aðila, allt eftir eðli",umfangi starfsins ásamt ábyrgð sem því fylgir og ekki vera lægra en fyrir,aðilar úr skjali,,,2017-05-01,prósenta og krónutala,4.5,18000,kauptaxtar,úr texta,"þróunartrygging 1. maí 2017 3,0% 1. maí 2018 2,0% b. Krónutöluhækkun á taxta 1. maí 2015 16,5% hækkun kauptaxta (45.000 – 54.000 kr). 1. maí 2016 5,5% hækkun kauptaxta (17.400 – 21.000 kr). 1. maí 2017 4,5% hækkun kauptaxta (15.000 – 18.000 kr). 1. maí 2018 3,0% hækkun kauptaxta (10.500 – 12.600 kr). Ný grein um verkstjóra verði gr. 7.1.2 og orðist svo: Félagsmö"
grafia,Grafía,grafia/Kauptaxtar_1.05.2017.pdf,GRAFÍU – stéttarfélags í prent,miðlunargrein,aðilar úr skjali,,,2017-05-01,prósenta,4.5,,kauptaxtar,úr texta,": Þegar um tímabundnar ráðningar / verkefnaráðningar er að ræða er miðað við að skrifleg staðfesting ráðningar liggi fyrir áður en til fyrstu launaútborg - unar kemur. Kauptaxti GRAFÍU frá og með 1. maí 2017 Almenn launahækkun 4,5% Mánaðarlaun Dagvinna Yfirvinna Yfirvinna í vaktavinnu Sveinar Byrjunarlaun 347.753 kr 2006,31 3611,41 4012,62 Eftir 1 ár 353.475 kr 2039,32 3670,84 4078,64 Eftir 3 ár 3"
grafia,Grafía,grafia/P15.03.312-3_1.pdf,Grafíu – stéttarfélags í prent,miðlunargrein,aðilar úr skjali,,,2017-05-01,prósenta,3.0,,kauptaxtar,úr texta,"Afkastatengd launakerfi Launaþróunartrygging nær ekki til launa- manna sem starfa í afkastatengdum launa- kerfum þar sem laun vegna frammistöðu eru meginhluti launa. Launabreytingar 1. maí 2017 Þann 1. maí 2017 hækka laun og launa - tengdir liðir um 3,0%. Kauptaxtar kjarasamnings þessa hækka frá sama tíma um 4,5%. Launabreytingar 1. maí 2018 Þann 1. maí 2018 hækka laun og launa - tengdir liðir um "
grafia,Grafía,grafia/P15.03.312-3_1.pdf,Grafíu – stéttarfélags í prent,miðlunargrein,aðilar úr skjali,,,2017-05-01,prósenta,2.0,,kauptaxtar,úr texta,"amnings þessa. Kauptaxtar gilda frá 1. maí 2015 og taka á samningstímanum breytingum skv. 2. gr. Kjaratengdir liðir kjarasamnings hækka um 7,2% þann 1. maí 2015, 5,5% þann 1. maí 2016, 3,0% þann 1. maí 2017 og 2,0% 1. maí 2018, nema um annað sé samið í kjarasamningi. Kauptaxti Grafíu/FBM frá og með 1. maí 2015 Launaþróunartrygging"
grafia,Grafía,grafia/kynning.pdf.pdf,Grafíu - stéttarfélags í prent,miðlunargrein,aðilar úr skjali,,,2017-05-01,prósenta,3.0,,kauptaxtar,úr texta,"t- og miðlunargreinum og Samtaka atvinnulífsins 1. Launabreytingar a. Almenn hækkun 1. maí 2015 3,2 – 7,2% launaþróunartrygging (sjá töflu í kjarasamningi) 1. maí 2016 5,5% launaþróunartrygging 1. maí 2017 3,0% 1. maí 2018 2,0% b. Krónutöluhækkun á taxta 1. maí 2015 40.000 kr. hækkun kauptaxta sveina, auk þess sem við bætist n"
grafia,Grafía,grafia/kynning.pdf.pdf,Grafíu - stéttarfélags í prent,miðlunargrein,aðilar úr skjali,,,2017-05-01,prósenta,4.5,,kauptaxtar,úr texta,"f eða tvö sveinspróf sem nýtast í starfi. 1. maí 2015 25.000 kr. hækkun aðstoðarfólks og nema. 1. maí 2016 5,5% hækkun kauptaxta sveina. 1. maí 2016 15.000 kr. hækkun kauptaxta aðstoðarfólks og nema. 1. maí 2017 4,5% hækkun allra kauptaxta. 1. maí 2018 3,0% hækkun allra kauptaxta. c. Lágmarkstekjutrygging í dagvinnu 1. maí 2015 245.000 kr. á mánuði 1. maí"
sa,Samtök atvinnulífsins,sa/012d00dc-4418-48bf-9a54-3b92d7e9a329_Kjarasamningur SA og Rafiðnaðarsambands Íslands 15-18.pdf,Samtaka atvinnulífsins og Samtaka rafverktaka,Rafiðnaðarsambands Íslands vegna aðildarfélaga,aðilar úr skjali,2015-05-01,2018-12-31,2017-05-01,prósenta,4.5,,kauptaxtar,úr texta,"Þó skal enginn starfsmaður fá minna en 6,2% launahækkun, að lágmarki kr. 15.000 á mánaðarlaun fyrir dagvinnu, á tímabilinu 2. maí til 31. desember 2015. 1.2.3. Launabreytingar 1. maí 20173 Þann 1. maí 2017 hækka laun og launatengdir liðir um 4,5%. 1.2.4. Launabreytingar 1. maí 20183 Þann 1. maí 2018 hækka laun og launatengdir liðir um 3,0%. 1.2.5. Kauptaxtar og kjaratengdir liðir Í"
sa,Samtök atvinnulífsins,sa/012d00dc-4418-48bf-9a54-3b92d7e9a329_Kjarasamningur SA og Rafiðnaðarsambands Íslands 15-18.pdf,Samtaka atvinnulífsins og Samtaka rafverktaka,Rafiðnaðarsambands Íslands vegna aðildarfélaga,aðilar úr skjali,2015-05-01,2018-12-31,2017-05-01,prósenta,3.0,,kauptaxtar,úr texta,"fylgiskjal. Kauptaxtar gilda frá 1. maí 2015 og taka á samningstímanum breytingum skv. gr. 1.2. Kjaratengdir liðir kjarasamnings hækka um 7,2% þann 1. maí 2015, 6,2% þann 1. janúar 2016, 4,5% þann 1. maí 2017 og 3,0% 1. maí 2018, nema um annað sé samið í kjarasamningi. 1.2.6. Taxtar faglærðra færðir nær greiddum launum Með samningn"
sa,Samtök atvinnulífsins,sa/012d00dc-4418-48bf-9a54-3b92d7e9a329_Kjarasamningur SA og Rafiðnaðarsambands Íslands 15-18.pdf,Samtaka atvinnulífsins og Samtaka rafverktaka,Rafiðnaðarsambands Íslands vegna aðildarfélaga,aðilar úr skjali,2015-05-01,2018-12-31,2017-05-01,prósenta,2.0,,kauptaxtar,úr texta,"tað 5,5% launaþróunartryggingar. 3 Sbr. samning SA og ASÍ fr á 21. janúar 2016. Í stað 3,0% almennrar hækkunar launa og 4,5% hækkunar kauptaxta kjarasamnings hækka laun og kauptaxtar um 4,5% þann 1. maí 2017. Í stað 2,0% almennrar hækkunar launa og 3,0% hækkunar kauptaxta kjarasamnings hækka laun og kauptaxtar um 3,0% þann 1. maí 2018. Samningur Samtaka atvinnulífsins og RSÍ 11 launahækkana en sem"
sa,Samtök atvinnulífsins,sa/1a376bbd-0331-4b28-a3a4-01379b413c5e_Samiðn - KJARASAMNINGUR 2015 - breytingar.pdf,Samiðnar,Samtaka atvinnulífsins,aðilar úr skjali,,,2017-05-01,prósenta,3.0,,kauptaxtar,úr texta,"tatengd launakerfi Launaþróunartrygging nær ekki til launamanna sem starfa í afkastatengdum launakerfum þar sem laun vegna frammistöðu eru meginhluti launa. Launabreytingar 1. maí 2017 Þann 1. maí 2017 hækka laun og launatengdir liðir um 3,0%. Kauptaxtar kjarasamnings þessa hækka frá sama tíma um 4,5%. Launabreytingar 1. maí 2018 Þann 1. maí 2018 hækka laun og launatengdir liðir um 2,0%. Kaupta"
sa,Samtök atvinnulífsins,sa/1a376bbd-0331-4b28-a3a4-01379b413c5e_Samiðn - KJARASAMNINGUR 2015 - breytingar.pdf,Samiðnar,Samtaka atvinnulífsins,aðilar úr skjali,,,2017-05-01,prósenta,2.0,,kauptaxtar,úr texta,"andi fylgiskjal. Kauptaxtar gilda frá 1. maí 2015 og taka á samningstímanum breytingum skv. 2. gr. Kjaratengdir liðir kjarasamnings hækka um 7,2% þann 1. maí 2015, 5,5% þann 1. maí 2015, 3,0% þann 1. maí 2017 og 2,0% 1. maí 2018, nema um annað sé samið í kjarasamningi. Taxtar faglærðra færðir nær greiddum launum Með samningnum eru"
sa,Samtök atvinnulífsins,sa/6a6029a1-e5f2-4d0b-8e3a-ed8a56889efb_Kjarasamningur SA og Félags hársnyrtisveina 15-18.pdf,Samtaka atvinnulífsins,Félags hársnyrtisveina,aðilar úr skjali,2015-05-01,2018-12-31,2017-05-01,prósenta,4.5,,almenn laun,úr texta,"Þó skal enginn starfsmaður fá minna en 6,2% launahækkun, að lágmarki kr. 15.000 á mánaðarlaun fyrir dagvinnu, á tímabilinu 2. maí til 31. desember 2015. 1.2.3. Launabreytingar 1. maí 2017* Þann 1. maí 2017 hækka laun og launatengdir liðir um 4,5%.3 1.2.4. Launabreytingar 1. maí 2018* Þann 1. maí 2018 hækka laun og launatengdir liðir um 3,0%.3 1.2.5. Taxtar faglærðra færðir nær greiddum"
sa,Samtök atvinnulífsins,sa/762fc76c-9aed-4452-bfd5-503849cbc2ea_Kjarasamningur SA og Samiðnar vegna málmiðnaðar_ byggingariðnaðar og skrúðgarðyrkju 15-18.pdf,Samtaka atvinnulífsins,"Samiðnar - sambands iðnfélaga f.h. aðildarfélaga í málmiðnaði, byggingariðnaði og skrúðgarðyrkju",aðilar úr skjali,2015-05-01,2018-12-31,2017-05-01,prósenta,4.5,,kauptaxtar,úr texta,",2% launabreyting með takmarkaðri heimild til frádráttar kom í stað 5,5% launaþróunartryggingar. Samningur Samtaka atvinnulífsins og Samiðnar 11 1.1.2.3. Launabreytingar 1. maí 20173 Þann 1. maí 2017 hækka laun og launatengdir liðir um 4,5%. 1.1.2.4. Launabreytingar 1. maí 2018* Þann 1. maí 2018 hækka laun og launatengdir liðir um 3,0%. 1.1.2.5. Kauptaxtar og kjaratengdir liðir"
sa,Samtök atvinnulífsins,sa/762fc76c-9aed-4452-bfd5-503849cbc2ea_Kjarasamningur SA og Samiðnar vegna málmiðnaðar_ byggingariðnaðar og skrúðgarðyrkju 15-18.pdf,Samtaka atvinnulífsins,"Samiðnar - sambands iðnfélaga f.h. aðildarfélaga í málmiðnaði, byggingariðnaði og skrúðgarðyrkju",aðilar úr skjali,2015-05-01,2018-12-31,2017-05-01,prósenta,3.0,,kauptaxtar,úr texta,"iskjal. Kauptaxtar gilda frá 1. ma í 2015 og taka á samningstímanum breytingum skv. gr. 1.1. 2. Kjaratengdir liðir kjarasamnings hækka um 7,2% þann 1. maí 2015, 6,2% þann 1. janúar 2016, 4,5% þann 1. maí 2017 og 3,0% 1. maí 2018, nema um annað sé samið í kjarasamningi. 1.1.2.6. Taxtar faglærðra færðir nær greiddum launum Með samning"
sa,Samtök atvinnulífsins,sa/903bbbce-42f7-4310-884d-578899007d8a_vm-kjarasamningur-2015-breytingar.pdf,"VM, Félags vélstjóra",málmtæknimanna,aðilar úr skjali,,,2017-05-01,prósenta,3.0,,kauptaxtar,úr texta,"tatengd launakerfi Launaþróunartrygging nær ekki til launamanna sem starfa í afkastatengdum launakerfum þar sem laun vegna frammistöðu eru meginhluti launa. Launabreytingar 1. maí 2017 Þann 1. maí 2017 hækka laun og launatengdir liðir um 3,0%. Kauptaxtar kjarasamnings þessa hækka frá sama tíma um 4,5%. Launabreytingar 1. maí 2018 Þann 1. maí 2018 hækka laun og launatengdir liðir um 2,0%. Kaupta"
sa,Samtök atvinnulífsins,sa/903bbbce-42f7-4310-884d-578899007d8a_vm-kjarasamningur-2015-breytingar.pdf,"VM, Félags vélstjóra",málmtæknimanna,aðilar úr skjali,,,2017-05-01,prósenta,2.0,,kauptaxtar,úr texta,"andi fylgiskjal. Kauptaxtar gilda frá 1. maí 2015 og taka á samningstímanum breytingum skv. 2. gr. Kjaratengdir liðir kjarasamnings hækka um 7,2% þann 1. maí 2015, 5,5% þann 1. maí 2015, 3,0% þann 1. maí 2017 og 2,0% 1. maí 2018, nema um annað sé samið í kjarasamningi. Taxtar faglærðra færðir nær greiddum launum Með samningnum eru"
sa,Samtök atvinnulífsins,sa/a8329117-813c-4523-b1b7-423bb1ae7ee0_Kjarasamningur SA og VM_ félags vélstjóra og málmtæknimanna 15-18.pdf,Samtaka atvinnulífsins,"VM, félags vélstjóra og málmtæknimanna",aðilar úr skjali,2015-05-01,2018-12-31,2017-05-01,prósenta,5.5,,almenn laun,úr texta,"2 Launabreyting 1. maí 2016 var með samningi SA, ASÍ og aðildarfélaga ASÍ dags. 21. janúar 2016 færð fram til 1. janúar 2016 og almenn 6,2% launabreyting með takmarkaðri heimild til frádráttar kom í stað 5,5% launaþróunartryggingar. Samningur SA og VM 11 1.1.2.3. Launabreytingar 1. maí 20173 Þann 1. maí 2017 hækka laun og launatengdir liðir um 4,5%. 1.1.2.4. Launabreytingar 1. maí 20183 Þann 1. ma"
sa,Samtök atvinnulífsins,sa/a8329117-813c-4523-b1b7-423bb1ae7ee0_Kjarasamningur SA og VM_ félags vélstjóra og málmtæknimanna 15-18.pdf,Samtaka atvinnulífsins,"VM, félags vélstjóra og málmtæknimanna",aðilar úr skjali,2015-05-01,2018-12-31,2017-05-01,prósenta,4.5,,kauptaxtar,úr texta,"il 1. janúar 2016 og almenn 6,2% launabreyting með takmarkaðri heimild til frádráttar kom í stað 5,5% launaþróunartryggingar. Samningur SA og VM 11 1.1.2.3. Launabreytingar 1. maí 20173 Þann 1. maí 2017 hækka laun og launatengdir liðir um 4,5%. 1.1.2.4. Launabreytingar 1. maí 20183 Þann 1. maí 2018 hækka laun og launatengdir liðir um 3,0%. 1.1.2.5. Kauptaxtar og kjaratengdir liðir"
sa,Samtök atvinnulífsins,sa/a8329117-813c-4523-b1b7-423bb1ae7ee0_Kjarasamningur SA og VM_ félags vélstjóra og málmtæknimanna 15-18.pdf,Samtaka atvinnulífsins,"VM, félags vélstjóra og málmtæknimanna",aðilar úr skjali,2015-05-01,2018-12-31,2017-05-01,prósenta,2.0,,kauptaxtar,úr texta,"3 Sbr. samning SA og ASÍ frá 21. janúar 2016. Í stað 3,0% almennrar hækkunar launa og 4,5% hækkunar kauptaxta kjarasamnings hækka laun og kauptaxtar um 4,5% þann 1. maí 2017. Í stað 2,0% almennrar hækkunar launa og 3,0% hækkunar kauptaxta kjarasamnings hækka laun og kauptaxtar um 3,0% þann 1. maí 2018. 12 Samningur SA og VM sem verið hafa samfellt í starfi hjá atvinnurekanda í"
sa,Samtök atvinnulífsins,sa/b2112bf8-1d66-460a-9d6c-55b93316dbb7_Eldri - Kjarasamningar SA og Félags leiðsögumanna.pdf,SAMTAKA ATVINNULÍFSINS,SAMTAKA FERÐAÞJÓNUSTUNNAR,aðilar úr skjali,2015-07-01,2018-12-31,2017-05-01,prósenta,4.5,,kauptaxtar,úr texta,"til 31. desember 2014 hækka um 3,2%. Launabreytingar 1. janúar 2016 Nýir launataxtar taka gildi sbr. fskj. 1 Almennar launahækkanir eru 6,2% sbr. þó bókun með þessari grein. Launabreytingar 1. maí 2017 Nýir launataxtar taka gildi sbr. fskj. 1 Almennar launahækkanir eru 4,5% Launabreytingar 1. maí 2018 Nýir launataxtar taka gildi sbr. fskj. 1 Almennar launahækkanir eru 3% Orlofslaun reiknast ofan á"
sa,Samtök atvinnulífsins,sa/c6a09f95-cbb2-47f1-ab6e-d7d863af55f8_RSÍ - KJARASAMNINGUR 2015 - breytingar.pdf,Rafiðnaðarsambands Íslands,Samtaka atvinnulífsins,aðilar úr skjali,,,2017-05-01,prósenta,3.0,,kauptaxtar,úr texta,"tatengd launakerfi Launaþróunartrygging nær ekki til launamanna sem starfa í afkastatengdum launakerfum þar sem laun vegna frammistöðu eru meginhluti launa. Launabreytingar 1. maí 2017 Þann 1. maí 2017 hækka laun og launatengdir liðir um 3,0%. Kauptaxtar kjarasamnings þessa hækka frá sama tíma um 4,5%. Launabreytingar 1. maí 2018 Þann 1. maí 2018 hækka laun og launatengdir liðir um 2,0%. Kaupta"
sa,Samtök atvinnulífsins,sa/c6a09f95-cbb2-47f1-ab6e-d7d863af55f8_RSÍ - KJARASAMNINGUR 2015 - breytingar.pdf,Rafiðnaðarsambands Íslands,Samtaka atvinnulífsins,aðilar úr skjali,,,2017-05-01,prósenta,2.0,,kauptaxtar,úr texta,"andi fylgiskjal. Kauptaxtar gilda frá 1. maí 2015 og taka á samningstímanum breytingum skv. 2. gr. Kjaratengdir liðir kjarasamnings hækka um 7,2% þann 1. maí 2015, 5,5% þann 1. maí 2015, 3,0% þann 1. maí 2017 og 2,0% 1. maí 2018, nema um annað sé samið í kjarasamningi. Taxtar faglærðra færðir nær greiddum launum Með samningnum eru"
sa,Samtök atvinnulífsins,sa/ded6a8a7-6855-4da1-be06-63218b4f6166_Eldri-Kjarasamningur SA og Sambands stjórnendafélaga.pdf,Samtaka atvinnulífsins,Sambands stjórnendafélaga*,aðilar úr skjali,2015-05-01,2018-12-31,2017-05-01,prósenta,4.5,,almenn laun,úr texta,"skal enginn starfsmaður fá minna en 6,2% launahækkun, að lágmarki kr. 15.000 á mánaðarlaun fyrir dagvinnu, á tímabilinu 2. maí til 31. desember 2015. 1.1.1.3. Launabreytingar 1. maí 20172 Þann 1. maí 2017 hækka laun og launatengdir liðir um 4,5%. 1.1.1.4. Launabreytingar 1. maí 20182 Þann 1. maí 2018 hækka laun og launatengdir liðir um 3,0%. 1.1.2. Persónubundin laun Um laun verkstjó"
sa,Samtök atvinnulífsins,sa/ded6a8a7-6855-4da1-be06-63218b4f6166_Eldri-Kjarasamningur SA og Sambands stjórnendafélaga.pdf,Samtaka atvinnulífsins,Sambands stjórnendafélaga*,aðilar úr skjali,2015-05-01,2018-12-31,2017-05-01,prósenta,2.0,,kauptaxtar,úr texta,"í stað 5,5% launaþróunartryggingar. 2 Sbr. samning SA og ASÍ frá 21. janúar 2016. Í stað 3,0% almennrar hækkunar launa og 4,5% hækkunar kauptaxta kjarasamnings hækka laun og kauptaxtar um 4,5% þann 1. maí 2017. Í stað 2,0% almennrar hækkunar launa og 3,0% hæ kkunar kauptaxta kjarasamnings hækka laun og kauptaxtar um 3,0% þann 1. maí 2018. Samningur SA og Sambands stjórnendafélaga 9 1.2. Lágmarkshv"
sa,Samtök atvinnulífsins,sa/ebb511b9-bbf3-4537-b6dd-951764153152_Kjarasamningur meistarafélaga í byggingariðnaði og Samiðnar 15-18.pdf,"Samtaka atvinnulífsins, vegna meistarafélaga í byggingariðnaði innan Samtaka iðnaðarins",Samiðnar - sambands iðnfélaga f.h. aðildarfélaga í byggingariðnaði,aðilar úr skjali,2015-05-01,2018-12-31,2017-05-01,prósenta,4.5,,kauptaxtar,úr texta,"skal enginn starfsmaður fá minna en 6,2% launahækkun, að lágmarki kr. 15.000 á mánaðarlaun fyrir dagvinnu, á tímabilinu 2. maí til 31. desember 2015. 1.1.2.3. Launabreytingar 1. maí 20173 Þann 1. maí 2017 hækka laun og launatengdir liðir um 4,5%. 1.1.2.4. Launabreytingar 1. maí 2018* Þann 1. maí 2018 hækka laun og launatengdir liðir um 3,0%. 1.1.2.5. Kauptaxtar og kjaratengdir liðir"
sa,Samtök atvinnulífsins,sa/ebb511b9-bbf3-4537-b6dd-951764153152_Kjarasamningur meistarafélaga í byggingariðnaði og Samiðnar 15-18.pdf,"Samtaka atvinnulífsins, vegna meistarafélaga í byggingariðnaði innan Samtaka iðnaðarins",Samiðnar - sambands iðnfélaga f.h. aðildarfélaga í byggingariðnaði,aðilar úr skjali,2015-05-01,2018-12-31,2017-05-01,prósenta,3.0,,kauptaxtar,úr texta,"giskjal. Kauptaxtar gilda frá 1. maí 2015 og taka á samningstímanum breytingum skv. gr. 1.1. 2. Kjaratengdir liðir kjarasamnings hækka um 7,2% þann 1. maí 2015, 6,2% þann 1. janúar 2016, 4,5% þann 1. maí 2017 og 3,0% 1. maí 2018, nema um annað sé samið í kjarasamningi.1.1.2.6. Taxtar faglærðra færðir nær greiddum launum Með samning"
sa,Samtök atvinnulífsins,sa/ebb511b9-bbf3-4537-b6dd-951764153152_Kjarasamningur meistarafélaga í byggingariðnaði og Samiðnar 15-18.pdf,"Samtaka atvinnulífsins, vegna meistarafélaga í byggingariðnaði innan Samtaka iðnaðarins",Samiðnar - sambands iðnfélaga f.h. aðildarfélaga í byggingariðnaði,aðilar úr skjali,2015-05-01,2018-12-31,2017-05-01,prósenta,2.0,,kauptaxtar,úr texta,"stað 5,5% launaþróunartryggingar. 3 Sbr. samning SA og ASÍ frá 21. janúar 2016. Í stað 3,0% almennrar hækkunar launa og 4,5% hækkunar kauptaxta kjarasamnings hækka laun og kauptaxtar um 4,5% þann 1. maí 2017. Í stað 2,0% almennrar hækkunar launa og 3,0% hækkunar kauptaxta kjarasamnings hækka laun og kauptaxtar um 3,0% þann 1. maí 2018. Samningur meistarafélaga í byggigariðnaði og Samiðnar 11 að le"
sa,Samtök atvinnulífsins,sa/kjarasamningur-2015-sa-og-floi.pdf,Samtaka atvinnulífsins,Flóabandalagsins,aðilar úr skjali,2015-05-01,2018-12-31,2017-05-01,prósenta,4.5,,kauptaxtar,úr texta,"skal enginn starfsmaður fá minna en 6,2% launahækkun, að lágmarki kr. 15.000 á mánaðarlaun fyrir dagsvinnu, á tímabilinu 2. maí til 31. desember 2015. 1.2.3. Launabreytingar 1. maí 20174 Þann 1. maí 2017 hækka laun og launatengdir liðir um 4,5%. Kauptaxtar kjarasamnings þessa hækka frá sama tíma um 4,5%, sbr. gr. 1.1.1. 1.2.4. Launabreytingar 1. maí 20184 Þann 1. maí 2018 hækka laun og launatengdi"
sa,Samtök atvinnulífsins,sa/kjarasamningur-2015-sa-og-floi.pdf,Samtaka atvinnulífsins,Flóabandalagsins,aðilar úr skjali,2015-05-01,2018-12-31,2017-05-01,prósenta,2.0,,kauptaxtar,úr texta,"stað 5,5% launaþróunartryggingar. 4 Sbr. samning SA og ASÍ frá 21. janúar 2016. Í stað 3,0% almennrar hækkunar launa og 4,5% hækkunar kauptaxta kjarasamnings hækka laun og kauptaxtar um 4,5% þann 1. maí 2017. Í stað 2,0% almennrar hækkunar launa og 3,0% hækkunar kauptaxta kjarasamnings hækka laun og kauptaxtar um 3,0% þann 1. maí 2018. 18 Samningur SA og Eflingar, Hlífar, VSFK og SV 1.3. Lágmarkst"
sa,Samtök atvinnulífsins,sa/kjarasamningur-2015-sa-og-matvi-s-lokaskjal-14-09-2016.pdf,Samtaka atvinnulífsins,Matvæla- og veitingafélags Íslands,aðilar úr skjali,2015-05-01,2018-12-31,2017-05-01,prósenta,4.5,,kauptaxtar,úr texta,"naþróunartryggingar. 8 Samningur SA og MATVÍS 8 launahækkun, að lágmarki kr. 15.000 á mánaðarlaun fyrir dagvinnu, á tímabilinu 2. maí til 31. desember 2015. Launabreytingar 1. maí 20172 Þann 1. maí 2017 hækka laun og launatengdir liðir um 4,5%. Launabreytingar 1. maí 2018* Þann 1. maí 2018 hækka laun og launatengdir liðir um 3,0%. Kauptaxtar og kjaratengdir liðir Í stað á"
sa,Samtök atvinnulífsins,sa/kjarasamningur-2015-sa-og-matvi-s-lokaskjal-14-09-2016.pdf,Samtaka atvinnulífsins,Matvæla- og veitingafélags Íslands,aðilar úr skjali,2015-05-01,2018-12-31,2017-05-01,prósenta,3.0,,kauptaxtar,úr texta,"giskjal. Kauptaxtar gilda frá 1. maí 2015 og taka á samningstímanum breytingum skv. gr. 1.1. 2. Kjaratengdir liðir kjarasamnings hækka um 7,2% þann 1. maí 2015, 6,2% þann 1. janúar 2016, 4,5% þann 1. maí 2017 og 3,0% 1. maí 2018, nema um annað sé samið í kjarasamningi. Taxtar faglærðra færðir nær greiddum launum Með samningnum eru"
sa,Samtök atvinnulífsins,sa/kjarasamningur-2015-sa-og-matvi-s-lokaskjal-14-09-2016.pdf,Samtaka atvinnulífsins,Matvæla- og veitingafélags Íslands,aðilar úr skjali,2015-05-01,2018-12-31,2017-05-01,prósenta,2.0,,kauptaxtar,úr texta,"2 Sbr. samning SA og ASÍ frá 21. janúar 2016. Í stað 3,0% almennrar hækkunar launa og 4,5% hækkunar kauptaxta kjarasamnings hækka laun og kauptaxtar um 4,5% þann 1. maí 2017. Í stað 2,0% almennrar hækkunar launa og 3,0% hækkunar kauptaxta kjarasamnings hækka laun og kauptaxtar um 3,0% þann 1. maí 2018. 9 Samningur SA og MATVÍS 9 samkomulagi við starfsmann að uppgjörstímabil"
sa,Samtök atvinnulífsins,sa/kjarasamningur-2015-sa-og-vr-lokaskjal-sa-6-11-2017.pdf,Samtaka atvinnulífsins,VR og,aðilar úr skjali,2015-05-01,2018-12-31,2017-05-01,prósenta,4.5,,almenn laun,úr texta,"anna. Þó skal enginn starfsmaður fá minna en 6,2% launahækkun, að lágmarki kr. 15 .000 á mánaðarlaun fyrir dagvinnu, á tímabilinu 2. maí til 31. desember 2015. Launabreytingar 1. maí 20173 Þann 1. maí 2017 hækka laun og launatengdir liðir um 4,5%. Launabreytingar 1. maí 2018 Þann 1. maí 2018 hækka laun og launatengdir liðir um 3,0%. 1.2.2. Persónubundin laun Við ákvörðun launa m"
sa,Samtök atvinnulífsins,sa/kjoelfar_loka.pdf,,,aðeins heimild,,,2017-05-01,prósenta,4.5,,kauptaxtar,úr texta,"febrúar 2014. 1. maí 2016 5,5% launaþróunartrygging, að lágmarki 15 þús.kr. 5,5% launaþróunartrygging að lámarki 15 þús.kr. að frádreginni annarri hækkun á tímabilinu 2. maí 2015-30. apríl 2016 1. maí 2017 4,5% hækkun launataxta. 3% almenn hækkun Almenn hækkun launataxta Almenn launahækkun. 1. maí 2018 3% hækkun launataxta 2% almenn hækkun Almenn hækkun launataxta Almenn launahækkun Samningurinn h"
sa,Samtök atvinnulífsins,sa/liv-vr-kjarasamningur-2015-breytingar.pdf,Landssambands íslenzkra verzlunarmanna og VR,Samtaka atvinnulífsins,aðilar úr skjali,,,2017-05-01,prósenta,5.5,,kauptaxtar,úr texta,"rfa í afkastatengdum launakerfum þar sem laun vegna frammistöðu eru meginhluti launa. Sérstök hækkun kauptaxta kjarasamnings Kauptaxtar kjarasamnings hækka sérstaklega, sbr. fylgiskjal. Kjaratengdir liðir kjarasamnings hækka um 5,5% nema um annað hafi verið samið. Launabreytingar 1. maí 2017 Þann 1. maí 2017 hækka laun og launatengdir liðir um 3,0%. Kauptaxtar kjarasamnings þessa hækka frá sama tí"
sa,Samtök atvinnulífsins,sa/liv-vr-kjarasamningur-2015-breytingar.pdf,Landssambands íslenzkra verzlunarmanna og VR,Samtaka atvinnulífsins,aðilar úr skjali,,,2017-05-01,prósenta,3.0,,kauptaxtar,úr texta,"axta kjarasamnings Kauptaxtar kjarasamnings hækka sérstaklega, sbr. fylgiskjal. Kjaratengdir liðir kjarasamnings hækka um 5,5% nema um annað hafi verið samið. Launabreytingar 1. maí 2017 Þann 1. maí 2017 hækka laun og launatengdir liðir um 3,0%. Kauptaxtar kjarasamnings þessa hækka frá sama tíma um 4,5%, sbr. fylgiskjal. Launabreytingar 1. maí 2018 Þann 1. maí 2018 hækka laun og launatengdir liðir"
sameyki,Sameyki stéttarfélag í almannaþjónustu,sameyki/''Rarik launatöflur 16 18.pdf,,,aðeins heimild,,,2017-05-01,prósenta,4.5,,launatafla,úr texta,".856 576.927 591.350 606.134 621.287 636.820 652.740 132 562.856 576.927 591.350 606.134 621.287 636.820 652.740 669.059 133 576.927 591.350 606.134 621.287 636.820 652.740 669.059 685.785 Launatafla 1. maí 2017 Hækkun 4,5% 1 2 3 4 5 6 7 8 101 273.573 280.413 287.423 294.608 301.974 309.523 317.261 325.193 102 284.974 287.423 294.608 301.974 309.523 317.261 325.193 333.322 103 292.099 294.608 301."
sameyki,Sameyki stéttarfélag í almannaþjónustu,sameyki/''or-strv_kjarasamningur_2015_2018.pdf,"Orkuveitu Reykjavíkur, sameignarfyrirtækis ( OR )",Starfsmannafélags Reykjavíkurborgar,aðilar úr skjali,2015-05-01,2018-12-31,2017-05-01,prósenta,3.0,,kauptaxtar,úr texta,". 1.8 Launabreytingar á samningstímanum Frá 1. maí 2015 að telja tekur gildi ný launatafla, sjá Kauptaxta fyrir árið 2015, sem fylgir kjarasamningi þessum. Frá 1. maí 2016 hækka laun um 5,5%. Frá 1. maí 2017 hækka laun um 3,0%. Frá 1. maí 2018 hækka laun um 2,0% Aðrir launaliðir sem ekki sækja viðmið í launatöflu, hækka til samræmis. Kjarasamningu"
samidn,Samiðn,samidn/Kjarasamningur_2015_meistarafelaga_og_Samidn_A5_heild_-_lokaeintak.pdf,"Samtaka atvinnulífsins, vegna meistarafélaga í byggingariðnaði innan Samtaka iðnaðarins",Samiðnar - sambands iðnfélaga f.h. aðildarfélaga í byggingariðnaði,aðilar úr skjali,2015-05-01,2018-12-31,2017-05-01,prósenta,4.5,,kauptaxtar,úr texta,"skal enginn starfsmaður fá minna en 6,2% launahækkun, að lágmarki kr. 15.000 á mánaðarlaun fyrir dagvinnu, á tímabilinu 2. maí til 31. desember 2015. 1.1.2.3. Launabreytingar 1. maí 20173 Þann 1. maí 2017 hækka laun og launatengdir liðir um 4,5%. 1.1.2.4. Launabreytingar 1. maí 2018* Þann 1. maí 2018 hækka laun og launatengdir liðir um 3,0%. 1.1.2.5. Kauptaxtar og kjaratengdir liðir"
samidn,Samiðn,samidn/Kjarasamningur_2015_meistarafelaga_og_Samidn_A5_heild_-_lokaeintak.pdf,"Samtaka atvinnulífsins, vegna meistarafélaga í byggingariðnaði innan Samtaka iðnaðarins",Samiðnar - sambands iðnfélaga f.h. aðildarfélaga í byggingariðnaði,aðilar úr skjali,2015-05-01,2018-12-31,2017-05-01,prósenta,3.0,,kauptaxtar,úr texta,"giskjal. Kauptaxtar gilda frá 1. maí 2015 og taka á samningstímanum breytingum skv. gr. 1.1. 2. Kjaratengdir liðir kjarasamnings hækka um 7,2% þann 1. maí 2015, 6,2% þann 1. janúar 2016, 4,5% þann 1. maí 2017 og 3,0% 1. maí 2018, nema um annað sé samið í kjarasamningi.1.1.2.6. Taxtar faglærðra færðir nær greiddum launum Með samning"
samidn,Samiðn,samidn/Kjarasamningur_2015_meistarafelaga_og_Samidn_A5_heild_-_lokaeintak.pdf,"Samtaka atvinnulífsins, vegna meistarafélaga í byggingariðnaði innan Samtaka iðnaðarins",Samiðnar - sambands iðnfélaga f.h. aðildarfélaga í byggingariðnaði,aðilar úr skjali,2015-05-01,2018-12-31,2017-05-01,prósenta,2.0,,kauptaxtar,úr texta,"stað 5,5% launaþróunartryggingar. 3 Sbr. samning SA og ASÍ frá 21. janúar 2016. Í stað 3,0% almennrar hækkunar launa og 4,5% hækkunar kauptaxta kjarasamnings hækka laun og kauptaxtar um 4,5% þann 1. maí 2017. Í stað 2,0% almennrar hækkunar launa og 3,0% hækkunar kauptaxta kjarasamnings hækka laun og kauptaxtar um 3,0% þann 1. maí 2018. Samningur meistarafélaga í byggigariðnaði og Samiðnar 11 að le"
ssf,Samtök starfsmanna fjármálafyrirtækja,ssf/Kjarasamningur-2015-2018-skyringar.pdf,"2015. Aðal bókunin er um samningsforsendur, en þær eru þær sömu",hjá öll,aðilar úr skjali,2015-01-01,2018-12-31,2017-05-01,prósenta,3.75,,kauptaxtar,úr texta,"til frádráttar launaþróunartryggingu. 2. Starfsmenn sem hófu eða hefja störf á tímabilinu 1. maí 2015 til loka desember skulu hækka um 3,2% frá 1. maí 2016 Launabreytingar 1. maí 2017 1. Þann 1. maí 2017 hækka öll laun og launatengdir liðir um 3,75%. Kauptaxtar kjarasamnings taka sömu hækkunum. Launabreytingar 1. maí 2018 1. Þann 1. maí 2018 hækka öll laun og launatengdir liðir um 2,50%. Kauptaxta"
vlfa,Verkalýðsfélag Akraness,vlfa/Skra_0077127.pdf,Samtaka atvinnulífsins,"Samiðnar - sambands iðnfélaga f.h. aðildarfélaga í málmiðnaði, byggingariðnaði og skrúðgarðyrkju",aðilar úr skjali,2015-05-01,2018-12-31,2017-05-01,prósenta,4.5,,kauptaxtar,úr texta,"2% launabreyting með takmarkaðri heimild til frádráttar kom í stað 5,5% launaþróunartryggingar. Samningur Samtaka atvinnulífsins og Samiðnar 11 1.1.2.3. Launabreytingar 1. maí 2017 ‡ Þann 1. maí 2017 hækka laun og launatengdir liðir um 4,5%. 1.1.2.4. Launabreytingar 1. maí 2018* Þann 1. maí 2018 hækka laun og launatengdir liðir um 3,0%. 1.1.2.5. Kauptaxtar og kjaratengdir liðir"
vlfa,Verkalýðsfélag Akraness,vlfa/Skra_0077127.pdf,Samtaka atvinnulífsins,"Samiðnar - sambands iðnfélaga f.h. aðildarfélaga í málmiðnaði, byggingariðnaði og skrúðgarðyrkju",aðilar úr skjali,2015-05-01,2018-12-31,2017-05-01,prósenta,3.0,,kauptaxtar,úr texta,"iskjal. Kauptaxtar gilda frá 1. maí 2015 og taka á samningstímanum breytingum skv. gr. 1.1. 2. Kjaratengdir liðir kjarasam nings hækka um 7,2% þann 1. maí 2015, 6,2% þann 1. janúar 2016, 4,5% þann 1. maí 2017 og 3,0% 1. maí 2018, nema um annað sé samið í kjarasamningi. 1.1.2.6. Taxtar faglærðra færðir nær greiddum launum Með samning"
vr,VR,vr/kjarasamningur_vr_fa_2015 (2).pdf,VR/LÍV,Félags atvinnurekenda,aðilar úr skjali,,,2017-05-01,prósenta,5.5,,kauptaxtar,úr texta,"fa í afkastatengdum launakerfum þar sem laun vegna frammistöðu eru meginhluti launa. 6 Sérstök hækkun kauptaxta kjarasamningsKauptaxtar kjarasamnings hækka sérstaklega, sbr. fylgiskjal. Kjaratengdir liðir kjarasamnings hækka um 5,5% nema um annað hafi verið samið. Launabreytingar 1. maí 2017 Þann 1. maí 2017 hækka laun og launatengdir liðir um 3,0%. Kauptaxtar kjarasamnings þessa hækka frá sama tí"
vr,VR,vr/kjarasamningur_vr_fa_2015 (2).pdf,VR/LÍV,Félags atvinnurekenda,aðilar úr skjali,,,2017-05-01,prósenta,3.0,,kauptaxtar,úr texta,"auptaxta kjarasamningsKauptaxtar kjarasamnings hækka sérstaklega, sbr. fylgiskjal. Kjaratengdir liðir kjarasamnings hækka um 5,5% nema um annað hafi verið samið. Launabreytingar 1. maí 2017 Þann 1. maí 2017 hækka laun og launatengdir liðir um 3,0%. Kauptaxtar kjarasamnings þessa hækka frá sama tíma um 4,5%, sbr. fylgiskjal. Launabreytingar 1. maí 2018 Þann 1. maí 2018 hækka laun og launatengdir li"
vr,VR,vr/kjarasamningur_vr_sa_2015.pdf,milli VR,Samtaka atvinnulífsins,aðilar úr skjali,2015-05-01,2018-12-31,2017-05-01,prósenta,5.5,,kauptaxtar,úr texta,"tarfa í afkastatengdum launakerfum þar sem laun vegna frammistöðu eru meginhluti launa. Sérstök hækkun kauptaxta kjarasamnings Kauptaxtar kjarasamnings hækka sérstaklega, sbr. fylgiskjal. Kjaratengdir liðir kjarasamnings hækka um 5,5% nema um annað hafi verið samið. Launabreytingar 1. maí 2017 Þann 1. maí 2017 hækka laun og launatengdir liðir um 3,0%. Kauptaxtar kjarasamnings þessa hækka frá sama "
vr,VR,vr/kjarasamningur_vr_sa_2015.pdf,milli VR,Samtaka atvinnulífsins,aðilar úr skjali,2015-05-01,2018-12-31,2017-05-01,prósenta,3.0,,kauptaxtar,úr texta,"ptaxta kjarasamnings Kauptaxtar kjarasamnings hækka sérstaklega, sbr. fylgiskjal. Kjaratengdir liðir kjarasamnings hækka um 5,5% nema um annað hafi verið samið. Launabreytingar 1. maí 2017 Þann 1. maí 2017 hækka laun og launatengdir liðir um 3,0%. Kauptaxtar kjarasamnings þessa hækka frá sama tíma um 4,5%, sbr. fylgiskjal. Launabreytingar 1. maí 2018 Þann 1. maí 2018 hækka laun og launatengdir lið"
vr,VR,vr/kjarasamningurvr-sa2016_vefur.pdf,VR OG SAMTAKA ATVINNULÍFSINS GILDIR FRÁ 1. MAÍ 2015 TIL 31. DESEMBER 2018 KJARASAMNINGUR MILLI VR,SAMTAKA ATVINNULÍFSINS,aðilar úr skjali,2015-05-01,2018-12-31,2017-05-01,prósenta,4.5,,almenn laun,úr texta,"nna. Þó skal enginn starfsmaður fá minna en 6,2% launahækkun, að lágmarki kr. 15.000 á mánaðarlaun fyrir dagvinnu, á tímabilinu 2. maí til 31. desember 2015. Launabreytingar 1. maí 20172 Þann 1. maí 2017 hækka laun og launatengdir liðir um 4,5%. Launabreytingar 1. maí 2018 Þann 1. maí 2018 hækka laun og launatengdir liðir um 3,0%. 1.2.2. Persónubundin laun Við ákvörðun launa"
vr,VR,vr/kjarasamningurvr-sa2016_vefur.pdf,VR OG SAMTAKA ATVINNULÍFSINS GILDIR FRÁ 1. MAÍ 2015 TIL 31. DESEMBER 2018 KJARASAMNINGUR MILLI VR,SAMTAKA ATVINNULÍFSINS,aðilar úr skjali,2015-05-01,2018-12-31,2017-05-01,prósenta,2.0,,kauptaxtar,úr texta,"m í stað 5,5% launaþróunartryggingar. 2Sbr. samning SA og ASÍ frá 21. janúar 2016. Í stað 3,0% almennrar hækkunar launa og 4,5% hækkunar kauptaxta kjarasamnings hækka laun og kauptaxtar um 4,5% þann 1. maí 2017. Í stað 2,0% almennrar hækkunar launa og 3,0% hækkunar kauptaxta kjarasamnings hækka laun og kauptaxtar um 3,0% þann 1. maí 2018. 13 við komandi breytinga, telji annar hvor aðili vera tilef"
vr,VR,vr/kjarassamningur-1-juli-2015-31-desember-2018.pdf,SAMTAKA ATVINNULÍFSINS,SAMTAKA FERÐAÞJÓNUSTUNNAR,aðilar úr skjali,,,2017-05-01,prósenta,4.5,,kauptaxtar,úr texta,"til 31. desember 2014 hækka um 3,2%. Launabreytingar 1. janúar 2016 Nýir launataxtar taka gildi sbr. fskj. 1 Almennar launahækkanir eru 6,2% sbr. þó bókun með þessari grein. Launabreytingar 1. maí 2017 Nýir launataxtar taka gildi sbr. fskj. 1 Almennar launahækkanir eru 4,5% Launabreytingar 1. maí 2018 Nýir launataxtar taka gildi sbr. fskj. 1 Almennar launahækkanir eru 3% Orlofslaun reiknast ofan"
afl,AFL Starfsgreinafélag,afl/2015-SGS-sveitarf.pdf,SAMBANDS ÍSLENSKRA SVEITARFÉLAGA f.h. þeirra sveitarfélaga,annarra aðila sem það hefur,aðilar úr skjali,,,2017-06-01,prósenta,2.5,,launatafla,úr texta,"arlaun hækka sem hér segir á samningstímanum: 1. maí 2015: 25.000 kr. eða að lágmarki 7,7% sbr. meðfylgjandi launatöflu. 1. júní 2016: 15.000 kr. eða að lágmarki 5,5% sbr. meðfylgjandi launatöflu. 1. júní 2017: 2,5% sbr. meðfylgjandi launatöflu. 1,7% vegna jöfnunar á bilum milli launaflokka í launatöflu. 1. júní 2018: 2% sbr. meðfylgjandi launatöflu. 1.1.1.1 Föst laun skulu greidd eftir á, fyrsta "
reykjavik,Reykjavíkurborg,reykjavik/heildarkjarasamningur_samidn_2015_-_2019_uppf_6.9.2018_002.pdf,Reykjavíkurborgar,Samiðnar,aðilar úr skjali,2015-05-01,2019-03-31,2017-06-01,prósenta,6.0,,kauptaxtar,úr texta,"lu starfi, skulu greidd skv. meðfylgjandi launatöflum í fylgiskjali IV sem taka eftirfarandi breytingum á samningstímanum: 1. maí 2015 hækka laun um kr. 25.000,- þó að lágmarki 7,7% 1. júní 2016 hækka launataxtar um 6,0% 1. júní 2017 tekur ný launatafla gildi. Launataxtar í kjarasamningi verða skv. meðfylgjandi launatöflu í fylgiskjali IV. 1. júní 2"
reykjavik,Reykjavíkurborg,reykjavik/rvk_efling_samningur_2016_2019_loka_jan.pdf,Reykjavíkurborgar,Eflingar – stéttarfélags,aðilar úr skjali,2016-01-01,2019-12-31,2017-06-01,prósenta,6.0,,kauptaxtar,úr texta,"lu starfi, skulu greidd skv. meðfylgjandi launatöflum í fylgiskjali XIV sem taka eftirfarandi breytingum á samningstímanum: 1. maí 2015 hækka laun um kr. 25.000,- þó að lágmarki 7.7% 1. júní 2016 hækka launataxtar um 6,0% 1. júní 2017 kemur ný launatafla þar sem lífaldursþrep falla niður en starfsaldursþrep koma inn í staðinn. Auk þess er tenging star"
reykjavik,Reykjavíkurborg,reykjavik/sfr_-_heildarkjarasamningur_1.mai_2015-_31.mars_2019.pdf,Reykjavíkurborgar,SFR- stéttarfélags í almannaþjónustu,aðilar úr skjali,2015-05-01,2019-03-31,2017-06-01,prósenta,6.0,,kauptaxtar,úr texta,"d skv. Með- fylgjandi launatöflum í fylgiskjali II sem taka eftirfarandi breytingum á samn - ingstímanum: 1. maí 2015 kr. 25.000,- þó að lágmarki 7,7%. sbr. meðfylgjandi launatöflu. 1. júní 2016 Hækkun launatöflu um 6,0% 1. júní 2017 Ný launatafla. Launataxtar í kjarasamningi verða skv. meðfylgjandi launatöflu. 1. júní 2018 Hækkun launatöflu um 3,0%"
sa,Samtök atvinnulífsins,sa/kjoelfar_loka.pdf,,,aðeins heimild,,,2017-06-01,prósenta,3.0,,almenn laun,úr texta,"á 1. júní 2015 til 31. mars 2019. Dagsetning Leikskólakennarar Leiðbeinendur Skýring 1. júní 2015 9,5% 55 þús./7,9% Almenn hækkun. 1. jan. 2016 2% Almenn hækkun. 1. júní 2016 3,5% 5,5% Almenn hækkun. 1. júní 2017 3% 3% Almenn hækkun. 1. júní 2018 3% 3% Almenn hækkun. 2.2 Launaþróun og launamyndun 2006-2015 Í þessum kafla verður lýst þróun launa þeirra"
sameyki,Sameyki stéttarfélag í almannaþjónustu,sameyki/''sns_strv_akranes_hofdi_2015loka.pdf,SAMBANDS ÍSLENSKRA SVEITARFÉLAGA f.h. þeirra sveitarfélaga,annarra aðila sem hún hefur,aðilar úr skjali,,,2017-06-01,prósenta,2.5,,launatafla,úr texta,"aðarlaun hækka sem hér segir á samningstímanum: 1. maí 2015 25.000 kr. eða að lágmarki 7,7% sbr. meðfylgjandi launatöflu 1. júní 2016 15.000 kr. eða að lágmarki 5,5% sbr. meðfylgjandi launatöflu 1. júní 2017 2,5% sbr. meðfylgjandi launatöflu 1,7% vegna jöfnunar á bilum milli launaflokka í launatöflu 1. júní 2018 2% sbr. meðfylgjandi launatöflu Útgefin launatafla hverju sinni nær yfir alla launaflo"
sameyki,Sameyki stéttarfélag í almannaþjónustu,sameyki/''sns_strv_seltjarnarnes_2015loka.pdf,SAMBANDS ÍSLENSKRA SVEITARFÉLAGA f.h. þeirra sveitarfélaga,annarra aðila sem hún hefur,aðilar úr skjali,,,2017-06-01,prósenta,2.5,,launatafla,úr texta,"aðarlaun hækka sem hér segir á samningstímanum: 1. maí 2015 25.000 kr. eða að lágmarki 7,7% sbr. meðfylgjandi launatöflu 1. júní 2016 15.000 kr. eða að lágmarki 5,5% sbr. meðfylgjandi launatöflu 1. júní 2017 2,5% sbr. meðfylgjandi launatöflu 1,7% vegna jöfnunar á bilum milli launaflokka í launatöflu 1. júní 2018 2% sbr. meðfylgjandi launatöflu Útgefin launatafla hverju sinni nær yfir alla launaflo"
samidn,Samiðn,samidn/Heildarkjarasamningur_Samidn_2015_-_2019_uppf_6.9.2018.pdf,Reykjavíkurborgar,Samiðnar,aðilar úr skjali,2015-05-01,2019-03-31,2017-06-01,prósenta,6.0,,kauptaxtar,úr texta,"lu starfi, skulu greidd skv. meðfylgjandi launatöflum í fylgiskjali IV sem taka eftirfarandi breytingum á samningstímanum: 1. maí 2015 hækka laun um kr. 25.000,- þó að lágmarki 7,7% 1. júní 2016 hækka launataxtar um 6,0% 1. júní 2017 tekur ný launatafla gildi. Launataxtar í kjarasamningi verða skv. meðfylgjandi launatöflu í fylgiskjali IV. 1. júní 2"
samidn,Samiðn,samidn/SNS_Samidn_2015-2019_Heildarkjarasamningur_LOK-1.pdf,SAMBAND ÍSLENSKRA SVEITARFÉLAGA F.H. ÞEIRRA SVEITARFÉLAGA,ANNARRA AÐILA SEM ÞAÐ HEFUR,aðilar úr skjali,2015-01-01,2019-12-31,2017-06-01,prósenta,2.5,,launatafla,úr texta,"ðarlaun hækka sem hér segir á samningstímanum: 1. maí 2015 25.000 kr. eða að lágmarki 7,7% sbr. meðfylgjandi launatöflu 1. júní 2016 15.000 kr. eða að lágmarki 5,5% sbr. meðfylgjandi launatöflu 1. júní 2017 2,5% hækkun launatöflu auk jöfnunar á bilum milli launaflokka í launatöflu sbr. meðfylgjandi launatöflu. 1. júní 2018 2% sbr. meðfylgjandi launatöflu Útgefin launatafla hverju sinni nær yfir al"
sgs,Starfsgreinasamband Íslands,sgs/kjarasamningur-sgs-og-sveitarfelaga-2015.pdf,Starfsgreinasambands Íslands,Sambands íslenskra sveitarfélaga,aðilar úr skjali,,,2017-06-01,prósenta,2.5,,launatafla,úr texta,"rlaun hækka sem hér segir á samningstímanum: 1. maí 2015: 25.000 kr. eða að lágmarki 7,7% sbr. meðfylgjandi launatöflu. 1. júní 2016: 15.000 kr. eða að lágmarki 5,5% sbr. meðfylgjandi launatöflu. 1. júní 2017: 2,5% sbr. meðfyl gjandi launatöflu. 1,7% vegna jöfnunar á bilum milli launaflokka í launatöflu. 1. júní 2018: 2% sbr. meðfylgjandi launatöflu. 1.1.1.1 Föst laun skulu greidd eftir á, fyrsta "
sa,Samtök atvinnulífsins,sa/02fca51d-e0a6-4a1e-9bf9-6a877fab6630_kjarasamningur-2019-2022-sa-og-sa-vid-leidsogn.pdf,MILLI: SAMTAKA ATVINNULÍFSINS,SAMTAKA FERÐAÞJÓNUSTUNNAR,aðilar úr skjali,2019-01-01,2022-12-31,2018-01-01,prósenta og krónutala,2.5,17250,kauptaxtar,ályktað (óvisst),"eð mánaðarlaunum er átt við föst mánaðarlaun fyrir dagvinnu. Almenn hækkun mánaðarlauna fyrir fullt starf: 1. apríl 2019: 17.000 kr. 1. apríl 2020: 18.000 kr. 1. janúar 2021: 15.750 kr. 1. janúar 2022: 17.250 kr. Kjaratengdir liðir kjarasamninga hækka um 2,5% á sömu dagsetningum, nema um annað hafi verið samið. 2.1.2 Í stað gildandi launataxta koma nýir taxtar sbr. fylgiskjal 1. Nýir l"
afl,AFL Starfsgreinafélag,afl/2015-2018-KjarasamningurSA.pdf,LÍV/VR,Samtaka atvinnulífsins,aðilar úr skjali,2015-05-01,2018-12-31,2018-05-01,prósenta,4.5,,kauptaxtar,úr texta,"ga, sbr. fylgiskjal. Kjaratengdir liðir kjarasamnings hækka um 5,5% nema um annað hafi verið samið. Launabreytingar 1. maí 2017 Þann 1. maí 2017 hækka laun og launatengdir liðir um 3,0%. Kauptaxtar kjarasamnings þessa hækka frá sama tíma um 4,5%, sbr. fylgiskjal. Launabreytingar 1. maí 2018 Þann 1. maí 2018 hækka laun og launatengdir liðir um 2,0%. Kauptaxtar kjarasamnings þessa hækka frá sama tím"
afl,AFL Starfsgreinafélag,afl/2015-2018-KjarasamningurSA.pdf,LÍV/VR,Samtaka atvinnulífsins,aðilar úr skjali,2015-05-01,2018-12-31,2018-05-01,prósenta,2.0,,kauptaxtar,úr texta,"abreytingar 1. maí 2017 Þann 1. maí 2017 hækka laun og launatengdir liðir um 3,0%. Kauptaxtar kjarasamnings þessa hækka frá sama tíma um 4,5%, sbr. fylgiskjal. Launabreytingar 1. maí 2018 Þann 1. maí 2018 hækka laun og launatengdir liðir um 2,0%. Kauptaxtar kjarasamnings þessa hækka frá sama tíma um 3,0%, sbr. fylgiskjal. 1.2.2. Persónubundin laun Við ákvörðun launa milli vinnuveitanda og starfsma"
afl,AFL Starfsgreinafélag,afl/2016_KjarasamningurSGS_LS.pdf,Starfsgreinasambands Íslands,Landssambands smábátaeigenda,aðilar úr skjali,,,2018-05-01,prósenta,3.1,,óskilgreint,úr texta,"æði sjómannasamninga. Samningurinn gildir jafnframt fyrir starfsmenn sem starfa við netavinnu. Umsamdar hækkanir verða sem hér segir: 9,5% frá 1. maí 2015 8,7% frá 1. janúar 2016 4,5% frá 1. maí 2017 3,1% frá 1. maí 2018 2. gr. Launakjör a) Beitning með beituskurði Greiða skal starfsmanni sem beitir í landi pr. bjóð samkvæmt neðangreindri"
afl,AFL Starfsgreinafélag,afl/Kjarasamningur_2015_SA_Samidn.pdf,Samtaka atvinnulífsins,"Samiðnar - sambands iðnfélaga f.h. aðildarfélaga í málmiðnaði, byggingariðnaði og skrúðgarðyrkju",aðilar úr skjali,2015-05-01,2018-12-31,2018-05-01,prósenta,4.5,,kauptaxtar,úr texta,"yting me ð takmarkaðri heimild til frádráttar kom í stað 5,5% launaþróunartryggingar. Samningur Samtaka atvinnulífsins og Samiðnar 11 1.1.2.3. Launabreytingar 1. maí 2017 ‡ Þann 1. maí 2017 hækka laun og launatengdir liðir um 4,5%. 1.1.2.4. Launabreytingar 1. maí 2018* Þann 1. maí 2018 hækka laun og launatengdir liðir um 3,0%. 1.1.2.5. Kauptaxtar og kjaratengdir liðir Í stað áður"
afl,AFL Starfsgreinafélag,afl/Kjarasamningur_2015_SA_Samidn.pdf,Samtaka atvinnulífsins,"Samiðnar - sambands iðnfélaga f.h. aðildarfélaga í málmiðnaði, byggingariðnaði og skrúðgarðyrkju",aðilar úr skjali,2015-05-01,2018-12-31,2018-05-01,prósenta,3.0,,kauptaxtar,úr texta,"Samningur Samtaka atvinnulífsins og Samiðnar 11 1.1.2.3. Launabreytingar 1. maí 2017 ‡ Þann 1. maí 2017 hækka laun og launatengdir liðir um 4,5%. 1.1.2.4. Launabreytingar 1. maí 2018* Þann 1. maí 2018 hækka laun og launatengdir liðir um 3,0%. 1.1.2.5. Kauptaxtar og kjaratengdir liðir Í stað áðurgildandi kauptaxta koma nýir sem eru hluti samnings þessa, sbr. meðfylgjandi fylgiskjal. Kauptaxtar gild"
framsyn,Framsýn stéttarfélag,framsyn/Kjarasamningur_2015_SA_og_Samiðn_-_lokaskjal_4.5.2016.pdf,Samtaka atvinnulífsins,"Samiðnar - sambands iðnfélaga f.h. aðildarfélaga í málmiðnaði, byggingariðnaði og skrúðgarðyrkju",aðilar úr skjali,2015-05-01,2018-12-31,2018-05-01,prósenta,4.5,,kauptaxtar,úr texta,"eyting með takmarkaðri heimild til frádráttar kom í stað 5,5% launaþróunartryggingar. Samningur Samtaka atvinnulífsins og Samiðnar 11 1.1.2.3. Launabreytingar 1. maí 2017 ‡ Þann 1. maí 2017 hækka laun og launatengdir liðir um 4,5%. 1.1.2.4. Launabreytingar 1. maí 2018* Þann 1. maí 2018 hækka laun og launatengdir liðir um 3,0%. 1.1.2.5. Kauptaxtar og kjaratengdir liðir Í stað áður"
framsyn,Framsýn stéttarfélag,framsyn/Kjarasamningur_2015_SA_og_Samiðn_-_lokaskjal_4.5.2016.pdf,Samtaka atvinnulífsins,"Samiðnar - sambands iðnfélaga f.h. aðildarfélaga í málmiðnaði, byggingariðnaði og skrúðgarðyrkju",aðilar úr skjali,2015-05-01,2018-12-31,2018-05-01,prósenta,3.0,,kauptaxtar,úr texta,"Samningur Samtaka atvinnulífsins og Samiðnar 11 1.1.2.3. Launabreytingar 1. maí 2017 ‡ Þann 1. maí 2017 hækka laun og launatengdir liðir um 4,5%. 1.1.2.4. Launabreytingar 1. maí 2018* Þann 1. maí 2018 hækka laun og launatengdir liðir um 3,0%. 1.1.2.5. Kauptaxtar og kjaratengdir liðir Í stað áðurgildandi kauptaxta koma nýir sem eru hluti samnings þessa, sbr. meðfylgjandi fylgiskjal. Kauptaxtar gild"
grafia,Grafía,grafia/Bref_til_felagsmanna_atkvgreidsla_Grafia_SIA_8.7.pdf,"aðila, allt eftir eðli",umfangi starfsins ásamt ábyrgð sem því fylgir og ekki vera lægra en fyrir,aðilar úr skjali,,,2018-05-01,prósenta,2.0,,kauptaxtar,úr texta,"frá 88.000 – 106.000 kr. 1. Launabreytingar a. Almenn hækkun 1. maí 2015 3,2 – 7,2% launaþróunartrygging (sjá töflu í kjarasamningi) 1. maí 2016 5,5% launaþróunartrygging 1. maí 2017 3,0% 1. maí 2018 2,0% b. Krónutöluhækkun á taxta 1. maí 2015 16,5% hækkun kauptaxta (45.000 – 54.000 kr). 1. maí 2016 5,5% hækkun kauptaxta (17.400 – 21.000 kr). 1."
grafia,Grafía,grafia/Bref_til_felagsmanna_atkvgreidsla_Grafia_SIA_8.7.pdf,"aðila, allt eftir eðli",umfangi starfsins ásamt ábyrgð sem því fylgir og ekki vera lægra en fyrir,aðilar úr skjali,,,2018-05-01,prósenta og krónutala,3.0,12600,kauptaxtar,úr texta,"Krónutöluhækkun á taxta 1. maí 2015 16,5% hækkun kauptaxta (45.000 – 54.000 kr). 1. maí 2016 5,5% hækkun kauptaxta (17.400 – 21.000 kr). 1. maí 2017 4,5% hækkun kauptaxta (15.000 – 18.000 kr). 1. maí 2018 3,0% hækkun kauptaxta (10.500 – 12.600 kr). Ný grein um verkstjóra verði gr. 7.1.2 og orðist svo: Félagsmönnum í Grafíu og er falin verkstjórn, skal greitt sérstaklega fyrir stjórnunarlega ábyrgð"
grafia,Grafía,grafia/Kauptaxtar_1.5.2018.pdf,GRAFÍU – stéttarfélags í prent,miðlunargrein,aðilar úr skjali,,,2018-05-01,prósenta,3.0,,kauptaxtar,úr texta,"t: Þegar um tímabundnar ráðningar / ver- kefnaráðningar er að ræða er miðað við að skrifleg staðfesting ráðningar liggi fyrir áður en til fyrstu launaútborgunar kemur. Kauptaxti GRAFÍU frá og með 1. maí 2018 Almenn launahækkun 3% Mánaðarlaun Dagvinna Yfirvinna Yfirvinna í vaktavinnu Sveinar Byrjunarlaun 358.186 kr 2066,50 3719,76 4133,00 Eftir 1 ár 364.079 kr 2100,50 3780,96 4201,00 Eftir 3 ár 370"
grafia,Grafía,grafia/P15.03.312-3_1.pdf,Grafíu – stéttarfélags í prent,miðlunargrein,aðilar úr skjali,,,2018-05-01,prósenta,3.0,,kauptaxtar,úr texta,"nær ekki til launa- manna sem starfa í afkastatengdum launa- kerfum þar sem laun vegna frammistöðu eru meginhluti launa. Launabreytingar 1. maí 2017 Þann 1. maí 2017 hækka laun og launa - tengdir liðir um 3,0%. Kauptaxtar kjarasamnings þessa hækka frá sama tíma um 4,5%. Launabreytingar 1. maí 2018 Þann 1. maí 2018 hækka laun og launa - tengdir liðir um 2,0%. Kauptaxtar kjarasamnings þessa hækka fr"
grafia,Grafía,grafia/P15.03.312-3_1.pdf,Grafíu – stéttarfélags í prent,miðlunargrein,aðilar úr skjali,,,2018-05-01,prósenta,2.0,,kauptaxtar,úr texta,"inhluti launa. Launabreytingar 1. maí 2017 Þann 1. maí 2017 hækka laun og launa - tengdir liðir um 3,0%. Kauptaxtar kjarasamnings þessa hækka frá sama tíma um 4,5%. Launabreytingar 1. maí 2018 Þann 1. maí 2018 hækka laun og launa - tengdir liðir um 2,0%. Kauptaxtar kjarasamnings þessa hækka frá sama tíma um 3,0%. 3. gr. Kauptaxtar Í stað áðurgildandi kauptaxta koma nýir sem eru hluti samnings þess"
grafia,Grafía,grafia/kynning.pdf.pdf,Grafíu - stéttarfélags í prent,miðlunargrein,aðilar úr skjali,,,2018-05-01,prósenta,2.0,,kauptaxtar,úr texta,"inum og Samtaka atvinnulífsins 1. Launabreytingar a. Almenn hækkun 1. maí 2015 3,2 – 7,2% launaþróunartrygging (sjá töflu í kjarasamningi) 1. maí 2016 5,5% launaþróunartrygging 1. maí 2017 3,0% 1. maí 2018 2,0% b. Krónutöluhækkun á taxta 1. maí 2015 40.000 kr. hækkun kauptaxta sveina, auk þess sem við bætist nýr taxti sveina sem hafa meistarapróf eða tvö"
grafia,Grafía,grafia/kynning.pdf.pdf,Grafíu - stéttarfélags í prent,miðlunargrein,aðilar úr skjali,,,2018-05-01,prósenta,3.0,,kauptaxtar,úr texta,"1. maí 2015 25.000 kr. hækkun aðstoðarfólks og nema. 1. maí 2016 5,5% hækkun kauptaxta sveina. 1. maí 2016 15.000 kr. hækkun kauptaxta aðstoðarfólks og nema. 1. maí 2017 4,5% hækkun allra kauptaxta. 1. maí 2018 3,0% hækkun allra kauptaxta. c. Lágmarkstekjutrygging í dagvinnu 1. maí 2015 245.000 kr. á mánuði 1. maí 2016 260.000 kr. á mánuði. 1. maí 2017 280.000 kr. á mánuði. 1. maí 2018 300.0"
sa,Samtök atvinnulífsins,sa/012d00dc-4418-48bf-9a54-3b92d7e9a329_Kjarasamningur SA og Rafiðnaðarsambands Íslands 15-18.pdf,Samtaka atvinnulífsins og Samtaka rafverktaka,Rafiðnaðarsambands Íslands vegna aðildarfélaga,aðilar úr skjali,2015-05-01,2018-12-31,2018-05-01,prósenta,4.5,,kauptaxtar,úr texta,"inn starfsmaður fá minna en 6,2% launahækkun, að lágmarki kr. 15.000 á mánaðarlaun fyrir dagvinnu, á tímabilinu 2. maí til 31. desember 2015. 1.2.3. Launabreytingar 1. maí 20173 Þann 1. maí 2017 hækka laun og launatengdir liðir um 4,5%. 1.2.4. Launabreytingar 1. maí 20183 Þann 1. maí 2018 hækka laun og launatengdir liðir um 3,0%. 1.2.5. Kauptaxtar og kjaratengdir liðir Í stað áðurgi"
sa,Samtök atvinnulífsins,sa/012d00dc-4418-48bf-9a54-3b92d7e9a329_Kjarasamningur SA og Rafiðnaðarsambands Íslands 15-18.pdf,Samtaka atvinnulífsins og Samtaka rafverktaka,Rafiðnaðarsambands Íslands vegna aðildarfélaga,aðilar úr skjali,2015-05-01,2018-12-31,2018-05-01,prósenta,3.0,,kauptaxtar,úr texta,"ir dagvinnu, á tímabilinu 2. maí til 31. desember 2015. 1.2.3. Launabreytingar 1. maí 20173 Þann 1. maí 2017 hækka laun og launatengdir liðir um 4,5%. 1.2.4. Launabreytingar 1. maí 20183 Þann 1. maí 2018 hækka laun og launatengdir liðir um 3,0%. 1.2.5. Kauptaxtar og kjaratengdir liðir Í stað áðurgildandi kauptaxta koma nýir sem eru hluti samnings þessa, sbr. meðfylgjandi fylgiskjal. Kauptaxtar gil"
sa,Samtök atvinnulífsins,sa/1a376bbd-0331-4b28-a3a4-01379b413c5e_Samiðn - KJARASAMNINGUR 2015 - breytingar.pdf,Samiðnar,Samtaka atvinnulífsins,aðilar úr skjali,,,2018-05-01,prósenta,3.0,,kauptaxtar,úr texta,"ki til launamanna sem starfa í afkastatengdum launakerfum þar sem laun vegna frammistöðu eru meginhluti launa. Launabreytingar 1. maí 2017 Þann 1. maí 2017 hækka laun og launatengdir liðir um 3,0%. Kauptaxtar kjarasamnings þessa hækka frá sama tíma um 4,5%. Launabreytingar 1. maí 2018 Þann 1. maí 2018 hækka laun og launatengdir liðir um 2,0%. Kauptaxtar kjarasamnings þessa hækka frá sama tíma um"
sa,Samtök atvinnulífsins,sa/1a376bbd-0331-4b28-a3a4-01379b413c5e_Samiðn - KJARASAMNINGUR 2015 - breytingar.pdf,Samiðnar,Samtaka atvinnulífsins,aðilar úr skjali,,,2018-05-01,prósenta,2.0,,kauptaxtar,úr texta,". Launabreytingar 1. maí 2017 Þann 1. maí 2017 hækka laun og launatengdir liðir um 3,0%. Kauptaxtar kjarasamnings þessa hækka frá sama tíma um 4,5%. Launabreytingar 1. maí 2018 Þann 1. maí 2018 hækka laun og launatengdir liðir um 2,0%. Kauptaxtar kjarasamnings þessa hækka frá sama tíma um 3,0%. 3 3. gr. Kauptaxtar Í stað áðurgildandi kauptaxta koma nýir sem eru hluti samnings þessa, sbr."
sa,Samtök atvinnulífsins,sa/6a6029a1-e5f2-4d0b-8e3a-ed8a56889efb_Kjarasamningur SA og Félags hársnyrtisveina 15-18.pdf,Samtaka atvinnulífsins,Félags hársnyrtisveina,aðilar úr skjali,2015-05-01,2018-12-31,2018-05-01,prósenta,4.5,,almenn laun,úr texta,"inn starfsmaður fá minna en 6,2% launahækkun, að lágmarki kr. 15.000 á mánaðarlaun fyrir dagvinnu, á tímabilinu 2. maí til 31. desember 2015. 1.2.3. Launabreytingar 1. maí 2017* Þann 1. maí 2017 hækka laun og launatengdir liðir um 4,5%.3 1.2.4. Launabreytingar 1. maí 2018* Þann 1. maí 2018 hækka laun og launatengdir liðir um 3,0%.3 1.2.5. Taxtar faglærðra færðir nær greiddum launum M"
sa,Samtök atvinnulífsins,sa/6a6029a1-e5f2-4d0b-8e3a-ed8a56889efb_Kjarasamningur SA og Félags hársnyrtisveina 15-18.pdf,Samtaka atvinnulífsins,Félags hársnyrtisveina,aðilar úr skjali,2015-05-01,2018-12-31,2018-05-01,prósenta,3.0,,kauptaxtar,úr texta,"r dagvinnu, á tímabilinu 2. maí til 31. desember 2015. 1.2.3. Launabreytingar 1. maí 2017* Þann 1. maí 2017 hækka laun og launatengdir liðir um 4,5%.3 1.2.4. Launabreytingar 1. maí 2018* Þann 1. maí 2018 hækka laun og launatengdir liðir um 3,0%.3 1.2.5. Taxtar faglærðra færðir nær greiddum launum Með samningnum eru lágmarkskauptaxtar faglærðra f ærðir nær greiddum launum í greininni. Nýir kauptaxt"
sa,Samtök atvinnulífsins,sa/762fc76c-9aed-4452-bfd5-503849cbc2ea_Kjarasamningur SA og Samiðnar vegna málmiðnaðar_ byggingariðnaðar og skrúðgarðyrkju 15-18.pdf,Samtaka atvinnulífsins,"Samiðnar - sambands iðnfélaga f.h. aðildarfélaga í málmiðnaði, byggingariðnaði og skrúðgarðyrkju",aðilar úr skjali,2015-05-01,2018-12-31,2018-05-01,prósenta,4.5,,kauptaxtar,úr texta,"reyting með takmarkaðri heimild til frádráttar kom í stað 5,5% launaþróunartryggingar. Samningur Samtaka atvinnulífsins og Samiðnar 11 1.1.2.3. Launabreytingar 1. maí 20173 Þann 1. maí 2017 hækka laun og launatengdir liðir um 4,5%. 1.1.2.4. Launabreytingar 1. maí 2018* Þann 1. maí 2018 hækka laun og launatengdir liðir um 3,0%. 1.1.2.5. Kauptaxtar og kjaratengdir liðir Í stað áður"
sa,Samtök atvinnulífsins,sa/762fc76c-9aed-4452-bfd5-503849cbc2ea_Kjarasamningur SA og Samiðnar vegna málmiðnaðar_ byggingariðnaðar og skrúðgarðyrkju 15-18.pdf,Samtaka atvinnulífsins,"Samiðnar - sambands iðnfélaga f.h. aðildarfélaga í málmiðnaði, byggingariðnaði og skrúðgarðyrkju",aðilar úr skjali,2015-05-01,2018-12-31,2018-05-01,prósenta,3.0,,kauptaxtar,úr texta,"Samningur Samtaka atvinnulífsins og Samiðnar 11 1.1.2.3. Launabreytingar 1. maí 20173 Þann 1. maí 2017 hækka laun og launatengdir liðir um 4,5%. 1.1.2.4. Launabreytingar 1. maí 2018* Þann 1. maí 2018 hækka laun og launatengdir liðir um 3,0%. 1.1.2.5. Kauptaxtar og kjaratengdir liðir Í stað áðurgildandi kauptaxta koma nýir sem eru hluti samnings þessa, sbr. meðfylgjandi fylgiskjal. Kauptaxtar gilda"
sa,Samtök atvinnulífsins,sa/903bbbce-42f7-4310-884d-578899007d8a_vm-kjarasamningur-2015-breytingar.pdf,"VM, Félags vélstjóra",málmtæknimanna,aðilar úr skjali,,,2018-05-01,prósenta,3.0,,kauptaxtar,úr texta,"ki til launamanna sem starfa í afkastatengdum launakerfum þar sem laun vegna frammistöðu eru meginhluti launa. Launabreytingar 1. maí 2017 Þann 1. maí 2017 hækka laun og launatengdir liðir um 3,0%. Kauptaxtar kjarasamnings þessa hækka frá sama tíma um 4,5%. Launabreytingar 1. maí 2018 Þann 1. maí 2018 hækka laun og launatengdir liðir um 2,0%. Kauptaxtar kjarasamnings þessa hækka frá sama tíma um"
sa,Samtök atvinnulífsins,sa/903bbbce-42f7-4310-884d-578899007d8a_vm-kjarasamningur-2015-breytingar.pdf,"VM, Félags vélstjóra",málmtæknimanna,aðilar úr skjali,,,2018-05-01,prósenta,2.0,,kauptaxtar,úr texta,". Launabreytingar 1. maí 2017 Þann 1. maí 2017 hækka laun og launatengdir liðir um 3,0%. Kauptaxtar kjarasamnings þessa hækka frá sama tíma um 4,5%. Launabreytingar 1. maí 2018 Þann 1. maí 2018 hækka laun og launatengdir liðir um 2,0%. Kauptaxtar kjarasamnings þessa hækka frá sama tíma um 3,0%. 3 3. gr. Kauptaxtar Í stað áðurgildandi kauptaxta koma nýir sem eru hluti samnings þessa,"
sa,Samtök atvinnulífsins,sa/a8329117-813c-4523-b1b7-423bb1ae7ee0_Kjarasamningur SA og VM_ félags vélstjóra og málmtæknimanna 15-18.pdf,Samtaka atvinnulífsins,"VM, félags vélstjóra og málmtæknimanna",aðilar úr skjali,2015-05-01,2018-12-31,2018-05-01,prósenta,4.5,,kauptaxtar,úr texta,"r 2016 og almenn 6,2% launabreyting með takmarkaðri heimild til frádráttar kom í stað 5,5% launaþróunartryggingar. Samningur SA og VM 11 1.1.2.3. Launabreytingar 1. maí 20173 Þann 1. maí 2017 hækka laun og launatengdir liðir um 4,5%. 1.1.2.4. Launabreytingar 1. maí 20183 Þann 1. maí 2018 hækka laun og launatengdir liðir um 3,0%. 1.1.2.5. Kauptaxtar og kjaratengdir liðir Í stað áður"
sa,Samtök atvinnulífsins,sa/a8329117-813c-4523-b1b7-423bb1ae7ee0_Kjarasamningur SA og VM_ félags vélstjóra og málmtæknimanna 15-18.pdf,Samtaka atvinnulífsins,"VM, félags vélstjóra og málmtæknimanna",aðilar úr skjali,2015-05-01,2018-12-31,2018-05-01,prósenta,3.0,,kauptaxtar,úr texta,"% launaþróunartryggingar. Samningur SA og VM 11 1.1.2.3. Launabreytingar 1. maí 20173 Þann 1. maí 2017 hækka laun og launatengdir liðir um 4,5%. 1.1.2.4. Launabreytingar 1. maí 20183 Þann 1. maí 2018 hækka laun og launatengdir liðir um 3,0%. 1.1.2.5. Kauptaxtar og kjaratengdir liðir Í stað áðurgildandi kauptaxta koma nýir sem eru hluti samnings þessa, sbr. meðfylgjandi fylgiskjal. Kauptaxtar gilda"
sa,Samtök atvinnulífsins,sa/c6a09f95-cbb2-47f1-ab6e-d7d863af55f8_RSÍ - KJARASAMNINGUR 2015 - breytingar.pdf,Rafiðnaðarsambands Íslands,Samtaka atvinnulífsins,aðilar úr skjali,,,2018-05-01,prósenta,3.0,,kauptaxtar,úr texta,"ki til launamanna sem starfa í afkastatengdum launakerfum þar sem laun vegna frammistöðu eru meginhluti launa. Launabreytingar 1. maí 2017 Þann 1. maí 2017 hækka laun og launatengdir liðir um 3,0%. Kauptaxtar kjarasamnings þessa hækka frá sama tíma um 4,5%. Launabreytingar 1. maí 2018 Þann 1. maí 2018 hækka laun og launatengdir liðir um 2,0%. Kauptaxtar kjarasamnings þessa hækka frá sama tíma um"
sa,Samtök atvinnulífsins,sa/c6a09f95-cbb2-47f1-ab6e-d7d863af55f8_RSÍ - KJARASAMNINGUR 2015 - breytingar.pdf,Rafiðnaðarsambands Íslands,Samtaka atvinnulífsins,aðilar úr skjali,,,2018-05-01,prósenta,2.0,,kauptaxtar,úr texta,". Launabreytingar 1. maí 2017 Þann 1. maí 2017 hækka laun og launatengdir liðir um 3,0%. Kauptaxtar kjarasamnings þessa hækka frá sama tíma um 4,5%. Launabreytingar 1. maí 2018 Þann 1. maí 2018 hækka laun og launatengdir liðir um 2,0%. Kauptaxtar kjarasamnings þessa hækka frá sama tíma um 3,0%. 3 3. gr. Kauptaxtar Í stað áðurgildandi kauptaxta koma nýir sem eru hluti samnings þessa , sbr"
sa,Samtök atvinnulífsins,sa/ded6a8a7-6855-4da1-be06-63218b4f6166_Eldri-Kjarasamningur SA og Sambands stjórnendafélaga.pdf,Samtaka atvinnulífsins,Sambands stjórnendafélaga*,aðilar úr skjali,2015-05-01,2018-12-31,2018-05-01,prósenta,4.5,,almenn laun,úr texta,"n starfsmaður fá minna en 6,2% launahækkun, að lágmarki kr. 15.000 á mánaðarlaun fyrir dagvinnu, á tímabilinu 2. maí til 31. desember 2015. 1.1.1.3. Launabreytingar 1. maí 20172 Þann 1. maí 2017 hækka laun og launatengdir liðir um 4,5%. 1.1.1.4. Launabreytingar 1. maí 20182 Þann 1. maí 2018 hækka laun og launatengdir liðir um 3,0%. 1.1.2. Persónubundin laun Um laun verkstjóra /stjórna"
sa,Samtök atvinnulífsins,sa/ded6a8a7-6855-4da1-be06-63218b4f6166_Eldri-Kjarasamningur SA og Sambands stjórnendafélaga.pdf,Samtaka atvinnulífsins,Sambands stjórnendafélaga*,aðilar úr skjali,2015-05-01,2018-12-31,2018-05-01,prósenta,3.0,,almenn laun,úr texta,"agvinnu, á tímabilinu 2. maí til 31. desember 2015. 1.1.1.3. Launabreytingar 1. maí 20172 Þann 1. maí 2017 hækka laun og launatengdir liðir um 4,5%. 1.1.1.4. Launabreytingar 1. maí 20182 Þann 1. maí 2018 hækka laun og launatengdir liðir um 3,0%. 1.1.2. Persónubundin laun Um laun verkstjóra /stjórnanda skal samið sérstaklega í ráðningarsamningi. Umsamin laun verkstjóra /stjórnanda ákvarðast að jafn"
sa,Samtök atvinnulífsins,sa/ebb511b9-bbf3-4537-b6dd-951764153152_Kjarasamningur meistarafélaga í byggingariðnaði og Samiðnar 15-18.pdf,"Samtaka atvinnulífsins, vegna meistarafélaga í byggingariðnaði innan Samtaka iðnaðarins",Samiðnar - sambands iðnfélaga f.h. aðildarfélaga í byggingariðnaði,aðilar úr skjali,2015-05-01,2018-12-31,2018-05-01,prósenta,4.5,,kauptaxtar,úr texta,"n starfsmaður fá minna en 6,2% launahækkun, að lágmarki kr. 15.000 á mánaðarlaun fyrir dagvinnu, á tímabilinu 2. maí til 31. desember 2015. 1.1.2.3. Launabreytingar 1. maí 20173 Þann 1. maí 2017 hækka laun og launatengdir liðir um 4,5%. 1.1.2.4. Launabreytingar 1. maí 2018* Þann 1. maí 2018 hækka laun og launatengdir liðir um 3,0%. 1.1.2.5. Kauptaxtar og kjaratengdir liðir Í stað áður"
sa,Samtök atvinnulífsins,sa/ebb511b9-bbf3-4537-b6dd-951764153152_Kjarasamningur meistarafélaga í byggingariðnaði og Samiðnar 15-18.pdf,"Samtaka atvinnulífsins, vegna meistarafélaga í byggingariðnaði innan Samtaka iðnaðarins",Samiðnar - sambands iðnfélaga f.h. aðildarfélaga í byggingariðnaði,aðilar úr skjali,2015-05-01,2018-12-31,2018-05-01,prósenta,3.0,,kauptaxtar,úr texta,"agvinnu, á tímabilinu 2. maí til 31. desember 2015. 1.1.2.3. Launabreytingar 1. maí 20173 Þann 1. maí 2017 hækka laun og launatengdir liðir um 4,5%. 1.1.2.4. Launabreytingar 1. maí 2018* Þann 1. maí 2018 hækka laun og launatengdir liðir um 3,0%. 1.1.2.5. Kauptaxtar og kjaratengdir liðir Í stað áðurgildandi kauptaxta koma nýir sem eru hluti samnings þessa, sbr. meðfylgjandi fylgiskjal. Kauptaxtar g"
sa,Samtök atvinnulífsins,sa/kjarasamningur-2015-sa-og-floi.pdf,Samtaka atvinnulífsins,Flóabandalagsins,aðilar úr skjali,2015-05-01,2018-12-31,2018-05-01,prósenta,4.5,,kauptaxtar,úr texta,"kr. 15.000 á mánaðarlaun fyrir dagsvinnu, á tímabilinu 2. maí til 31. desember 2015. 1.2.3. Launabreytingar 1. maí 20174 Þann 1. maí 2017 hækka laun og launatengdir liðir um 4,5%. Kauptaxtar kjarasamnings þessa hækka frá sama tíma um 4,5%, sbr. gr. 1.1.1. 1.2.4. Launabreytingar 1. maí 20184 Þann 1. maí 2018 hækka laun og launatengdir liðir um 3,0%. Kauptaxtar kjarasamnings þessa hækka frá sama tím"
sa,Samtök atvinnulífsins,sa/kjarasamningur-2015-sa-og-floi.pdf,Samtaka atvinnulífsins,Flóabandalagsins,aðilar úr skjali,2015-05-01,2018-12-31,2018-05-01,prósenta,3.0,,kauptaxtar,úr texta,"r 1. maí 20174 Þann 1. maí 2017 hækka laun og launatengdir liðir um 4,5%. Kauptaxtar kjarasamnings þessa hækka frá sama tíma um 4,5%, sbr. gr. 1.1.1. 1.2.4. Launabreytingar 1. maí 20184 Þann 1. maí 2018 hækka laun og launatengdir liðir um 3,0%. Kauptaxtar kjarasamnings þessa hækka frá sama tíma um 3,0%, sbr. gr. 1.1.1. 3 Launabreyting 1. maí 2016 var me"
sa,Samtök atvinnulífsins,sa/kjarasamningur-2015-sa-og-matvi-s-lokaskjal-14-09-2016.pdf,Samtaka atvinnulífsins,Matvæla- og veitingafélags Íslands,aðilar úr skjali,2015-05-01,2018-12-31,2018-05-01,prósenta,4.5,,kauptaxtar,úr texta,"yggingar. 8 Samningur SA og MATVÍS 8 launahækkun, að lágmarki kr. 15.000 á mánaðarlaun fyrir dagvinnu, á tímabilinu 2. maí til 31. desember 2015. Launabreytingar 1. maí 20172 Þann 1. maí 2017 hækka laun og launatengdir liðir um 4,5%. Launabreytingar 1. maí 2018* Þann 1. maí 2018 hækka laun og launatengdir liðir um 3,0%. Kauptaxtar og kjaratengdir liðir Í stað áðurgildandi"
sa,Samtök atvinnulífsins,sa/kjarasamningur-2015-sa-og-matvi-s-lokaskjal-14-09-2016.pdf,Samtaka atvinnulífsins,Matvæla- og veitingafélags Íslands,aðilar úr skjali,2015-05-01,2018-12-31,2018-05-01,prósenta,3.0,,kauptaxtar,úr texta,"aðarlaun fyrir dagvinnu, á tímabilinu 2. maí til 31. desember 2015. Launabreytingar 1. maí 20172 Þann 1. maí 2017 hækka laun og launatengdir liðir um 4,5%. Launabreytingar 1. maí 2018* Þann 1. maí 2018 hækka laun og launatengdir liðir um 3,0%. Kauptaxtar og kjaratengdir liðir Í stað áðurgildandi kauptaxta koma nýir sem eru hlu ti samnings þessa, sbr. meðfylgjandi fylgiskjal. Kauptaxtar gilda frá 1"
sa,Samtök atvinnulífsins,sa/kjarasamningur-2015-sa-og-vr-lokaskjal-sa-6-11-2017.pdf,Samtaka atvinnulífsins,VR og,aðilar úr skjali,2015-05-01,2018-12-31,2018-05-01,prósenta,4.5,,almenn laun,úr texta,"al enginn starfsmaður fá minna en 6,2% launahækkun, að lágmarki kr. 15 .000 á mánaðarlaun fyrir dagvinnu, á tímabilinu 2. maí til 31. desember 2015. Launabreytingar 1. maí 20173 Þann 1. maí 2017 hækka laun og launatengdir liðir um 4,5%. Launabreytingar 1. maí 2018 Þann 1. maí 2018 hækka laun og launatengdir liðir um 3,0%. 1.2.2. Persónubundin laun Við ákvörðun launa milli vinnuv"
sa,Samtök atvinnulífsins,sa/kjarasamningur-2015-sa-og-vr-lokaskjal-sa-6-11-2017.pdf,Samtaka atvinnulífsins,VR og,aðilar úr skjali,2015-05-01,2018-12-31,2018-05-01,prósenta,3.0,,almenn laun,úr texta,"mánaðarlaun fyrir dagvinnu, á tímabilinu 2. maí til 31. desember 2015. Launabreytingar 1. maí 20173 Þann 1. maí 2017 hækka laun og launatengdir liðir um 4,5%. Launabreytingar 1. maí 2018 Þann 1. maí 2018 hækka laun og launatengdir liðir um 3,0%. 1.2.2. Persónubundin laun Við ákvörðun launa milli vinnuveitanda og starfsmanns skulu laun endurspegla vinnuframlag, hæfni, menntun og færni viðkomandi st"
sa,Samtök atvinnulífsins,sa/kjoelfar_loka.pdf,,,aðeins heimild,,,2018-05-01,prósenta,3.0,,kauptaxtar,úr texta,"ging að lámarki 15 þús.kr. að frádreginni annarri hækkun á tímabilinu 2. maí 2015-30. apríl 2016 1. maí 2017 4,5% hækkun launataxta. 3% almenn hækkun Almenn hækkun launataxta Almenn launahækkun. 1. maí 2018 3% hækkun launataxta 2% almenn hækkun Almenn hækkun launataxta Almenn launahækkun Samningurinn hvílir á þremur meginforsendum; að kaupmáttur aukist á samningstímanum, að launastefna hans verði "
sa,Samtök atvinnulífsins,sa/liv-vr-kjarasamningur-2015-breytingar.pdf,Landssambands íslenzkra verzlunarmanna og VR,Samtaka atvinnulífsins,aðilar úr skjali,,,2018-05-01,prósenta,4.5,,kauptaxtar,úr texta,"sbr. fylgiskjal. Kjaratengdir liðir kjarasamnings hækka um 5,5% nema um annað hafi verið samið. Launabreytingar 1. maí 2017 Þann 1. maí 2017 hækka laun og launatengdir liðir um 3,0%. Kauptaxtar kjarasamnings þessa hækka frá sama tíma um 4,5%, sbr. fylgiskjal. Launabreytingar 1. maí 2018 Þann 1. maí 2018 hækka laun og launatengdir liðir um 2,0%. Kauptaxtar kjarasamnings þessa hækka frá sama tíma um"
sa,Samtök atvinnulífsins,sa/liv-vr-kjarasamningur-2015-breytingar.pdf,Landssambands íslenzkra verzlunarmanna og VR,Samtaka atvinnulífsins,aðilar úr skjali,,,2018-05-01,prósenta,2.0,,kauptaxtar,úr texta,"ingar 1. maí 2017 Þann 1. maí 2017 hækka laun og launatengdir liðir um 3,0%. Kauptaxtar kjarasamnings þessa hækka frá sama tíma um 4,5%, sbr. fylgiskjal. Launabreytingar 1. maí 2018 Þann 1. maí 2018 hækka laun og launatengdir liðir um 2,0%. Kauptaxtar kjarasamnings þessa hækka frá sama tíma um 3,0%, sbr. fylgiskjal. 3. gr. Kauptaxtar Í stað áðurgildandi kauptaxta koma nýir sem eru hluti samnings"
sameyki,Sameyki stéttarfélag í almannaþjónustu,sameyki/''Rarik launatöflur 16 18.pdf,,,aðeins heimild,,,2018-05-01,prósenta,3.0,,launatafla,úr texta,.184 602.889 617.961 633.410 649.245 665.477 682.113 132 597.753 602.889 617.961 633.410 649.245 665.477 682.113 699.166 133 612.697 617.961 633.410 649.245 665.477 682.113 699.166 716.645 Launatafla 1. maí 2018 Hækkun 3% 1 2 3 4 5 6 7 8 101 281.780 288.825 296.046 303.447 311.033 318.809 326.779 334.948 102 302.643 296.046 303.447 311.033 318.809 326.779 334.948 343.322 103 310.209 303.447 311.03
sameyki,Sameyki stéttarfélag í almannaþjónustu,sameyki/''or-strv_kjarasamningur_2015_2018.pdf,"Orkuveitu Reykjavíkur, sameignarfyrirtækis ( OR )",Starfsmannafélags Reykjavíkurborgar,aðilar úr skjali,2015-05-01,2018-12-31,2018-05-01,prósenta,2.0,,kauptaxtar,úr texta,"num Frá 1. maí 2015 að telja tekur gildi ný launatafla, sjá Kauptaxta fyrir árið 2015, sem fylgir kjarasamningi þessum. Frá 1. maí 2016 hækka laun um 5,5%. Frá 1. maí 2017 hækka laun um 3,0%. Frá 1. maí 2018 hækka laun um 2,0% Aðrir launaliðir sem ekki sækja viðmið í launatöflu, hækka til samræmis. Kjarasamningur Orkuveitu Reykjavíkur og Starfsmannafélags Reykjavíkur 2015-2018 Bls. 10 2 Vinnutími "
samidn,Samiðn,samidn/Kjarasamningur_2015_meistarafelaga_og_Samidn_A5_heild_-_lokaeintak.pdf,"Samtaka atvinnulífsins, vegna meistarafélaga í byggingariðnaði innan Samtaka iðnaðarins",Samiðnar - sambands iðnfélaga f.h. aðildarfélaga í byggingariðnaði,aðilar úr skjali,2015-05-01,2018-12-31,2018-05-01,prósenta,4.5,,kauptaxtar,úr texta,"n starfsmaður fá minna en 6,2% launahækkun, að lágmarki kr. 15.000 á mánaðarlaun fyrir dagvinnu, á tímabilinu 2. maí til 31. desember 2015. 1.1.2.3. Launabreytingar 1. maí 20173 Þann 1. maí 2017 hækka laun og launatengdir liðir um 4,5%. 1.1.2.4. Launabreytingar 1. maí 2018* Þann 1. maí 2018 hækka laun og launatengdir liðir um 3,0%. 1.1.2.5. Kauptaxtar og kjaratengdir liðir Í stað áður"
samidn,Samiðn,samidn/Kjarasamningur_2015_meistarafelaga_og_Samidn_A5_heild_-_lokaeintak.pdf,"Samtaka atvinnulífsins, vegna meistarafélaga í byggingariðnaði innan Samtaka iðnaðarins",Samiðnar - sambands iðnfélaga f.h. aðildarfélaga í byggingariðnaði,aðilar úr skjali,2015-05-01,2018-12-31,2018-05-01,prósenta,3.0,,kauptaxtar,úr texta,"agvinnu, á tímabilinu 2. maí til 31. desember 2015. 1.1.2.3. Launabreytingar 1. maí 20173 Þann 1. maí 2017 hækka laun og launatengdir liðir um 4,5%. 1.1.2.4. Launabreytingar 1. maí 2018* Þann 1. maí 2018 hækka laun og launatengdir liðir um 3,0%. 1.1.2.5. Kauptaxtar og kjaratengdir liðir Í stað áðurgildandi kauptaxta koma nýir sem eru hluti samnings þessa, sbr. meðfylgjandi fylgiskjal. Kauptaxtar g"
ssf,Samtök starfsmanna fjármálafyrirtækja,ssf/Kjarasamningur-2015-2018-skyringar.pdf,"2015. Aðal bókunin er um samningsforsendur, en þær eru þær sömu",hjá öll,aðilar úr skjali,2015-01-01,2018-12-31,2018-05-01,prósenta,3.75,,kauptaxtar,úr texta,"ingu. 2. Starfsmenn sem hófu eða hefja störf á tímabilinu 1. maí 2015 til loka desember skulu hækka um 3,2% frá 1. maí 2016 Launabreytingar 1. maí 2017 1. Þann 1. maí 2017 hækka öll laun og launatengdir liðir um 3,75%. Kauptaxtar kjarasamnings taka sömu hækkunum. Launabreytingar 1. maí 2018 1. Þann 1. maí 2018 hækka öll laun og launatengdir liðir um 2,50%. Kauptaxtar kjarasamnings taka sömu hækkun"
ssf,Samtök starfsmanna fjármálafyrirtækja,ssf/Kjarasamningur-2015-2018-skyringar.pdf,"2015. Aðal bókunin er um samningsforsendur, en þær eru þær sömu",hjá öll,aðilar úr skjali,2015-01-01,2018-12-31,2018-05-01,prósenta,2.5,,kauptaxtar,úr texta,"rá 1. maí 2016 Launabreytingar 1. maí 2017 1. Þann 1. maí 2017 hækka öll laun og launatengdir liðir um 3,75%. Kauptaxtar kjarasamnings taka sömu hækkunum. Launabreytingar 1. maí 2018 1. Þann 1. maí 2018 hækka öll laun og launatengdir liðir um 2,50%. Kauptaxtar kjarasamnings taka sömu hækkunum Kauptaxtar Í stað áður gildandi kauptaxta koma nýir sem eru hluti kjarasamnings samkvæmt fylgiskjali. Kaup"
vlfa,Verkalýðsfélag Akraness,vlfa/Skra_0077127.pdf,Samtaka atvinnulífsins,"Samiðnar - sambands iðnfélaga f.h. aðildarfélaga í málmiðnaði, byggingariðnaði og skrúðgarðyrkju",aðilar úr skjali,2015-05-01,2018-12-31,2018-05-01,prósenta,4.5,,kauptaxtar,úr texta,"eyting með takmarkaðri heimild til frádráttar kom í stað 5,5% launaþróunartryggingar. Samningur Samtaka atvinnulífsins og Samiðnar 11 1.1.2.3. Launabreytingar 1. maí 2017 ‡ Þann 1. maí 2017 hækka laun og launatengdir liðir um 4,5%. 1.1.2.4. Launabreytingar 1. maí 2018* Þann 1. maí 2018 hækka laun og launatengdir liðir um 3,0%. 1.1.2.5. Kauptaxtar og kjaratengdir liðir Í stað áður"
vlfa,Verkalýðsfélag Akraness,vlfa/Skra_0077127.pdf,Samtaka atvinnulífsins,"Samiðnar - sambands iðnfélaga f.h. aðildarfélaga í málmiðnaði, byggingariðnaði og skrúðgarðyrkju",aðilar úr skjali,2015-05-01,2018-12-31,2018-05-01,prósenta,3.0,,kauptaxtar,úr texta,"Samningur Samtaka atvinnulífsins og Samiðnar 11 1.1.2.3. Launabreytingar 1. maí 2017 ‡ Þann 1. maí 2017 hækka laun og launatengdir liðir um 4,5%. 1.1.2.4. Launabreytingar 1. maí 2018* Þann 1. maí 2018 hækka laun og launatengdir liðir um 3,0%. 1.1.2.5. Kauptaxtar og kjaratengdir liðir Í stað áðurgildandi kauptaxta koma nýir sem eru hluti samnings þessa, sbr. meðfylgjandi fylgiskjal. Kauptaxtar gild"
vr,VR,vr/kjarasamningur_vr_fa_2015 (2).pdf,VR/LÍV,Félags atvinnurekenda,aðilar úr skjali,,,2018-05-01,prósenta,4.5,,kauptaxtar,úr texta,"ga, sbr. fylgiskjal. Kjaratengdir liðir kjarasamnings hækka um 5,5% nema um annað hafi verið samið. Launabreytingar 1. maí 2017 Þann 1. maí 2017 hækka laun og launatengdir liðir um 3,0%. Kauptaxtar kjarasamnings þessa hækka frá sama tíma um 4,5%, sbr. fylgiskjal. Launabreytingar 1. maí 2018 Þann 1. maí 2018 hækka laun og launatengdir liðir um 2,0%. Kauptaxtar kjarasamnings þessa hækka frá sama tím"
vr,VR,vr/kjarasamningur_vr_fa_2015 (2).pdf,VR/LÍV,Félags atvinnurekenda,aðilar úr skjali,,,2018-05-01,prósenta,2.0,,kauptaxtar,úr texta,"abreytingar 1. maí 2017 Þann 1. maí 2017 hækka laun og launatengdir liðir um 3,0%. Kauptaxtar kjarasamnings þessa hækka frá sama tíma um 4,5%, sbr. fylgiskjal. Launabreytingar 1. maí 2018 Þann 1. maí 2018 hækka laun og launatengdir liðir um 2,0%. Kauptaxtar kjarasamnings þessa hækka frá sama tíma um 3,0%, sbr. fylgiskjal 1.3. Laun a. Vinnuveitandi og starfsmaður semja milliliðalaust sín á milli í "
vr,VR,vr/kjarasamningur_vr_sa_2015.pdf,milli VR,Samtaka atvinnulífsins,aðilar úr skjali,2015-05-01,2018-12-31,2018-05-01,prósenta,4.5,,kauptaxtar,úr texta,"ga, sbr. fylgiskjal. Kjaratengdir liðir kjarasamnings hækka um 5,5% nema um annað hafi verið samið. Launabreytingar 1. maí 2017 Þann 1. maí 2017 hækka laun og launatengdir liðir um 3,0%. Kauptaxtar kjarasamnings þessa hækka frá sama tíma um 4,5%, sbr. fylgiskjal. Launabreytingar 1. maí 2018 Þann 1. maí 2018 hækka laun og launatengdir liðir um 2,0%. Kauptaxtar kjarasamnings þessa hækka frá sama tím"
vr,VR,vr/kjarasamningur_vr_sa_2015.pdf,milli VR,Samtaka atvinnulífsins,aðilar úr skjali,2015-05-01,2018-12-31,2018-05-01,prósenta,2.0,,kauptaxtar,úr texta,"abreytingar 1. maí 2017 Þann 1. maí 2017 hækka laun og launatengdir liðir um 3,0%. Kauptaxtar kjarasamnings þessa hækka frá sama tíma um 4,5%, sbr. fylgiskjal. Launabreytingar 1. maí 2018 Þann 1. maí 2018 hækka laun og launatengdir liðir um 2,0%. Kauptaxtar kjarasamnings þessa hækka frá sama tíma um 3,0%, sbr. fylgiskjal. 1.2.2. Persónubundin laun Við ákvörðun launa milli vinnuveitanda og starfsma"
vr,VR,vr/kjarasamningurvr-sa2016_vefur.pdf,VR OG SAMTAKA ATVINNULÍFSINS GILDIR FRÁ 1. MAÍ 2015 TIL 31. DESEMBER 2018 KJARASAMNINGUR MILLI VR,SAMTAKA ATVINNULÍFSINS,aðilar úr skjali,2015-05-01,2018-12-31,2018-05-01,prósenta,4.5,,almenn laun,úr texta,"l enginn starfsmaður fá minna en 6,2% launahækkun, að lágmarki kr. 15.000 á mánaðarlaun fyrir dagvinnu, á tímabilinu 2. maí til 31. desember 2015. Launabreytingar 1. maí 20172 Þann 1. maí 2017 hækka laun og launatengdir liðir um 4,5%. Launabreytingar 1. maí 2018 Þann 1. maí 2018 hækka laun og launatengdir liðir um 3,0%. 1.2.2. Persónubundin laun Við ákvörðun launa milli vinn"
vr,VR,vr/kjarasamningurvr-sa2016_vefur.pdf,VR OG SAMTAKA ATVINNULÍFSINS GILDIR FRÁ 1. MAÍ 2015 TIL 31. DESEMBER 2018 KJARASAMNINGUR MILLI VR,SAMTAKA ATVINNULÍFSINS,aðilar úr skjali,2015-05-01,2018-12-31,2018-05-01,prósenta,3.0,,almenn laun,úr texta,"ánaðarlaun fyrir dagvinnu, á tímabilinu 2. maí til 31. desember 2015. Launabreytingar 1. maí 20172 Þann 1. maí 2017 hækka laun og launatengdir liðir um 4,5%. Launabreytingar 1. maí 2018 Þann 1. maí 2018 hækka laun og launatengdir liðir um 3,0%. 1.2.2. Persónubundin laun Við ákvörðun launa milli vinnuveitanda og starfsmanns skulu laun endurspegla vinnu- framlag, hæfni, menntun og færni viðkomandi s"
sa,Samtök atvinnulífsins,sa/kjoelfar_loka.pdf,,,aðeins heimild,,,2018-06-01,prósenta,3.0,,almenn laun,úr texta,"Dagsetning Leikskólakennarar Leiðbeinendur Skýring 1. júní 2015 9,5% 55 þús./7,9% Almenn hækkun. 1. jan. 2016 2% Almenn hækkun. 1. júní 2016 3,5% 5,5% Almenn hækkun. 1. júní 2017 3% 3% Almenn hækkun. 1. júní 2018 3% 3% Almenn hækkun. 2.2 Launaþróun og launamyndun 2006-2015 Í þessum kafla verður lýst þróun launa þeirra launamanna sem aðild eiga að þeim stéttar - félögum sem mynda heildarsamtök laun"
samidn,Samiðn,samidn/SNS_Samidn_2015-2019_Heildarkjarasamningur_LOK-1.pdf,SAMBAND ÍSLENSKRA SVEITARFÉLAGA F.H. ÞEIRRA SVEITARFÉLAGA,ANNARRA AÐILA SEM ÞAÐ HEFUR,aðilar úr skjali,2015-01-01,2019-12-31,2018-06-01,prósenta,2.0,,launatafla,úr texta,"lu 1. júní 2016 15.000 kr. eða að lágmarki 5,5% sbr. meðfylgjandi launatöflu 1. júní 2017 2,5% hækkun launatöflu auk jöfnunar á bilum milli launaflokka í launatöflu sbr. meðfylgjandi launatöflu. 1. júní 2018 2% sbr. meðfylgjandi launatöflu Útgefin launatafla hverju sinni nær yfir alla launaflokka sem miðað er við í kjarasamningi þessum. Við launaflokk leggst einstaklingsbundið persónuálag í samræm"
lis,Læknafélag Íslands,lis/2020.12.07-kjarasamningur-li-snr_lok-undirritad.pdf,aðila framlengist frá 1. mars 2019 til 31. mars 2023 með þeim breytingum,fyrirvör,aðilar úr skjali,,,2019-03-01,krónutala,,17000,almenn laun,úr texta,til 31. mars 2023 með þeim breytingum og fyrirvörum sem í samkomulagi þessu felst og fellur þá úr gildi án frekari fyrirvara. 2. gr. Launahækkanir Laun samkvæmt grein 3.1.1 hækki sem hér segir: 1. mars 2019: Laun hækka um 17.000 kr. 1. apríl 2020: Laun hækka um 18.000 kr. 1. janúar 2021: Laun hækka um 15.750 kr. 1. janúar 2022: Laun hækka um 17.2
afl,AFL Starfsgreinafélag,afl/2022_kjarasamningur-sgs-og-lv.pdf,Starfsgreinasambands Íslands vegna viðkomandi stéttarfélaga,Landsvirkjunar,aðilar úr skjali,2019-01-01,2022-11-01,2019-04-01,krónutala,,17000,kauptaxtar,úr texta,"ember 2015 27. janúar 2020 Að auki eru launatöflur í þessari útgáfu byggðar á samningi SA, ASÍ og aðildarfélaga ASÍ dags. Kauptaxtar kjarasamningsins hækka á samningstímabilinu sem hér segir: 1. apríl 2019 kr. 17.000 1. apríl 2020 kr. 24.000 1. janúar 2021 kr. 24.000 1. janúar 2022 kr. 25.000 Aðrir launaliðir"
asi,Alþýðusamband Íslands,asi/kjarasamn_ens_isl_juli_2019_vef (2).pdf,,,aðeins heimild,,,2019-04-01,krónutala,,17000,kauptaxtar,úr texta,"og aðrir launaþættir Lágmarkslaun Öllum atvinnurekendum á Íslandi ber að virða ákvæði kjarasamninga um lágmarkslaun. Lágmarkslaun ráðast fyrst og fremst af eðli starfs, starfsaldri og menntun. Frá 1. apríl 2019 hækka mánaðarlaun fyrir fullt starf um kr. 17.000. Dæmi um lágmarkstaxtalaun 18 ára og eldri (1. apríl 2019): Ræstingar kr. 287.391 Fiskvinnsla kr. 285.549 Byggingarvinna kr. 287.391 Tækjas"
asi,Alþýðusamband Íslands,asi/kjarasamn_polska_isl_juli_2019_vef (2).pdf,,,aðeins heimild,,,2019-04-01,krónutala,,17000,kauptaxtar,úr texta,"og aðrir launaþættir Lágmarkslaun Öllum atvinnurekendum á Íslandi ber að virða ákvæði kjarasamninga um lágmarkslaun. Lágmarkslaun ráðast fyrst og fremst af eðli starfs, starfsaldri og menntun. Frá 1. apríl 2019 hækka mánaðarlaun fyrir fullt starf um kr. 17.000. Dæmi um lágmarkstaxtalaun 18 ára og eldri (1. apríl 2019): Ræstingar kr. 287.391 Fiskvinnsla kr. 285.549 Byggingarvinna kr. 287.391 Tækjas"
efling,Efling stéttarfélag,efling/Kjarasamningr Eflingar og ri-kis 2019.pdf,fjármála- og efnahagsráðherra f.h. ríkissjóðs,Eflingar-stéttarfélags,aðilar úr skjali,,,2019-04-01,krónutala,,17000,launatafla,úr texta,"g fjármála- og efnahagsráðherra f.h. ríkissjóðs 1 1 Um kaup 1.1 Mánaðarlaun 1.1.1 Mánaðarlaun starfsmanns sem gegnir fullu starfi, skulu greidd samkvæmt meðfylgjandi launatöflum í fylgiskjali 3. 1. apríl 2019: Laun hækka um 17.000 kr. 1. apríl 2020: Laun hækka um 24.000 kr. fyrir launa flokka 1 -17 og um 18.000 kr. fyrir hærri launaflokka. 1. janúar 2"
efling,Efling stéttarfélag,efling/Kjarasamningur Eflingar og Reykjavi-kurborgar 2019-2023.pdf,Reykjavíkurborgar,Eflingar – stéttarfélags,aðilar úr skjali,2019-01-01,2023-12-31,2019-04-01,krónutala,,17000,launatafla,úr texta,"Kaup 1.1 Mánaðarlaun 1.1.1 Mánaðarlaun starfsmanns sem gegnir fullu starfi, skulu greidd skv. meðfylgjandi launatöflum í fylgiskjali XVII sem taka eftirfarandi breytingum á samningstímanum: 1. apríl 2019 hækka laun um kr. 17.000, launatafla 1. 1. apríl 2020 hækka laun um kr. 24.000 samhliða breyttri tengingu starfsmats við launatöflu, launatafla 2 1. janúar 20"
efling,Efling stéttarfélag,efling/Kjarasamningur Eflingar og SA fyrir starfsfo-lk ho-tela- og veitingahu-sa fra- 1.4.19 til 1.11.22.pdf,Samtaka atvinnulífsins,Eflingar – stéttarfélags,aðilar úr skjali,,,2019-04-01,krónutala,,17000,kauptaxtar,úr texta,"og greiðasölustaða, afþreyingarfyrirtækja o.fl. formi krónutöluhækkana á mánaðarlaun. Með mánaðarlaunum er átt við föst mánaðarlaun fyrir dagvinnu. Almenn hækkun mánaðarlauna fyrir fullt starf 1. apríl 2019: 17.000 kr. 1. apríl 2020: 18.000 kr. 1. janúar 2021: 15.750 kr. 1. janúar 2022: 17.250 kr. 1.3.2. Kauptaxtar Kauptaxtar hækk"
efling,Efling stéttarfélag,efling/Kjarasamningur Eflingar og SFV fra- 2019-2023.pdf,Eflingar,Samtaka fyrirtækja í velferðarþjónustu iii,aðilar úr skjali,2019-04-01,2023-03-31,2019-04-01,krónutala,,17000,launatafla,úr texta,"ingar og Samtaka fyrirtækja í velferðarþjónustu 1 1 Um kaup 1.1 Mánaðarlaun 1.1.1 Mánaðarlaun starfsmanns sem gegnir fullu starfi, skulu greidd samkvæmt meðfylgjandi launatöflum í fylgiskjali 3. 1.apríl 2019: Laun hækka um 17.000 kr. 1. apríl 2020: Laun hækka um 24.000 kr. fyrir launaflokka 1 -17 og um 18.000 kr. fyrir hærri launaflokka. 1.janúar 202"
fin,Félag íslenskra náttúrufræðinga,fin/Kjarasamningur-Felags-islenskra-natturufraedinga-og-Reykjavikurborgar-2019-2023-ekki-undirritad.pdf,FÉLAGS ÍSLENSKRA NÁTTÚRUFRÆÐINGA,REYKJAVÍKURBORGAR,aðilar úr skjali,2019-04-01,2023-03-31,2019-04-01,krónutala,,17000,launatafla,úr texta,"Kaup 1.1 Mánaðarlaun 1.1.1 Mánaðarlaun starfsmanns sem gegnir fullu starfi, skulu greidd skv. meðfylgjandi launatöflum í fylgiskjali XI I sem taka eftirfarandi breytingum á samningstímanum: 1. apríl 2019 hækka laun um kr. 17.000, launatafla 1. 1. apríl 2020 hækka laun um kr. 24.000 , launatafla 2. 1. janúar 2021 hækka laun um kr. 24.000, launatafla 3. Kosið ve"
framsyn,Framsýn stéttarfélag,framsyn/Kjarasamningur-SGS-og-Landsvirkjunar-breytingar.pdf,Starfsgreinasambands Íslands,Landsvirkjunar,aðilar úr skjali,,,2019-04-01,krónutala,,17000,kauptaxtar,úr texta,sér breytingar og viðbætur við kjarasamnings Landsvirkjunar og Starfsgreinasambands Íslands. 2. gr. Launabreytingar Kauptaxtar kjarasamningsins hækka á samningstímabilinu sem hér segir: 1. apríl 2019 kr. 17.000 1. apríl 2020 kr. 24.000 1. janúar 2021 kr. 24.000 1. janúar 2022 kr. 25.000 Aðrir launaliðir kjarasamningsins hæk
framsyn,Framsýn stéttarfélag,framsyn/Kjarasamningur_LIVogSA_Vefur.pdf,LANDSSAMBANDS ÍSLENZKRA VERZLUNARMANNA,SAMTAKA ATVINNULÍFSINS,aðilar úr skjali,2019-04-01,2022-11-01,2019-04-01,krónutala,,17000,kauptaxtar,úr texta,s. Launahækkanir samningsins eru allar í formi krónutöluhækkana á mánaðarlaun. Með mánaðarlaunum er átt við föst mánaðarlaun fyrir dagvinnu. Almenn hækkun mánaðarlauna fyrir fullt starf 1. apríl 2019: 17.000 kr. 1. apríl 2020: 18.000 kr. 1. janúar 2021: 15.750 kr. 1. janúar 2022: 17.250 kr. Kauptaxtar Kauptaxtar hækka sérs
grafia,Grafía,grafia/Grafia-launataxtar-1.-apríl-2019.pdf,GRAFÍU – stéttarfélags í prent,miðlunargrein,aðilar úr skjali,,,2019-04-01,krónutala,,17000,almenn laun,úr texta,breytingar Launahækkanir samningsins eru allar í formi krónutöluhækkana á mánaðar - laun. Með mánaðarlaunum er átt við föst mánaðarlaun fyrir dagvinnu. Almenn hækkun mánaðarlauna fyrir fullt starf 1. apríl 2019: 17.000 kr. 1. apríl 2020: 18.000 kr. 1. janúar 2021: 15.750 kr. 1. janúar 2022: 17.250 kr. Kjaratengdir liðir kjarasamninga hækka
hjukrun,Félag íslenskra hjúkrunarfræðinga,hjukrun/19cd6e02-a0cf-43cc-a180-0917b7d98967_Ríki_heildartexti.pdf,Félags íslenskra hjúkrunarfræðinga,fjármálaráðherra f.h. ríkissjóðs,aðilar úr skjali,,,2019-04-01,krónutala,,17000,launatafla,úr texta,"1.1 Mánaðarlaun 1.1.1 Mánaðarlaun starfsmanns sem gegnir fullu starfi, skulu greidd samkvæmt meðfylgjandi launatöflum í fylgiskjali 3 bls. 67 sem taka eftirfarandi breytingum á samningstímanum. 1. apríl 2019: Laun hækka um 17.000 kr. 1. apríl 2020: Laun hækka um 18.000 kr. 1. janúar 2021: Laun hækka um 15.750 kr. 1. janúar 2022: Laun hækka um 17.25"
hjukrun,Félag íslenskra hjúkrunarfræðinga,hjukrun/4064e6cd-c05e-4c20-a7bc-89a51f9fdba6_Heildarkjarasamningur FÍHJÚ loka - Copy (1).pdf,Félags íslenskra hjúkrunarfræðinga,Reykjavíkurborgar,aðilar úr skjali,2019-04-01,2023-03-31,2019-04-01,krónutala,,17000,launatafla,úr texta,"1 Kaup 1.1 Mánaðarlaun 1.1.1 Mánaðarlaun starfsmanns sem gegnir fullu starfi, skulu greidd skv. meðfylgjandi lau natöflum í fylgiskjali VIII sem taka eftirfarandi breytingum á samningstímanum: 1. apríl 2019 hækka laun um kr. 17.000, launatafla 1. 1. apríl 2020 hækka laun um kr. 24.000 samhliða breyttri tengingu starfsmats við launatöflu, launatafla 2 1. janúar 20"
hjukrun,Félag íslenskra hjúkrunarfræðinga,hjukrun/b2382d49-608d-4d86-93b5-bf3cffacc283_MidlunartillagaRikissattasemjaraFihogSNR21062020LOK.pdf,aðila framlengist frá 1. apríl 2019 til 31. mars 2023 með þeim breytingum,fyrirvör,aðilar úr skjali,,,2019-04-01,krónutala,,17000,almenn laun,úr texta,til 31. mars 2023 með þeim breytingum og fyrirvörum sem í samkomulagi þessu felst og fellur þá úr gildi án frekari fyrirvara. 2. gr. Launahækkanir Laun samkvæmt grein 1.1.1 hækki sem hér segir: 1. apríl 2019: Laun hækka um 17.000 kr. 1. apríl 2020: Laun hækka um 18.000 kr. 1. janúar 2021: Laun hækka um 15.750 kr. 1. janúar 2022: Laun hækka um 17.250
sa,Samtök atvinnulífsins,sa/02fca51d-e0a6-4a1e-9bf9-6a877fab6630_kjarasamningur-2019-2022-sa-og-sa-vid-leidsogn.pdf,MILLI: SAMTAKA ATVINNULÍFSINS,SAMTAKA FERÐAÞJÓNUSTUNNAR,aðilar úr skjali,2019-01-01,2022-12-31,2019-04-01,krónutala,,17000,almenn laun,úr texta,Launahækkanir samningsins eru allar í formi krónutöluhækkana á mánaðarlaun. Með mánaðarlaunum er átt við föst mánaðarlaun fyrir dagvinnu. Almenn hækkun mánaðarlauna fyrir fullt starf: 1. apríl 2019: 17.000 kr. 1. apríl 2020: 18.000 kr. 1. janúar 2021: 15.750 kr. 1. janúar 2022: 17.250 kr. Kjaratengdir liðir kjarasamninga
sa,Samtök atvinnulífsins,sa/0d657aff-3cd4-474a-87d1-abb6ad2225a1_Kjarasamningur SA og Samiðnar vegna málmiðnaðar_ byggingariðnaðar og skrúðgarðyrkju 19-22.pdf,Samtaka atvinnulífsins,"Samiðnar - sambands iðnfélaga f.h. aðildarfélaga í málmiðnaði, byggingariðnaði og skrúðgarðyrkju",aðilar úr skjali,2019-04-01,2022-11-01,2019-04-01,krónutala,,17000,almenn laun,úr texta,1.1.2.1. Launahækkanir samningsins eru allar í formi krónutöluhækkana á mánaðarlaun. Með mánaðarlaunum er átt við föst mánaðarlaun fyrir dagvinnu. Almenn hækkun mánaðarlauna fyrir fullt starf: 1. apríl 2019: kr. 17.000 1. apríl 2020: kr. 18.000 1. janúar 2021: kr. 15.750 1. janúar 2022: kr. 17.250 Kjaratengdir liðir kjarasamning si
sa,Samtök atvinnulífsins,sa/184cf3dd-6516-49e1-8e09-e9a4f3b3d8e6_Kjarasamningur SA og Sambands stjórnunarfélaga.pdf,Samtaka atvinnulífsins,Sambands stjórnendafélaga,aðilar úr skjali,2019-04-01,2022-11-01,2019-04-01,krónutala,,17000,almenn laun,úr texta,um 1.1.1.1 Launahækkanir samningsins eru allar í formi krónutöluhækkana á mánaðarlaun. Með mánaðarlaunum er átt við föst mánaðarlaun fyrir dagvinnu. Almenn hækkun mánaðarlauna fyrir fullt starf 1. apríl 2019: 17.000 kr. 1. apríl 2020: 18.000 kr. 1. janúar 2021: 15.750 kr. 1. janúar 2022: 17.250 kr. Kjaratengdir liðir kjarasamninga hæ
sa,Samtök atvinnulífsins,sa/2e457864-942f-4d75-8650-fb89960133c6_kjarasamningur-matvi-s-og-sa-2019-2022-lokaskjal-ima.pdf,Samtaka atvinnulífsins,Matvæla- og veitingafélags Íslands,aðilar úr skjali,2019-04-01,2022-11-01,2019-04-01,krónutala,,17000,almenn laun,úr texta,un 1.2.1. Launahækkanir samningsins eru allar í formi krónutöluhækkana á mánaðarlaun. Með mánaðarlaunum er átt við föst mánaðarlaun fyrir dagvinnu. Almenn hækkun mánaðarlauna fyrir fullt starf: 1. apríl 2019: 17.000 kr. 1. apríl 2020: 18.000 kr. 1. janúar 2021: 15.750 kr. 1. janúar 2022: 17.250 kr. Kjaratengdir liðir kjarasamninga hæ
sa,Samtök atvinnulífsins,sa/4664fee0-859a-42b1-a9f4-64dcd50b2159_Þjónustusamningur SA og Eflingar.pdf,Samtaka atvinnulífsins,Starfsgreinasambands Íslands og,aðilar úr skjali,2019-04-01,2022-11-01,2019-04-01,krónutala,,17000,kauptaxtar,úr texta,unafólks. Launahækkanir samningsins eru al lar í formi krónutöluhækkana á mánaðarlaun. Með mánaðarlaunum er átt við föst mánaðarlaun fyrir dagvinnu. Almenn hækkun mánaðarlauna fyrir fullt starf 1. apríl 2019: 17.000 kr. 1. apríl 2020: 18.000 kr. 1. janúar 2021: 15.750 kr. 1. janúar 2022: 17.250 kr. 1.3.2. Kauptaxtar Kauptaxtar hækk
sa,Samtök atvinnulífsins,sa/c9ce924d-de37-4d9b-a9d9-eaa4f71737c7_Kjarasamningur SA og Rafiðnaðarsambands Íslands v. aðildarfélaga 19-22.pdf,Samtaka atvinnulífsins og Samtaka rafverktaka,Rafiðnaðarsambands Íslands vegna aðildarfélaga,aðilar úr skjali,2019-04-01,2022-11-01,2019-04-01,krónutala,,17000,almenn laun,úr texta,r 1.2.1. Launahækkanir samningsins eru allar í formi krónutöluhækkana á mánaðarlaun. Með mánaðarlaunum er átt við föst mánaðarlaun fyrir dagvinnu. Almenn hækkun mánaðarlauna fyrir fullt starf: 1. apríl 2019: kr. 17.000 1. apríl 2020: kr. 18.000 1. janúar 2021: kr. 15.750 1. janúar 2022: kr. 17.250 Kjaratengdir liðir kjarasamning si
sa,Samtök atvinnulífsins,sa/d5c67d27-a474-4e7d-a402-2e1b1579f12c_Kjarasamningur SA og Mjólkurfræðingafélags Íslands 19-22.pdf,Samtaka atvinnulífsins,Mjólkurfræðingafélags Íslands,aðilar úr skjali,,,2019-04-01,krónutala,,17000,almenn laun,úr texta,Launahækkanir samningsins eru allar í formi krónutölu - hækkana á mánaðarlaun. Með mánaðarlaunum er átt við föst mánaðarlaun fyrir dagvinnu. 1.1.2. Almenn hækkun mánaðarlauna fyrir fullt starf 1. apríl 2019: 17.000 kr. 1. apríl 2020: 18.000 kr. 1. janúar 2021: 15.750 kr. 1. janúar 2022: 17.250 kr. Kjaratengdir liðir kjarasamning
sa,Samtök atvinnulífsins,sa/dbecba48-72c5-45d3-8bca-497c7bc6c463_Kjarasamningur SA og Félags hársnyrtisveina 19-22.pdf,Samtaka atvinnulífsins,Félags hársnyrtisveina,aðilar úr skjali,2019-04-01,2022-11-01,2019-04-01,krónutala,,17000,almenn laun,úr texta,"1.2.1. Launahækkanir samningsins eru allar í formi krónutöluhækkana á mánaðarlaun. Með mánaðarlaunum er átt við föst mánaðar - laun fyrir dagvinnu. Almenn hækkun mánaðarlauna fyrir fullt starf: 1. apríl 2019: 17.000 kr. 1. apríl 2020: 18.000 kr. 1. janúar 2021: 15.750 kr. 1. janúar 2022: 17.250 kr. 1 Til og með 31. mars 2020: 173,33"
sa,Samtök atvinnulífsins,sa/ec7569f0-03c7-4aae-915b-1a47a768b8ce_Kjarasamningur SA og VM_ félags vélstjóra og málmtæknimanna 19-22.pdf,Samtaka atvinnulífsins,"VM, Félags vélstjóra og málmtæknimanna",aðilar úr skjali,2019-04-01,2022-11-01,2019-04-01,krónutala,,17000,almenn laun,úr texta,1.1.2.1. Launahækkanir samningsins eru allar í formi krónutöluhækkana á mánaðarlaun. Með mánaðarlaunum er átt við föst mánaðarlaun fyrir dagvinnu. Almenn hækkun mánaðarlauna fyrir fullt starf: 1. apríl 2019: kr. 17.000 1. apríl 2020: kr. 18.000 1. janúar 2021: kr. 15.750 1. janúar 2022: kr. 17.250 Kjaratengdir liðir kjarasamning si
sa,Samtök atvinnulífsins,sa/ff7fb6b4-17a7-4c37-b88b-846cc6e62456_Kjarasamningur 2019 meistarafélög í byggingariðnaði og Samiðn - lokaskjal - PDF.pdf,"Samtaka atvinnulífsins, vegna meistarafélaga í byggingariðnaði innan Samtaka iðnaðarins",Samiðnar - sambands iðnfélaga f.h. aðildarfélaga í byggingariðnaði,aðilar úr skjali,2019-04-01,2022-11-01,2019-04-01,krónutala,,17000,almenn laun,úr texta,ímanum Launahækkanir samningsins eru allar í formi krónutöluhækkana á mánaðarlaun. Með mánaðarlaunum er átt við föst mánaðarlaun fyrir dagvinnu. Almenn hækkun mánaðarlauna fyrir fullt starf: 1. apríl 2019: kr. 17.000 1. apríl 2020: kr. 18.000 1. janúar 2021: kr. 15.750 1. janúar 2022: kr. 17.250 Kjaratengdir liðir kjarasamning si
sa,Samtök atvinnulífsins,sa/kjarasamningur-sa-og-vr-liv-2019-2022-netutgafa-pdf-uppfaert.pdf,Samtaka atvinnulífsins,VR og,aðilar úr skjali,2019-01-01,2022-12-31,2019-04-01,krónutala,,17000,kauptaxtar,úr texta,nafólks. L aunahækkanir samningsins eru allar í formi krónutöluhækkana á mánaðarlaun. Með mánaðarlaunum er átt við föst mánaðarlaun fyrir dagvinnu. Almenn hækkun mánaðarlauna fyrir fullt starf 1. apríl 2019: 17.000 kr. 1. apríl 2020: 18.000 kr. 1. janúar 2021: 15.750 kr. 1. janúar 2022: 17.250 kr. Kauptaxtar Kauptaxtar hækka sérst
sameyki,Sameyki stéttarfélag í almannaþjónustu,sameyki/''Kjarasamningur Reykjavíkurborgar og Sameykis 2019 - 2023 lokaeintak lagfært uppfært - Copy (1).pdf,Reykjavíkurborgar,Sameykis – stéttarfélags í,aðilar úr skjali,2019-04-01,2023-03-31,2019-04-01,krónutala,,17000,launatafla,úr texta,"5 1 Kaup 1.1 Mánaðarlaun 1.1.1 Mánaðarlaun starfsmanns sem gegnir fullu starfi, skulu greidd skv. meðfylgjandi launatöflum í fylgiskjali XV sem taka eftirfarandi breytingum á samningstímanum: 1. apríl 2019 hækka laun um kr. 17.000, launatafla 1. 1. apríl 2020 hækka laun um kr. 24.000 samhliða breyttri tengingu starfsmats við launatöflu, launatafla 2 1. janúar 20"
sameyki,Sameyki stéttarfélag í almannaþjónustu,sameyki/''Kjarasamningur Sameykis við Reykjavíkurborg - Copy (4).pdf,Sameykis stéttarfélags í almannaþjónustu,Reykjavíkurborgar,aðilar úr skjali,2021-05-01,2023-03-31,2019-04-01,krónutala,,17000,launatafla,grunsamlegt,"5 1 Kaup 1.1 Mánaðarlaun 1.1.1 Mánaðarlaun starfsmanns sem gegnir fullu starfi, skulu greidd skv. meðfylgjandi launatöflum í fylgiskjali XV sem taka eftirfarandi breytingum á samningstímanum: 1. apríl 2019 hækka laun um kr. 17.000, launatafla 1. 1. apríl 2020 hækka laun um kr. 24.000 samhliða breyttri tengingu starfsmats við launatöflu, launatafla 2. 1. janúar 2"
sameyki,Sameyki stéttarfélag í almannaþjónustu,sameyki/''OR-Sameykikjarasamningur.pdf,"Sameykis, stéttarfélags í almannaþjónustu","Orkuveitu Reykjavíkur, sameignarfyrirtækis",aðilar úr skjali,2019-04-01,2022-11-01,2019-04-01,krónutala,,17000,launatafla,úr texta,"r og Sameykis, stéttarfélags í almannaþjónustu, áður Starfsmannafélag Reykjavíkurborgar. 2. gr. Um launabreytingar Á samningstímanum hækkar launatafla kjarasamnings með svofelldum hætti: Frá 1. apríl 2019 kr. 17.000. Frá 1. apríl 2020 kr. 24.000. Frá 1. janúar 2021 kr. 24.000. Frá 1. janúar 2022 kr. 25.000. 3. gr. Desember- og o"
samidn,Samiðn,samidn/Kjarasamningur_BGS_og_Samidn_07052019.pdf,Samiðnar,Bílgreinasambandsins,aðilar úr skjali,,,2019-04-01,krónutala,,17000,almenn laun,úr texta,nabreytingar Launahækkanir samningsins eru allar í formi krónutöluhækkana á mánaðarlaun. Með mánaðarlaunum er átt við föst mánaðarlaun fyrir dagvinnu. Almenn hækkun mánaðarlauna fyrir fullt starf 1. apríl 2019: 17.000 kr. 1. apríl 2020: 18.000 kr. 1. janúar 2021: 15.750 kr. 1. janúar 2022: 17.250 kr. Kjaratengdir liðir kjarasamninga hækk
samidn,Samiðn,samidn/Kjarasamningur_Felag_pipulagningameistara_07052019.pdf,Samiðnar,Félag pípulagningameistara,aðilar úr skjali,,,2019-04-01,krónutala,,17000,almenn laun,úr texta,nabreytingar Launahækkanir samningsins eru allar í formi krónutöluhækkana á mánaðarlaun. Með mánaðarlaunum er átt við föst mánaðarlaun fyrir dagvinnu. Almenn hækkun mánaðarlauna fyrir fullt starf 1. apríl 2019: 17.000 kr. 1. apríl 2020: 18.000 kr. 1. janúar 2021: 15.750 kr. 1. janúar 2022: 17.250 kr. Kjaratengdir liðir kjarasamninga hækk
samidn,Samiðn,samidn/Reykjavikurborg_22012020.pdf,Reykjavikurborgar Samidnar Gildir tr61. april 2019 til 31. mars 2OZg,b-t */,aðilar úr skjali,,,2019-04-01,krónutala,,17000,launatafla,úr texta,"3 4 /-/ 1 Kaup 1.1 1.1.1 Mina6arlaun MSnadarraun starfsmanng - ler g.egrr furu starfi, skutu greidd skv.medfolgjandi launatoflum i fyrgiskja""ri V sem i""r."" ""ttirrrrandi breytingum dsamningstimanum: 1. april 2019 hakka laun um kr. 17.000, launatafla 1.1. april 2o20 hekka raun um.kr. z+-ooo-r""rniio"" breyttri tengingustarfsmats vid taunatciflu, launatafla 2.1. jantar 2021"
samidn,Samiðn,samidn/Samidn-19.1.23-lok.pdf,fjármála- og efnahagsráðherra f.h. ríkissjóðs,Samiðnar,aðilar úr skjali,,,2019-04-01,krónutala,,17000,almenn laun,úr texta,"er með 21,67 í má naðarlaunin og margfaldað með fjölda almanaksdaga annarra en laugardaga og sunnudaga frá upphafi eða til loka starfstíma. 1.1.3 Laun samkvæmt grein 1.1.1 hækki sem hér segir: 1. apríl 2019: Laun hækka um 17.000 kr. 1. apríl 2020: Laun hækka um 18.000 kr. 1. janúar 2021: Laun hækka um 15.750 kr. 1. janúar 2022: Laun hækka um"
samidn,Samiðn,samidn/Samidn_og_SA_-_KJARASAMNINGUR_2019.pdf,Samiðnar,Samtaka atvinnulífsins,aðilar úr skjali,,,2019-04-01,krónutala,,17000,almenn laun,úr texta,nabreytingar Launahækkanir samningsins eru allar í formi krónutöluhækkana á mánaðarlaun. Með mánaðarlaunum er átt við föst mánaðarlaun fyrir dagvinnu. Almenn hækkun mánaðarlauna fyrir fullt starf 1. apríl 2019: 17.000 kr. 1. apríl 2020: 18.000 kr. 1. janúar 2021: 15.750 kr. 1. janúar 2022: 17.250 kr. Kjaratengdir liðir kjarasamninga hækk
sgs,Starfsgreinasamband Íslands,sgs/kjarasamningur-sgs-og-rikisins-2019.pdf,fjármála- og efnahagsráðherra f.h. ríkissjóðs,Starfsgreinasambands Íslands,aðilar úr skjali,2019-04-01,2023-03-31,2019-04-01,krónutala,,17000,launatafla,úr texta,markaður með ramma er hafður til skýringar. Kjarasamningur SGS og fjármála- og efnahagsráðherra f.h. ríkissjóðs 1 1 Um kaup 1.1 Mánaðarlaun 1.1.1 Laun samkvæmt grein 1.1.1 hækki sem hér segir: 1. apríl 2019: Laun hækka um 17.000 kr. 1. apríl 2020: Laun hækka um 24.000 kr. fyrir launaflokk a 1-17 og um 18.000 kr. fyrir hærri launaflokka. 1. janúar 20
sgs,Starfsgreinasamband Íslands,sgs/taxtar_sa_1-april-2019.pdf,"um veitinga-, þjónustu",greiðasölustaði og hliðstæða starfsemi. ...15,aðilar úr skjali,,,2019-04-01,krónutala,,17000,kauptaxtar,úr texta,"aðilar standa sameiginlega að. • Laun fyrir vinnu umfram 173,33 stundir á mánuði og endurgjald á útlögðum kostnaði reiknast ekki með í þessu sambandi. Almenn hækkun á mánaðarlaun fyrir fullt starf • 1. apríl 2019 17.000 kr. á mánuði • 1. apríl 2020 18.000 kr. • 1. janúar 2021 15.750 kr. • 1. janúar 2022 17.250 kr. Kauptaxtar hækka sérstaklega • 1."
vfi,Verkfræðingafélag Íslands / Stéttarfélag verkfræðinga,vfi/OR_VFI_2020.pdf,kjaradeildar Verkfræðingafélags Íslands,"Orkuveitu Reykjavíkur, sameignarfyrirtækis",aðilar úr skjali,2019-04-01,2022-11-01,2019-04-01,krónutala,,17000,almenn laun,úr texta,sér breytingar og viðbætur við kjarasamning Orkuveitu Reykjavíkur og kjaradeildar Verkfræðingafélags Íslands. 2. gr. Um launabreytingar Á samningstímanum hækka laun með svofelldum hætti: Frá 1. apríl 2019 kr. 17.000. Frá 1. apríl 2020 kr. 24.000. Frá 1. janúar 2021 kr. 24.000. Frá 1. janúar 2022 kr. 25.000. 3. gr. Desember- og o
vm,VM - Félag vélstjóra og málmtæknimanna,vm/Heildartexti_Landsvirkjun_2021_hreint.pdf,Landsvirkjunar,VM Félags vélstjóra og málmtæknimanna,aðilar úr skjali,2011-06-22,2014-01-31,2019-04-01,krónutala,,17000,kauptaxtar,grunsamlegt,"ess að setja á vaktir, enda greiðist þá öll umframvinna með yfirvinnukaupi. 9 4. Kafli LAUNAÁKVÆÐI 4.1 Launaflokkar Kauptaxtar kjarasamningsins hækka á samningstímabilinu sem hér segir: 1. apríl 2019 kr. 17.000 1. apríl 2020 kr. 24.000 1. janúar 2021 kr. 24.000 1. janúar 2022 kr. 25.000 Aðrir launaliðir kjarasamningsins hækka"
vm,VM - Félag vélstjóra og málmtæknimanna,vm/Kjarasamn-VM-Hafro-1-april-2019-til-31-mars-2023.pdf,fjármála- og efnahagsráðherra f.h. ríkissjóðs,VM – Félags vélstjóra og málmtæknimanna,aðilar úr skjali,,,2019-04-01,krónutala,,17000,launatafla,úr texta,"1.1 Mánaðarkaup 1.1.1 Mánaðarlaun starfsmanns sem gegnir fullu starfi, skulu frá 1. apríl 2019 greidd samkvæmt launatöflu í fylgiskjali 1. 1.1.2 Laun samkvæmt grein1.1.1 hækki sem hér segir: 1. apríl 2019: Laun hækka um 17.000 kr. 1. apríl 2020: Laun hækka um 18.000 kr. 1. janúar 2021: Laun hækka um 15.750 kr. 1. janúar 2022: Laun hækka um 17.250"
vm,VM - Félag vélstjóra og málmtæknimanna,vm/Kjarasamn-VM-LHG-1-april-2019-til-31-mars-2023.pdf,fjármála- og efnahagsráðherra f.h. ríkissjóðs,VM – Félags vélstjóra og málmtæknimanna,aðilar úr skjali,,,2019-04-01,krónutala,,17000,launatafla,úr texta,"p 1.1 Mánaðarkaup 1.1.1 Mánaðarlaun starfsmanns sem gegnir fullu starfi, skulu frá 1. apríl 2019 greidd samkvæmt launatöflu í fylgiskjali 1. 1.1.2 Laun samkvæmt grein1.1.1 hækki sem hér segir: 1. apríl 2019: Laun hækka um 17.000 kr. 1. apríl 2020: Laun hækka um 18.000 kr. 1. janúar 2021: Laun hækka um 15.750 kr. 1. janúar 2022: Laun hækka um 17.250"
vm,VM - Félag vélstjóra og málmtæknimanna,vm/kjarasamn-vm-bjorgun-2019-1.pdf,Björgunar ehf,VM Félags vélstjóra og málmtæknimanna,aðilar úr skjali,2019-04-01,2022-11-01,2019-04-01,krónutala,,2250,óskilgreint,úr texta,til fjölgunar eða fækkunar vinnudaga reiknast hlutfallslega miðað við umsamin árslaun. 4. LAUN OG TILLEGG 4.1. Laun 4.1.1. Dagkaup félagsmann VM hækkar á samningstímanum sem hér segir: þann 1. apríl 2019 kr. 2.250 þann 1. apríl 2020 kr. 3.150 þann 1. Janúar 2021 kr. 3.150 þann 1. Janúar 2022 kr. 3.300 Aðrir launaliðir hækka samk
vr,VR,vr/kjarasamningur_vrogsa_vefur.pdf,MILLI VR,SAMTAKA ATVINNULÍFSINS,aðilar úr skjali,2019-04-01,2022-11-01,2019-04-01,krónutala,,17000,kauptaxtar,úr texta,s. Launahækkanir samningsins eru allar í formi krónutöluhækkana á mánaðarlaun. Með mánaðarlaunum er átt við föst mánaðarlaun fyrir dagvinnu. Almenn hækkun mánaðarlauna fyrir fullt starf 1. apríl 2019: 17.000 kr. 1. apríl 2020: 18.000 kr. 1. janúar 2021: 15.750 kr. 1. janúar 2022: 17.250 kr. Kauptaxtar Kauptaxtar hækka sérs
sa,Samtök atvinnulífsins,sa/7fe264a5-c524-4d94-9ea0-5ab3fb53a048_kaupgjaldsskra-22-2019-april-vefutgafa.pdf,MATVÍS - Matvæla,veitingafélags Íslands 11,aðilar úr skjali,,,2019-04-03,krónutala,,17000,kauptaxtar,úr texta,"Kaupgjaldsskrá nr. 22 Kauptaxtar og föst mánaðarlaun fyrir dagvinnu hækka um 17.000 kr. 3. apríl 2019 voru kjarasamningar undirritaðir milli SA annars vegar og VR, Landssambands íslenzkra verzlunarmanna, Starfsgreinasam"
vm,VM - Félag vélstjóra og málmtæknimanna,vm/Kjarasamn-VM-SFS-180217.pdf,Samtaka fyrirtækja í sjávarútvegi (SFS) og Samtaka atvinnulífsins (SA),VM - Félags vélstjóra og málmtæknimanna,aðilar úr skjali,2017-02-01,2019-10-01,2019-05-01,prósenta,3.0,,óskilgreint,úr texta,"óra kr. 376.419 og yfirvélstjóra kr. 451.703. Aðrir launaliðir en starfsaldurálag og tímakaup hækka um 4,5%. Þann 1. maí 2018 verður kauptrygging fyrsta og annars vélstjóra kr. 387.712 og yfirvélstjóra kr. 465.254. Aðrir launaliðir en starfsaldurálag og tímakaup hækka um 3,0%. Þann 1. maí 2019 verður kauptrygging fyrsta og annars vélstjóra og vélavarðar, bátsmanna og netamanns kr. 408.476 og yfirv"
vr,VR,vr/kjarasamningur-2019_fr-1-aprl-2019-til-1-nvember-2022.pdf,MILLI: SAMTAKA ATVINNULÍFSINS,SAMTAKA FERÐAÞJÓNUSTUNNAR,aðilar úr skjali,,,2019-05-01,krónutala,,17000,almenn laun,úr texta,breytingar Launahækkanir samningsins eru allar í formi krónutö luhækkana á mánaðarlaun. Með mánaðarlaunum er átt við föst mánaðarlaun fyrir dagvinnu. Almenn hækkun mánaðarlauna fyrir fullt starf 1. maí 2019: 17.000 kr. 1. maí 2020: 18.000 kr. 1. janúar 2021: 15.750 kr. 1. janúar 2022: 17.250 kr. Kjaratengdir liðir kjarasamninga hæ
afl,AFL Starfsgreinafélag,afl/2019-2023-SGSogSveitafelogin.pdf,SAMBANDS ÍSLENSKRA SVEITARFÉLAGA F.H. ÞEIRRA SVEITARFÉLAGA,ANNARRA AÐILA SEM ÞAÐ HEFUR,aðilar úr skjali,2019-01-01,2023-12-31,2020-01-01,krónutala,,17000,kauptaxtar,úr texta,u frá 1. janúar 2023 til 30. september 2023 samkvæmt samningsniðurstöðu þeirra sem fá greidd laun samkvæmt kauptöxtum á almennum vinnumarkaði. Mánaðarlaun hækka sem hér segir á samningstímanum: 1. janúar 2020: Hækka laun um kr. 17.000 kr. 1. apríl 2020: Hækka laun um kr. 24.000 kr. 1. janúar 2021: Hækka laun um kr. 24.000 kr. 1. janúar 2022: Hækka laun u
framsyn,Framsýn stéttarfélag,framsyn/Kjarasamningur-SGS-og-Landsvirkjunar-breytingar.pdf,Starfsgreinasambands Íslands,Landsvirkjunar,aðilar úr skjali,,,2020-01-01,krónutala,,17000,launatafla,úr texta,stað launatöflu sem tengd er lífaldri. Við vörpun yfir í nýja töflu skal starfsmaðu r raðast í þrep á grundvelli starfsaldurs. Ef launabreyting hans með nýr ri röðun er lægri en kr. 17.000 skal hann raðast í hærra þrep svo a.m.k. kr. 17.000 hækkun er náð. Lágmarksflokkun starfa frá 1. janúar 2020 Sumarstarfsmenn yngri en 18 ára: lfl. 117 Sumarstarfsmenn 18 ára og eldri lfl. 121 Sumarstarfsmenn sem
sameyki,Sameyki stéttarfélag í almannaþjónustu,sameyki/''2020_Kálfur_SAMEYKI_SHS_skrifstofa_LOK.pdf,SAMBANDS ÍSLENSKRA SVEITARFÉLAGA F.H. SLÖKKVILIÐS HÖFUÐBORGARSVÆÐISINS,SAMEYKIS,aðilar úr skjali,2020-01-01,2020-03-31,2020-01-01,krónutala,,17000,launatafla,úr texta,ildir frá 1. janúar 2022 til 31. mars 2023. Útgefin launatafla hverju sinni nær yfir alla launaflokka sem miðað er við í kjarasamningi þessum. Mánaðarlaun hækka sem hér segir á samningstímanum: 1. janúar 2020 17.000 kr. 1. apríl 2020 24.000 kr. 1. janúar 2021 24.000 kr. 1. janúar 2022 25.000 kr. Grein 1.1.1.2 fellur niður 1.1.4 EI
sameyki,Sameyki stéttarfélag í almannaþjónustu,sameyki/''Frihofnin ehf-kjarasamningur-lokautgafa 2019-2022.pdf,aðila framlengist frá 1. janúar 2019 til 31. október 2022 með þeim breytingum,fyrirvör,aðilar úr skjali,2019-01-01,2022-12-31,2020-01-01,krónutala,,17000,kauptaxtar,úr texta,"skjal 1. Launataxtar gilda frá 1. janúar 2020, 1. apríl 2020, 1. janúar 2021 og 1. janúar 2022. Taxtahækkanir á samningstíma eru samtals 90.000 kr. Almennar launahækkanir á samningstímanum: 1. janúar 2020 17.000 kr. 1. apríl 2020 18.000 kr. 1. janúar 2021 15.750 kr 1. janúar 2022 17.250 kr. Kjaratengdir liðir kjarasamnings hækka"
verkvest,Verkalýðsfélag Vestfirðinga,verkvest/kjarasamningur-sgs-og-sambands-islenskra-sveitarfelaga-2020-2023_vef.pdf,Starfsgreinasambands Íslands,Sambands íslenskra sveitarfélaga,aðilar úr skjali,2020-01-01,2023-12-31,2020-01-01,krónutala,,17000,kauptaxtar,úr texta,u frá 1. janúar 2023 til 30. september 2023 samkvæmt samningsniðurstöðu þeirra sem fá greidd laun samkvæmt kauptöxtum á almennum vinnumarkaði. Mánaðarlaun hækka sem hér segir á samningstímanum: 1. janúar 2020: Hækka laun um kr. 17.000 kr. 1. apríl 2020: Hækka laun um kr. 24.000 kr. 1. janúar 2021: Hækka laun um kr. 24.000 kr. 1. janúar 2022: Hækka laun u
afl,AFL Starfsgreinafélag,afl/2019-2023-SGSogSveitafelogin.pdf,SAMBANDS ÍSLENSKRA SVEITARFÉLAGA F.H. ÞEIRRA SVEITARFÉLAGA,ANNARRA AÐILA SEM ÞAÐ HEFUR,aðilar úr skjali,2019-01-01,2023-12-31,2020-04-01,krónutala,,24000,kauptaxtar,úr texta,amkvæmt samningsniðurstöðu þeirra sem fá greidd laun samkvæmt kauptöxtum á almennum vinnumarkaði. Mánaðarlaun hækka sem hér segir á samningstímanum: 1. janúar 2020: Hækka laun um kr. 17.000 kr. 1. apríl 2020: Hækka laun um kr. 24.000 kr. 1. janúar 2021: Hækka laun um kr. 24.000 kr. 1. janúar 2022: Hækka laun um kr. 25.000 kr. 1. janúar 2023: Tekur launat
afl,AFL Starfsgreinafélag,afl/2022_kjarasamningur-sgs-og-lv.pdf,Starfsgreinasambands Íslands vegna viðkomandi stéttarfélaga,Landsvirkjunar,aðilar úr skjali,2019-01-01,2022-11-01,2020-04-01,krónutala,,24000,kauptaxtar,úr texta,"Að auki eru launatöflur í þessari útgáfu byggðar á samningi SA, ASÍ og aðildarfélaga ASÍ dags. Kauptaxtar kjarasamningsins hækka á samningstímabilinu sem hér segir: 1. apríl 2019 kr. 17.000 1. apríl 2020 kr. 24.000 1. janúar 2021 kr. 24.000 1. janúar 2022 kr. 25.000 Aðrir launaliðir kjarasamningsins hækka um 2,"
efling,Efling stéttarfélag,efling/Kjarasamningr Eflingar og ri-kis 2019.pdf,fjármála- og efnahagsráðherra f.h. ríkissjóðs,Eflingar-stéttarfélags,aðilar úr skjali,,,2020-04-01,krónutala,,24000,launatafla,úr texta,"sjóðs 1 1 Um kaup 1.1 Mánaðarlaun 1.1.1 Mánaðarlaun starfsmanns sem gegnir fullu starfi, skulu greidd samkvæmt meðfylgjandi launatöflum í fylgiskjali 3. 1. apríl 2019: Laun hækka um 17.000 kr. 1. apríl 2020: Laun hækka um 24.000 kr. fyrir launa flokka 1 -17 og um 18.000 kr. fyrir hærri launaflokka. 1. janúar 2021: Ný launatafla tekur gildi. 1. janúar 2022: Laun hækka um 17.250 kr. 1.1.2 Þegar unni"
efling,Efling stéttarfélag,efling/Kjarasamningur Eflingar og Reykjavi-kurborgar 2019-2023.pdf,Reykjavíkurborgar,Eflingar – stéttarfélags,aðilar úr skjali,2019-01-01,2023-12-31,2020-04-01,krónutala,,24000,launatafla,úr texta,"sem gegnir fullu starfi, skulu greidd skv. meðfylgjandi launatöflum í fylgiskjali XVII sem taka eftirfarandi breytingum á samningstímanum: 1. apríl 2019 hækka laun um kr. 17.000, launatafla 1. 1. apríl 2020 hækka laun um kr. 24.000 samhliða breyttri tengingu starfsmats við launatöflu, launatafla 2 1. janúar 2021 hækka laun um kr. 24.000, launatafla 3. 1. janúar 2022 hækka laun um kr. 25.000, launa"
efling,Efling stéttarfélag,efling/Kjarasamningur Eflingar og SA fyrir starfsfo-lk ho-tela- og veitingahu-sa fra- 1.4.19 til 1.11.22.pdf,Samtaka atvinnulífsins,Eflingar – stéttarfélags,aðilar úr skjali,,,2020-04-01,krónutala,,18000,kauptaxtar,úr texta,"ngarfyrirtækja o.fl. formi krónutöluhækkana á mánaðarlaun. Með mánaðarlaunum er átt við föst mánaðarlaun fyrir dagvinnu. Almenn hækkun mánaðarlauna fyrir fullt starf 1. apríl 2019: 17.000 kr. 1. apríl 2020: 18.000 kr. 1. janúar 2021: 15.750 kr. 1. janúar 2022: 17.250 kr. 1.3.2. Kauptaxtar Kauptaxtar hækka sérstaklega, sbr. fylgiskj"
efling,Efling stéttarfélag,efling/Kjarasamningur Eflingar og SA fyrir starfsfo-lk ho-tela- og veitingahu-sa fra- 1.4.19 til 1.11.22.pdf,Samtaka atvinnulífsins,Eflingar – stéttarfélags,aðilar úr skjali,,,2020-04-01,krónutala,,24000,kauptaxtar,úr texta,"príl 2020: 18.000 kr. 1. janúar 2021: 15.750 kr. 1. janúar 2022: 17.250 kr. 1.3.2. Kauptaxtar Kauptaxtar hækka sérstaklega, sbr. fylgiskjöl með kjarasamningum. 1. apríl 2019: 17.000 kr. 1. apríl 2020: 24.000 kr. 1. janúar 2021: 24.000 kr. 1. janúar 2022: 25.000 kr. 1.3.3. Kjaratengdir liðir Kjaratengdir liðir kjarasamningsins"
efling,Efling stéttarfélag,efling/Kjarasamningur Eflingar og SFV fra- 2019-2023.pdf,Eflingar,Samtaka fyrirtækja í velferðarþjónustu iii,aðilar úr skjali,2019-04-01,2023-03-31,2020-04-01,krónutala,,24000,launatafla,úr texta,"jónustu 1 1 Um kaup 1.1 Mánaðarlaun 1.1.1 Mánaðarlaun starfsmanns sem gegnir fullu starfi, skulu greidd samkvæmt meðfylgjandi launatöflum í fylgiskjali 3. 1.apríl 2019: Laun hækka um 17.000 kr. 1. apríl 2020: Laun hækka um 24.000 kr. fyrir launaflokka 1 -17 og um 18.000 kr. fyrir hærri launaflokka. 1.janúar 2021: Ný launatafla tekur gildi. 1.janúar 2022:Laun hækka um 17.250 kr. 1.1.2 Þegar unninn "
fin,Félag íslenskra náttúrufræðinga,fin/Kjarasamningur-Felags-islenskra-natturufraedinga-og-Reykjavikurborgar-2019-2023-ekki-undirritad.pdf,FÉLAGS ÍSLENSKRA NÁTTÚRUFRÆÐINGA,REYKJAVÍKURBORGAR,aðilar úr skjali,2019-04-01,2023-03-31,2020-04-01,krónutala,,24000,launatafla,úr texta,"sem gegnir fullu starfi, skulu greidd skv. meðfylgjandi launatöflum í fylgiskjali XI I sem taka eftirfarandi breytingum á samningstímanum: 1. apríl 2019 hækka laun um kr. 17.000, launatafla 1. 1. apríl 2020 hækka laun um kr. 24.000 , launatafla 2. 1. janúar 2021 hækka laun um kr. 24.000, launatafla 3. Kosið verði milli leiðar A og leiðar B og skal niðurstaða um hv"
framsyn,Framsýn stéttarfélag,framsyn/Kjarasamningur-SGS-og-Landsvirkjunar-breytingar.pdf,Starfsgreinasambands Íslands,Landsvirkjunar,aðilar úr skjali,,,2020-04-01,krónutala,,24000,kauptaxtar,úr texta,"við kjarasamnings Landsvirkjunar og Starfsgreinasambands Íslands. 2. gr. Launabreytingar Kauptaxtar kjarasamningsins hækka á samningstímabilinu sem hér segir: 1. apríl 2019 kr. 17.000 1. apríl 2020 kr. 24.000 1. janúar 2021 kr. 24.000 1. janúar 2022 kr. 25.000 Aðrir launaliðir kjarasamningsins hækka um 2,5% á sömu dagsetnin"
framsyn,Framsýn stéttarfélag,framsyn/Kjarasamningur_LIVogSA_Vefur.pdf,LANDSSAMBANDS ÍSLENZKRA VERZLUNARMANNA,SAMTAKA ATVINNULÍFSINS,aðilar úr skjali,2019-04-01,2022-11-01,2020-04-01,krónutala,,18000,kauptaxtar,úr texta,"gsins eru allar í formi krónutöluhækkana á mánaðarlaun. Með mánaðarlaunum er átt við föst mánaðarlaun fyrir dagvinnu. Almenn hækkun mánaðarlauna fyrir fullt starf 1. apríl 2019: 17.000 kr. 1. apríl 2020: 18.000 kr. 1. janúar 2021: 15.750 kr. 1. janúar 2022: 17.250 kr. Kauptaxtar Kauptaxtar hækka sérstaklega, sbr. fylgiskjal."
framsyn,Framsýn stéttarfélag,framsyn/Kjarasamningur_LIVogSA_Vefur.pdf,LANDSSAMBANDS ÍSLENZKRA VERZLUNARMANNA,SAMTAKA ATVINNULÍFSINS,aðilar úr skjali,2019-04-01,2022-11-01,2020-04-01,krónutala,,24000,kauptaxtar,úr texta,"íl 2019: 17.000 kr. 1. apríl 2020: 18.000 kr. 1. janúar 2021: 15.750 kr. 1. janúar 2022: 17.250 kr. Kauptaxtar Kauptaxtar hækka sérstaklega, sbr. fylgiskjal. 1. apríl 2019: 17.000 kr. 1. apríl 2020: 24.000 kr. 1. janúar 2021: 24.000 kr. 1. janúar 2022: 25.000 kr. 12 Fyrrnefndar hækkanir á kauptaxta eru reiknaðar í útgefnum"
grafia,Grafía,grafia/Breytingar-á-kjörum-1.-apríl-2020.pdf,aðila vegna bættrar nýtingar vinnutíma,aukinnar framleiðni,aðilar úr skjali,,,2020-04-01,krónutala,,3238,almenn laun,úr texta,"Dæmi til 31.03.2020 Mánaðarlaun Deilitala Tímakaup 500.000 173,33 2.885 kr. Dæmi frá 01.04.2020 með kr.18.000 hækkun sem koma á öll laun 01.04. 2020. Mánaðarlaun Deilitala Tímakaup 518.000 kr.* 160 3.238 kr. • Öll dagvinnulaun hækka um a.m.k.kr. 18.000,- eða 112,50 pr. tíma frá 1. apríl 2020. Breyting á yfirvinnuálagi Yfirvinna 1 Yfirvinna 1 er greidd fyrir fyrstu fyrstu 4 klst á viku að jafnaði e"
grafia,Grafía,grafia/Grafia-kauptaxtar-1.-april-2022-vefur-1.pdf,GRAFÍU – stéttarfélags í prent,miðlunargrein,aðilar úr skjali,,,2020-04-01,prósenta,2.6,,kauptaxtar,úr texta,"lefni til greiðslu hans. ATH: Stytting á vinnutíma – 1. apríl 2020 Ný deilitala dagvinnu verður 152, í stað 156. Þannig styttist vinnuvikan um 1 klst úr 36 tímum að meðaltali í 35 tíma. Dagvinnulaun hækka um 2,6% - mánaðar - laun óbreytt Dæmi um 600.000 kr. laun sem hækka um 18.000 kr. 1. apríl 2020. Verg lands- framleiðsla á hvern íbúa, hækkun milli ára Launaauki á mánaðar- launataxta kjara- samn"
grafia,Grafía,grafia/Grafia-kauptaxtar-1.-apríl-2020-1.pdf,GRAFÍU – stéttarfélags í prent,miðlunargrein,aðilar úr skjali,,,2020-04-01,krónutala,,18000,almenn laun,úr texta,"nabreytingar Launahækkanir samningsins eru allar í formi krónutöluhækkana á mánaðarlaun. Með mánaðarlaunum er átt við föst mánað- arlaun fyrir dagvinnu. Almenn hækkun mánaðarlauna fyrir fullt starf 1. apríl 2020: 18.000 kr. 1. janúar 2021: 15.750 kr. 1. janúar 2022: 17.250 kr. Kjaratengdir liðir kjarasamninga hækka um 2,5% á sömu dagsetningu"
grafia,Grafía,grafia/Grafia-kauptaxtar-1.-apríl-2020-1.pdf,GRAFÍU – stéttarfélags í prent,miðlunargrein,aðilar úr skjali,,,2020-04-01,krónutala,,3238,almenn laun,úr texta,"er. Dæmi til 31.03.2020 Mánaðarlaun Deilitala Tímakaup 500.000 173,33 2.885 kr. Dæmi frá 01.04.2020 með kr. 18:000 hækkun sem koma á öll laun 01.04. 2020. Mánaðarlaun Deilitala Tímakaup 518.000 kr. * 160 3.238 kr. * Öll dagvinnulaun hækka um a.m.k.kr. 18.000,- eða 112,50 pr. tíma frá 1. apríl 2020. Breyting á yfirvinnuálagi Yfirvinna 1 Yfirvinna 1 er greidd fyrir fyrstu fyrstu 4 klst á viku að jaf"
grafia,Grafía,grafia/Grafia-kauptaxtar-1.-apríl-2020-2.pdf,GRAFÍU – stéttarfélags í prent,miðlunargrein,aðilar úr skjali,,,2020-04-01,krónutala,,18000,almenn laun,úr texta,"nabreytingar Launahækkanir samningsins eru allar í formi krónutöluhækkana á mánaðarlaun. Með mánaðarlaunum er átt við föst mánað- arlaun fyrir dagvinnu. Almenn hækkun mánaðarlauna fyrir fullt starf 1. apríl 2020: 18.000 kr. 1. janúar 2021: 15.750 kr. 1. janúar 2022: 17.250 kr. Kjaratengdir liðir kjarasamninga hækka um 2,5% á sömu dagsetningu"
grafia,Grafía,grafia/Grafia-kauptaxtar-1.-apríl-2020-2.pdf,GRAFÍU – stéttarfélags í prent,miðlunargrein,aðilar úr skjali,,,2020-04-01,krónutala,,3238,almenn laun,úr texta,"er. Dæmi til 31.03.2020 Mánaðarlaun Deilitala Tímakaup 500.000 173,33 2.885 kr. Dæmi frá 01.04.2020 með kr. 18:000 hækkun sem koma á öll laun 01.04. 2020. Mánaðarlaun Deilitala Tímakaup 518.000 kr. * 160 3.238 kr. * Öll dagvinnulaun hækka um a.m.k.kr. 18.000,- eða 112,50 pr. tíma frá 1. apríl 2020. Breyting á yfirvinnuálagi Yfirvinna 1 Yfirvinna 1 er greidd fyrir fyrstu fyrstu 4 klst á viku að jaf"
grafia,Grafía,grafia/Grafia-kauptaxtar-1.-janúar-2021-1.pdf,GRAFÍU – stéttarfélags í prent,miðlunargrein,aðilar úr skjali,,,2020-04-01,prósenta,2.5,,almenn laun,úr texta,"samningum eru tilbúin að veita aðstoð við útfærslu og vera félagsmönnum sínum innan handar við styttingu vinnuvikunnar. Almenn launahækkun 1. janúar 2021 15.750 kr. Kjaratengdir liðir kjarasamninga hækka um 2,5% á sömu dagsetningu nema um annað hafi verið samið Stytting á vinnutíma – 1. apríl 2020 Ný deilitala dagvinnu verður 152, í stað 156. Þannig styttist vinnuvikan um 1 klst úr 36 tímum að með"
grafia,Grafía,grafia/Grafia-kauptaxtar-1.-janúar-2022.pdf,GRAFÍU – stéttarfélags í prent,miðlunargrein,aðilar úr skjali,,,2020-04-01,prósenta,2.5,,almenn laun,úr texta,"Launaaukinn greiðist 1. maí. Launa- og forsendunefnd ákvarðar fjárhæð launaaukans verði tilefni til greiðslu hans. Almenn launahækkun 1. janúar 2022 17.250 kr. Kjaratengdir liðir kjarasamninga hækka um 2,5% á sömu dagsetningu nema um annað hafi verið samið ATH: Stytting á vinnutíma – 1. apríl 2020 Ný deilitala dagvinnu verður 152, í stað 156. Þannig styttist vinnuvikan um 1 klst úr 36 tímum að með"
grafia,Grafía,grafia/Grafia-launataxtar-1.-apríl-2019.pdf,GRAFÍU – stéttarfélags í prent,miðlunargrein,aðilar úr skjali,,,2020-04-01,krónutala,,18000,almenn laun,úr texta,"amningsins eru allar í formi krónutöluhækkana á mánaðar - laun. Með mánaðarlaunum er átt við föst mánaðarlaun fyrir dagvinnu. Almenn hækkun mánaðarlauna fyrir fullt starf 1. apríl 2019: 17.000 kr. 1. apríl 2020: 18.000 kr. 1. janúar 2021: 15.750 kr. 1. janúar 2022: 17.250 kr. Kjaratengdir liðir kjarasamninga hækka um 2,5% á sömu dagsetningu"
grafia,Grafía,grafia/Grafia-launataxtar-1.-apríl-2019.pdf,GRAFÍU – stéttarfélags í prent,miðlunargrein,aðilar úr skjali,,,2020-04-01,prósenta,1.02,,almenn laun,úr texta,"un fyrir 37 klst. á viku / 160 klst. á mánuði verði þau sömu og áður var greitt fyrir fleiri tíma. Ákvæði kjarasamnings um yfirvinnuálag breytist og orðist svo: Yfirvinnuálag verður tvískipt. Frá 1. apríl 2020: Yfirvinna 1 greiðist með tímakaupi sem samsvarar 1,02% af mánaðarlaunum fyrir dagvinnu. Yfirvinna 2 greiðist með tímakaupi sem samsvarar 1,10% af mánaðarlaunum fyrir dagvinnu. Frá 1. janúar"
grafia,Grafía,grafia/Prentarinn_PDF-1.pdf,,,aðeins heimild,,,2020-04-01,prósenta,8.33,,almenn laun,úr texta,"og 15 mínútar á viku vera einhliða ákvörðun starfsmanna í atkvæðagreiðslu gegn niðurfellingu kaffitíma ef þeir hafa verið í föstum skorðum fram að því. BREYTINGAR Á VINNUTÍMA – VIRKUR VINNUTÍMI – 1. APRÍL 2020 • Ný deilitala dagvinnu verður 160, í stað 173,33 • Hækkar dagvinnulaun um 8,33% - mánaðarlaun óbreytt • Dagvinnutímabil verður 07.00 – 18.00 (breytist úr 08.00 – 17.00) 1.4.2020 – NÝJAR YFI"
grafia,Grafía,grafia/Samningar-iðnaðarmanna_GRAFIA-2019-07.05.2019.pdf,,,aðeins heimild,,,2020-04-01,prósenta,8.33,,almenn laun,úr texta,"2,00% 5.500 kr. 4.125 kr. 2,01 -2,50% 8.000 kr. 6.000 kr. 2,51 -3,00% 10.500 kr 7.875 kr. Meira en 3,00% 13.000 kr. 9.750 kr. Breytingar á vinnutíma -Virkur vinnutími ❖Nýdeilitaladagvinnunotuð: 160 (1. apríl2020) ❖Í stað173,33 ❖Hækkardagvinnulaunum 8,33% ❖Mánaðarlaunóbreytt ❖Dagvinnutímabil verður frá 07.00 –18.00 (breytist úr 08.00-17.00) ❖1.4.2020 -Nýjaryfirvinnuprósentur ❖Yfirvinna1: 1,02%afmán"
hjukrun,Félag íslenskra hjúkrunarfræðinga,hjukrun/19cd6e02-a0cf-43cc-a180-0917b7d98967_Ríki_heildartexti.pdf,Félags íslenskra hjúkrunarfræðinga,fjármálaráðherra f.h. ríkissjóðs,aðilar úr skjali,,,2020-04-01,krónutala,,18000,launatafla,úr texta,"smanns sem gegnir fullu starfi, skulu greidd samkvæmt meðfylgjandi launatöflum í fylgiskjali 3 bls. 67 sem taka eftirfarandi breytingum á samningstímanum. 1. apríl 2019: Laun hækka um 17.000 kr. 1. apríl 2020: Laun hækka um 18.000 kr. 1. janúar 2021: Laun hækka um 15.750 kr. 1. janúar 2022: Laun hækka um 17.250 kr. 1.1.2 Útreikningur á broti úr mánað"
hjukrun,Félag íslenskra hjúkrunarfræðinga,hjukrun/4064e6cd-c05e-4c20-a7bc-89a51f9fdba6_Heildarkjarasamningur FÍHJÚ loka - Copy (1).pdf,Félags íslenskra hjúkrunarfræðinga,Reykjavíkurborgar,aðilar úr skjali,2019-04-01,2023-03-31,2020-04-01,krónutala,,24000,launatafla,úr texta,"sem gegnir fullu starfi, skulu greidd skv. meðfylgjandi lau natöflum í fylgiskjali VIII sem taka eftirfarandi breytingum á samningstímanum: 1. apríl 2019 hækka laun um kr. 17.000, launatafla 1. 1. apríl 2020 hækka laun um kr. 24.000 samhliða breyttri tengingu starfsmats við launatöflu, launatafla 2 1. janúar 2021 hækka laun um kr. 24.000, launatafla 3. 1. janúar 2022 hækka laun um kr. 25.000, laun"
hjukrun,Félag íslenskra hjúkrunarfræðinga,hjukrun/b2382d49-608d-4d86-93b5-bf3cffacc283_MidlunartillagaRikissattasemjaraFihogSNR21062020LOK.pdf,aðila framlengist frá 1. apríl 2019 til 31. mars 2023 með þeim breytingum,fyrirvör,aðilar úr skjali,,,2020-04-01,krónutala,,18000,launatafla,úr texta,fyrirvörum sem í samkomulagi þessu felst og fellur þá úr gildi án frekari fyrirvara. 2. gr. Launahækkanir Laun samkvæmt grein 1.1.1 hækki sem hér segir: 1. apríl 2019: Laun hækka um 17.000 kr. 1. apríl 2020: Laun hækka um 18.000 kr. 1. janúar 2021: Laun hækka um 15.750 kr. 1. janúar 2022: Laun hækka um 17.250 kr. Sjá meðfylgjandi launatöflur í fylg
lis,Læknafélag Íslands,lis/2020.12.07-kjarasamningur-li-snr_lok-undirritad.pdf,aðila framlengist frá 1. mars 2019 til 31. mars 2023 með þeim breytingum,fyrirvör,aðilar úr skjali,,,2020-04-01,krónutala,,18000,launatafla,úr texta,fyrirvörum sem í samkomulagi þessu felst og fellur þá úr gildi án frekari fyrirvara. 2. gr. Launahækkanir Laun samkvæmt grein 3.1.1 hækki sem hér segir: 1. mars 2019: Laun hækka um 17.000 kr. 1. apríl 2020: Laun hækka um 18.000 kr. 1. janúar 2021: Laun hækka um 15.750 kr. 1. janúar 2022: Laun hækka um 17.250 kr. Sjá nánar meðfylgjandi launatöfl
matvis,MATVÍS,matvis/Samningar-i-na-armanna-1-2019.pdf,,,aðeins heimild,,,2020-04-01,prósenta,8.33,,almenn laun,úr texta,".500 kr. 4.125 kr. 2,01 - 2,50% 8.000 kr. 6.000 kr. 2,51 - 3,00% 10.500 kr 7.875 kr. Meira en 3,00% 13.000 kr. 9.750 kr. Breytingar á vinnutíma - Virkur vinnutími ❖ Ný deilitala dagvinnu notuð: 160 (1. apríl 2020) ❖ Í stað 173,33 ❖ Hækkar dagvinnulaun um 8,33% ❖ Mánaðarlaun óbreytt ❖ 1.4.2020 - Nýjar yfirvinnuprósentur ❖ Yfirvinna 1: 1,02% af mánaðarlaunum (76,7% m.v. 173,33 deilitöl"
sa,Samtök atvinnulífsins,sa/02fca51d-e0a6-4a1e-9bf9-6a877fab6630_kjarasamningur-2019-2022-sa-og-sa-vid-leidsogn.pdf,MILLI: SAMTAKA ATVINNULÍFSINS,SAMTAKA FERÐAÞJÓNUSTUNNAR,aðilar úr skjali,2019-01-01,2022-12-31,2020-04-01,krónutala,,18000,almenn laun,úr texta,"eru allar í formi krónutöluhækkana á mánaðarlaun. Með mánaðarlaunum er átt við föst mánaðarlaun fyrir dagvinnu. Almenn hækkun mánaðarlauna fyrir fullt starf: 1. apríl 2019: 17.000 kr. 1. apríl 2020: 18.000 kr. 1. janúar 2021: 15.750 kr. 1. janúar 2022: 17.250 kr. Kjaratengdir liðir kjarasamninga hækka um 2,5% á sömu dags"
sa,Samtök atvinnulífsins,sa/02fca51d-e0a6-4a1e-9bf9-6a877fab6630_kjarasamningur-2019-2022-sa-og-sa-vid-leidsogn.pdf,MILLI: SAMTAKA ATVINNULÍFSINS,SAMTAKA FERÐAÞJÓNUSTUNNAR,aðilar úr skjali,2019-01-01,2022-12-31,2020-04-01,krónutala,,24000,kauptaxtar,úr texta,"rasamninga hækka um 2,5% á sömu dagsetningum, nema um annað hafi verið samið. 2.1.2 Í stað gildandi launataxta koma nýir taxtar sbr. fylgiskjal 1. Nýir launataxtar gilda frá 1. apríl 2019: 1. apríl 2020 hækka launataxtar um 24.000 kr. 1. janúar 2021 hækka launataxtar um 24.000 kr 1. janúar 2022 hækka launataxtar um 25.000 kr. 2.1.3. Tímakaup í da"
sa,Samtök atvinnulífsins,sa/0d657aff-3cd4-474a-87d1-abb6ad2225a1_Kjarasamningur SA og Samiðnar vegna málmiðnaðar_ byggingariðnaðar og skrúðgarðyrkju 19-22.pdf,Samtaka atvinnulífsins,"Samiðnar - sambands iðnfélaga f.h. aðildarfélaga í málmiðnaði, byggingariðnaði og skrúðgarðyrkju",aðilar úr skjali,2019-04-01,2022-11-01,2020-04-01,krónutala,,18000,almenn laun,úr texta,"ingsins eru allar í formi krónutöluhækkana á mánaðarlaun. Með mánaðarlaunum er átt við föst mánaðarlaun fyrir dagvinnu. Almenn hækkun mánaðarlauna fyrir fullt starf: 1. apríl 2019: kr. 17.000 1. apríl 2020: kr. 18.000 1. janúar 2021: kr. 15.750 1. janúar 2022: kr. 17.250 Kjaratengdir liðir kjarasamning sins hækka um 2,5% á sömu dag"
sa,Samtök atvinnulífsins,sa/184cf3dd-6516-49e1-8e09-e9a4f3b3d8e6_Kjarasamningur SA og Sambands stjórnunarfélaga.pdf,Samtaka atvinnulífsins,Sambands stjórnendafélaga,aðilar úr skjali,2019-04-01,2022-11-01,2020-04-01,krónutala,,18000,almenn laun,úr texta,"mningsins eru allar í formi krónutöluhækkana á mánaðarlaun. Með mánaðarlaunum er átt við föst mánaðarlaun fyrir dagvinnu. Almenn hækkun mánaðarlauna fyrir fullt starf 1. apríl 2019: 17.000 kr. 1. apríl 2020: 18.000 kr. 1. janúar 2021: 15.750 kr. 1. janúar 2022: 17.250 kr. Kjaratengdir liðir kjarasamninga hækka um 2,5% á sömu dagsetni"
sa,Samtök atvinnulífsins,sa/2e457864-942f-4d75-8650-fb89960133c6_kjarasamningur-matvi-s-og-sa-2019-2022-lokaskjal-ima.pdf,Samtaka atvinnulífsins,Matvæla- og veitingafélags Íslands,aðilar úr skjali,2019-04-01,2022-11-01,2020-04-01,krónutala,,18000,almenn laun,úr texta,"amningsins eru allar í formi krónutöluhækkana á mánaðarlaun. Með mánaðarlaunum er átt við föst mánaðarlaun fyrir dagvinnu. Almenn hækkun mánaðarlauna fyrir fullt starf: 1. apríl 2019: 17.000 kr. 1. apríl 2020: 18.000 kr. 1. janúar 2021: 15.750 kr. 1. janúar 2022: 17.250 kr. Kjaratengdir liðir kjarasamninga hækka um 2,5% á sömu dagsetn"
sa,Samtök atvinnulífsins,sa/4664fee0-859a-42b1-a9f4-64dcd50b2159_Þjónustusamningur SA og Eflingar.pdf,Samtaka atvinnulífsins,Starfsgreinasambands Íslands og,aðilar úr skjali,2019-04-01,2022-11-01,2020-04-01,krónutala,,18000,kauptaxtar,úr texta,"ingsins eru al lar í formi krónutöluhækkana á mánaðarlaun. Með mánaðarlaunum er átt við föst mánaðarlaun fyrir dagvinnu. Almenn hækkun mánaðarlauna fyrir fullt starf 1. apríl 2019: 17.000 kr. 1. apríl 2020: 18.000 kr. 1. janúar 2021: 15.750 kr. 1. janúar 2022: 17.250 kr. 1.3.2. Kauptaxtar Kauptaxtar hækka sérstaklega, sbr. fylgiskj"
sa,Samtök atvinnulífsins,sa/4664fee0-859a-42b1-a9f4-64dcd50b2159_Þjónustusamningur SA og Eflingar.pdf,Samtaka atvinnulífsins,Starfsgreinasambands Íslands og,aðilar úr skjali,2019-04-01,2022-11-01,2020-04-01,krónutala,,24000,kauptaxtar,úr texta,"príl 2020: 18.000 kr. 1. janúar 2021: 15.750 kr. 1. janúar 2022: 17.250 kr. 1.3.2. Kauptaxtar Kauptaxtar hækka sérstaklega, sbr. fylgiskjöl með kjarasamningum. 1. apríl 2019: 17.000 kr. 1. apríl 2020: 24.000 kr. 1. janúar 2021: 24.000 kr. 1. janúar 2022: 25.000 kr. 10 Samningur SA og SGS og Eflingar v/veitinga-, gisti-, þ"
sa,Samtök atvinnulífsins,sa/65600fde-e73f-493b-a84d-22ad6f147c86_kaupgjaldsskra-24-2020-april-vefutgafa.pdf,MATVÍS - Matvæla,veitingafélags Íslands 11,aðilar úr skjali,,,2020-04-01,krónutala,,24000,kauptaxtar,úr texta,Kaupgjaldsskrá nr. 24 Kauptaxtar kjarasamninga hækka um 24.000 kr. Almenn hækkun mánaðarlauna er 18.000 kr. Gildir frá 1. apríl 2020 Launahækkun 1. apríl 2020 Efnisyfirlit Bls. Kjarasamningar aðildarfélaga Starfsgreinasambands Íslands 3 Kjarasamningar
sa,Samtök atvinnulífsins,sa/b0d1a09a-fd9e-4be9-98b7-71d5b819e6e2_kjarasamningar-idnadarmanna-2019-vinnutimi-og-yfirvinna.pdf,,,aðeins heimild,,,2020-04-01,krónutala,,68000,kauptaxtar,úr texta,"inum • Félag hársnyrtisveina Maí 2019 Helstu þættir nýrra kjarasamninga iðnaðarmanna 1) Sérstök hækkun kauptaxta. Efsti taxti sveina hækkar um kr. 90.000 á samningstímanum 2) Almenn hækkun launa í krónum, samtals kr. 68.000 á samningstímanum 3) Upptaka „virks vinnutíma“ hjá iðnaðarmönnum 1. apríl 2020 4) Upptaka yfirvinnu 1 & 2 1. apríl 2020 5) Heimilt að semja um vinnutímastyttingu á grundvelli 5"
sa,Samtök atvinnulífsins,sa/c9ce924d-de37-4d9b-a9d9-eaa4f71737c7_Kjarasamningur SA og Rafiðnaðarsambands Íslands v. aðildarfélaga 19-22.pdf,Samtaka atvinnulífsins og Samtaka rafverktaka,Rafiðnaðarsambands Íslands vegna aðildarfélaga,aðilar úr skjali,2019-04-01,2022-11-01,2020-04-01,krónutala,,18000,almenn laun,úr texta,"ingsins eru allar í formi krónutöluhækkana á mánaðarlaun. Með mánaðarlaunum er átt við föst mánaðarlaun fyrir dagvinnu. Almenn hækkun mánaðarlauna fyrir fullt starf: 1. apríl 2019: kr. 17.000 1. apríl 2020: kr. 18.000 1. janúar 2021: kr. 15.750 1. janúar 2022: kr. 17.250 Kjaratengdir liðir kjarasamning sins hækka um 2,5% á sömu dag"
sa,Samtök atvinnulífsins,sa/d5c67d27-a474-4e7d-a402-2e1b1579f12c_Kjarasamningur SA og Mjólkurfræðingafélags Íslands 19-22.pdf,Samtaka atvinnulífsins,Mjólkurfræðingafélags Íslands,aðilar úr skjali,,,2020-04-01,krónutala,,18000,almenn laun,úr texta,"eru allar í formi krónutölu - hækkana á mánaðarlaun. Með mánaðarlaunum er átt við föst mánaðarlaun fyrir dagvinnu. 1.1.2. Almenn hækkun mánaðarlauna fyrir fullt starf 1. apríl 2019: 17.000 kr. 1. apríl 2020: 18.000 kr. 1. janúar 2021: 15.750 kr. 1. janúar 2022: 17.250 kr. Kjaratengdir liðir kjarasamninga hækka um 2,5% á sömu dagset"
sa,Samtök atvinnulífsins,sa/dbecba48-72c5-45d3-8bca-497c7bc6c463_Kjarasamningur SA og Félags hársnyrtisveina 19-22.pdf,Samtaka atvinnulífsins,Félags hársnyrtisveina,aðilar úr skjali,2019-04-01,2022-11-01,2020-04-01,krónutala,,18000,almenn laun,úr texta,"ingsins eru allar í formi krónutöluhækkana á mánaðarlaun. Með mánaðarlaunum er átt við föst mánaðar - laun fyrir dagvinnu. Almenn hækkun mánaðarlauna fyrir fullt starf: 1. apríl 2019: 17.000 kr. 1. apríl 2020: 18.000 kr. 1. janúar 2021: 15.750 kr. 1. janúar 2022: 17.250 kr. 1 Til og með 31. mars 2020: 173,33 stundir. Samningur SA og"
sa,Samtök atvinnulífsins,sa/ec7569f0-03c7-4aae-915b-1a47a768b8ce_Kjarasamningur SA og VM_ félags vélstjóra og málmtæknimanna 19-22.pdf,Samtaka atvinnulífsins,"VM, Félags vélstjóra og málmtæknimanna",aðilar úr skjali,2019-04-01,2022-11-01,2020-04-01,krónutala,,18000,almenn laun,úr texta,"ingsins eru allar í formi krónutöluhækkana á mánaðarlaun. Með mánaðarlaunum er átt við föst mánaðarlaun fyrir dagvinnu. Almenn hækkun mánaðarlauna fyrir fullt starf: 1. apríl 2019: kr. 17.000 1. apríl 2020: kr. 18.000 1. janúar 2021: kr. 15.750 1. janúar 2022: kr. 17.250 Kjaratengdir liðir kjarasamning sins hækka um 2,5% á sömu dag"
sa,Samtök atvinnulífsins,sa/ff7fb6b4-17a7-4c37-b88b-846cc6e62456_Kjarasamningur 2019 meistarafélög í byggingariðnaði og Samiðn - lokaskjal - PDF.pdf,"Samtaka atvinnulífsins, vegna meistarafélaga í byggingariðnaði innan Samtaka iðnaðarins",Samiðnar - sambands iðnfélaga f.h. aðildarfélaga í byggingariðnaði,aðilar úr skjali,2019-04-01,2022-11-01,2020-04-01,krónutala,,18000,almenn laun,úr texta,"ingsins eru allar í formi krónutöluhækkana á mánaðarlaun. Með mánaðarlaunum er átt við föst mánaðarlaun fyrir dagvinnu. Almenn hækkun mánaðarlauna fyrir fullt starf: 1. apríl 2019: kr. 17.000 1. apríl 2020: kr. 18.000 1. janúar 2021: kr. 15.750 1. janúar 2022: kr. 17.250 Kjaratengdir liðir kjarasamning sins hækka um 2,5% á sömu dag"
sa,Samtök atvinnulífsins,sa/kjarasamningur-sa-og-vr-liv-2019-2022-netutgafa-pdf-uppfaert.pdf,Samtaka atvinnulífsins,VR og,aðilar úr skjali,2019-01-01,2022-12-31,2020-04-01,krónutala,,18000,kauptaxtar,úr texta,"ingsins eru allar í formi krónutöluhækkana á mánaðarlaun. Með mánaðarlaunum er átt við föst mánaðarlaun fyrir dagvinnu. Almenn hækkun mánaðarlauna fyrir fullt starf 1. apríl 2019: 17.000 kr. 1. apríl 2020: 18.000 kr. 1. janúar 2021: 15.750 kr. 1. janúar 2022: 17.250 kr. Kauptaxtar Kauptaxtar hækka sérstaklega, sbr. fylgiskjal."
sa,Samtök atvinnulífsins,sa/kjarasamningur-sa-og-vr-liv-2019-2022-netutgafa-pdf-uppfaert.pdf,Samtaka atvinnulífsins,VR og,aðilar úr skjali,2019-01-01,2022-12-31,2020-04-01,krónutala,,24000,kauptaxtar,úr texta,"íl 2019: 17.000 kr. 1. apríl 2020: 18.000 kr. 1. janúar 2021: 15.750 kr. 1. janúar 2022: 17.250 kr. Kauptaxtar Kauptaxtar hækka sérstaklega, sbr. fylgiskjal. 1. apríl 2019: 17.000 kr. 1. apríl 2020: 24.000 kr. 1. janúar 2021: 24.000 kr. 1. janúar 2022: 25.000 kr. Samningur SA og VR/LÍV 9 Ofan nefndar hækkanir á kaupta"
sameyki,Sameyki stéttarfélag í almannaþjónustu,sameyki/''Frihofnin ehf-kjarasamningur-lokautgafa 2019-2022.pdf,aðila framlengist frá 1. janúar 2019 til 31. október 2022 með þeim breytingum,fyrirvör,aðilar úr skjali,2019-01-01,2022-12-31,2020-04-01,krónutala,,18000,almenn laun,úr texta,"rá 1. janúar 2020, 1. apríl 2020, 1. janúar 2021 og 1. janúar 2022. Taxtahækkanir á samningstíma eru samtals 90.000 kr. Almennar launahækkanir á samningstímanum: 1. janúar 2020 17.000 kr. 1. apríl 2020 18.000 kr. 1. janúar 2021 15.750 kr 1. janúar 2022 17.250 kr. Kjaratengdir liðir kjarasamnings hækka um 2,5% á sömu dagsetning"
sameyki,Sameyki stéttarfélag í almannaþjónustu,sameyki/''Kjarasamningur Reykjavíkurborgar og Sameykis 2019 - 2023 lokaeintak lagfært uppfært - Copy (1).pdf,Reykjavíkurborgar,Sameykis – stéttarfélags í,aðilar úr skjali,2019-04-01,2023-03-31,2020-04-01,krónutala,,24000,launatafla,úr texta,"s sem gegnir fullu starfi, skulu greidd skv. meðfylgjandi launatöflum í fylgiskjali XV sem taka eftirfarandi breytingum á samningstímanum: 1. apríl 2019 hækka laun um kr. 17.000, launatafla 1. 1. apríl 2020 hækka laun um kr. 24.000 samhliða breyttri tengingu starfsmats við launatöflu, launatafla 2 1. janúar 2021 hækka laun um kr. 24.000, launatafla 3. 1. janúar 2022 hækka laun um kr. 25.000, launa"
sameyki,Sameyki stéttarfélag í almannaþjónustu,sameyki/''Kjarasamningur Sameykis við Reykjavíkurborg - Copy (4).pdf,Sameykis stéttarfélags í almannaþjónustu,Reykjavíkurborgar,aðilar úr skjali,2021-05-01,2023-03-31,2020-04-01,krónutala,,24000,launatafla,úr texta,"ns sem gegnir fullu starfi, skulu greidd skv. meðfylgjandi launatöflum í fylgiskjali XV sem taka eftirfarandi breytingum á samningstímanum: 1. apríl 2019 hækka laun um kr. 17.000, launatafla 1. 1. apríl 2020 hækka laun um kr. 24.000 samhliða breyttri tengingu starfsmats við launatöflu, launatafla 2. 1. janúar 2021 hækka laun um kr. 24.000, launatafla 3. 1. janúar 2022 hækka laun um kr. 25.000, lau"
samidn,Samiðn,samidn/Kjarasamningur_BGS_og_Samidn_07052019.pdf,Samiðnar,Bílgreinasambandsins,aðilar úr skjali,,,2020-04-01,krónutala,,18000,almenn laun,úr texta,"samningsins eru allar í formi krónutöluhækkana á mánaðarlaun. Með mánaðarlaunum er átt við föst mánaðarlaun fyrir dagvinnu. Almenn hækkun mánaðarlauna fyrir fullt starf 1. apríl 2019: 17.000 kr. 1. apríl 2020: 18.000 kr. 1. janúar 2021: 15.750 kr. 1. janúar 2022: 17.250 kr. Kjaratengdir liðir kjarasamninga hækka um 2,5% á sömu dagsetning"
samidn,Samiðn,samidn/Kjarasamningur_BGS_og_Samidn_07052019.pdf,Samiðnar,Bílgreinasambandsins,aðilar úr skjali,,,2020-04-01,prósenta,1.02,,almenn laun,úr texta,"yrir 37 klst. á viku / 160 klst. á mánuði verði þau sömu og áður var greitt fyrir fleiri tíma. Ákvæði kjarasamnings um yfirvinnuálag breytist og orðist svo: Yfirvinnuálag verður tvískipt. Frá 1. apríl 2020: Yfirvinna 1 greiðist með tímakaupi sem samsvarar 1,02% af mánaðarlaunum fyrir dagvinnu. Yfirvinna 2 greiðist með tímakaupi sem samsvarar 1,10% af mánaðarlaunum fyrir dagvinnu. Frá 1. janúar 202"
samidn,Samiðn,samidn/Kjarasamningur_Felag_pipulagningameistara_07052019.pdf,Samiðnar,Félag pípulagningameistara,aðilar úr skjali,,,2020-04-01,krónutala,,18000,almenn laun,úr texta,"samningsins eru allar í formi krónutöluhækkana á mánaðarlaun. Með mánaðarlaunum er átt við föst mánaðarlaun fyrir dagvinnu. Almenn hækkun mánaðarlauna fyrir fullt starf 1. apríl 2019: 17.000 kr. 1. apríl 2020: 18.000 kr. 1. janúar 2021: 15.750 kr. 1. janúar 2022: 17.250 kr. Kjaratengdir liðir kjarasamninga hækka um 2,5% á sömu dagsetning"
samidn,Samiðn,samidn/Kjarasamningur_Felag_pipulagningameistara_07052019.pdf,Samiðnar,Félag pípulagningameistara,aðilar úr skjali,,,2020-04-01,prósenta,1.02,,almenn laun,úr texta,"yrir 37 klst. á viku / 160 klst. á mánuði verði þau sömu og áður var greitt fyrir fleiri tíma. Ákvæði kjarasamnings um yfirvinnuálag breytist og orðist svo: Yfirvinnuálag verður tvískipt. Frá 1. apríl 2020: Yfirvinna 1 greiðist með tímakaupi sem samsvarar 1,02% af mánaðarlaunum fyrir dagvinnu. Yfirvinna 2 greiðist með tímakaupi sem samsvarar 1,10% af mánaðarlaunum fyrir dagvinnu. Frá 1. janúar 202"
samidn,Samiðn,samidn/Samidn-19.1.23-lok.pdf,fjármála- og efnahagsráðherra f.h. ríkissjóðs,Samiðnar,aðilar úr skjali,,,2020-04-01,krónutala,,18000,almenn laun,úr texta,með fjölda almanaksdaga annarra en laugardaga og sunnudaga frá upphafi eða til loka starfstíma. 1.1.3 Laun samkvæmt grein 1.1.1 hækki sem hér segir: 1. apríl 2019: Laun hækka um 17.000 kr. 1. apríl 2020: Laun hækka um 18.000 kr. 1. janúar 2021: Laun hækka um 15.750 kr. 1. janúar 2022: Laun hækka um 17. 250 kr. 1.1.4 Auk mánaðarlauna er heimil
samidn,Samiðn,samidn/Samidn_og_SA_-_KJARASAMNINGUR_2019.pdf,Samiðnar,Samtaka atvinnulífsins,aðilar úr skjali,,,2020-04-01,krónutala,,18000,almenn laun,úr texta,"samningsins eru allar í formi krónutöluhækkana á mánaðarlaun. Með mánaðarlaunum er átt við föst mánaðarlaun fyrir dagvinnu. Almenn hækkun mánaðarlauna fyrir fullt starf 1. apríl 2019: 17.000 kr. 1. apríl 2020: 18.000 kr. 1. janúar 2021: 15.750 kr. 1. janúar 2022: 17.250 kr. Kjaratengdir liðir kjarasamninga hækka um 2,5% á sömu dagsetning"
samidn,Samiðn,samidn/Samidn_og_SA_-_KJARASAMNINGUR_2019.pdf,Samiðnar,Samtaka atvinnulífsins,aðilar úr skjali,,,2020-04-01,prósenta,1.02,,almenn laun,úr texta,"yrir 37 klst. á viku / 160 klst. á mánuði verði þau sömu og áður var greitt fyrir fleiri tíma. Ákvæði kjarasamnings um yfirvinnuálag breytist og orðist svo: Yfirvinnuálag verður tvískipt. Frá 1. apríl 2020: Yfirvinna 1 greiðist með tímakaupi sem samsvarar 1,02% af mánaðarlaunum fyrir dagvinnu. Yfirvinna 2 greiðist með tímakaupi sem samsvarar 1,10% af mánaðarlaunum fyrir dagvinnu. Frá 1. janúar 202"
samidn,Samiðn,samidn/Samningar_idnadarmanna_2019_6.05.2019_-_allt.pdf,,,aðeins heimild,,,2020-04-01,prósenta,8.33,,almenn laun,úr texta,".500 kr. 4.125 kr. 2,01 - 2,50% 8.000 kr. 6.000 kr. 2,51 - 3,00% 10.500 kr 7.875 kr. Meira en 3,00% 13.000 kr. 9.750 kr. Breytingar á vinnutíma - Virkur vinnutími ❖ Ný deilitala dagvinnu notuð: 160 (1. apríl 2020) ❖ Í stað 173,33 ❖ Hækkar dagvinnulaun um 8,33% ❖ Mánaðarlaun óbreytt ❖ 1.4.2020 - Nýjar yfirvinnuprósentur ❖ Yfirvinna 1: 1,02% af mánaðarlaunum (76,7% m.v. 173,33 deilitöl"
samidn,Samiðn,samidn/Samningar_idnadarmanna_2019_6.05.2019_-_kynning.pdf,,,aðeins heimild,,,2020-04-01,prósenta,8.33,,almenn laun,úr texta,".500 kr. 4.125 kr. 2,01 - 2,50% 8.000 kr. 6.000 kr. 2,51 - 3,00% 10.500 kr 7.875 kr. Meira en 3,00% 13.000 kr. 9.750 kr. Breytingar á vinnutíma - Virkur vinnutími ❖ Ný deilitala dagvinnu notuð: 160 (1. apríl 2020) ❖ Í stað 173,33 ❖ Hækkar dagvinnulaun um 8,33% ❖ Mánaðarlaun óbreytt ❖ 1.4.2020 - Nýjar yfirvinnuprósentur ❖ Yfirvinna 1: 1,02% af mánaðarlaunum (76,7% m.v. 173,33 deilitöl"
sgs,Starfsgreinasamband Íslands,sgs/kjarasamningur-sgs-og-rikisins-2019.pdf,fjármála- og efnahagsráðherra f.h. ríkissjóðs,Starfsgreinasambands Íslands,aðilar úr skjali,2019-04-01,2023-03-31,2020-04-01,krónutala,,24000,launatafla,úr texta,r. Kjarasamningur SGS og fjármála- og efnahagsráðherra f.h. ríkissjóðs 1 1 Um kaup 1.1 Mánaðarlaun 1.1.1 Laun samkvæmt grein 1.1.1 hækki sem hér segir: 1. apríl 2019: Laun hækka um 17.000 kr. 1. apríl 2020: Laun hækka um 24.000 kr. fyrir launaflokk a 1-17 og um 18.000 kr. fyrir hærri launaflokka. 1. janúar 2021: Ný launatafla tekur gildi. 1. janúar 2022: Laun hækka um 17.250 kr. Sjá launatöflur í 
sgs,Starfsgreinasamband Íslands,sgs/taxtar_sa_1-april-2019.pdf,"um veitinga-, þjónustu",greiðasölustaði og hliðstæða starfsemi. ...15,aðilar úr skjali,,,2020-04-01,krónutala,,18000,kauptaxtar,úr texta,"fyrir vinnu umfram 173,33 stundir á mánuði og endurgjald á útlögðum kostnaði reiknast ekki með í þessu sambandi. Almenn hækkun á mánaðarlaun fyrir fullt starf • 1. apríl 2019 17.000 kr. á mánuði • 1. apríl 2020 18.000 kr. • 1. janúar 2021 15.750 kr. • 1. janúar 2022 17.250 kr. Kauptaxtar hækka sérstaklega • 1. apríl 2019 17.000 kr. á mán"
sgs,Starfsgreinasamband Íslands,sgs/taxtar_sa_1-april-2019.pdf,"um veitinga-, þjónustu",greiðasölustaði og hliðstæða starfsemi. ...15,aðilar úr skjali,,,2020-04-01,krónutala,,24000,kauptaxtar,úr texta,"starf • 1. apríl 2019 17.000 kr. á mánuði • 1. apríl 2020 18.000 kr. • 1. janúar 2021 15.750 kr. • 1. janúar 2022 17.250 kr. Kauptaxtar hækka sérstaklega • 1. apríl 2019 17.000 kr. á mánuði • 1. apríl 2020 24.000 kr. • 1. janúar 2021 24.000 kr. • 1. janúar 2022 25.000 kr. Kjaratengdir liðir kjarasamninga hækka um 2,5% á sömu dagsetning"
sgs,Starfsgreinasamband Íslands,sgs/taxtar_sa_1-april-31-des-2020-ii.pdf,,,aðeins heimild,2020-04-01,2020-12-31,2020-04-01,krónutala,,24000,kauptaxtar,úr texta,"Kauptaxtar SGS og SA Samkvæmt samningi aðila frá 3. apríl 2019 Gildir frá 1. apríl 2020 til 31. desember 2020 Launahækkun 1. apríl 2020 Kauptaxtar hækka um 24.000 kr. Almenn hækkun mánaðarlauna er 18.000 kr. Kjaratengdir liðir kjarasamninga hækka um 2,5%, nema um annað hafi verið samið. Lágmarkstekjur fyrir fullt starf Frá 1. apríl 2020: 335."
verkvest,Verkalýðsfélag Vestfirðinga,verkvest/kjarasamningur-sgs-og-sambands-islenskra-sveitarfelaga-2020-2023_vef.pdf,Starfsgreinasambands Íslands,Sambands íslenskra sveitarfélaga,aðilar úr skjali,2020-01-01,2023-12-31,2020-04-01,krónutala,,24000,kauptaxtar,úr texta,amkvæmt samningsniðurstöðu þeirra sem fá greidd laun samkvæmt kauptöxtum á almennum vinnumarkaði. Mánaðarlaun hækka sem hér segir á samningstímanum: 1. janúar 2020: Hækka laun um kr. 17.000 kr. 1. apríl 2020: Hækka laun um kr. 24.000 kr. 1. janúar 2021: Hækka laun um kr. 24.000 kr. 1. janúar 2022: Hækka laun um kr. 25.000 kr. 1. janúar 2023: Tekur launat
vm,VM - Félag vélstjóra og málmtæknimanna,vm/Heildartexti_Landsvirkjun_2021_hreint.pdf,Landsvirkjunar,VM Félags vélstjóra og málmtæknimanna,aðilar úr skjali,2011-06-22,2014-01-31,2020-04-01,krónutala,,24000,kauptaxtar,grunsamlegt,"greiðist þá öll umframvinna með yfirvinnukaupi. 9 4. Kafli LAUNAÁKVÆÐI 4.1 Launaflokkar Kauptaxtar kjarasamningsins hækka á samningstímabilinu sem hér segir: 1. apríl 2019 kr. 17.000 1. apríl 2020 kr. 24.000 1. janúar 2021 kr. 24.000 1. janúar 2022 kr. 25.000 Aðrir launaliðir kjarasamningsins hækka um 2,5% á sömu dagsetningu"
vm,VM - Félag vélstjóra og málmtæknimanna,vm/Kjarasamn-VM-Hafro-1-april-2019-til-31-mars-2023.pdf,fjármála- og efnahagsráðherra f.h. ríkissjóðs,VM – Félags vélstjóra og málmtæknimanna,aðilar úr skjali,,,2020-04-01,krónutala,,18000,launatafla,úr texta,"manns sem gegnir fullu starfi, skulu frá 1. apríl 2019 greidd samkvæmt launatöflu í fylgiskjali 1. 1.1.2 Laun samkvæmt grein1.1.1 hækki sem hér segir: 1. apríl 2019: Laun hækka um 17.000 kr. 1. apríl 2020: Laun hækka um 18.000 kr. 1. janúar 2021: Laun hækka um 15.750 kr. 1. janúar 2022: Laun hækka um 17.250 kr. 1.1.3 1. febrúar 2019, sérstök eingr"
vm,VM - Félag vélstjóra og málmtæknimanna,vm/Kjarasamn-VM-LHG-1-april-2019-til-31-mars-2023.pdf,fjármála- og efnahagsráðherra f.h. ríkissjóðs,VM – Félags vélstjóra og málmtæknimanna,aðilar úr skjali,,,2020-04-01,krónutala,,18000,launatafla,úr texta,"smanns sem gegnir fullu starfi, skulu frá 1. apríl 2019 greidd samkvæmt launatöflu í fylgiskjali 1. 1.1.2 Laun samkvæmt grein1.1.1 hækki sem hér segir: 1. apríl 2019: Laun hækka um 17.000 kr. 1. apríl 2020: Laun hækka um 18.000 kr. 1. janúar 2021: Laun hækka um 15.750 kr. 1. janúar 2022: Laun hækka um 17.250 kr. 1.1.3 1. febrúar 2019, sérstök eingr"
vm,VM - Félag vélstjóra og málmtæknimanna,vm/dreifibref-sem-for-a-launagreidendur.pdf,aðila vegna bættrar nýtingar vinnutíma,aukinnar framleiðni,aðilar úr skjali,,,2020-04-01,krónutala,,3238,almenn laun,úr texta,"Dæmi til 31.03.2020 Mánaðarlaun Deilitala Tímakaup 500.000 173,33 2.885 kr. Dæmi frá 01.04.2020 með kr.18.000 hækkun sem koma á öll laun 01.04. 2020. Mánaðarlaun Deilitala Tímakaup 518.000 kr.* 160 3.238 kr. • Öll dagvinnulaun hækka um a.m.k.kr. 18.000,- eða 112,50 pr. tíma frá 1. apríl 2020. Breyting á yfirvinnuálagi Yfirvinna 1 Yfirvinna 1 er greidd fyrir fyrstu fyrstu 4 klst á viku að jafnaði e"
vm,VM - Félag vélstjóra og málmtæknimanna,vm/hvad-gerist-1apri-lvinnutimastyttingspurtogsvarad09032020.pdf,,,aðeins heimild,,,2020-04-01,krónutala,,18000,óskilgreint,úr texta,vinnutími. (01.04.2020) 160 500.000 3125 kr. 500.000 kr. Stytting vinnuvikunnar. 156 500.000 3205 kr. 500.000 kr. 9. mars 2020 Launahækkanir 1. apríl 2020 Laun fyrir dagvinnu 1. apríl 2020 hækka um 18.000 kr.  Hvað hækkar tímakaupið mitt 1. apríl 2020? Svar: Sjáum dæmi. Miðað er við 500.000 kr. Laun Launahækkun Fjöldi klst Tímakaup Heildarlaun 500.000
vm,VM - Félag vélstjóra og málmtæknimanna,vm/kjarasamn-vm-bjorgun-2019-1.pdf,Björgunar ehf,VM Félags vélstjóra og málmtæknimanna,aðilar úr skjali,2019-04-01,2022-11-01,2020-04-01,krónutala,,3150,óskilgreint,úr texta,daga reiknast hlutfallslega miðað við umsamin árslaun. 4. LAUN OG TILLEGG 4.1. Laun 4.1.1. Dagkaup félagsmann VM hækkar á samningstímanum sem hér segir: þann 1. apríl 2019 kr. 2.250 þann 1. apríl 2020 kr. 3.150 þann 1. Janúar 2021 kr. 3.150 þann 1. Janúar 2022 kr. 3.300 Aðrir launaliðir hækka samkvæmt töflu sem verður fylgiskjal
vr,VR,vr/kjarasamningur-2019_fr-1-aprl-2019-til-1-nvember-2022.pdf,MILLI: SAMTAKA ATVINNULÍFSINS,SAMTAKA FERÐAÞJÓNUSTUNNAR,aðilar úr skjali,,,2020-04-01,krónutala,,24000,kauptaxtar,úr texta,"rasamninga hækka um 2,5% á sö mu dagsetningum, nema um annað hafi verið samið. !5 2.1.2 Í stað gildandi launataxta koma nýir taxtar sbr. fylgiskjal 1. Nýir launataxtar gilda frá 1. apríl 2019 1. apríl 2020 hækka taxtalaun um 24.000 kr. 1.janúar 2021 hækka taxtalaun um 24.000 kr 1. janúar 2022 hækka taxtalaun um 25.000 kr. 2.1.3. Tímakaup í dagvinnu"
vr,VR,vr/kjarasamningur_vrogsa_vefur.pdf,MILLI VR,SAMTAKA ATVINNULÍFSINS,aðilar úr skjali,2019-04-01,2022-11-01,2020-04-01,krónutala,,18000,kauptaxtar,úr texta,"gsins eru allar í formi krónutöluhækkana á mánaðarlaun. Með mánaðarlaunum er átt við föst mánaðarlaun fyrir dagvinnu. Almenn hækkun mánaðarlauna fyrir fullt starf 1. apríl 2019: 17.000 kr. 1. apríl 2020: 18.000 kr. 1. janúar 2021: 15.750 kr. 1. janúar 2022: 17.250 kr. Kauptaxtar Kauptaxtar hækka sérstaklega, sbr. fylgiskjal."
vr,VR,vr/kjarasamningur_vrogsa_vefur.pdf,MILLI VR,SAMTAKA ATVINNULÍFSINS,aðilar úr skjali,2019-04-01,2022-11-01,2020-04-01,krónutala,,24000,kauptaxtar,úr texta,"íl 2019: 17.000 kr. 1. apríl 2020: 18.000 kr. 1. janúar 2021: 15.750 kr. 1. janúar 2022: 17.250 kr. Kauptaxtar Kauptaxtar hækka sérstaklega, sbr. fylgiskjal. 1. apríl 2019: 17.000 kr. 1. apríl 2020: 24.000 kr. 1. janúar 2021: 24.000 kr. 1. janúar 2022: 25.000 kr. 12 Fyrrnefndar hækkanir á kauptaxta eru reiknaðar í útgefnum"
vr,VR,vr/kjarasamningur-2019_fr-1-aprl-2019-til-1-nvember-2022.pdf,MILLI: SAMTAKA ATVINNULÍFSINS,SAMTAKA FERÐAÞJÓNUSTUNNAR,aðilar úr skjali,,,2020-05-01,krónutala,,18000,almenn laun,úr texta,"samningsins eru allar í formi krónutö luhækkana á mánaðarlaun. Með mánaðarlaunum er átt við föst mánaðarlaun fyrir dagvinnu. Almenn hækkun mánaðarlauna fyrir fullt starf 1. maí 2019: 17.000 kr. 1. maí 2020: 18.000 kr. 1. janúar 2021: 15.750 kr. 1. janúar 2022: 17.250 kr. Kjaratengdir liðir kjarasamninga hækka um 2,5% á sö mu dagset"
afl,AFL Starfsgreinafélag,afl/2019-2023-SGSogSveitafelogin.pdf,SAMBANDS ÍSLENSKRA SVEITARFÉLAGA F.H. ÞEIRRA SVEITARFÉLAGA,ANNARRA AÐILA SEM ÞAÐ HEFUR,aðilar úr skjali,2019-01-01,2023-12-31,2021-01-01,krónutala,,24000,kauptaxtar,úr texta,d laun samkvæmt kauptöxtum á almennum vinnumarkaði. Mánaðarlaun hækka sem hér segir á samningstímanum: 1. janúar 2020: Hækka laun um kr. 17.000 kr. 1. apríl 2020: Hækka laun um kr. 24.000 kr. 1. janúar 2021: Hækka laun um kr. 24.000 kr. 1. janúar 2022: Hækka laun um kr. 25.000 kr. 1. janúar 2023: Tekur launatafla 5 gildi. Útgefin launatafla hverju sinni
afl,AFL Starfsgreinafélag,afl/2022_kjarasamningur-sgs-og-lv.pdf,Starfsgreinasambands Íslands vegna viðkomandi stéttarfélaga,Landsvirkjunar,aðilar úr skjali,2019-01-01,2022-11-01,2021-01-01,krónutala,,24000,kauptaxtar,úr texta,"þessari útgáfu byggðar á samningi SA, ASÍ og aðildarfélaga ASÍ dags. Kauptaxtar kjarasamningsins hækka á samningstímabilinu sem hér segir: 1. apríl 2019 kr. 17.000 1. apríl 2020 kr. 24.000 1. janúar 2021 kr. 24.000 1. janúar 2022 kr. 25.000 Aðrir launaliðir kjarasamningsins hækka um 2,5% á sömu dagsetningum, nema"
efling,Efling stéttarfélag,efling/Kjarasamningr Eflingar og ri-kis 2019.pdf,fjármála- og efnahagsráðherra f.h. ríkissjóðs,Eflingar-stéttarfélags,aðilar úr skjali,,,2021-01-01,krónutala,,24000,launatafla,úr texta,"1.1 Mánaðarlaun 1.1.1 Mánaðarlaun starfsmanns sem gegnir fullu starfi, skulu greidd samkvæmt meðfylgjandi launatöflum í fylgiskjali 3. 1. apríl 2019: Laun hækka um 17.000 kr. 1. apríl 2020: Laun hækka um 24.000 kr. fyrir launa flokka 1 -17 og um 18.000 kr. fyrir hærri launaflokka. 1. janúar 2021: Ný launatafla tekur gildi. 1. janúar 2022: Laun hækka um 17.250 kr. 1.1.2 Þegar unninn er 8 stunda vin"
efling,Efling stéttarfélag,efling/Kjarasamningur Eflingar og Reykjavi-kurborgar 2019-2023.pdf,Reykjavíkurborgar,Eflingar – stéttarfélags,aðilar úr skjali,2019-01-01,2023-12-31,2021-01-01,krónutala,,24000,launatafla,úr texta,"di breytingum á samningstímanum: 1. apríl 2019 hækka laun um kr. 17.000, launatafla 1. 1. apríl 2020 hækka laun um kr. 24.000 samhliða breyttri tengingu starfsmats við launatöflu, launatafla 2 1. janúar 2021 hækka laun um kr. 24.000, launatafla 3. 1. janúar 2022 hækka laun um kr. 25.000, launatafla 4. Lágmarkslaun fyrir fullt starf, fullar 173,33 unnar stundir á m"
efling,Efling stéttarfélag,efling/Kjarasamningur Eflingar og Reykjavi-kurborgar 2019-2023.pdf,Reykjavíkurborgar,Eflingar – stéttarfélags,aðilar úr skjali,2019-01-01,2023-12-31,2021-01-01,prósenta,2.5,,óskilgreint,úr texta,"skv. gr. 1.4. Hinu nýja heimildarákvæði er m.a. ætlað að styðja við þær breytingar sem leiða af betra skipulagi vinnutíma. Önnur laun taka ekki sjálfkrafa breytingum Þrátt fyrir ofangreint eru aðilar sammála um að á samningstím anum taki önnur laun skv. gr. 1.1.3 hækkun um 2,5% þann 1. janúar 2021 og þann 1. janúar 2022. Kjarasamningur Reykjavíkurborgar og Eflingar - stéttarfélags 2019-2023 57 Bók"
efling,Efling stéttarfélag,efling/Kjarasamningur Eflingar og SA fyrir starfsfo-lk ho-tela- og veitingahu-sa fra- 1.4.19 til 1.11.22.pdf,Samtaka atvinnulífsins,Eflingar – stéttarfélags,aðilar úr skjali,,,2021-01-01,krónutala,,15750,kauptaxtar,úr texta,"krónutöluhækkana á mánaðarlaun. Með mánaðarlaunum er átt við föst mánaðarlaun fyrir dagvinnu. Almenn hækkun mánaðarlauna fyrir fullt starf 1. apríl 2019: 17.000 kr. 1. apríl 2020: 18.000 kr. 1. janúar 2021: 15.750 kr. 1. janúar 2022: 17.250 kr. 1.3.2. Kauptaxtar Kauptaxtar hækka sérstaklega, sbr. fylgiskjöl með kjarasamningum. 1"
efling,Efling stéttarfélag,efling/Kjarasamningur Eflingar og SA fyrir starfsfo-lk ho-tela- og veitingahu-sa fra- 1.4.19 til 1.11.22.pdf,Samtaka atvinnulífsins,Eflingar – stéttarfélags,aðilar úr skjali,,,2021-01-01,krónutala,,24000,kauptaxtar,úr texta,"anúar 2021: 15.750 kr. 1. janúar 2022: 17.250 kr. 1.3.2. Kauptaxtar Kauptaxtar hækka sérstaklega, sbr. fylgiskjöl með kjarasamningum. 1. apríl 2019: 17.000 kr. 1. apríl 2020: 24.000 kr. 1. janúar 2021: 24.000 kr. 1. janúar 2022: 25.000 kr. 1.3.3. Kjaratengdir liðir Kjaratengdir liðir kjarasamningsins hækka um 2,5% á sömu dagset"
efling,Efling stéttarfélag,efling/Kjarasamningur Eflingar og SFV fra- 2019-2023.pdf,Eflingar,Samtaka fyrirtækja í velferðarþjónustu iii,aðilar úr skjali,2019-04-01,2023-03-31,2021-01-01,krónutala,,24000,launatafla,úr texta,"up 1.1 Mánaðarlaun 1.1.1 Mánaðarlaun starfsmanns sem gegnir fullu starfi, skulu greidd samkvæmt meðfylgjandi launatöflum í fylgiskjali 3. 1.apríl 2019: Laun hækka um 17.000 kr. 1. apríl 2020: Laun hækka um 24.000 kr. fyrir launaflokka 1 -17 og um 18.000 kr. fyrir hærri launaflokka. 1.janúar 2021: Ný launatafla tekur gildi. 1.janúar 2022:Laun hækka um 17.250 kr. 1.1.2 Þegar unninn er 8 stunda vinnu"
fin,Félag íslenskra náttúrufræðinga,fin/Kjarasamningur-Felags-islenskra-natturufraedinga-og-Reykjavikurborgar-2019-2023-ekki-undirritad.pdf,FÉLAGS ÍSLENSKRA NÁTTÚRUFRÆÐINGA,REYKJAVÍKURBORGAR,aðilar úr skjali,2019-04-01,2023-03-31,2021-01-01,krónutala,,24000,launatafla,úr texta,"i launatöflum í fylgiskjali XI I sem taka eftirfarandi breytingum á samningstímanum: 1. apríl 2019 hækka laun um kr. 17.000, launatafla 1. 1. apríl 2020 hækka laun um kr. 24.000 , launatafla 2. 1. janúar 2021 hækka laun um kr. 24.000, launatafla 3. Kosið verði milli leiðar A og leiðar B og skal niðurstaða um hvor leiðin verði valin liggja fyrir eigi síðar en 1. nóvember 2021. Einfaldur meirihluti "
fin,Félag íslenskra náttúrufræðinga,fin/Kjarasamningur-Felags-islenskra-natturufraedinga-og-Reykjavikurborgar-2019-2023-ekki-undirritad.pdf,FÉLAGS ÍSLENSKRA NÁTTÚRUFRÆÐINGA,REYKJAVÍKURBORGAR,aðilar úr skjali,2019-04-01,2023-03-31,2021-01-01,prósenta,2.5,,óskilgreint,úr texta,"og stjórnenda. Af því leiðir að önnur laun kunna að vera breytileg frá einum tíma til annars þar sem forsendur að baki þeirra geta tekið breytingum, að efni og umfangi. Þrátt fyrir ofangreint eru aðilar sammála um að á samningstímanum taki önnur laun skv. gr. 1.1.3 hækkun um 2,5% þann 1. janúar 2021 og þann 1. janúar 2022. Reykjavíkurborg setur nánari reglur um beitingu heimildarákvæðisins og kynn"
fin,Félag íslenskra náttúrufræðinga,fin/Kjarasamningur-SNS_FIN_4.-juni-2020_LOK.pdf,SAMBANDS ÍSLENSKRA SVEITARFÉLAGA F.H. ÞEIRRA SVEITARFÉLAGA,ANNARRA AÐILA,aðilar úr skjali,,,2021-01-01,prósenta,2.5,,óskilgreint,úr texta,"akra hópa á milli almenns og opinbers vinnumarkaðar sbr. fylgiskjal 6. Sé heimildarákvæðinu beitt, skal tryggt að málsmeðferð og ákvörðun um greiðslu annarra launa byggi á málefnalegum sjónarmiðum og feli ekk i í sér kynbundna mismunun. Á samningstímanum hækka önnur laun um 2,5% þann 1. janúar 2021 og þann 1. janúar 2022. Heimildarákvæðinu er ætlað að styðja við þær breytingar sem leiða af betra s"
framsyn,Framsýn stéttarfélag,framsyn/Kjarasamningur-SGS-og-Landsvirkjunar-breytingar.pdf,Starfsgreinasambands Íslands,Landsvirkjunar,aðilar úr skjali,,,2021-01-01,krónutala,,24000,kauptaxtar,úr texta,"rkjunar og Starfsgreinasambands Íslands. 2. gr. Launabreytingar Kauptaxtar kjarasamningsins hækka á samningstímabilinu sem hér segir: 1. apríl 2019 kr. 17.000 1. apríl 2020 kr. 24.000 1. janúar 2021 kr. 24.000 1. janúar 2022 kr. 25.000 Aðrir launaliðir kjarasamningsins hækka um 2,5% á sömu dagsetningum, nema um annað hafi ver"
framsyn,Framsýn stéttarfélag,framsyn/Kjarasamningur_LIVogSA_Vefur.pdf,LANDSSAMBANDS ÍSLENZKRA VERZLUNARMANNA,SAMTAKA ATVINNULÍFSINS,aðilar úr skjali,2019-04-01,2022-11-01,2021-01-01,krónutala,,15750,kauptaxtar,úr texta,"utöluhækkana á mánaðarlaun. Með mánaðarlaunum er átt við föst mánaðarlaun fyrir dagvinnu. Almenn hækkun mánaðarlauna fyrir fullt starf 1. apríl 2019: 17.000 kr. 1. apríl 2020: 18.000 kr. 1. janúar 2021: 15.750 kr. 1. janúar 2022: 17.250 kr. Kauptaxtar Kauptaxtar hækka sérstaklega, sbr. fylgiskjal. 1. apríl 2019: 17.000 kr."
framsyn,Framsýn stéttarfélag,framsyn/Kjarasamningur_LIVogSA_Vefur.pdf,LANDSSAMBANDS ÍSLENZKRA VERZLUNARMANNA,SAMTAKA ATVINNULÍFSINS,aðilar úr skjali,2019-04-01,2022-11-01,2021-01-01,krónutala,,24000,kauptaxtar,úr texta,"l 2020: 18.000 kr. 1. janúar 2021: 15.750 kr. 1. janúar 2022: 17.250 kr. Kauptaxtar Kauptaxtar hækka sérstaklega, sbr. fylgiskjal. 1. apríl 2019: 17.000 kr. 1. apríl 2020: 24.000 kr. 1. janúar 2021: 24.000 kr. 1. janúar 2022: 25.000 kr. 12 Fyrrnefndar hækkanir á kauptaxta eru reiknaðar í útgefnum töxtum í gr. 1.1. og í fylgis"
framsyn,Framsýn stéttarfélag,framsyn/PCC-2021-Launataxtar-2019-2022-framleidsla-og-idnadar-.pdf,,,aðeins heimild,2019-01-01,2022-12-31,2021-01-01,krónutala,,24000,óskilgreint,úr texta,Iðnaðarmenn án sveinsprófs Iðnaðarmenn með sveinspróf Framleiðslustarfsmenn Iðnaðarmenn án sveinsprófs Iðnaðarmenn með sveinspróf Hækkun apríl 2020 kr. 24.000 Hækkun apríl 2020 kr. 24.000 Hækkun 1.jan 2021. Kr 24.000. Hækkun 1.jan 2021. Kr 24.000. Hækkun 1.jan 2022. Kr 25.000. Hækkun 1.jan 2022. Kr 25.000. Úr sérkjarasamning 2019 taxtar Úr sér
grafia,Grafía,grafia/Grafia-kauptaxtar-1.-apríl-2020-1.pdf,GRAFÍU – stéttarfélags í prent,miðlunargrein,aðilar úr skjali,,,2021-01-01,krónutala,,15750,almenn laun,úr texta,"samningsins eru allar í formi krónutöluhækkana á mánaðarlaun. Með mánaðarlaunum er átt við föst mánað- arlaun fyrir dagvinnu. Almenn hækkun mánaðarlauna fyrir fullt starf 1. apríl 2020: 18.000 kr. 1. janúar 2021: 15.750 kr. 1. janúar 2022: 17.250 kr. Kjaratengdir liðir kjarasamninga hækka um 2,5% á sömu dagsetningum, nema um annað hafi veri"
grafia,Grafía,grafia/Grafia-kauptaxtar-1.-apríl-2020-2.pdf,GRAFÍU – stéttarfélags í prent,miðlunargrein,aðilar úr skjali,,,2021-01-01,krónutala,,15750,almenn laun,úr texta,"samningsins eru allar í formi krónutöluhækkana á mánaðarlaun. Með mánaðarlaunum er átt við föst mánað- arlaun fyrir dagvinnu. Almenn hækkun mánaðarlauna fyrir fullt starf 1. apríl 2020: 18.000 kr. 1. janúar 2021: 15.750 kr. 1. janúar 2022: 17.250 kr. Kjaratengdir liðir kjarasamninga hækka um 2,5% á sömu dagsetningum, nema um annað hafi veri"
grafia,Grafía,grafia/Grafia-kauptaxtar-1.-janúar-2021-1.pdf,GRAFÍU – stéttarfélags í prent,miðlunargrein,aðilar úr skjali,,,2021-01-01,krónutala,,15750,almenn laun,úr texta,"abreytingar Launahækkanir samningsins eru allar í formi krónutöluhækkana á mánaðarlaun. Með mánaðarlaunum er átt við föst mánað- arlaun fyrir dagvinnu. Almenn hækkun mánaðarlauna fyrir fullt starf 1. janúar 2021: 15.750 kr. 1. janúar 2022: 17.250 kr. Kjaratengdir liðir kjarasamninga hækka um 2,5% á sömu dagsetningum, nema um annað hafi veri"
grafia,Grafía,grafia/Grafia-kauptaxtar-1.-janúar-2021-1.pdf,GRAFÍU – stéttarfélags í prent,miðlunargrein,aðilar úr skjali,,,2021-01-01,prósenta eða krónutala,1.0,15750,kauptaxtar,úr texta,"greiddar að jafnaði á viku m.v. fullt starf í stað 40 klst. og deilitala dagvinnutíma- kaups verður 160 í stað 173,33. Tímakaup í dagvinnu hækkar því um 8,33% eða sem Kauptaxti GRAFÍU frá og með 1. janúar 2021 Almenn launahækkun kr. 15.750 Mánaðarlaun Dagvinna deilitala 160 Yfirvinna 1 1,00% Yfirvinna 2 1,15% Sveinar Byrjunarlaun 447.098 kr 2794.36 4470,98 5141,63 Iðnaðarmenn með a.m.k. 5 ára svei"
grafia,Grafía,grafia/Grafia-kauptaxtar-1.-janúar-2021-1.pdf,GRAFÍU – stéttarfélags í prent,miðlunargrein,aðilar úr skjali,,,2021-01-01,prósenta og krónutala,2.5,15750,almenn laun,úr texta,"klst á mánuði. Stéttarfélögin sem standa að þessum kjara- samningum eru tilbúin að veita aðstoð við útfærslu og vera félagsmönnum sínum innan handar við styttingu vinnuvikunnar. Almenn launahækkun 1. janúar 2021 15.750 kr. Kjaratengdir liðir kjarasamninga hækka um 2,5% á sömu dagsetningu nema um annað hafi verið samið Stytting á vinnutíma – 1. apríl 2020 Ný deilitala dagvinnu verður 152, í stað 15"
grafia,Grafía,grafia/Grafia-launataxtar-1.-apríl-2019.pdf,GRAFÍU – stéttarfélags í prent,miðlunargrein,aðilar úr skjali,,,2021-01-01,krónutala,,15750,almenn laun,úr texta,"rmi krónutöluhækkana á mánaðar - laun. Með mánaðarlaunum er átt við föst mánaðarlaun fyrir dagvinnu. Almenn hækkun mánaðarlauna fyrir fullt starf 1. apríl 2019: 17.000 kr. 1. apríl 2020: 18.000 kr. 1. janúar 2021: 15.750 kr. 1. janúar 2022: 17.250 kr. Kjaratengdir liðir kjarasamninga hækka um 2,5% á sömu dagsetningum, nema um annað hafi veri"
hjukrun,Félag íslenskra hjúkrunarfræðinga,hjukrun/19cd6e02-a0cf-43cc-a180-0917b7d98967_Ríki_heildartexti.pdf,Félags íslenskra hjúkrunarfræðinga,fjármálaráðherra f.h. ríkissjóðs,aðilar úr skjali,,,2021-01-01,krónutala,,15750,launatafla,úr texta,dd samkvæmt meðfylgjandi launatöflum í fylgiskjali 3 bls. 67 sem taka eftirfarandi breytingum á samningstímanum. 1. apríl 2019: Laun hækka um 17.000 kr. 1. apríl 2020: Laun hækka um 18.000 kr. 1. janúar 2021: Laun hækka um 15.750 kr. 1. janúar 2022: Laun hækka um 17.250 kr. 1.1.2 Útreikningur á broti úr mánaðarlaunum Þegar unninn er 8 stunda vinnudag
hjukrun,Félag íslenskra hjúkrunarfræðinga,hjukrun/4064e6cd-c05e-4c20-a7bc-89a51f9fdba6_Heildarkjarasamningur FÍHJÚ loka - Copy (1).pdf,Félags íslenskra hjúkrunarfræðinga,Reykjavíkurborgar,aðilar úr skjali,2019-04-01,2023-03-31,2021-01-01,krónutala,,24000,launatafla,úr texta,"di breytingum á samningstímanum: 1. apríl 2019 hækka laun um kr. 17.000, launatafla 1. 1. apríl 2020 hækka laun um kr. 24.000 samhliða breyttri tengingu starfsmats við launatöflu, launatafla 2 1. janúar 2021 hækka laun um kr. 24.000, launatafla 3. 1. janúar 2022 hækka laun um kr. 25.000, launatafla 4. 1.1.2 Þegar unninn er 8 stunda vinnudagur reglubundið, reiknast"
hjukrun,Félag íslenskra hjúkrunarfræðinga,hjukrun/b2382d49-608d-4d86-93b5-bf3cffacc283_MidlunartillagaRikissattasemjaraFihogSNR21062020LOK.pdf,aðila framlengist frá 1. apríl 2019 til 31. mars 2023 með þeim breytingum,fyrirvör,aðilar úr skjali,,,2021-01-01,krónutala,,15750,launatafla,úr texta,og fellur þá úr gildi án frekari fyrirvara. 2. gr. Launahækkanir Laun samkvæmt grein 1.1.1 hækki sem hér segir: 1. apríl 2019: Laun hækka um 17.000 kr. 1. apríl 2020: Laun hækka um 18.000 kr. 1. janúar 2021: Laun hækka um 15.750 kr. 1. janúar 2022: Laun hækka um 17.250 kr. Sjá meðfylgjandi launatöflur í fylgiskjali 3. 3. gr. Önnur laun er starfinu
lis,Læknafélag Íslands,lis/2020.12.07-kjarasamningur-li-snr_lok-undirritad.pdf,aðila framlengist frá 1. mars 2019 til 31. mars 2023 með þeim breytingum,fyrirvör,aðilar úr skjali,,,2021-01-01,krónutala,,15750,launatafla,úr texta,g fellur þá úr gildi án frekari fyrirvara. 2. gr. Launahækkanir Laun samkvæmt grein 3.1.1 hækki sem hér segir: 1. mars 2019: Laun hækka um 17.000 kr. 1. apríl 2020: Laun hækka um 18.000 kr. 1. janúar 2021: Laun hækka um 15.750 kr. 1. janúar 2022: Laun hækka um 17.250 kr. Sjá nánar meðfylgjandi launatöflur í fylgiskjali með kjarasamningi þessum.
sa,Samtök atvinnulífsins,sa/02fca51d-e0a6-4a1e-9bf9-6a877fab6630_kjarasamningur-2019-2022-sa-og-sa-vid-leidsogn.pdf,MILLI: SAMTAKA ATVINNULÍFSINS,SAMTAKA FERÐAÞJÓNUSTUNNAR,aðilar úr skjali,2019-01-01,2022-12-31,2021-01-01,krónutala,,15750,almenn laun,úr texta,"̈luhækkana á mánaðarlaun. Með mánaðarlaunum er átt við föst mánaðarlaun fyrir dagvinnu. Almenn hækkun mánaðarlauna fyrir fullt starf: 1. apríl 2019: 17.000 kr. 1. apríl 2020: 18.000 kr. 1. janúar 2021: 15.750 kr. 1. janúar 2022: 17.250 kr. Kjaratengdir liðir kjarasamninga hækka um 2,5% á sömu dagsetningum, nema um annað hafi"
sa,Samtök atvinnulífsins,sa/02fca51d-e0a6-4a1e-9bf9-6a877fab6630_kjarasamningur-2019-2022-sa-og-sa-vid-leidsogn.pdf,MILLI: SAMTAKA ATVINNULÍFSINS,SAMTAKA FERÐAÞJÓNUSTUNNAR,aðilar úr skjali,2019-01-01,2022-12-31,2021-01-01,krónutala,,24000,kauptaxtar,úr texta,nema um annað hafi verið samið. 2.1.2 Í stað gildandi launataxta koma nýir taxtar sbr. fylgiskjal 1. Nýir launataxtar gilda frá 1. apríl 2019: 1. apríl 2020 hækka launataxtar um 24.000 kr. 1. janúar 2021 hækka launataxtar um 24.000 kr 1. janúar 2022 hækka launataxtar um 25.000 kr. 2.1.3. Tímakaup í dagvinnu finnst með því að deila mánaðarlaunum í
sa,Samtök atvinnulífsins,sa/0d657aff-3cd4-474a-87d1-abb6ad2225a1_Kjarasamningur SA og Samiðnar vegna málmiðnaðar_ byggingariðnaðar og skrúðgarðyrkju 19-22.pdf,Samtaka atvinnulífsins,"Samiðnar - sambands iðnfélaga f.h. aðildarfélaga í málmiðnaði, byggingariðnaði og skrúðgarðyrkju",aðilar úr skjali,2019-04-01,2022-11-01,2021-01-01,krónutala,,15750,almenn laun,úr texta,"ónutöluhækkana á mánaðarlaun. Með mánaðarlaunum er átt við föst mánaðarlaun fyrir dagvinnu. Almenn hækkun mánaðarlauna fyrir fullt starf: 1. apríl 2019: kr. 17.000 1. apríl 2020: kr. 18.000 1. janúar 2021: kr. 15.750 1. janúar 2022: kr. 17.250 Kjaratengdir liðir kjarasamning sins hækka um 2,5% á sömu dagsetningum, nema um annað hafi"
sa,Samtök atvinnulífsins,sa/184cf3dd-6516-49e1-8e09-e9a4f3b3d8e6_Kjarasamningur SA og Sambands stjórnunarfélaga.pdf,Samtaka atvinnulífsins,Sambands stjórnendafélaga,aðilar úr skjali,2019-04-01,2022-11-01,2021-01-01,krónutala,,15750,almenn laun,úr texta,"krónutöluhækkana á mánaðarlaun. Með mánaðarlaunum er átt við föst mánaðarlaun fyrir dagvinnu. Almenn hækkun mánaðarlauna fyrir fullt starf 1. apríl 2019: 17.000 kr. 1. apríl 2020: 18.000 kr. 1. janúar 2021: 15.750 kr. 1. janúar 2022: 17.250 kr. Kjaratengdir liðir kjarasamninga hækka um 2,5% á sömu dagsetningum, nema um annað hafi veri"
sa,Samtök atvinnulífsins,sa/1a8f873c-da21-4e34-bc03-4c12fdb14e8f_Kaupgjaldsskrá 2021 janúar - vefútgáfa.pdf,MATVÍS - Matvæla,veitingafélags Íslands 11,aðilar úr skjali,,,2021-01-01,krónutala,,24000,kauptaxtar,úr texta,Kaupgjaldsskrá nr. 25 Kauptaxtar kjarasamninga hækka um 24.000 kr. Almenn hækkun mánaðarlauna er 15.750 kr. Gildir frá 1. janúar 2021 Launahækkun 1. janúar 2021 Efnisyfirlit Bls. Kjarasamningar aðildarfélaga Starfsgreinasambands Íslands 3 Kjarasamninga
sa,Samtök atvinnulífsins,sa/1a8f873c-da21-4e34-bc03-4c12fdb14e8f_Kaupgjaldsskrá 2021 janúar - vefútgáfa.pdf,MATVÍS - Matvæla,veitingafélags Íslands 11,aðilar úr skjali,,,2021-01-01,prósenta,1.0,,almenn laun,úr texta,"ára sveinspróf og meistararéttindi Tímakaup í dagvinnu miðast við virkan vinnutíma; 37 stundir á viku og 160 stundir á mánuði, í stað 40 og 173,33 stunda fram til 1.4. 2020. Yfirvinnuálög breytast 1. janúar 2021. Yfirvinna I verður 1,00% af mánaðarlaunum og yfirvinna II verður 1,15% af 11 Mán.laun Vikukaup Dagvinna Yfirv. I Yfirv. II Stórh.v. Grunnlaun 402.357 93.045 2.514,73 4.023,57 4.627,11 5.5"
sa,Samtök atvinnulífsins,sa/2e457864-942f-4d75-8650-fb89960133c6_kjarasamningur-matvi-s-og-sa-2019-2022-lokaskjal-ima.pdf,Samtaka atvinnulífsins,Matvæla- og veitingafélags Íslands,aðilar úr skjali,2019-04-01,2022-11-01,2021-01-01,krónutala,,15750,almenn laun,úr texta,"i krónutöluhækkana á mánaðarlaun. Með mánaðarlaunum er átt við föst mánaðarlaun fyrir dagvinnu. Almenn hækkun mánaðarlauna fyrir fullt starf: 1. apríl 2019: 17.000 kr. 1. apríl 2020: 18.000 kr. 1. janúar 2021: 15.750 kr. 1. janúar 2022: 17.250 kr. Kjaratengdir liðir kjarasamninga hækka um 2,5% á sömu dagsetningum, nema um annað hafi ver"
sa,Samtök atvinnulífsins,sa/4664fee0-859a-42b1-a9f4-64dcd50b2159_Þjónustusamningur SA og Eflingar.pdf,Samtaka atvinnulífsins,Starfsgreinasambands Íslands og,aðilar úr skjali,2019-04-01,2022-11-01,2021-01-01,krónutala,,15750,kauptaxtar,úr texta,"krónutöluhækkana á mánaðarlaun. Með mánaðarlaunum er átt við föst mánaðarlaun fyrir dagvinnu. Almenn hækkun mánaðarlauna fyrir fullt starf 1. apríl 2019: 17.000 kr. 1. apríl 2020: 18.000 kr. 1. janúar 2021: 15.750 kr. 1. janúar 2022: 17.250 kr. 1.3.2. Kauptaxtar Kauptaxtar hækka sérstaklega, sbr. fylgiskjöl með kjarasamningum. 1"
sa,Samtök atvinnulífsins,sa/4664fee0-859a-42b1-a9f4-64dcd50b2159_Þjónustusamningur SA og Eflingar.pdf,Samtaka atvinnulífsins,Starfsgreinasambands Íslands og,aðilar úr skjali,2019-04-01,2022-11-01,2021-01-01,krónutala,,24000,kauptaxtar,úr texta,"anúar 2021: 15.750 kr. 1. janúar 2022: 17.250 kr. 1.3.2. Kauptaxtar Kauptaxtar hækka sérstaklega, sbr. fylgiskjöl með kjarasamningum. 1. apríl 2019: 17.000 kr. 1. apríl 2020: 24.000 kr. 1. janúar 2021: 24.000 kr. 1. janúar 2022: 25.000 kr. 10 Samningur SA og SGS og Eflingar v/veitinga-, gisti-, þjónustu- og greiðasölustaða,"
sa,Samtök atvinnulífsins,sa/7bab507c-607d-48b9-b88c-7c1392c5c83e_Kaupgjaldsskrá 2021 janúar - PDF útgáfa til útprentunar í A5.pdf,,,aðeins heimild,,,2021-01-01,krónutala,,24000,kauptaxtar,úr texta,Kaupgjaldsskrá nr. 25 Gildir frá 1. janúar 2021 Launahækkun 1. janúar 2021 Kauptaxtar kjarasamninga hækka um 24.000 kr. Almenn hækkun mánaðarlauna er 15.750 kr. 1 Efnisyfirlit Bls. Aðildarfélög Starfsgreinasambands Íslands 3 Ófaglærðir starfsmenn á veitingahúsum 8 Verslunarmenn 10 MA
sa,Samtök atvinnulífsins,sa/7bab507c-607d-48b9-b88c-7c1392c5c83e_Kaupgjaldsskrá 2021 janúar - PDF útgáfa til útprentunar í A5.pdf,,,aðeins heimild,,,2021-01-01,prósenta,1.0,,almenn laun,úr texta,"27 Fata- og þvottagjald bakara 2.082 Tímakaup í dagvinnu miðast við virkan vinnutíma; 37 stundir á viku og 160 stundir á mánuði, í stað 40 og 173,33 stunda fram til 1.4. 2020. Yfirvinnuálög breytast 1. janúar 2021. Yfirvinna I verður 1,00% af mánaðarlaunum og yfirvinna II verður 1,15% af mánaðarlaunum Iðnaðarmenn með sveinspróf Iðnaðarmenn með a.m.k. 5 ára sveinspróf og meistararéttindi Kjarasamni"
sa,Samtök atvinnulífsins,sa/b0d1a09a-fd9e-4be9-98b7-71d5b819e6e2_kjarasamningar-idnadarmanna-2019-vinnutimi-og-yfirvinna.pdf,,,aðeins heimild,,,2021-01-01,prósenta,1.0,,almenn laun,úr texta,". apríl 2020 ▪ Yfirvinna 1 greiðist með tímakaupi sem samsvarar 1,02%1 af mánaðarlaunum fyrir dagvinnu. ▪ Yfirvinna 2 greiðist með tímakaupi sem samsvarar 1,10% af mánaðarlaunum fyrir dagvinnu. Frá 1. janúar 2021 ▪ Yfirvinna 1 greiðist með tímakaupi sem samsvarar 1,00% af mánaðarlaunum fyrir dagvinnu. ▪ Yfirvinna 2 greiðist með tímakaupi sem samsvarar 1,15% af mánaðarlaunum fyrir dagvinnu. Skilgre"
sa,Samtök atvinnulífsins,sa/c9ce924d-de37-4d9b-a9d9-eaa4f71737c7_Kjarasamningur SA og Rafiðnaðarsambands Íslands v. aðildarfélaga 19-22.pdf,Samtaka atvinnulífsins og Samtaka rafverktaka,Rafiðnaðarsambands Íslands vegna aðildarfélaga,aðilar úr skjali,2019-04-01,2022-11-01,2021-01-01,krónutala,,15750,almenn laun,úr texta,"rónutöluhækkana á mánaðarlaun. Með mánaðarlaunum er átt við föst mánaðarlaun fyrir dagvinnu. Almenn hækkun mánaðarlauna fyrir fullt starf: 1. apríl 2019: kr. 17.000 1. apríl 2020: kr. 18.000 1. janúar 2021: kr. 15.750 1. janúar 2022: kr. 17.250 Kjaratengdir liðir kjarasamning sins hækka um 2,5% á sömu dagsetningum, nema um annað hafi"
sa,Samtök atvinnulífsins,sa/d5c67d27-a474-4e7d-a402-2e1b1579f12c_Kjarasamningur SA og Mjólkurfræðingafélags Íslands 19-22.pdf,Samtaka atvinnulífsins,Mjólkurfræðingafélags Íslands,aðilar úr skjali,,,2021-01-01,krónutala,,15750,almenn laun,úr texta,"hækkana á mánaðarlaun. Með mánaðarlaunum er átt við föst mánaðarlaun fyrir dagvinnu. 1.1.2. Almenn hækkun mánaðarlauna fyrir fullt starf 1. apríl 2019: 17.000 kr. 1. apríl 2020: 18.000 kr. 1. janúar 2021: 15.750 kr. 1. janúar 2022: 17.250 kr. Kjaratengdir liðir kjarasamninga hækka um 2,5% á sömu dagsetningum, nema um annað hafi ve"
sa,Samtök atvinnulífsins,sa/dbecba48-72c5-45d3-8bca-497c7bc6c463_Kjarasamningur SA og Félags hársnyrtisveina 19-22.pdf,Samtaka atvinnulífsins,Félags hársnyrtisveina,aðilar úr skjali,2019-04-01,2022-11-01,2021-01-01,krónutala,,15750,almenn laun,úr texta,"rónutöluhækkana á mánaðarlaun. Með mánaðarlaunum er átt við föst mánaðar - laun fyrir dagvinnu. Almenn hækkun mánaðarlauna fyrir fullt starf: 1. apríl 2019: 17.000 kr. 1. apríl 2020: 18.000 kr. 1. janúar 2021: 15.750 kr. 1. janúar 2022: 17.250 kr. 1 Til og með 31. mars 2020: 173,33 stundir. Samningur SA og Félags hársnyrtisveina 9"
sa,Samtök atvinnulífsins,sa/ec7569f0-03c7-4aae-915b-1a47a768b8ce_Kjarasamningur SA og VM_ félags vélstjóra og málmtæknimanna 19-22.pdf,Samtaka atvinnulífsins,"VM, Félags vélstjóra og málmtæknimanna",aðilar úr skjali,2019-04-01,2022-11-01,2021-01-01,krónutala,,15750,almenn laun,úr texta,"ónutöluhækkana á mánaðarlaun. Með mánaðarlaunum er átt við föst mánaðarlaun fyrir dagvinnu. Almenn hækkun mánaðarlauna fyrir fullt starf: 1. apríl 2019: kr. 17.000 1. apríl 2020: kr. 18.000 1. janúar 2021: kr. 15.750 1. janúar 2022: kr. 17.250 Kjaratengdir liðir kjarasamning sins hækka um 2,5% á sömu dagsetningum, nema um annað hafi"
sa,Samtök atvinnulífsins,sa/ff7fb6b4-17a7-4c37-b88b-846cc6e62456_Kjarasamningur 2019 meistarafélög í byggingariðnaði og Samiðn - lokaskjal - PDF.pdf,"Samtaka atvinnulífsins, vegna meistarafélaga í byggingariðnaði innan Samtaka iðnaðarins",Samiðnar - sambands iðnfélaga f.h. aðildarfélaga í byggingariðnaði,aðilar úr skjali,2019-04-01,2022-11-01,2021-01-01,krónutala,,15750,almenn laun,úr texta,"ónutöluhækkana á mánaðarlaun. Með mánaðarlaunum er átt við föst mánaðarlaun fyrir dagvinnu. Almenn hækkun mánaðarlauna fyrir fullt starf: 1. apríl 2019: kr. 17.000 1. apríl 2020: kr. 18.000 1. janúar 2021: kr. 15.750 1. janúar 2022: kr. 17.250 Kjaratengdir liðir kjarasamning sins hækka um 2,5% á sömu dagsetningum, nema um annað hafi"
sa,Samtök atvinnulífsins,sa/kjarasamningur-sa-og-vr-liv-2019-2022-netutgafa-pdf-uppfaert.pdf,Samtaka atvinnulífsins,VR og,aðilar úr skjali,2019-01-01,2022-12-31,2021-01-01,krónutala,,15750,kauptaxtar,úr texta,"rónutöluhækkana á mánaðarlaun. Með mánaðarlaunum er átt við föst mánaðarlaun fyrir dagvinnu. Almenn hækkun mánaðarlauna fyrir fullt starf 1. apríl 2019: 17.000 kr. 1. apríl 2020: 18.000 kr. 1. janúar 2021: 15.750 kr. 1. janúar 2022: 17.250 kr. Kauptaxtar Kauptaxtar hækka sérstaklega, sbr. fylgiskjal. 1. apríl 2019: 17.000 kr."
sa,Samtök atvinnulífsins,sa/kjarasamningur-sa-og-vr-liv-2019-2022-netutgafa-pdf-uppfaert.pdf,Samtaka atvinnulífsins,VR og,aðilar úr skjali,2019-01-01,2022-12-31,2021-01-01,krónutala,,24000,kauptaxtar,úr texta,"l 2020: 18.000 kr. 1. janúar 2021: 15.750 kr. 1. janúar 2022: 17.250 kr. Kauptaxtar Kauptaxtar hækka sérstaklega, sbr. fylgiskjal. 1. apríl 2019: 17.000 kr. 1. apríl 2020: 24.000 kr. 1. janúar 2021: 24.000 kr. 1. janúar 2022: 25.000 kr. Samningur SA og VR/LÍV 9 Ofan nefndar hækkanir á kauptaxta eru reiknaðar í útgefnum t"
sameyki,Sameyki stéttarfélag í almannaþjónustu,sameyki/''Frihofnin ehf-kjarasamningur-lokautgafa 2019-2022.pdf,aðila framlengist frá 1. janúar 2019 til 31. október 2022 með þeim breytingum,fyrirvör,aðilar úr skjali,2019-01-01,2022-12-31,2021-01-01,krónutala,,15750,almenn laun,úr texta,"íl 2020, 1. janúar 2021 og 1. janúar 2022. Taxtahækkanir á samningstíma eru samtals 90.000 kr. Almennar launahækkanir á samningstímanum: 1. janúar 2020 17.000 kr. 1. apríl 2020 18.000 kr. 1. janúar 2021 15.750 kr 1. janúar 2022 17.250 kr. Kjaratengdir liðir kjarasamnings hækka um 2,5% á sömu dagsetningum nema um annað hafi ver"
sameyki,Sameyki stéttarfélag í almannaþjónustu,sameyki/''Kjarasamningur Reykjavíkurborgar og Sameykis 2019 - 2023 lokaeintak lagfært uppfært - Copy (1).pdf,Reykjavíkurborgar,Sameykis – stéttarfélags í,aðilar úr skjali,2019-04-01,2023-03-31,2021-01-01,krónutala,,24000,launatafla,úr texta,"di breytingum á samningstímanum: 1. apríl 2019 hækka laun um kr. 17.000, launatafla 1. 1. apríl 2020 hækka laun um kr. 24.000 samhliða breyttri tengingu starfsmats við launatöflu, launatafla 2 1. janúar 2021 hækka laun um kr. 24.000, launatafla 3. 1. janúar 2022 hækka laun um kr. 25.000, launatafla 4. Lágmarkslaun fyrir fullt starf, fullar 173,33 unnar stundir á m"
sameyki,Sameyki stéttarfélag í almannaþjónustu,sameyki/''Kjarasamningur Reykjavíkurborgar og Sameykis 2019 - 2023 lokaeintak lagfært uppfært - Copy (1).pdf,Reykjavíkurborgar,Sameykis – stéttarfélags í,aðilar úr skjali,2019-04-01,2023-03-31,2021-01-01,prósenta,2.5,,óskilgreint,úr texta,"og stjórnenda. Af því leiðir að önnur laun kunna að vera breytileg frá einum tíma til annars þar sem forsendur að baki þeirra geta tekið breytingum, að efni og umfangi. Þrátt fyrir ofangreint eru aðilar sammála um að á samningstímanum taki önnur laun skv. gr. 1.1.3 hækkun um 2,5% þann 1. janúar 2021 og þann 1. janúar 2022. Bókun 5 Stefnumörkun vegna fræðslumála Aðilar eru sammála um að farið verði"
sameyki,Sameyki stéttarfélag í almannaþjónustu,sameyki/''Kjarasamningur Sameykis við Reykjavíkurborg - Copy (4).pdf,Sameykis stéttarfélags í almannaþjónustu,Reykjavíkurborgar,aðilar úr skjali,2021-05-01,2023-03-31,2021-01-01,krónutala,,24000,launatafla,úr texta,"i breytingum á samningstímanum: 1. apríl 2019 hækka laun um kr. 17.000, launatafla 1. 1. apríl 2020 hækka laun um kr. 24.000 samhliða breyttri tengingu starfsmats við launatöflu, launatafla 2. 1. janúar 2021 hækka laun um kr. 24.000, launatafla 3. 1. janúar 2022 hækka laun um kr. 25.000, launatafla 4. Lágmarkslaun fyrir fullt starf, fullar 173,33 unnar stundir á m"
sameyki,Sameyki stéttarfélag í almannaþjónustu,sameyki/''Kjarasamningur Sameykis við Reykjavíkurborg - Copy (4).pdf,Sameykis stéttarfélags í almannaþjónustu,Reykjavíkurborgar,aðilar úr skjali,2021-05-01,2023-03-31,2021-01-01,prósenta,2.5,,óskilgreint,úr texta,"og stjórnenda. Af því leiðir að önnur laun kunna að vera breytileg frá einum tíma til annars þar sem forsendur að baki þeirra geta tekið breytingum, að efni og umfangi. Þrátt fyrir ofangreint eru aðilar sammála um að á samningstímanum taki önnur laun skv. gr. 1.1.3 hækkun um 2,5% þann 1. janúar 2021 og þann 1. janúar 2022. Bókun 5 Stefnumörkun vegna fræðslumála Aðilar eru sammála um að farið verði"
samidn,Samiðn,samidn/Kjarasamningur_BGS_og_Samidn_07052019.pdf,Samiðnar,Bílgreinasambandsins,aðilar úr skjali,,,2021-01-01,krónutala,,15750,almenn laun,úr texta,"rmi krónutöluhækkana á mánaðarlaun. Með mánaðarlaunum er átt við föst mánaðarlaun fyrir dagvinnu. Almenn hækkun mánaðarlauna fyrir fullt starf 1. apríl 2019: 17.000 kr. 1. apríl 2020: 18.000 kr. 1. janúar 2021: 15.750 kr. 1. janúar 2022: 17.250 kr. Kjaratengdir liðir kjarasamninga hækka um 2,5% á sömu dagsetningum, nema um annað hafi veri"
samidn,Samiðn,samidn/Kjarasamningur_Felag_pipulagningameistara_07052019.pdf,Samiðnar,Félag pípulagningameistara,aðilar úr skjali,,,2021-01-01,krónutala,,15750,almenn laun,úr texta,"rmi krónutöluhækkana á mánaðarlaun. Með mánaðarlaunum er átt við föst mánaðarlaun fyrir dagvinnu. Almenn hækkun mánaðarlauna fyrir fullt starf 1. apríl 2019: 17.000 kr. 1. apríl 2020: 18.000 kr. 1. janúar 2021: 15.750 kr. 1. janúar 2022: 17.250 kr. Kjaratengdir liðir kjarasamninga hækka um 2,5% á sömu dagsetningum, nema um annað hafi veri"
samidn,Samiðn,samidn/Samidn-19.1.23-lok.pdf,fjármála- og efnahagsráðherra f.h. ríkissjóðs,Samiðnar,aðilar úr skjali,,,2021-01-01,krónutala,,15750,almenn laun,úr texta,a og sunnudaga frá upphafi eða til loka starfstíma. 1.1.3 Laun samkvæmt grein 1.1.1 hækki sem hér segir: 1. apríl 2019: Laun hækka um 17.000 kr. 1. apríl 2020: Laun hækka um 18.000 kr. 1. janúar 2021: Laun hækka um 15.750 kr. 1. janúar 2022: Laun hækka um 17. 250 kr. 1.1.4 Auk mánaðarlauna er heimilt að greiða önnur laun er starfinu fylgja með
samidn,Samiðn,samidn/Samidn_og_SA_-_KJARASAMNINGUR_2019.pdf,Samiðnar,Samtaka atvinnulífsins,aðilar úr skjali,,,2021-01-01,krónutala,,15750,almenn laun,úr texta,"rmi krónutöluhækkana á mánaðarlaun. Með mánaðarlaunum er átt við föst mánaðarlaun fyrir dagvinnu. Almenn hækkun mánaðarlauna fyrir fullt starf 1. apríl 2019: 17.000 kr. 1. apríl 2020: 18.000 kr. 1. janúar 2021: 15.750 kr. 1. janúar 2022: 17.250 kr. Kjaratengdir liðir kjarasamninga hækka um 2,5% á sömu dagsetningum, nema um annað hafi veri"
sgs,Starfsgreinasamband Íslands,sgs/kjarasamningur-sgs-og-rikisins-2019.pdf,fjármála- og efnahagsráðherra f.h. ríkissjóðs,Starfsgreinasambands Íslands,aðilar úr skjali,2019-04-01,2023-03-31,2021-01-01,krónutala,,24000,launatafla,úr texta,SGS og fjármála- og efnahagsráðherra f.h. ríkissjóðs 1 1 Um kaup 1.1 Mánaðarlaun 1.1.1 Laun samkvæmt grein 1.1.1 hækki sem hér segir: 1. apríl 2019: Laun hækka um 17.000 kr. 1. apríl 2020: Laun hækka um 24.000 kr. fyrir launaflokk a 1-17 og um 18.000 kr. fyrir hærri launaflokka. 1. janúar 2021: Ný launatafla tekur gildi. 1. janúar 2022: Laun hækka um 17.250 kr. Sjá launatöflur í fylgiskjali 3. 1.1
sgs,Starfsgreinasamband Íslands,sgs/taxtar_sa_1-april-2019.pdf,"um veitinga-, þjónustu",greiðasölustaði og hliðstæða starfsemi. ...15,aðilar úr skjali,,,2021-01-01,krónutala,,15750,kauptaxtar,úr texta,tundir á mánuði og endurgjald á útlögðum kostnaði reiknast ekki með í þessu sambandi. Almenn hækkun á mánaðarlaun fyrir fullt starf • 1. apríl 2019 17.000 kr. á mánuði • 1. apríl 2020 18.000 kr. • 1. janúar 2021 15.750 kr. • 1. janúar 2022 17.250 kr. Kauptaxtar hækka sérstaklega • 1. apríl 2019 17.000 kr. á mánuði • 1. apríl 2020 24.000 k
sgs,Starfsgreinasamband Íslands,sgs/taxtar_sa_1-april-2019.pdf,"um veitinga-, þjónustu",greiðasölustaði og hliðstæða starfsemi. ...15,aðilar úr skjali,,,2021-01-01,krónutala,,24000,kauptaxtar,úr texta,"00 kr. á mánuði • 1. apríl 2020 18.000 kr. • 1. janúar 2021 15.750 kr. • 1. janúar 2022 17.250 kr. Kauptaxtar hækka sérstaklega • 1. apríl 2019 17.000 kr. á mánuði • 1. apríl 2020 24.000 kr. • 1. janúar 2021 24.000 kr. • 1. janúar 2022 25.000 kr. Kjaratengdir liðir kjarasamninga hækka um 2,5% á sömu dagsetningum, nema um annað hafi verið"
sgs,Starfsgreinasamband Íslands,sgs/taxtar_sa_1-jan-31-des-2021.pdf,,,aðeins heimild,,,2021-01-01,krónutala,,24000,kauptaxtar,úr texta,"ur 23 373.127 375.684 378.279 380.914 Launaflokkur 24 375.684 378.279 380.914 383.588 Starfsaldur miðast við starfsreynslu í starfsgrein en 5 ára þrepið við starf hjá sama atvinnurekanda. Launahækkun 1. janúar 2021 Kauptaxtar hækka um 24.000 kr. Almenn hækkun mánaðarlauna er 15.750 kr. Kjaratengdir liðir kjarasamninga hækka um 2,5%, nema um annað hafi verið samið. Lágmarkstekjur fyrir fullt starf "
verkvest,Verkalýðsfélag Vestfirðinga,verkvest/kjarasamningur-sgs-og-sambands-islenskra-sveitarfelaga-2020-2023_vef.pdf,Starfsgreinasambands Íslands,Sambands íslenskra sveitarfélaga,aðilar úr skjali,2020-01-01,2023-12-31,2021-01-01,krónutala,,24000,kauptaxtar,úr texta,d laun samkvæmt kauptöxtum á almennum vinnumarkaði. Mánaðarlaun hækka sem hér segir á samningstímanum: 1. janúar 2020: Hækka laun um kr. 17.000 kr. 1. apríl 2020: Hækka laun um kr. 24.000 kr. 1. janúar 2021: Hækka laun um kr. 24.000 kr. 1. janúar 2022: Hækka laun um kr. 25.000 kr. 1. janúar 2023: Tekur launatafla 5 gildi. Útgefin launatafla hverju sinni
vm,VM - Félag vélstjóra og málmtæknimanna,vm/kjarasamn-vm-bjorgun-2019-1.pdf,Björgunar ehf,VM Félags vélstjóra og málmtæknimanna,aðilar úr skjali,2019-04-01,2022-11-01,2021-01-01,krónutala,,3150,óskilgreint,úr texta,við umsamin árslaun. 4. LAUN OG TILLEGG 4.1. Laun 4.1.1. Dagkaup félagsmann VM hækkar á samningstímanum sem hér segir: þann 1. apríl 2019 kr. 2.250 þann 1. apríl 2020 kr. 3.150 þann 1. Janúar 2021 kr. 3.150 þann 1. Janúar 2022 kr. 3.300 Aðrir launaliðir hækka samkvæmt töflu sem verður fylgiskjal með þessum samning. - 4 -
vr,VR,vr/kjarasamningur-2019_fr-1-aprl-2019-til-1-nvember-2022.pdf,MILLI: SAMTAKA ATVINNULÍFSINS,SAMTAKA FERÐAÞJÓNUSTUNNAR,aðilar úr skjali,,,2021-01-01,krónutala,,15750,almenn laun,úr texta,"ormi krónutö luhækkana á mánaðarlaun. Með mánaðarlaunum er átt við föst mánaðarlaun fyrir dagvinnu. Almenn hækkun mánaðarlauna fyrir fullt starf 1. maí 2019: 17.000 kr. 1. maí 2020: 18.000 kr. 1. janúar 2021: 15.750 kr. 1. janúar 2022: 17.250 kr. Kjaratengdir liðir kjarasamninga hækka um 2,5% á sö mu dagsetningum, nema um annað hafi v"
vr,VR,vr/kjarasamningur-2019_fr-1-aprl-2019-til-1-nvember-2022.pdf,MILLI: SAMTAKA ATVINNULÍFSINS,SAMTAKA FERÐAÞJÓNUSTUNNAR,aðilar úr skjali,,,2021-01-01,krónutala,,24000,kauptaxtar,úr texta,", nema um annað hafi verið samið. !5 2.1.2 Í stað gildandi launataxta koma nýir taxtar sbr. fylgiskjal 1. Nýir launataxtar gilda frá 1. apríl 2019 1. apríl 2020 hækka taxtalaun um 24.000 kr. 1.janúar 2021 hækka taxtalaun um 24.000 kr 1. janúar 2022 hækka taxtalaun um 25.000 kr. 2.1.3. Tímakaup í dagvinnu finnst með því að deila mánaðarlaunum í tils"
vr,VR,vr/kjarasamningur_vrogsa_vefur.pdf,MILLI VR,SAMTAKA ATVINNULÍFSINS,aðilar úr skjali,2019-04-01,2022-11-01,2021-01-01,krónutala,,15750,kauptaxtar,úr texta,"utöluhækkana á mánaðarlaun. Með mánaðarlaunum er átt við föst mánaðarlaun fyrir dagvinnu. Almenn hækkun mánaðarlauna fyrir fullt starf 1. apríl 2019: 17.000 kr. 1. apríl 2020: 18.000 kr. 1. janúar 2021: 15.750 kr. 1. janúar 2022: 17.250 kr. Kauptaxtar Kauptaxtar hækka sérstaklega, sbr. fylgiskjal. 1. apríl 2019: 17.000 kr."
vr,VR,vr/kjarasamningur_vrogsa_vefur.pdf,MILLI VR,SAMTAKA ATVINNULÍFSINS,aðilar úr skjali,2019-04-01,2022-11-01,2021-01-01,krónutala,,24000,kauptaxtar,úr texta,"l 2020: 18.000 kr. 1. janúar 2021: 15.750 kr. 1. janúar 2022: 17.250 kr. Kauptaxtar Kauptaxtar hækka sérstaklega, sbr. fylgiskjal. 1. apríl 2019: 17.000 kr. 1. apríl 2020: 24.000 kr. 1. janúar 2021: 24.000 kr. 1. janúar 2022: 25.000 kr. 12 Fyrrnefndar hækkanir á kauptaxta eru reiknaðar í útgefnum töxtum í gr. 1.1. og í fylgis"
efling,Efling stéttarfélag,efling/Kjarasamningur Eflingar og SA fyrir starfsfo-lk ho-tela- og veitingahu-sa fra- 1.11.22 til 31.1.24.pdf,Samtaka atvinnulífsins,Eflingar - stéttarfélags,aðilar úr skjali,2022-11-01,2024-01-31,2021-11-01,krónutala,,33000,kauptaxtar,ályktað (óvisst),"á samningstíma 1.3.1. Launabreytingar Launahækkun samnings er í formi krónutöluhækkunar á mánaðarlaun. Með mánaðarlaunum er átt við föst mánaðarlaun fyrir dagvinnu. Almenn launahækkun Þann 1. nóvermber 2022 hækka mánaðarlaun fyrir fullt staf um kr. 33.000-. 1.3.2. Kauptaxtar Kauptaxtar hækka sérstaklega frá 1. nóvember 2022 , sbr. fylgiskjal með samningi þessum. 1.3.3. Kjaratengdir liðir Kja"
sa,Samtök atvinnulífsins,sa/40568b4f-a13e-470b-ba64-774da9bccf20_Greiðasölusamningur SA og SGS og Efling 2022-2024.pdf,Samtaka atvinnulífsins,Starfsgreinasambands Íslands,aðilar úr skjali,2022-11-01,2024-01-31,2021-11-01,krónutala,,33000,kauptaxtar,ályktað (óvisst),"1.3.1. Launabreytingar Launahækkun samnings er í formi krónutöluhækkunar á mánaðarlaun. Með mánaðarlaunum er átt við föst mánaðarlaun fyrir fullt starf í dagvinnu. Almenn launahækkun Þann 1. nóvermber 2022 hækka mánaðarlaun um kr. 33.000. 1.3.2. Kauptaxtar Kauptaxtar hækka sérstaklega frá 1. nóvember 2022 , sbr. fylgiskjal með samningi þessum. 1.3.3. Kjaratengdir liðir 10 Samningur SA o"
afl,AFL Starfsgreinafélag,afl/2019-2023-SGSogSveitafelogin.pdf,SAMBANDS ÍSLENSKRA SVEITARFÉLAGA F.H. ÞEIRRA SVEITARFÉLAGA,ANNARRA AÐILA SEM ÞAÐ HEFUR,aðilar úr skjali,2019-01-01,2023-12-31,2022-01-01,krónutala,,25000,launatafla,úr texta,arkaði. Mánaðarlaun hækka sem hér segir á samningstímanum: 1. janúar 2020: Hækka laun um kr. 17.000 kr. 1. apríl 2020: Hækka laun um kr. 24.000 kr. 1. janúar 2021: Hækka laun um kr. 24.000 kr. 1. janúar 2022: Hækka laun um kr. 25.000 kr. 1. janúar 2023: Tekur launatafla 5 gildi. Útgefin launatafla hverju sinni nær yfir alla launaflokka sem miðað er við í
afl,AFL Starfsgreinafélag,afl/2022_kjarasamningur-sgs-og-lv.pdf,Starfsgreinasambands Íslands vegna viðkomandi stéttarfélaga,Landsvirkjunar,aðilar úr skjali,2019-01-01,2022-11-01,2022-01-01,prósenta og krónutala,2.5,25000,kauptaxtar,úr texta,"ningi SA, ASÍ og aðildarfélaga ASÍ dags. Kauptaxtar kjarasamningsins hækka á samningstímabilinu sem hér segir: 1. apríl 2019 kr. 17.000 1. apríl 2020 kr. 24.000 1. janúar 2021 kr. 24.000 1. janúar 2022 kr. 25.000 Aðrir launaliðir kjarasamningsins hækka um 2,5% á sömu dagsetningum, nema um annað hafi verið samið. iii 1 FORGANGSRÉTTUR OG GILDISSVIÐ .........................."
efling,Efling stéttarfélag,efling/Kjarasamningur Eflingar og Reykjavi-kurborgar 2019-2023.pdf,Reykjavíkurborgar,Eflingar – stéttarfélags,aðilar úr skjali,2019-01-01,2023-12-31,2022-01-01,krónutala,,25000,launatafla,úr texta,"laun um kr. 17.000, launatafla 1. 1. apríl 2020 hækka laun um kr. 24.000 samhliða breyttri tengingu starfsmats við launatöflu, launatafla 2 1. janúar 2021 hækka laun um kr. 24.000, launatafla 3. 1. janúar 2022 hækka laun um kr. 25.000, launatafla 4. Lágmarkslaun fyrir fullt starf, fullar 173,33 unnar stundir á mánuði (40 stundir á viku), skulu vera sem hér segir fyrir starfsmenn 18 ára og eldri se"
efling,Efling stéttarfélag,efling/Kjarasamningur Eflingar og SA fyrir starfsfo-lk ho-tela- og veitingahu-sa fra- 1.4.19 til 1.11.22.pdf,Samtaka atvinnulífsins,Eflingar – stéttarfélags,aðilar úr skjali,,,2022-01-01,krónutala,,17250,kauptaxtar,úr texta,"n. Með mánaðarlaunum er átt við föst mánaðarlaun fyrir dagvinnu. Almenn hækkun mánaðarlauna fyrir fullt starf 1. apríl 2019: 17.000 kr. 1. apríl 2020: 18.000 kr. 1. janúar 2021: 15.750 kr. 1. janúar 2022: 17.250 kr. 1.3.2. Kauptaxtar Kauptaxtar hækka sérstaklega, sbr. fylgiskjöl með kjarasamningum. 1. apríl 2019: 17.000 kr. 1. apríl 2020: 24.000 kr. 1. janúar 2021: 24.000 kr. 1. janúar 2022: 25.0"
fin,Félag íslenskra náttúrufræðinga,fin/Kjarasamningur-Felags-islenskra-natturufraedinga-og-Reykjavikurborgar-2019-2023-ekki-undirritad.pdf,FÉLAGS ÍSLENSKRA NÁTTÚRUFRÆÐINGA,REYKJAVÍKURBORGAR,aðilar úr skjali,2019-04-01,2023-03-31,2022-01-01,krónutala,,25000,launatafla,úr texta,"Kosið verði milli leiðar A og leiðar B og skal niðurstaða um hvor leiðin verði valin liggja fyrir eigi síðar en 1. nóvember 2021. Einfaldur meirihluti félagsmanna nægir til samþykktar. Leið A 1. janúar 2022 hækka laun um kr. 25.000, launatafla 4. Leið B 1. janúar 2022: Innleiðing starfsmats með þeim breytingum sem því fylgja sbr. fylgiskjal X og meðfylgjandi launatöflu 5"
framsyn,Framsýn stéttarfélag,framsyn/Kjarasamningur_LIVogSA_Vefur.pdf,LANDSSAMBANDS ÍSLENZKRA VERZLUNARMANNA,SAMTAKA ATVINNULÍFSINS,aðilar úr skjali,2019-04-01,2022-11-01,2022-01-01,krónutala,,17250,kauptaxtar,úr texta,"eð mánaðarlaunum er átt við föst mánaðarlaun fyrir dagvinnu. Almenn hækkun mánaðarlauna fyrir fullt starf 1. apríl 2019: 17.000 kr. 1. apríl 2020: 18.000 kr. 1. janúar 2021: 15.750 kr. 1. janúar 2022: 17.250 kr. Kauptaxtar Kauptaxtar hækka sérstaklega, sbr. fylgiskjal. 1. apríl 2019: 17.000 kr. 1. apríl 2020: 24.000 kr. 1. janúar 2021: 24.000 kr. 1. janúar 2022: 25.000 kr. 12"
framsyn,Framsýn stéttarfélag,framsyn/Kjarasamningur_LIVogSA_Vefur.pdf,LANDSSAMBANDS ÍSLENZKRA VERZLUNARMANNA,SAMTAKA ATVINNULÍFSINS,aðilar úr skjali,2019-04-01,2022-11-01,2022-01-01,krónutala,,25000,kauptaxtar,úr texta,"2021: 15.750 kr. 1. janúar 2022: 17.250 kr. Kauptaxtar Kauptaxtar hækka sérstaklega, sbr. fylgiskjal. 1. apríl 2019: 17.000 kr. 1. apríl 2020: 24.000 kr. 1. janúar 2021: 24.000 kr. 1. janúar 2022: 25.000 kr. 12 Fyrrnefndar hækkanir á kauptaxta eru reiknaðar í útgefnum töxtum í gr. 1.1. og í fylgiskjali bls. 86. Kjaratengdir liðir Kjaratengdir liðir kjarasamninga hækka um 2,5% á sömu dagsetni"
framsyn,Framsýn stéttarfélag,framsyn/PCC-2021-Launataxtar-2019-2022-framleidsla-og-idnadar-.pdf,,,aðeins heimild,2019-01-01,2022-12-31,2022-01-01,krónutala,,25000,óskilgreint,úr texta,mleiðslustarfsmenn Iðnaðarmenn án sveinsprófs Iðnaðarmenn með sveinspróf Hækkun apríl 2020 kr. 24.000 Hækkun apríl 2020 kr. 24.000 Hækkun 1.jan 2021. Kr 24.000. Hækkun 1.jan 2021. Kr 24.000. Hækkun 1.jan 2022. Kr 25.000. Hækkun 1.jan 2022. Kr 25.000. Úr sérkjarasamning 2019 taxtar Úr sérkjarasamning 2019 taxtar Hækkun 1.jan 2021. Kr 24.000.Úr sér
grafia,Grafía,grafia/Grafia-kauptaxtar-1.-janúar-2022.pdf,GRAFÍU – stéttarfélags í prent,miðlunargrein,aðilar úr skjali,,,2022-01-01,krónutala,,17250,kauptaxtar,úr texta,"s. Engar breytingar eru gerðar á fyrirkomulagi kaffihléa í yfirvinnu, þau verða áfram greidd- ur tími og sé unnið í þeim greiðist tilsvarandi lengri tími sem unninn er. Kauptaxti GRAFÍU frá og með 1. janúar 2022 Almenn launahækkun kr. 17.250 Mánaðarlaun Dagvinna Dagvinna Yfirvinna 1 Yfirvinna 2* Deilitala 156 Deilitala 157,08 1,00% 1,15% Sveinar Byrjunarlaun 472.098 kr 3026,27 3005,46 4720,98 5429"
grafia,Grafía,grafia/Grafia-kauptaxtar-1.-janúar-2022.pdf,GRAFÍU – stéttarfélags í prent,miðlunargrein,aðilar úr skjali,,,2022-01-01,prósenta og krónutala,2.5,17250,almenn laun,úr texta,"lögð hafa verið til grundvallar við útreikning launa- aukans. Launaaukinn greiðist 1. maí. Launa- og forsendunefnd ákvarðar fjárhæð launaaukans verði tilefni til greiðslu hans. Almenn launahækkun 1. janúar 2022 17.250 kr. Kjaratengdir liðir kjarasamninga hækka um 2,5% á sömu dagsetningu nema um annað hafi verið samið ATH: Stytting á vinnutíma – 1. apríl 2020 Ný deilitala dagvinnu verður 152, í sta"
hjukrun,Félag íslenskra hjúkrunarfræðinga,hjukrun/b2382d49-608d-4d86-93b5-bf3cffacc283_MidlunartillagaRikissattasemjaraFihogSNR21062020LOK.pdf,aðila framlengist frá 1. apríl 2019 til 31. mars 2023 með þeim breytingum,fyrirvör,aðilar úr skjali,,,2022-01-01,krónutala,,17250,launatafla,úr texta,a. 2. gr. Launahækkanir Laun samkvæmt grein 1.1.1 hækki sem hér segir: 1. apríl 2019: Laun hækka um 17.000 kr. 1. apríl 2020: Laun hækka um 18.000 kr. 1. janúar 2021: Laun hækka um 15.750 kr. 1. janúar 2022: Laun hækka um 17.250 kr. Sjá meðfylgjandi launatöflur í fylgiskjali 3. 3. gr. Önnur laun er starfinu fylgja Ný grein bætist við kafla 1 sem hljóðar svo: 1.1.3 Auk mánaðarlauna er heimilt að gr
sa,Samtök atvinnulífsins,sa/02fca51d-e0a6-4a1e-9bf9-6a877fab6630_kjarasamningur-2019-2022-sa-og-sa-vid-leidsogn.pdf,MILLI: SAMTAKA ATVINNULÍFSINS,SAMTAKA FERÐAÞJÓNUSTUNNAR,aðilar úr skjali,2019-01-01,2022-12-31,2022-01-01,krónutala,,25000,kauptaxtar,úr texta,að gildandi launataxta koma nýir taxtar sbr. fylgiskjal 1. Nýir launataxtar gilda frá 1. apríl 2019: 1. apríl 2020 hækka launataxtar um 24.000 kr. 1. janúar 2021 hækka launataxtar um 24.000 kr 1. janúar 2022 hækka launataxtar um 25.000 kr. 2.1.3. Tímakaup í dagvinnu finnst með því að deila mánaðarlaunum í tilsvarandi launaflokki og starfsaldursþrepi með ársmeðaltali mánaðarlegs virks vinnutíma í f
sa,Samtök atvinnulífsins,sa/21e40876-af19-4bb5-98c0-34dc1af8e91b_kaupgjaldsskra-26-2022-januar-vefutgafa.pdf,MATVÍS - Matvæla,veitingafélags Íslands 11,aðilar úr skjali,,,2022-01-01,krónutala,,25000,kauptaxtar,úr texta,Kaupgjaldsskrá nr. 26 Kauptaxtar kjarasamninga hækka um 25.000 kr. Almenn hækkun mánaðarlauna er 17.250 kr. Gildir frá 1. janúar 2022 Launahækkun 1. janúar 2022 Efnisyfirlit Bls. Kjarasamningar aðildarfélaga Starfsgreinasambands Íslands 3 Kjarasamninga
sa,Samtök atvinnulífsins,sa/4664fee0-859a-42b1-a9f4-64dcd50b2159_Þjónustusamningur SA og Eflingar.pdf,Samtaka atvinnulífsins,Starfsgreinasambands Íslands og,aðilar úr skjali,2019-04-01,2022-11-01,2022-01-01,krónutala,,17250,kauptaxtar,úr texta,"n. Með mánaðarlaunum er átt við föst mánaðarlaun fyrir dagvinnu. Almenn hækkun mánaðarlauna fyrir fullt starf 1. apríl 2019: 17.000 kr. 1. apríl 2020: 18.000 kr. 1. janúar 2021: 15.750 kr. 1. janúar 2022: 17.250 kr. 1.3.2. Kauptaxtar Kauptaxtar hækka sérstaklega, sbr. fylgiskjöl með kjarasamningum. 1. apríl 2019: 17.000 kr. 1. apríl 2020: 24.000 kr. 1. janúar 2021: 24.000 kr. 1. janúar 2022: 25.0"
sa,Samtök atvinnulífsins,sa/4664fee0-859a-42b1-a9f4-64dcd50b2159_Þjónustusamningur SA og Eflingar.pdf,Samtaka atvinnulífsins,Starfsgreinasambands Íslands og,aðilar úr skjali,2019-04-01,2022-11-01,2022-01-01,krónutala,,25000,kauptaxtar,úr texta,"anúar 2022: 17.250 kr. 1.3.2. Kauptaxtar Kauptaxtar hækka sérstaklega, sbr. fylgiskjöl með kjarasamningum. 1. apríl 2019: 17.000 kr. 1. apríl 2020: 24.000 kr. 1. janúar 2021: 24.000 kr. 1. janúar 2022: 25.000 kr. 10 Samningur SA og SGS og Eflingar v/veitinga-, gisti-, þjónustu- og greiðasölustaða, afþreyingarfyrirtækja o.fl. 1.3.3. Kjaratengdir liðir Kjaratengdir liðir kjarasamning sins hækka um"
sa,Samtök atvinnulífsins,sa/bb7e3806-e1b3-4db0-98ec-504691be8ba3_kaupgjaldsskra-26-2022-januar-A5-til-utprentunar.pdf,,,aðeins heimild,,,2022-01-01,krónutala,,25000,kauptaxtar,úr texta,Kaupgjaldsskrá nr. 26 Gildir frá 1. janúar 2022 Launahækkun 1. janúar 2022 Kauptaxtar kjarasamninga hækka um 25.000 kr. Almenn hækkun mánaðarlauna er 17.250 kr. 1 Efnisyfirlit Bls. Aðildarfélög Starfsgreinasambands Íslands 3 Ófaglærðir starfsmenn á veitingahúsum 8 Verslunarmenn 10 MA
sa,Samtök atvinnulífsins,sa/d5c67d27-a474-4e7d-a402-2e1b1579f12c_Kjarasamningur SA og Mjólkurfræðingafélags Íslands 19-22.pdf,Samtaka atvinnulífsins,Mjólkurfræðingafélags Íslands,aðilar úr skjali,,,2022-01-01,prósenta og krónutala,2.5,17250,kauptaxtar,úr texta,"naðarlaunum er átt við föst mánaðarlaun fyrir dagvinnu. 1.1.2. Almenn hækkun mánaðarlauna fyrir fullt starf 1. apríl 2019: 17.000 kr. 1. apríl 2020: 18.000 kr. 1. janúar 2021: 15.750 kr. 1. janúar 2022: 17.250 kr. Kjaratengdir liðir kjarasamninga hækka um 2,5% á sömu dagsetningum, nema um annað hafi verið samið. Kauptaxtar hækka sérstaklega, sbr. meðfylgjandi fylgiskjal um launataxta kjarasamnings"
sa,Samtök atvinnulífsins,sa/dbecba48-72c5-45d3-8bca-497c7bc6c463_Kjarasamningur SA og Félags hársnyrtisveina 19-22.pdf,Samtaka atvinnulífsins,Félags hársnyrtisveina,aðilar úr skjali,2019-04-01,2022-11-01,2022-01-01,krónutala,,17250,almenn laun,úr texta,"un. Með mánaðarlaunum er átt við föst mánaðar - laun fyrir dagvinnu. Almenn hækkun mánaðarlauna fyrir fullt starf: 1. apríl 2019: 17.000 kr. 1. apríl 2020: 18.000 kr. 1. janúar 2021: 15.750 kr. 1. janúar 2022: 17.250 kr. 1 Til og með 31. mars 2020: 173,33 stundir. Samningur SA og Félags hársnyrtisveina 9 Kjaratengdir liðir kjarasamninga hækka u"
sa,Samtök atvinnulífsins,sa/ec7569f0-03c7-4aae-915b-1a47a768b8ce_Kjarasamningur SA og VM_ félags vélstjóra og málmtæknimanna 19-22.pdf,Samtaka atvinnulífsins,"VM, Félags vélstjóra og málmtæknimanna",aðilar úr skjali,2019-04-01,2022-11-01,2022-01-01,prósenta og krónutala,2.5,17250,kauptaxtar,úr texta,". Með mánaðarlaunum er átt við föst mánaðarlaun fyrir dagvinnu. Almenn hækkun mánaðarlauna fyrir fullt starf: 1. apríl 2019: kr. 17.000 1. apríl 2020: kr. 18.000 1. janúar 2021: kr. 15.750 1. janúar 2022: kr. 17.250 Kjaratengdir liðir kjarasamning sins hækka um 2,5% á sömu dagsetningum, nema um annað hafi verið samið. Kauptaxtar hækka sérstaklega, sbr. gr. 1.1.1.1. Samningur SA og VM 11 1.1.2.2. E"
sa,Samtök atvinnulífsins,sa/kjarasamningur-sa-og-vr-liv-2019-2022-netutgafa-pdf-uppfaert.pdf,Samtaka atvinnulífsins,VR og,aðilar úr skjali,2019-01-01,2022-12-31,2022-01-01,krónutala,,17250,kauptaxtar,úr texta,". Með mánaðarlaunum er átt við föst mánaðarlaun fyrir dagvinnu. Almenn hækkun mánaðarlauna fyrir fullt starf 1. apríl 2019: 17.000 kr. 1. apríl 2020: 18.000 kr. 1. janúar 2021: 15.750 kr. 1. janúar 2022: 17.250 kr. Kauptaxtar Kauptaxtar hækka sérstaklega, sbr. fylgiskjal. 1. apríl 2019: 17.000 kr. 1. apríl 2020: 24.000 kr. 1. janúar 2021: 24.000 kr. 1. janúar 2022: 25.000 kr."
sa,Samtök atvinnulífsins,sa/kjarasamningur-sa-og-vr-liv-2019-2022-netutgafa-pdf-uppfaert.pdf,Samtaka atvinnulífsins,VR og,aðilar úr skjali,2019-01-01,2022-12-31,2022-01-01,krónutala,,25000,kauptaxtar,úr texta,"2021: 15.750 kr. 1. janúar 2022: 17.250 kr. Kauptaxtar Kauptaxtar hækka sérstaklega, sbr. fylgiskjal. 1. apríl 2019: 17.000 kr. 1. apríl 2020: 24.000 kr. 1. janúar 2021: 24.000 kr. 1. janúar 2022: 25.000 kr. Samningur SA og VR/LÍV 9 Ofan nefndar hækkanir á kauptaxta eru reiknaðar í útgefnum töxtum í gr. 1.1. og útgefnum kaupgjaldsskrám. Kjaratengdir liðir Kjaratengdir liðir kjarasamninga"
sameyki,Sameyki stéttarfélag í almannaþjónustu,sameyki/''Frihofnin ehf-kjarasamningur-lokautgafa 2019-2022.pdf,aðila framlengist frá 1. janúar 2019 til 31. október 2022 með þeim breytingum,fyrirvör,aðilar úr skjali,2019-01-01,2022-12-31,2022-01-01,krónutala,,90000,kauptaxtar,úr texta,"elst og fellur þá úr gildi án frekari fyrirvara. 2. gr. Laun Í stað gildandi launataxta koma nýir taxtar sbr. fylgiskjal 1. Launataxtar gilda frá 1. janúar 2020, 1. apríl 2020, 1. janúar 2021 og 1. janúar 2022. Taxtahækkanir á samningstíma eru samtals 90.000 kr. Almennar launahækkanir á samningstímanum: 1. janúar 2020 17.000 kr. 1. apríl 2020 18.000 kr. 1. janúar 2021 15.750 kr 1. janúar 2022 17.2"
sameyki,Sameyki stéttarfélag í almannaþjónustu,sameyki/''Kjarasamningur Reykjavíkurborgar og Sameykis 2019 - 2023 lokaeintak lagfært uppfært - Copy (1).pdf,Reykjavíkurborgar,Sameykis – stéttarfélags í,aðilar úr skjali,2019-04-01,2023-03-31,2022-01-01,krónutala,,25000,launatafla,úr texta,"laun um kr. 17.000, launatafla 1. 1. apríl 2020 hækka laun um kr. 24.000 samhliða breyttri tengingu starfsmats við launatöflu, launatafla 2 1. janúar 2021 hækka laun um kr. 24.000, launatafla 3. 1. janúar 2022 hækka laun um kr. 25.000, launatafla 4. Lágmarkslaun fyrir fullt starf, fullar 173,33 unnar stundir á mánuði (40 stundir á viku), skulu vera sem hér segir fyrir starfsmenn 18 ára og eldri, s"
sameyki,Sameyki stéttarfélag í almannaþjónustu,sameyki/''Kjarasamningur Sameykis við Reykjavíkurborg - Copy (4).pdf,Sameykis stéttarfélags í almannaþjónustu,Reykjavíkurborgar,aðilar úr skjali,2021-05-01,2023-03-31,2022-01-01,krónutala,,25000,launatafla,úr texta,"aun um kr. 17.000, launatafla 1. 1. apríl 2020 hækka laun um kr. 24.000 samhliða breyttri tengingu starfsmats við launatöflu, launatafla 2. 1. janúar 2021 hækka laun um kr. 24.000, launatafla 3. 1. janúar 2022 hækka laun um kr. 25.000, launatafla 4. Lágmarkslaun fyrir fullt starf, fullar 173,33 unnar stundir á mánuði (40 stundir á viku), skulu vera sem hér segir fyrir starfsmenn 18 ára og eldri, s"
samidn,Samiðn,samidn/Kjarasamningur_BGS_og_Samidn_07052019.pdf,Samiðnar,Bílgreinasambandsins,aðilar úr skjali,,,2022-01-01,prósenta og krónutala,2.5,17250,kauptaxtar,úr texta,"arlaun. Með mánaðarlaunum er átt við föst mánaðarlaun fyrir dagvinnu. Almenn hækkun mánaðarlauna fyrir fullt starf 1. apríl 2019: 17.000 kr. 1. apríl 2020: 18.000 kr. 1. janúar 2021: 15.750 kr. 1. janúar 2022: 17.250 kr. Kjaratengdir liðir kjarasamninga hækka um 2,5% á sömu dagsetningum, nema um annað hafi verið samið. Kauptaxtar hækka sérstaklega, sbr. meðfylgjandi fylgiskjal. 2 3. gr. Desember- "
samidn,Samiðn,samidn/Kjarasamningur_Felag_pipulagningameistara_07052019.pdf,Samiðnar,Félag pípulagningameistara,aðilar úr skjali,,,2022-01-01,prósenta og krónutala,2.5,17250,kauptaxtar,úr texta,"arlaun. Með mánaðarlaunum er átt við föst mánaðarlaun fyrir dagvinnu. Almenn hækkun mánaðarlauna fyrir fullt starf 1. apríl 2019: 17.000 kr. 1. apríl 2020: 18.000 kr. 1. janúar 2021: 15.750 kr. 1. janúar 2022: 17.250 kr. Kjaratengdir liðir kjarasamninga hækka um 2,5% á sömu dagsetningum, nema um annað hafi verið samið. Kauptaxtar hækka sérstaklega, sbr. meðfylgjandi fylgiskjal. 2 3. gr. Desember- "
samidn,Samiðn,samidn/Samidn-19.1.23-lok.pdf,fjármála- og efnahagsráðherra f.h. ríkissjóðs,Samiðnar,aðilar úr skjali,,,2022-01-01,krónutala,,15750,almenn laun,úr texta,frá upphafi eða til loka starfstíma. 1.1.3 Laun samkvæmt grein 1.1.1 hækki sem hér segir: 1. apríl 2019: Laun hækka um 17.000 kr. 1. apríl 2020: Laun hækka um 18.000 kr. 1. janúar 2021: Laun hækka um 15.750 kr. 1. janúar 2022: Laun hækka um 17. 250 kr. 1.1.4 Auk mánaðarlauna er heimilt að greiða önnur laun er starfinu fylgja með mánaðarlegri
samidn,Samiðn,samidn/Samidn_og_SA_-_KJARASAMNINGUR_2019.pdf,Samiðnar,Samtaka atvinnulífsins,aðilar úr skjali,,,2022-01-01,prósenta og krónutala,2.5,17250,kauptaxtar,úr texta,"arlaun. Með mánaðarlaunum er átt við föst mánaðarlaun fyrir dagvinnu. Almenn hækkun mánaðarlauna fyrir fullt starf 1. apríl 2019: 17.000 kr. 1. apríl 2020: 18.000 kr. 1. janúar 2021: 15.750 kr. 1. janúar 2022: 17.250 kr. Kjaratengdir liðir kjarasamninga hækka um 2,5% á sömu dagsetningum, nema um annað hafi verið samið. Kauptaxtar hækka sérstaklega, sbr. meðfylgjandi fylgiskjal. 2 3. gr. Desember- "
sgs,Starfsgreinasamband Íslands,sgs/taxtar_sa_1-april-2019.pdf,"um veitinga-, þjónustu",greiðasölustaði og hliðstæða starfsemi. ...15,aðilar úr skjali,,,2022-01-01,krónutala,,17250,kauptaxtar,úr texta,á útlögðum kostnaði reiknast ekki með í þessu sambandi. Almenn hækkun á mánaðarlaun fyrir fullt starf • 1. apríl 2019 17.000 kr. á mánuði • 1. apríl 2020 18.000 kr. • 1. janúar 2021 15.750 kr. • 1. janúar 2022 17.250 kr. Kauptaxtar hækka sérstaklega • 1. apríl 2019 17.000 kr. á mánuði • 1. apríl 2020 24.000 kr. • 1. janúar 2021 24.000 kr. • 1. janúar 2022 25.000 kr.
sgs,Starfsgreinasamband Íslands,sgs/taxtar_sa_1-april-2019.pdf,"um veitinga-, þjónustu",greiðasölustaði og hliðstæða starfsemi. ...15,aðilar úr skjali,,,2022-01-01,prósenta og krónutala,2.5,25000,kauptaxtar,úr texta,"20 18.000 kr. • 1. janúar 2021 15.750 kr. • 1. janúar 2022 17.250 kr. Kauptaxtar hækka sérstaklega • 1. apríl 2019 17.000 kr. á mánuði • 1. apríl 2020 24.000 kr. • 1. janúar 2021 24.000 kr. • 1. janúar 2022 25.000 kr. Kjaratengdir liðir kjarasamninga hækka um 2,5% á sömu dagsetningum, nema um annað hafi verið samið. Á árunum 2020-2023 komi til framkvæmda launaauki að gefinni ákveðinnar þróunar á v"
sgs,Starfsgreinasamband Íslands,sgs/taxtar_sa_1-jan-31-okt-2022.pdf,,,aðeins heimild,2022-01-01,2022-10-31,2022-01-01,krónutala,,25000,kauptaxtar,úr texta,"Kauptaxtar SGS og SA Samkvæmt samningi aðila frá 3. apríl 2019 Gildir frá 1. janúar 2022 til 31. október 2022 Launahækkun 1. janúar 2022 Kauptaxtar hækka um 25.000 kr. Almenn hækkun mánaðarlauna er 17.250 kr. Kjaratengdir liðir kjarasamninga hækka um 2,5%, nema um annað hafi verið samið. Lágmarkstekjur fyrir fullt starf Frá 1. janúar 2022: 368"
verkvest,Verkalýðsfélag Vestfirðinga,verkvest/kjarasamningur-sgs-og-sambands-islenskra-sveitarfelaga-2020-2023_vef.pdf,Starfsgreinasambands Íslands,Sambands íslenskra sveitarfélaga,aðilar úr skjali,2020-01-01,2023-12-31,2022-01-01,krónutala,,25000,launatafla,úr texta,arkaði. Mánaðarlaun hækka sem hér segir á samningstímanum: 1. janúar 2020: Hækka laun um kr. 17.000 kr. 1. apríl 2020: Hækka laun um kr. 24.000 kr. 1. janúar 2021: Hækka laun um kr. 24.000 kr. 1. janúar 2022: Hækka laun um kr. 25.000 kr. 1. janúar 2023: Tekur launatafla 5 gildi. Útgefin launatafla hverju sinni nær yfir alla launaflokka sem miðað er við í
vr,VR,vr/kjarasamningur-2019_fr-1-aprl-2019-til-1-nvember-2022.pdf,MILLI: SAMTAKA ATVINNULÍFSINS,SAMTAKA FERÐAÞJÓNUSTUNNAR,aðilar úr skjali,,,2022-01-01,prósenta og krónutala,2.5,17250,kauptaxtar,úr texta,"ðarlaun. Með mánaðarlaunum er átt við föst mánaðarlaun fyrir dagvinnu. Almenn hækkun mánaðarlauna fyrir fullt starf 1. maí 2019: 17.000 kr. 1. maí 2020: 18.000 kr. 1. janúar 2021: 15.750 kr. 1. janúar 2022: 17.250 kr. Kjaratengdir liðir kjarasamninga hækka um 2,5% á sö mu dagsetningum, nema um annað hafi verið samið. !5 2.1.2 Í stað gildandi launataxta koma nýir taxtar sbr. fylgiskjal 1. Nýir laun"
vr,VR,vr/kjarasamningur-2019_fr-1-aprl-2019-til-1-nvember-2022.pdf,MILLI: SAMTAKA ATVINNULÍFSINS,SAMTAKA FERÐAÞJÓNUSTUNNAR,aðilar úr skjali,,,2022-01-01,krónutala,,25000,kauptaxtar,úr texta,Í stað gildandi launataxta koma nýir taxtar sbr. fylgiskjal 1. Nýir launataxtar gilda frá 1. apríl 2019 1. apríl 2020 hækka taxtalaun um 24.000 kr. 1.janúar 2021 hækka taxtalaun um 24.000 kr 1. janúar 2022 hækka taxtalaun um 25.000 kr. 2.1.3. Tímakaup í dagvinnu finnst með því að deila mánaðarlaunum í tilsvarandi launaflokki og starfsaldursþrepi með ársmeðaltali mánaðarlegs virks vinnutíma í fullu
vr,VR,vr/kjarasamningur_vrogsa_vefur.pdf,MILLI VR,SAMTAKA ATVINNULÍFSINS,aðilar úr skjali,2019-04-01,2022-11-01,2022-01-01,krónutala,,17250,kauptaxtar,úr texta,"eð mánaðarlaunum er átt við föst mánaðarlaun fyrir dagvinnu. Almenn hækkun mánaðarlauna fyrir fullt starf 1. apríl 2019: 17.000 kr. 1. apríl 2020: 18.000 kr. 1. janúar 2021: 15.750 kr. 1. janúar 2022: 17.250 kr. Kauptaxtar Kauptaxtar hækka sérstaklega, sbr. fylgiskjal. 1. apríl 2019: 17.000 kr. 1. apríl 2020: 24.000 kr. 1. janúar 2021: 24.000 kr. 1. janúar 2022: 25.000 kr. 12"
vr,VR,vr/kjarasamningur_vrogsa_vefur.pdf,MILLI VR,SAMTAKA ATVINNULÍFSINS,aðilar úr skjali,2019-04-01,2022-11-01,2022-01-01,krónutala,,25000,kauptaxtar,úr texta,"2021: 15.750 kr. 1. janúar 2022: 17.250 kr. Kauptaxtar Kauptaxtar hækka sérstaklega, sbr. fylgiskjal. 1. apríl 2019: 17.000 kr. 1. apríl 2020: 24.000 kr. 1. janúar 2021: 24.000 kr. 1. janúar 2022: 25.000 kr. 12 Fyrrnefndar hækkanir á kauptaxta eru reiknaðar í útgefnum töxtum í gr. 1.1. og í fylgiskjali bls. 86. Kjaratengdir liðir Kjaratengdir liðir kjarasamninga hækka um 2,5% á sömu dagsetni"
grafia,Grafía,grafia/Grafia-kauptaxtar-1.-april-2022-vefur-1.pdf,GRAFÍU – stéttarfélags í prent,miðlunargrein,aðilar úr skjali,,,2022-04-01,krónutala,,7875,kauptaxtar,úr texta,"s. Engar breytingar eru gerðar á fyrirkomulagi kaffihléa í yfirvinnu, þau verða áfram greidd- ur tími og sé unnið í þeim greiðist tilsvarandi lengri tími sem unninn er. Kauptaxti GRAFÍU frá og með 1. apríl 2022 Almenn launahækkun kr. 7.875 Deilitala dagvinnu er 156 ef vinnuvikan er 36 klst. (stytting vinnuvikunnar) Deilitala dagvinnu er 157,08 ef vinnuvikan er 36,15 (7 tímar og 15 mínútur pr. dag)"
rafis,rafis,rafis/RSI.2022.KAUPTAXTAR.UTG_.10.pdf,RSÍ-SA/SART Kjarasamningur RSÍ/FTR,SA fyrir Tæknifólk í rafiðnaði,aðilar úr skjali,,,2022-04-01,prósenta,6.75,,almenn laun,úr texta,"11.374 32 845.878 195.353 5.422 8.459 9.728 11.631 33 864.908 199.748 5.544 8.649 9.946 11.892 34 884.413 204.252 5.669 8.844 10.171 12.161 Almenn hækkun launa 1. apríl 2022 % 6,75% Einingaverð í ákvæðisvinnu frá 1. nóv. 2022 kr. 780,34 Einingaverð í ákvæðisvinnu frá 1. febrúar 2023 kr. 788,15 Einingaverð í ákvæðisvinnu frá 1. nóve"
rafis,rafis,rafis/RSI.2022.KAUPTAXTAR.UTG_.11.pdf,RSÍ-SA/SART Kjarasamningur RSÍ/FTR,SA fyrir Tæknifólk í rafiðnaði,aðilar úr skjali,,,2022-04-01,prósenta,6.75,,almenn laun,úr texta,"11.374 32 845.878 195.353 5.422 8.459 9.728 11.631 33 864.908 199.748 5.544 8.649 9.946 11.892 34 884.413 204.252 5.669 8.844 10.171 12.161 Almenn hækkun launa 1. apríl 2022 % 6,75% Einingaverð í ákvæðisvinnu frá 1. nóv. 2022 kr. 780,34 Einingaverð í ákvæðisvinnu frá 1. febrúar 2023 kr. 788,15 Einingaverð í ákvæðisvinnu frá 1. nóve"
rafis,rafis,rafis/RSI.2022.KAUPTAXTAR.UTG_.6.pdf,RSÍ - ISAL Kjarasamningur Grafíu - SA Kjarasamningur Grafíu - FGT deildar,SÍA Rafiðn.maður að loknu 2ja ára fagnámi 41,aðilar úr skjali,,,2022-04-01,krónutala,,7875,kauptaxtar,úr texta,"357.639 12/111 395.192 112 432.744 13 436.687 14 451.971 15 474.569 16 493.553 næsta hækkun á sér stað 1 júní 2023 Kauptaxti GRAFÍU frá og með 1. apríl 2022 Almenn launahækkun kr. 7875 Taxta hækkun kr. 10.500 Mánaðarlaun DagvinnaDagvinna Yfirvinna 1Yfirvinna 2 Sveinar deilitala 156 157,08 1,00% 1,15% Byrjunarlaun 482598 3094 3072 4826 5550 Iðnaðarmenn með a.m.k"
rafis,rafis,rafis/RSI.2022.KAUPTAXTAR.UTG_.6.pdf,RSÍ - ISAL Kjarasamningur Grafíu - SA Kjarasamningur Grafíu - FGT deildar,SÍA Rafiðn.maður að loknu 2ja ára fagnámi 41,aðilar úr skjali,,,2022-04-01,prósenta,1.0,,kauptaxtar,úr texta,"érhæft aðstoðarfólk í iðnaðarstörfum Eftir 1 ár 478773 3069 5506 Eftir 5 ár 487044 3122 5601 Kauptaxti GRAFÍU og SÍA/FA vegna grafískra hönnuða Mánaðarlaun Dagvinna Yfirvinna 1yfirvinna 2 Launataxtar 1. apríl 2022 Deilitala 152 1,00% 1,15% Hækkun taxta er 10500 1. flokkur byrjunarlaun 488.849 kr 3.216 kr 4.888 kr 5.622 kr 2. flokkur eftir 1 ár 520.719 kr 3.426 kr 5.207 kr 5.988 kr 3. flokkur eftir"
rafis,rafis,rafis/RSI.2022.KAUPTAXTAR.UTG_.7.pdf,RSÍ - ISAL Kjarasamningur Grafíu - SA Kjarasamningur Grafíu - FGT deildar,SÍA Rafiðn.maður að loknu 2ja ára fagnámi 41,aðilar úr skjali,,,2022-04-01,krónutala,,7875,kauptaxtar,úr texta,"357.639 12/111 395.192 112 432.744 13 436.687 14 451.971 15 474.569 16 493.553 næsta hækkun á sér stað 1 júní 2023 Kauptaxti GRAFÍU frá og með 1. apríl 2022 Almenn launahækkun kr. 7875 Taxta hækkun kr. 10.500 Mánaðarlaun DagvinnaDagvinna Yfirvinna 1Yfirvinna 2 Sveinar deilitala 156 157,08 1,00% 1,15% Byrjunarlaun 482598 3094 3072 4826 5550 Iðnaðarmenn með a.m.k"
rafis,rafis,rafis/RSI.2022.KAUPTAXTAR.UTG_.7.pdf,RSÍ - ISAL Kjarasamningur Grafíu - SA Kjarasamningur Grafíu - FGT deildar,SÍA Rafiðn.maður að loknu 2ja ára fagnámi 41,aðilar úr skjali,,,2022-04-01,prósenta,1.0,,kauptaxtar,úr texta,"érhæft aðstoðarfólk í iðnaðarstörfum Eftir 1 ár 478773 3069 5506 Eftir 5 ár 487044 3122 5601 Kauptaxti GRAFÍU og SÍA/FA vegna grafískra hönnuða Mánaðarlaun Dagvinna Yfirvinna 1yfirvinna 2 Launataxtar 1. apríl 2022 Deilitala 152 1,00% 1,15% Hækkun taxta er 10500 1. flokkur byrjunarlaun 488.849 kr 3.216 kr 4.888 kr 5.622 kr 2. flokkur eftir 1 ár 520.719 kr 3.426 kr 5.207 kr 5.988 kr 3. flokkur eftir"
rafis,rafis,rafis/RSI.2023.KAUPTAXTAR.UTG_.1.pdf,RSÍ-SA/SART Kjarasamningur RSÍ/FTR,SA fyrir Tæknifólk í rafiðnaði,aðilar úr skjali,,,2022-04-01,prósenta,6.75,,almenn laun,úr texta,"11.374 32 845.878 195.353 5.422 8.459 9.728 11.631 33 864.908 199.748 5.544 8.649 9.946 11.892 34 884.413 204.252 5.669 8.844 10.171 12.161 Almenn hækkun launa 1. apríl 2022 % 6,75% Einingaverð í ákvæðisvinnu frá 1. nóv. 2022 kr. 780,34 Einingaverð í ákvæðisvinnu frá 1. febrúar 2023 kr. 788,15 Einingaverð í ákvæðisvinnu frá 1. nóve"
rafis,rafis,rafis/RSI.2023.KAUPTAXTAR.UTG_.4.pdf,RSÍ-SA/SART Kjarasamningur RSÍ/FTR,SA fyrir Tæknifólk í rafiðnaði,aðilar úr skjali,,,2022-04-01,prósenta,6.75,,almenn laun,úr texta,"11.374 32 845.878 195.353 5.422 8.459 9.728 11.631 33 864.908 199.748 5.544 8.649 9.946 11.892 34 884.413 204.252 5.669 8.844 10.171 12.161 Almenn hækkun launa 1. apríl 2022 % 6,75% Einingaverð í ákvæðisvinnu frá 1. nóv. 2022 kr. 780,34 Einingaverð í ákvæðisvinnu frá 1. febrúar 2023 kr. 788,15 Einingaverð í ákvæðisvinnu frá 1. nóve"
rafis,rafis,rafis/RSI.2024.kauptaxtar.utg_.10b.pdf,RSÍ-SA/SART Kjarasamningur RSÍ/FTR,SA fyrir Tæknifólk í rafiðnaði,aðilar úr skjali,,,2022-04-01,prósenta með krónutölulágmarki,3.25,23750,almenn laun,úr texta,"10.270 12.279 34 913.156 210.891 5.854 9.132 10.501 12.556 35 933.748 215.646 5.986 9.337 10.738 12.839 36 954.804 220.509 6.121 9.548 10.980 13.129 Almenn hækkun launa 1. apríl 2022 % 3,25% að lágmarki 23.750 kr. Einingaverð í ákvæðisvinnu frá 1. feb. 2024 kr. 842,10 Einingaverð í ákvæðisvinnu frá 1. jan. 2025 kr. 892,63 Einingaverð í ákvæðisvinnu frá 1. jan. 20"
rafis,rafis,rafis/RSI.2024.kauptaxtar.utg_.9.pdf,RSÍ-SA/SART Kjarasamningur RSÍ/FTR,SA fyrir Tæknifólk í rafiðnaði,aðilar úr skjali,,,2022-04-01,prósenta,6.75,,almenn laun,úr texta,"9.513 11.374 32 845.878 195.353 5.422 8.459 9.728 11.631 33 864.908 199.748 5.544 8.649 9.946 11.892 34 884.413 204.252 5.669 8.844 10.171 12.161 Almenn hækkun launa 1. apríl 2022 % 6,75% Einingaverð í ákvæðisvinnu frá 1. nóv. 2022 kr. 780,34 Einingaverð í ákvæðisvinnu frá 1. febrúar 2023 kr. 788,15 Einingaverð í ákvæðisvinnu frá 1. nóve"
sa,Samtök atvinnulífsins,sa/7150a254-0a7f-4eb3-97eb-7cadc4e19155_Kaupgjaldsskrá 2022 apríl - PDF útgáfa til útprentunar í A5.pdf,,,aðeins heimild,,,2022-04-01,krónutala,,10500,kauptaxtar,úr texta,Kaupgjaldsskrá nr. 27 Gildir frá 1. apríl 2022 Launahækkun 1. apríl 2022 Kauptaxtar kjarasamninga hækka um 10.500 kr. Almenn hækkun mánaðarlauna er 7.875 kr. 1 Efnisyfirlit Bls. Aðildarfélög Starfsgreinasambands Íslands 3 Ófaglærðir starfsmenn á veitingahúsum 8 Verslunarmenn 10 MAT
afl,AFL Starfsgreinafélag,afl/2022-2024-Kjarasamningur-sgs-og-bi.pdf,Starfsgreinasambands Íslands,Bændasamtaka Íslands,aðilar úr skjali,2022-01-01,2024-12-31,2022-11-01,krónutala,,33000,almenn laun,úr texta,m réttindi og skyldur vinnuveitenda og starfsmanna að öðru leyti en kveðið er á um í samningi þessum. Þar með talið almennar launabreytingar. Almenn hækkun á mánaðarlaunum fyrir fullt starf • 1. nóvember 2022 33.000 kr. á mánuði 15. gr. Gildistími Samningur þessi gildir frá 1. nóvember 2022 til 31. janúar 2024 og fellur þá úr gildi án sérstakrar uppsagnar. Reykjavík 20. febrúar 2023
afl,AFL Starfsgreinafélag,afl/2022-Serkjaras-vr-li-icelandair-innanlandsflug.pdf,VR og Landssambands íslenskra verzlunarmanna,Samtaka atvinnulífsins,aðilar úr skjali,,,2022-11-01,prósenta og krónutala,6.75,66000,almenn laun,úr texta,".283 Tankari eftir 7 ár í starfi 518.192 Þjónustustjórar - grunnlaun 526.223 Almenn hækkun mánaðarlauna fyrir fullt starf er í formi hlutfallshækkunar og hámarkskrónutöluhækkunar. Þann 1. nóvember 2022 taka mánaðarlaun almennri hækkun um 6,75% þó að hámarki kr. 66.000. Kjaratengdir liðir kjarasamningsins hækka um 5% frá 1. nóvember 2022, nema um annað hafi verið samið. Með hækkun 1. nóvember 2022 "
efling,Efling stéttarfélag,efling/Kjarasamningur Eflingar og SA fyrir starfsfo-lk ho-tela- og veitingahu-sa fra- 1.11.22 til 31.1.24.pdf,Samtaka atvinnulífsins,Eflingar - stéttarfélags,aðilar úr skjali,2022-11-01,2024-01-31,2022-11-01,krónutala,,33000,kauptaxtar,úr texta,"ngar Launahækkun samnings er í formi krónutöluhækkunar á mánaðarlaun. Með mánaðarlaunum er átt við föst mánaðarlaun fyrir dagvinnu. Almenn launahækkun Þann 1. nóvermber 2022 hækka mánaðarlaun fyrir fullt staf um kr. 33.000-. 1.3.2. Kauptaxtar Kauptaxtar hækka sérstaklega frá 1. nóvember 2022 , sbr. fylgiskjal með samningi þessum. 1.3.3. Kjaratengdir liðir Kjaratengdir liðir kjarasamning sins hækka"
grafia,Grafía,grafia/Grafia-kauptaxtar-1.-nóvember-2022.pdf,GRAFÍU – stéttarfélags í prent,miðlunargrein,aðilar úr skjali,,,2022-11-01,prósenta og krónutala,6.75,66000,kauptaxtar,úr texta,"ingi. Gildistími Gildistími samningsins er frá 1. nóvember 2022 til 31. janúar 2024. Almenn launahækkun Launahækkun samningsins er í formi hlut - fallshækkunar og hámarks krónutöluhækk - unar. Þann 1. nóvember 2022 taka mánaðarlaun almennri hækkun um 6,75%, þó að hámarki kr. 66.000. Kauptaxtar Í stað áðurgildandi launataxta koma nýir sem verða hluti samningsins. Nýir launa- taxtar gilda frá 1. nóv"
grafia,Grafía,grafia/Grafia-kauptaxtar-1.-nóvember-2022.pdf,GRAFÍU – stéttarfélags í prent,miðlunargrein,aðilar úr skjali,,,2022-11-01,prósenta,5.0,,kauptaxtar,úr texta,"nóvember 2022 taka mánaðarlaun almennri hækkun um 6,75%, þó að hámarki kr. 66.000. Kauptaxtar Í stað áðurgildandi launataxta koma nýir sem verða hluti samningsins. Nýir launa- taxtar gilda frá 1. nóvember 2022. Kjaratengdir liðir Kjaratengdir liðir kjarasamnings hækka um 5,0% frá 1. nóvember 2022, nema um annað hafi verið samið. Gjald í fræðslusjóð sbr. grein 7.7 um fræðslu- sjóð Grafíu verður kr"
grafia,Grafía,grafia/Grafia-kauptaxtar-1.-nóvember-2022.pdf,GRAFÍU – stéttarfélags í prent,miðlunargrein,aðilar úr skjali,,,2022-11-01,prósenta,6.75,,kauptaxtar,úr texta,"4 klst á viku að jafnaði eða 17,33 klst á mánuði. Álag á yfirvinnu 1 er 1,00% af mánaðarlaunum fyrir dagvinnu. Yfirvinna 2 er greidd umfram það og alltaf í vaktavinnu. Kauptaxti GRAFÍU frá og með 1. nóvember 2022 Almenn launahækkun 6,75% Deilitala dagvinnu er 156 ef vinnuvikan er 36 klst. (stytting vinnuvikunnar) Deilitala dagvinnu er 157,08 ef vinnuvikan er 36,15 (7 tímar og 15 mínútur pr. dag) M"
rafis,rafis,rafis/RSI.2022.KAUPTAXTAR.UTG_.10.pdf,RSÍ-SA/SART Kjarasamningur RSÍ/FTR,SA fyrir Tæknifólk í rafiðnaði,aðilar úr skjali,,,2022-11-01,prósenta,6.75,,almenn laun,úr texta,"5.878 195.353 5.422 8.459 9.728 11.631 33 864.908 199.748 5.544 8.649 9.946 11.892 34 884.413 204.252 5.669 8.844 10.171 12.161 Almenn hækkun launa 1. apríl 2022 % 6,75% Einingaverð í ákvæðisvinnu frá 1. nóv. 2022 kr. 780,34 Einingaverð í ákvæðisvinnu frá 1. febrúar 2023 kr. 788,15 Einingaverð í ákvæðisvinnu frá 1. nóvember 2023 kr"
rafis,rafis,rafis/RSI.2022.KAUPTAXTAR.UTG_.10.pdf,RSÍ-SA/SART Kjarasamningur RSÍ/FTR,SA fyrir Tæknifólk í rafiðnaði,aðilar úr skjali,,,2022-11-01,prósenta,1.0,,kauptaxtar,úr texta,"r Eftir 1 ár Sveinar Vakt. 27% jafnaðarálag, þrískiptar 7 daga vaktir Kauptaxti GRAFÍU og SÍA/FA vegna grafískra hönnuða Almenn hækkun er 6.75% Mánaðarlaun Dagvinna Yfirvinna 1yfirvinna 2 Launataxtar 1. nóvember 2022 Deilitala 152 1,00% 1,15% 1. flokkur byrjunarlaun 535.445 kr 3.523 kr 5.354 kr 6.158 kr 2. flokkur eftir 1 ár 571.118 kr 3.757 kr 5.711 kr 6.568 kr 3. flokkur eftir 4 ár 600.670 kr"
rafis,rafis,rafis/RSI.2022.KAUPTAXTAR.UTG_.11.pdf,RSÍ-SA/SART Kjarasamningur RSÍ/FTR,SA fyrir Tæknifólk í rafiðnaði,aðilar úr skjali,,,2022-11-01,prósenta,6.75,,almenn laun,úr texta,"5.878 195.353 5.422 8.459 9.728 11.631 33 864.908 199.748 5.544 8.649 9.946 11.892 34 884.413 204.252 5.669 8.844 10.171 12.161 Almenn hækkun launa 1. apríl 2022 % 6,75% Einingaverð í ákvæðisvinnu frá 1. nóv. 2022 kr. 780,34 Einingaverð í ákvæðisvinnu frá 1. febrúar 2023 kr. 788,15 Einingaverð í ákvæðisvinnu frá 1. nóvember 2023 kr"
rafis,rafis,rafis/RSI.2022.KAUPTAXTAR.UTG_.11.pdf,RSÍ-SA/SART Kjarasamningur RSÍ/FTR,SA fyrir Tæknifólk í rafiðnaði,aðilar úr skjali,,,2022-11-01,prósenta,1.0,,kauptaxtar,úr texta,"r Eftir 1 ár Sveinar Vakt. 27% jafnaðarálag, þrískiptar 7 daga vaktir Kauptaxti GRAFÍU og SÍA/FA vegna grafískra hönnuða Almenn hækkun er 6.75% Mánaðarlaun Dagvinna Yfirvinna 1yfirvinna 2 Launataxtar 1. nóvember 2022 Deilitala 152 1,00% 1,15% 1. flokkur byrjunarlaun 535.445 kr 3.523 kr 5.354 kr 6.158 kr 2. flokkur eftir 1 ár 571.118 kr 3.757 kr 5.711 kr 6.568 kr 3. flokkur eftir 4 ár 600.670 kr"
rafis,rafis,rafis/RSI.2023.KAUPTAXTAR.UTG_.1.pdf,RSÍ-SA/SART Kjarasamningur RSÍ/FTR,SA fyrir Tæknifólk í rafiðnaði,aðilar úr skjali,,,2022-11-01,prósenta,6.75,,almenn laun,úr texta,"5.878 195.353 5.422 8.459 9.728 11.631 33 864.908 199.748 5.544 8.649 9.946 11.892 34 884.413 204.252 5.669 8.844 10.171 12.161 Almenn hækkun launa 1. apríl 2022 % 6,75% Einingaverð í ákvæðisvinnu frá 1. nóv. 2022 kr. 780,34 Einingaverð í ákvæðisvinnu frá 1. febrúar 2023 kr. 788,15 Einingaverð í ákvæðisvinnu frá 1. nóvember 2023 kr"
rafis,rafis,rafis/RSI.2023.KAUPTAXTAR.UTG_.1.pdf,RSÍ-SA/SART Kjarasamningur RSÍ/FTR,SA fyrir Tæknifólk í rafiðnaði,aðilar úr skjali,,,2022-11-01,prósenta,1.0,,kauptaxtar,úr texta,"75% Taxta hækkun að lágmarki kr.46000 Sveinar Eftir 1 ár Eftir 3 ár Kauptaxti GRAFÍU og SÍA/FA vegna grafískra hönnuða Almenn hækkun er 6.75% Mánaðarlaun Dagvinna Yfirvinna 1yfirvinna 2 Launataxtar 1. nóvember 2022 Deilitala 152 1,00% 1,15% 1. flokkur byrjunarlaun 535.445 kr 3.523 kr 5.354 kr 6.158 kr 2. flokkur eftir 1 ár 571.118 kr 3.757 kr 5.711 kr 6.568 kr 3. flokkur eftir 4 ár 600.670 kr"
rafis,rafis,rafis/RSI.2023.KAUPTAXTAR.UTG_.4.pdf,RSÍ-SA/SART Kjarasamningur RSÍ/FTR,SA fyrir Tæknifólk í rafiðnaði,aðilar úr skjali,,,2022-11-01,prósenta,6.75,,almenn laun,úr texta,"5.878 195.353 5.422 8.459 9.728 11.631 33 864.908 199.748 5.544 8.649 9.946 11.892 34 884.413 204.252 5.669 8.844 10.171 12.161 Almenn hækkun launa 1. apríl 2022 % 6,75% Einingaverð í ákvæðisvinnu frá 1. nóv. 2022 kr. 780,34 Einingaverð í ákvæðisvinnu frá 1. febrúar 2023 kr. 788,15 Einingaverð í ákvæðisvinnu frá 1. nóvember 2023 kr"
rafis,rafis,rafis/RSI.2023.KAUPTAXTAR.UTG_.4.pdf,RSÍ-SA/SART Kjarasamningur RSÍ/FTR,SA fyrir Tæknifólk í rafiðnaði,aðilar úr skjali,,,2022-11-01,prósenta,1.0,,kauptaxtar,úr texta,"75% Taxta hækkun að lágmarki kr.46000 Sveinar Eftir 1 ár Eftir 3 ár Kauptaxti GRAFÍU og SÍA/FA vegna grafískra hönnuða Almenn hækkun er 6.75% Mánaðarlaun Dagvinna Yfirvinna 1yfirvinna 2 Launataxtar 1. nóvember 2022 Deilitala 152 1,00% 1,15% 1. flokkur byrjunarlaun 535.445 kr 3.523 kr 5.354 kr 6.158 kr 2. flokkur eftir 1 ár 571.118 kr 3.757 kr 5.711 kr 6.568 kr 3. flokkur eftir 4 ár 600.670 kr"
rafis,rafis,rafis/RSI.2023.KAUPTAXTAR.UTG_.8.pdf,RSÍ-SA/SART Kjarasamningur RSÍ/FTR,SA fyrir Tæknifólk í rafiðnaði,aðilar úr skjali,,,2022-11-01,prósenta,6.75,,almenn laun,úr texta,"9,513 11,374 32 845,878 195,353 5,422 8,459 9,728 11,631 33 864,908 199,748 5,544 8,649 9,946 11,892 34 884,413 204,252 5,669 8,844 10,171 12,161 Almenn hækkun launa 1. nóvember 2022 % 6.75% Einingaverð í ákvæðisvinnu frá 1. nóv. 2022 kr. 780.34 Einingaverð í ákvæðisvinnu frá 1. febrúar 2023 kr. 788.15 Einingaverð í ákvæðisvinnu frá 1. nóve"
rafis,rafis,rafis/RSI.2023.KAUPTAXTAR.UTG_.8.pdf,RSÍ-SA/SART Kjarasamningur RSÍ/FTR,SA fyrir Tæknifólk í rafiðnaði,aðilar úr skjali,,,2022-11-01,prósenta,1.0,,kauptaxtar,úr texta,"Eftir 1 ár Sveinar Vakt. 27% jafnaðarálag, þrískiptar 7 daga vaktir Kauptaxti GRAFÍU og SÍA/FA vegna grafískra hönnuða Almenn hækkun er 6.75% Mánaðarlaun Dagvinna Yfirvinna 1 yfirvinna 2 Launataxtar 1. nóvember 2022 Deilitala 152 1.00% 1.15% 1. flokkur byrjunarlaun 535,445 kr 3,523 kr 5,354 kr 6,158 kr 2. flokkur eftir 1 ár 571,118 kr 3,757 kr 5,711 kr 6,568 kr 3. flokkur eftir 4 ár 600,670 k"
rafis,rafis,rafis/RSI.2024.kauptaxtar.utg_.9.pdf,RSÍ-SA/SART Kjarasamningur RSÍ/FTR,SA fyrir Tæknifólk í rafiðnaði,aðilar úr skjali,,,2022-11-01,prósenta,6.75,,almenn laun,úr texta,"4 32 845.878 195.353 5.422 8.459 9.728 11.631 33 864.908 199.748 5.544 8.649 9.946 11.892 34 884.413 204.252 5.669 8.844 10.171 12.161 Almenn hækkun launa 1. apríl 2022 % 6,75% Einingaverð í ákvæðisvinnu frá 1. nóv. 2022 kr. 780,34 Einingaverð í ákvæðisvinnu frá 1. febrúar 2023 kr. 788,15 Einingaverð í ákvæðisvinnu frá 1. nóvember 2023 kr"
sa,Samtök atvinnulífsins,sa/40568b4f-a13e-470b-ba64-774da9bccf20_Greiðasölusamningur SA og SGS og Efling 2022-2024.pdf,Samtaka atvinnulífsins,Starfsgreinasambands Íslands,aðilar úr skjali,2022-11-01,2024-01-31,2022-11-01,krónutala,,33000,kauptaxtar,úr texta,"eytingar Launahækkun samnings er í formi krónutöluhækkunar á mánaðarlaun. Með mánaðarlaunum er átt við föst mánaðarlaun fyrir fullt starf í dagvinnu. Almenn launahækkun Þann 1. nóvermber 2022 hækka mánaðarlaun um kr. 33.000. 1.3.2. Kauptaxtar Kauptaxtar hækka sérstaklega frá 1. nóvember 2022 , sbr. fylgiskjal með samningi þessum. 1.3.3. Kjaratengdir liðir 10 Samningur SA og SGS og Eflingar v/veiti"
sa,Samtök atvinnulífsins,sa/7a5d88ec-7c26-4523-b4c4-d3b82afead63_Kaupgjaldsskrá 2022 nóvember - b - vefútgáfa.pdf,MATVÍS - Matvæla,veitingafélags Íslands 11,aðilar úr skjali,,,2022-11-01,prósenta,6.75,,kauptaxtar,úr texta,"Kaupgjaldsskrá nr. 28b Kauptaxtar kjarasamninga hækka sérstaklega. Almenn hækkun mánaðarlauna er 33.000 hjá SGS án Eflingar en 6,75% hjá VR/LÍV og stéttarfélögum iðnaðarmanna og tæknifólks. Gildir frá 1. nóvember 2022 Launahækkun 1. nóvember 2022 Efnisyfirlit Bls. Kjarasamningar aðildarfélaga Starfsgreinasambands Íslands og Eflingar 3"
sa,Samtök atvinnulífsins,sa/9543835e-04df-4db7-a4ef-e6b961213a91_Kjarasamningur SA og VR-LÍV 2022-2024.pdf,Samtaka atvinnulífsins,VR og,aðilar úr skjali,2022-01-01,2024-12-31,2022-11-01,prósenta og krónutala,6.75,66000,kauptaxtar,úr texta,"s þessa. Kauptaxtar gilda frá 1. nóvember 2022. Byrjunarlaun miðast við 18 ára aldur. Launabreytingar Launahækkun samningsins er í formi hlutfallshækkunar og hámarks kró nutöluhækkunar. Þann 1. nóvember 2022 taka mánaðarlaun almennri hækkun um 6,75% þó að hámarki 66.000 kr. Ofan nefnd hækkun á kauptaxta er reiknuð í útgefnum töxtum í gr. 1.1. og útgefni kaupgjaldsskrá. Kjaratengdir liðir Kjarateng"
sa,Samtök atvinnulífsins,sa/e33cf0d1-e5d3-4d20-a4c5-692f9c265f84_SA-SAF og Leiðsögn - uppfærsla á kjarasamningi 2022-2024.pdf,MILLI: SAMTAKA ATVINNULÍFSINS,SAMTAKA FERÐAÞJÓNUSTUNNAR,aðilar úr skjali,2022-01-01,2024-12-31,2022-11-01,prósenta og krónutala,5.0,33000,kauptaxtar,úr texta,"reytingar Launahækkanir samningsins eru í formi krónutöluhækkana á mánaðarlaun. Með mánaðarlaunum er átt við föst mánaðarlaun fyrir dagvinnu. Almenn hækkun mánaðarlauna fyrir fullt starf 1. nóvember 2022: 33.000 kr. Kjaratengdir liðir kjarasamninga hækka um 5,0% á sömu dagsetningum, nema um annað hafi verið samið. 2.1.2. Í stað gildandi launataxta koma nýir taxtar sbr. fylgiskjal 1 sem gi"
sameyki,Sameyki stéttarfélag í almannaþjónustu,sameyki/''Fríhöfn. Kjarasamningur 1. nov. 2022 til 31. jan. 2024-LOK.pdf,Sameykis – stéttarfélags,Fríhafnarinnar,aðilar úr skjali,,,2022-11-01,prósenta og krónutala,6.75,66000,kauptaxtar,úr texta,"2. gr. Gildistími Gildistími samningsins er frá 1. nóvember 2022 til 31. janúar 2024. Almenn launahækkun Launahækkun samningsins er í formi hlutfallshækkunar og hámarks krónutöluhækkunar. Þann 1. nóvember 2022 taka mánaðarlaun almennri hækkun um 6,75%, þó að hámarki kr. 66.000. Kauptaxtar Í stað áðurgildandi launataxta koma nýir sem verða hluti samningsins. Launataxtar gilda frá 1. nóvember 2022. "
sameyki,Sameyki stéttarfélag í almannaþjónustu,sameyki/''Isavia. Kjarasamningur 1.nov. 2022 - 31. jan. 2024-LOK.pdf,Sameykis – stéttarfélags í almannaþjónustu,Samtaka atvinnulífsins,aðilar úr skjali,,,2022-11-01,prósenta og krónutala,6.75,66000,kauptaxtar,úr texta,"2. gr. Gildistími Gildistími samningsins er frá 1. nóvember 2022 til 31. janúar 2024. Almenn launahækkun Launahækkun samningsins er í formi hlutfallshækkunar og hámarks krónutöluhækkunar. Þann 1. nóvember 2022 taka mánaðarlaun almennri hækkun um 6,75%, þó að hámarki kr. 66.000. Kauptaxtar Í stað áðurgildandi launataxta koma nýir sem verða hluti samningsins. Launataxtar gilda frá 1. nóvember 2022. "
sameyki,Sameyki stéttarfélag í almannaþjónustu,sameyki/''Kjarasamningur RARIK og Sameykis 2022-2023.pdf,Sameykis- stéttarfélags í almannaþjónustu,Samtaka atvinnulífsins,aðilar úr skjali,2022-11-01,2024-01-31,2022-11-01,prósenta og krónutala,6.75,66000,kauptaxtar,úr texta,"022 til 31. janúar 2024 með þeim breytingum sem hér greinir. 2. gr. Almenn launahækkun og kauptaxtar Launahækkun samningsins er í formi hlutfallshækkunar og hámarks krónutöluhækkunar. Þann 1. nóvember 2022 taka mánaðarlaun og launataxtar almennri hækkun um 6,75%, þó að hámarki kr. 66.000. Kjaratengdir liðir og desember- og orlofsuppbætur Kjaratengdir liðir kjarasamningsins hækka um 5% frá sömu dag"
sgs,Starfsgreinasamband Íslands,sgs/glaerukynning-um-samninginn.pdf,starfsaldursþrepa,launaflokka,aðilar úr skjali,,,2022-11-01,prósenta,0.45,,launatafla,úr texta,"1% hærra en byrjunarlaun. • Var áður frá 0,49%-0,63% Laun eftir 3 ár hækka um 1,50% • Var áður frá 0,5%-0,64% Laun eftir 5 ár hækka um 2% • Var áður 0,57%-0,64% Bil milli launaflokka er nú 0,58% • Var áður 0,45% til 0,60% Aðrar hækkanir Kjaratengdir liðir kjarasamnings hækka um 5,0% frá 1. nóvember 2022, nema um annað hafi verið samið. Bónusar og akkorð í fiskvinnslu skv. 18. kafla kjarasamnings h"
sgs,Starfsgreinasamband Íslands,sgs/glaerukynning-um-samninginn.pdf,starfsaldursþrepa,launaflokka,aðilar úr skjali,,,2022-11-01,prósenta,9.53,,launatafla,úr texta,"915 41,893 46,095 52,606 20 40,051 42,018 46,220 52,747 21 40,165 42,120 46,324 52,866 22 40,256 42,201 46,406 52,963 23 40,326 42,259 46,465 53,035 24 40,373 42,293 46,500 53,084 Hlutfallsleg hækkun 1. nóv 2022 Launaflokkur Byrjandi 1 ár 3 ár 5 ár 4 9.53% 10.08% 11.18% 12.83% 5 9.62% 10.17% 11.26% 12.91% 6 9.71% 10.25% 11.34% 12.99% 7 9.80% 10.33% 11.41% 13.03% 8 9.87% 10.40% 11.45% 13.05% 9 9.95"
sgs,Starfsgreinasamband Íslands,sgs/helstu-atridi-um-nyjan-kjarasamning.pdf,,,aðeins heimild,,,2022-11-01,krónutala,,35000,kauptaxtar,úr texta,Kjarasamning SGS og SA Kauptaxtar hækka um að lágmarki 35.000 kr. frá 1. nóvember 2022 skv. nýrri launatöflu. Samningurinn felur í sér lagfæringu á launatöflunni sem gerir það að verkum að hækkun getur orði
sgs,Starfsgreinasamband Íslands,sgs/helstu-atridi-um-nyjan-kjarasamning.pdf,,,aðeins heimild,,,2022-11-01,prósenta,5.0,,kauptaxtar,úr texta,"ningurinn felur í sér lagfæringu á launatöflunni sem gerir það að verkum að hækkun getur orðið allt að 52.000 kr. á mánuði. Mánaðarlaun (laun þeirra sem ekki eru á kauptöxtum) hækka um 33.000 kr. frá 1. nóvember 2022. Kjaratengdir liðir kjarasamningsins hækka um 5,0% frá 1. nóvember 2022, nema um annað hafi verið samið. Bónusar og akkorð í fiskvinnslu hækka um 8% sem mun skila fiskvinnsluf"
ssf,Samtök starfsmanna fjármálafyrirtækja,ssf/Kjarasamningur-SSF-og-SA-1.-nov-2022-31.-jan-2024.pdf,Samtaka starfsmanna fjármálafyrirtækja,Samtaka atvinnulífsins,aðilar úr skjali,,,2022-11-01,prósenta og krónutala,6.75,66000,kauptaxtar,úr texta,"022. 2. gr. Gildistími Gildistími samningsins er frá 1. nóvember 2022 til 31. janúar 2024. Almenn launahækkun Launahækkun samningsins er í formi hlutfallshækkunar og hámarks krónu- töluhækkunar. Þann 1. nóvember 2022 taka mánaðarlaun almennri hækkun um 6,75%, þó að hámarki kr. 66.000. Kauptaxtar Í stað áðurgildandi lágmarkstaxta starfsheita koma nýir sem gilda frá 1. nóvember 2022. Kjaratengdir li"
vm,VM - Félag vélstjóra og málmtæknimanna,vm/Uppfaerdur-heildarsamningur-milli-VM-og-OR-vegna-malmidnadarmanna-2024-loka.pdf,VM félags vélstjóra,málmtæknimanna,aðilar úr skjali,2008-05-01,2010-12-31,2022-11-01,prósenta,0.3,,óskilgreint,grunsamlegt,"bundnar launahækkanir, vegna starfsfólks sem starfar eftir kjarasamningum RSÍ og VM, við Orkuveitu Reykjavíkur svigrúm til launahækkana upp á að meðaltali: 0,5% sem kemur til framkvæmda frá og með 1. nóvember 2022 0,3% sem kemur til framkvæmda frá og með 1. apríl 2023 F.h. Orkuveitu Reykjavíkur 43 Bókanir með kjarasamningi 2019 Bókun. Fulltrúar iðnaðarmanna og OR"
vm,VM - Félag vélstjóra og málmtæknimanna,vm/Uppfaerdur-heildarsamningur-milli-VM-og-OR-vegna-velfraedinga-2024-loka.pdf,VM félags vélstjóra,málmtæknimanna,aðilar úr skjali,2008-05-01,2010-12-31,2022-11-01,prósenta,0.3,,óskilgreint,grunsamlegt,"bundnar launahækkanir, vegna starfsfólks sem starfar eftir kjarasamningum RSÍ og VM, við Orkuveitu Reykjavíkur svigrúm til launahækkana upp á að meðaltali: 0,5% sem kemur til framkvæmda frá og með 1. nóvember 2022 0,3% sem kemur til framkvæmda frá og með 1. apríl 2023 F.h. Orkuveitu Reykjavíkur 44 Bókanir með kjarasamningi 2019 Bókun. Fulltrúar iðnaðarmanna og OR m"
vm,VM - Félag vélstjóra og málmtæknimanna,vm/kjarasamningur-vm-2022.pdf,Samtaka atvinnulífsins,"VM, Félags vélstjóra og málmtæknimanna",aðilar úr skjali,,,2022-11-01,prósenta og krónutala,6.75,66000,kauptaxtar,úr texta,"mningi. Gildistími Gildistími samningsins er frá 1. nóvember 2022 til 31. janúar 2024. Almenn launahækkun Launahækkun samningsins er í formi hlutfallshækkunar og hámarks krónutöluhækkunar. Þann 1. nóvember 2022 taka mánaðarlaun almennri hækkun um 6,75%, þó að hámarki kr. 66.000. Kauptaxtar Í stað áðurgildandi launataxta koma nýir sem verða hluti samningsins. Launataxtar gilda frá 1. nóvember 2022."
vr,VR,vr/kjaras-sa-islenska-v9-final.pdf,VR/LÍV,SAMTAKA ATVINNULÍFSINS,aðilar úr skjali,2022-11-01,2024-01-31,2022-11-01,prósenta og krónutala,6.75,66000,kauptaxtar,úr texta,"sa, sbr. meðfylgjandi fylgiskjal. Kauptaxtar gilda frá 1. nóvember 2022. Byrjunarlaun miðast við 18 ára aldur. Launahækkun samningsins er í formi hlutfallshækkunar og hámarks krónutöluhækkunar. Þann 1. nóvember 2022 taka mánaðarlaun almennri hækkun um 6,75% þó að hámarki 66.000 kr. Fyrrnefnd hækkun á kauptaxta er reiknuð í útgefnum töxtum í gr. 1.1. og í fylgiskjali bls. 78 Kjaratengdir liðir Kjar"
vr,VR,vr/kjaras-sa-lokaskjal.pdf,VR/LÍV,SAMTAKA ATVINNULÍFSINS,aðilar úr skjali,2022-11-01,2024-01-31,2022-11-01,prósenta og krónutala,6.75,66000,kauptaxtar,úr texta,"sa, sbr. meðfylgjandi fylgiskjal. Kauptaxtar gilda frá 1. nóvember 2022. Byrjunarlaun miðast við 18 ára aldur. Launahækkun samningsins er í formi hlutfallshækkunar og hámarks krónutöluhækkunar. Þann 1. nóvember 2022 taka mánaðarlaun almennri hækkun um 6,75% þó að hámarki 66.000 kr. Fyrrnefnd hækkun á kauptaxta er reiknuð í útgefnum töxtum í gr. 1.1. og í fylgiskjali bls. 78 Kjaratengdir liðir Kjar"
vr,VR,vr/kjarasamningar2022-kynning-final-6.pdf,,,aðeins heimild,,,2022-11-01,prósenta,6.75,,almenn laun,úr texta,"87 Skrifstofa 441.145 457.828 Lyfjatæknar 433.736 437.478 445.521 461.732 Afþreying 425.848 432.583 438.297 444.462 457.828 Gestamóttaka 425.848 432.583 438.297 444.462 457.828 Almenn launahækkun frá 1. nóvember 2022 Laun þeirra sem ekki eru á töxtum hækka um 6,75% frá 1. nóvember 2022, þó að hámarki 66 þúsund krónur. Laun umfram 975 þúsund á mánuði fá að hámarki 66 þúsund króna hækk"
afl,AFL Starfsgreinafélag,afl/2019-2023-SGSogSveitafelogin.pdf,SAMBANDS ÍSLENSKRA SVEITARFÉLAGA F.H. ÞEIRRA SVEITARFÉLAGA,ANNARRA AÐILA SEM ÞAÐ HEFUR,aðilar úr skjali,2019-01-01,2023-12-31,2023-01-01,krónutala,,25000,launatafla,úr texta,ðarlaun hækka sem hér segir á samningstímanum: 1. janúar 2020: Hækka laun um kr. 17.000 kr. 1. apríl 2020: Hækka laun um kr. 24.000 kr. 1. janúar 2021: Hækka laun um kr. 24.000 kr. 1. janúar 2022: Hækka laun um kr. 25.000 kr. 1. janúar 2023: Tekur launatafla 5 gildi. Útgefin launatafla hverju sinni nær yfir alla launaflokka sem miðað er við í kjarasamningi
sameyki,Sameyki stéttarfélag í almannaþjónustu,sameyki/''Kjarasamningur RÚV - Sameyki 31.3.23_lok.pdf,Sameykis,Ríkisútvarpsins ohf,aðilar úr skjali,,,2023-01-01,prósenta og krónutala,6.75,66000,kauptaxtar,úr texta,"2. gr. Gildistími Gildistími samningsins er frá 1. janúar 2023 til 29. febrúar 2024. Almenn launahækkun Launahækkun samningsins er í formi hlutfallshækkunar og hámarks krónutöluhækkunar. Þann 1. janúar 2023 taka mánaðarlaun almennri hækkun um 6,75%, þó að hámarki kr. 66.000. Kauptaxtar Í stað áðurgildandi launataxta koma nýir sem verða hluti samningsins. Launataxtar gilda frá 1. janúar 2023. Kjara"
sgs,Starfsgreinasamband Íslands,sgs/taxtar_sveitarfelog_1-jan-30-sept-2023.pdf,,,aðeins heimild,,,2023-01-01,krónutala,,57256,kauptaxtar,úr texta,012 49.974 50.934 51.895 52.856 53.818 54.778 55.739 155 48.482 49.452 50.422 51.391 52.360 53.330 54.300 55.270 56.239 156 48.918 49.897 50.874 51.853 52.831 53.810 54.788 55.766 56.745 157 49.359 50.347 51.333 52.321 53.308 54.295 55.282 56.269 57.256 Krónutöluhækkanir á mánaðarlaun frá 1. janúar 2023 L.fl. Grunnlaun Persónuálag 3 Kauptaxtar SGS og Sambands íslenskra sveitarfélaga 1. janúar - 30
verkvest,Verkalýðsfélag Vestfirðinga,verkvest/kjarasamningur-sgs-og-sambands-islenskra-sveitarfelaga-2020-2023_vef.pdf,Starfsgreinasambands Íslands,Sambands íslenskra sveitarfélaga,aðilar úr skjali,2020-01-01,2023-12-31,2023-01-01,krónutala,,25000,launatafla,úr texta,ðarlaun hækka sem hér segir á samningstímanum: 1. janúar 2020: Hækka laun um kr. 17.000 kr. 1. apríl 2020: Hækka laun um kr. 24.000 kr. 1. janúar 2021: Hækka laun um kr. 24.000 kr. 1. janúar 2022: Hækka laun um kr. 25.000 kr. 1. janúar 2023: Tekur launatafla 5 gildi. Útgefin launatafla hverju sinni nær yfir alla launaflokka sem miðað er við í kjarasamningi
fin,Félag íslenskra náttúrufræðinga,fin/Kjarasamningur-SNS_FIN_4.-juni-2020_LOK.pdf,SAMBANDS ÍSLENSKRA SVEITARFÉLAGA F.H. ÞEIRRA SVEITARFÉLAGA,ANNARRA AÐILA,aðilar úr skjali,,,2023-03-31,prósenta,0.85,,almenn laun,úr texta,"a II skal stýrihópur fjalla um málið og meta hvort og hvaða breytinga sé þörf á forsendum yfirvinnuálags í nýju vaktavinnukerfi. Þó skal yfirvinna 1 aldrei fara undir GILDISTÍMI: 1. JANÚAR 2020 til 31. MARS 2023. SAMBAND ÍSLENSKRA 38 FÍN SVEITARFÉLAGA 0,85% af mánaðarlaunum. Slíka ákvörðun skal taka eigi síðar en þremur mánuðum fyrir gildistöku breytinga og skulu stjórnendur og stéttarfélög tryggj"
efling,Efling stéttarfélag,efling/Samkomulag um breytingar og framlengingu kjarasamnings fra- 1.4.23.pdf,Reykjavíkurborgar,Eflingar – stéttarfélags,aðilar úr skjali,,,2023-04-01,prósenta,5.0,,óskilgreint,úr texta,með fyrirvara um samþykki félagsmanna Bókun og verkáætlun með samkomulagi dags. 1. apríl 2023 milli Reykjavíkurborgar annars vegar og Eflingar – stéttarfélags hins vegar Bókun Aðilar eru sammála um að á samningstímanum taki önnur laun skv. gr. 1.1.3 hækkun um 5% þann 1. apríl 2023. Verkáætlun Með samkomulagi um framlengingu á kjarasamningi er viðræðum um önnur atriði en launalið aðila frestað. A
fin,Félag íslenskra náttúrufræðinga,fin/23-0606-Kjarasamningur-SNS.pdf,almenns,opinbers vinnumarkaöar sbr,aðilar úr skjali,,,2023-04-01,prósenta,5.0,,óskilgreint,úr texta,"una einstakra hopa ó milli almenns og opinbers vinnumarkaöar sbr. fylgiskjal 6. Sé heimildarókvæðinu beitt, skaltryggt að mólsmeöferð og ókvöröun um greiðslu annarra launa byggi ó mólefnalegum sjónarmiðum og feli ekki í sér kynbundna mismunun. A samningstímanum hækka önnur laun um 5% þann 1. apríl 2023. SAMBAND íslerusrRn SVEITARFELAGA 3 FELAG íslErusr<RR ruArrúnurRcÐtNGA \ GILDISTíMI: 1. APRíL 20"
hjukrun,Félag íslenskra hjúkrunarfræðinga,hjukrun/Z1ljF5bqstJ98TMw_Kjarasamningur_SNS_Fíhj_2024-2028_LOK.pdf,SAMBANDS ÍSLENSKRA SVEITARFÉLAGA F.H. ÞEIRRA SVEITARFÉLAGA,ANNARRA AÐILA,aðilar úr skjali,2024-04-01,2025-03-31,2023-04-01,prósenta,5.0,,óskilgreint,úr texta,"og opinbers vinnumarkaðar sbr. fylgiskjal 6 [úr kjarasamningi frá 2020]. Sé heimildarákvæðinu beitt, skal tryggt að málsmeðferð og ákvörðun um greiðslu annarra launa byggi á málefnalegum sjónarmiðum og feli ekki í sér kynbundna mismunun. Á samningstímanum hækka önnur laun um 5% þann 1. apríl 2023. Heimildarákvæðinu er ætlað að styðja við þær breytingar sem leiða af betra skipulagi vinnutíma sbr. f"
ki,Kennarasamband Íslands,ki/kjarasamningur-1-apríl-2023-31-maí-2024.pdf,almenns,opinbers vinnumarkaðar,aðilar úr skjali,2023-04-01,2024-05-31,2023-04-01,prósenta,5.0,,óskilgreint,úr texta,"innar yfirvinnu og geta komið í stað tímakaups í yfirvinnu skv. gr. 1.4. Sé hei mildarákvæðinu beitt, skal tryggt að málsmeðferð og ákvörðun um greiðslu annarra launa byggi á málefnalegum sjónarmiðum og feli ekki í sér kynbundna mismunun. Á samningstímanum hækka önnur laun um 5% þann 1. apríl 2023. 1.7 ANNARUPPBÓT Grein 1.7.1 breytist og hljóði svo: 1.7.1 Kennari í fullu starfi skal fá greidda ann"
ki,Kennarasamband Íslands,ki/kjarasamningur-fl_sns_2023-2024_26-maí-2023_lok.pdf,almenns,opinbers vinnumarkaðar,aðilar úr skjali,2023-01-01,2024-12-31,2023-04-01,prósenta,5.0,,óskilgreint,úr texta,"nnar yfirvinnu og geta komið í stað tímakaups í yfirvinnu skv. gr. 1.5. Sé heimildarákvæðinu beitt, skal tryggt að málsmeðferð og ákvörðun um greiðslu annarra launa byggi á málefnalegum sjónarmiðum og feli ekki í sér kynbundna mismunun. Á samningstímanum hækka önnur laun um 5% þann 1. apríl 2023. GILDISTÍMI: 1. APRÍL 2023 TIL 31. MAÍ 2024 SAMBAND ÍSLENSKRA 4 FÉLAG SVEITARFÉLAGA LEIKS"
reykjavik,Reykjavíkurborg,reykjavik/Kjarasamningur Eflingar - stéttarfélags og Reykjavíkurborgar 1.4.2023 - 31.3.2024.pdf,Reykjavíkurborgar,Eflingar – stéttarfélags,aðilar úr skjali,,,2023-04-01,prósenta,5.0,,óskilgreint,úr texta,með fyrirvara um samþykki félagsmanna Bókun og verkáætlun með samkomulagi dags. 1. apríl 2023 milli Reykjavíkurborgar annars vegar og Eflingar – stéttarfélags hins vegar Bókun Aðilar eru sammála um að á samningstímanum taki önnur laun skv. gr. 1.1.3 hækkun um 5% þann 1. apríl 2023. Verkáætlun Með samkomulagi um framlengingu á kjarasamningi er viðræðum um önnur atriði en launalið aðila frestað. A
reykjavik,Reykjavíkurborg,reykjavik/Kjarasamningur Félags Íslenskra náttúrufræðinga og Reykjavíkurborgar 1. apríl 2023 - 31. mars 2024.pdf,Reykjavíkurborgar,Félags íslenskra náttúrufræðinga,aðilar úr skjali,,,2023-04-01,prósenta,5.0,,óskilgreint,úr texta,félagsmanna Bls. 3 af 10 Bókun og verkáætlun við samkomulag dags. 24. apríl 2023 milli Reykjavíkurborgar annars vegar og Félags íslenskra náttúrufræðinga hins vegar Bókun Aðilar eru sammála um að á samningstímanum taki önnur laun skv. gr. 1.1.3 hækkun um 5% þann 1. apríl 2023. Verkáætlun Með samkomulagi um framlengingu á kjarasamningi er viðræðum um önnur atriði en launalið aðila frestað.
reykjavik,Reykjavíkurborg,reykjavik/Kjarasamningur Félags íslenskra hjúkrunarfræðinga og Reykjavíkurborgar 1. apríl 2023 - 31. mars 2024.pdf,Reykjavíkurborgar,Félags íslenskra hjúkrunarfræðinga,aðilar úr skjali,,,2023-04-01,prósenta,5.0,,óskilgreint,úr texta,Bókun og verkáætlun með samkomulagi dags 4. apríl 2023 milli Reykjavíkurborgar annars vegar og Félags íslenskra hjúkrunarfræðinga hins vegar Bókun Aðilar eru sammála um að á samningstímanum taki önnur laun skv. gr. 1.1.3 hækkun um 5% þann 1. apríl 2023. Verkáætlun Með samkomulagi um framlengingu á kjarasamningi er viðræðum um önnur atriði en launalið aðila frest
reykjavik,Reykjavíkurborg,reykjavik/Kjarasamningur Reykjavíkurborgar og Sameykis - stéttarfélags í almannaþjónustu 1.4.2023 - 31.3.2024.pdf,Reykjavíkurborgar,Sameykis – stéttarfélags í almannaþjónustu,aðilar úr skjali,,,2023-04-01,prósenta,5.0,,óskilgreint,úr texta,Bókun og verkáætlun með samkomulagi dags. 30. mars 2023 milli Reykjavíkurborgar annars vegar og Sameykis – stéttarfélags í almannaþjónustu hins vegar Bókun Aðilar eru sammála um að á samningstímanum taki önnur laun skv. gr. 1.1.3 hækkun um 5% þann 1. apríl 2023. Verkáætlun Með samkomulagi um framlengingu á kjarasamningi er viðræðum um önnur atriði en launalið aðila frestað
reykjavik,Reykjavíkurborg,reykjavik/Kjarasamningur Samiðar og Reykjavíkurborgar 1.4.2023 - 31.3.2024.pdf,Reykjavíkurborgar,Samiðnar,aðilar úr skjali,,,2023-04-01,prósenta,5.0,,óskilgreint,úr texta,ykki borgarráðs með fyrirvara um samþykki félagsmanna Bókun og verkáætlun með samkomulagi dags. 19. apríl 2023 milli Reykjavíkurborgar annars vegar og Samiðnar hins vegar Bókun Aðilar eru sammála um að á samningstímanum taki önnur laun skv. gr. 1.1.3 hækkun um 5% þann 1. apríl 2023. Verkáætlun Með samkomulagi um framlengingu á kjarasamningi er viðræðum um önnur atriði en launalið aðila frestað. A
reykjavik,Reykjavíkurborg,reykjavik/Kjarasamningur Sjúkraliðafélags Íslands og Rvkb. 1.4.2023 - 31.3.2024.pdf,Reykjavíkurborgar,Sjúkraliðafélag Íslands,aðilar úr skjali,,,2023-04-01,prósenta,5.0,,óskilgreint,úr texta,félagsmanna Bókun og verkáætlun með samkomulagi dags. 3. apríl 2023 milli Reykjavíkurborgar annars vegar og Sjúkraliðafélag Íslands hins vegar Bókun Aðilar eru sammála um að á samningstímanum taki önnur laun skv. gr. 1.1.3 hækkun um 5% þann 1. apríl 2023. Verkáætlun Með samkomulagi um framlengingu á kjarasamningi er viðræðum um önnur atriði en launalið aðila fresta
reykjavik,Reykjavíkurborg,reykjavik/Kjarasamningur Stéttarfélags tölvunarfræðinga og Reykjavíkurborgar 1. apríl 2023 - 31. mars 2024.pdf,Reykjavíkurborgar,Stéttarfélags tölvunarfræðinga,aðilar úr skjali,,,2023-04-01,prósenta,5.0,,óskilgreint,úr texta,élagsmanna Bls. 3 af 10 Bókun og verkáætlun við samkomulag dags. 21. apríl 2023 milli Reykjavíkurborgar annars vegar og Stéttarfélags tölvunarfræðinga hins vegar Bókun Aðilar eru sammála um að á samningstímanum taki önnur laun skv. gr. 1.1.3 hækkun um 5% þann 1. apríl 2023. Verkáætlun Með samkomulagi um framlengingu á kjarasamningi er viðræðum um önnur atriði en launalið aðila frestað.
reykjavik,Reykjavíkurborg,reykjavik/Kjarasamningur VFÍ og Reykjavíkurborgar 1. apríl 2023 - 31. mars 2024.pdf,Reykjavíkurborgar,Verkfræðingafélag Íslands,aðilar úr skjali,,,2023-04-01,prósenta,5.0,,óskilgreint,úr texta,ki félagsmanna Bls. 3 af 10 Bókun og verkáætlun við samkomulag dags. 3. maí 2023 milli Reykjavíkurborgar annars vegar og Verkfræðingafélag Íslands hins vegar Bókun Aðilar eru sammála um að á samningstímanum taki önnur laun skv. gr. 1.1.3 hækkun um 5% þann 1. apríl 2023. Verkáætlun Með samkomulagi um framlengingu á kjarasamningi er viðræðum um önnur atriði en launalið aðila frestað.
reykjavik,Reykjavíkurborg,reykjavik/kjarasamingur_felags_sjukrathjalfara_og_reykjavikurborgar_1._april_2023_til_31._mars_2024.pdf,Reykjavíkurborgar,Félags sjúkraþjálfara,aðilar úr skjali,,,2023-04-01,prósenta,5.0,,óskilgreint,úr texta,rirvara um samþykki félagsmanna Bls. 3 af 9 Bókun og verkáætlun við samkomulag dags. 17. maí 2023 milli Reykjavíkurborgar annars vegar og Félags sjúkraþjálfara hins vegar Bókun Á samningstímanum taki önnur laun skv. gr. 1.1.3 hækkun um 5% þann 1. apríl 2023. Verkáætlun Með samkomulagi um framlengingu á kjarasamningi er viðræðum um önnur atriði en launalið aðila frestað
reykjavik,Reykjavíkurborg,reykjavik/kjarasamningur_felagsradgjafafelags_islands_og_reykjavikurborgar_1._april_2023_til_31._mars_2024.pdf,Reykjavíkurborgar,Félagsráðgjafafélag Íslands,aðilar úr skjali,,,2023-04-01,prósenta,5.0,,óskilgreint,úr texta,a um samþykki félagsmanna Bls. 3 af 9 Bókun og verkáætlun við samkomulag dags. 17. maí 2023 milli Reykjavíkurborgar annars vegar og Félagsráðgjafafélag Íslands hins vegar Bókun Á samningstímanum taki önnur laun skv. gr. 1.1.3 hækkun um 5% þann 1. apríl 2023. Verkáætlun Með samkomulagi um framlengingu á kjarasamningi er viðræðum um önnur atriði en launalið aðila frestað
sameyki,Sameyki stéttarfélag í almannaþjónustu,sameyki/''Kjarasamningur_Sameyki_Reykjavikurborg_30mars2023_LOK.pdf,Reykjavíkurborgar,Sameykis – stéttarfélags í almannaþjónustu,aðilar úr skjali,,,2023-04-01,prósenta,5.0,,óskilgreint,úr texta,Bókun og verkáætlun með samkomulagi dags. 30. mars 2023 milli Reykjavíkurborgar annars vegar og Sameykis – stéttarfélags í almannaþjónustu hins vegar Bókun Aðilar eru sammála um að á samningstímanum taki önnur laun skv. gr. 1.1.3 hækkun um 5% þann 1. apríl 2023. Verkáætlun Með samkomulagi um framlengingu á kjarasamningi er viðræðum um önnur atriði en launalið aðila frest
sameyki,Sameyki stéttarfélag í almannaþjónustu,sameyki/''Kjarasamningur_Sameyki_Ás_styrktarfelag_19mars2023_LOK.pdf,Áss styrktarfélags,Sameykis – stéttarfélags í almannaþjónustu,aðilar úr skjali,,,2023-04-01,prósenta,5.0,,óskilgreint,úr texta,3 Bókun og verkáætlun með samkomulagi dags. 19. apríl 2023 milli Áss styrktarfélags annars vegar og Sameykis – stéttarfélags í almannaþjónustu hins vegar Bókun Aðilar eru sammála um að á samningstímanum taki önnur laun skv. gr. 1 .1.4 hækkun um 5% þann 1. apríl 2023. Viðauki við samkomulag dags. 19. apríl 2023 milli Ás styrktarfélgs og Sameykis – stéttarfélags í almannaþj
sgs,Starfsgreinasamband Íslands,sgs/glaerukynning-um-nyjan-kjarasamning-sgs-og-sveitarfelaganna.pdf,,,aðeins heimild,2024-04-01,2028-03-31,2023-04-01,prósenta,3.5,,launatafla,ályktað (óvisst),"70 6.697 391 399 130 2.685 2.778 2.876 2.976 STARFSMATSSTIG OG LAUNAFLOKKAR SÉRSTAKAR GREIÐSLUR LÆGSTU LAUNA Á MÁNUÐI GILDISTÍMI: • Sérstakar greiðslur lægstu launa hækka um 3,25% frá 1. apríl 2024 og svo um 3,50% 1. apríl árlega út samningstímann. STARFSHEITI Frá 1. apríl 2024 til 31. mars 2025 Frá 1. apríl 2025 til 31. mars 2026 Frá 1."
sgs,Starfsgreinasamband Íslands,sgs/helstu-atridi-um-kjarasamning-sgs-og-rikisins-2023-2024.pdf,,,aðeins heimild,2023-04-01,2024-03-31,2023-04-01,prósenta,9.8,,launatafla,úr texta,"Laun áður: 424.572 kr. Laun frá 1. apríl 2023: 467.998 kr. Hækkun í krónutölum: 43.426 kr. Prósentuhækkun: 10,23% Starfshlutfall: 100% Dæmi 1 Þrep: 3 Launaflokkur: 12 Laun áður: 448.756 kr. Laun frá 1. apríl 2023: 492.719 kr. Hækkun í krónutölum: 43.963 kr. Prósentuhækkun: 9,8% Starfshlutfall: 100% Dæmi 2 Þrep: 2 Launaflokkur Þrep 0 1 2 3 4 5 6 7 8 1 380.275 389.782 399.289 408.796 418.303 427.809"
vfi,Verkfræðingafélag Íslands / Stéttarfélag verkfræðinga,vfi/Kjarasamningur_VFI_sveitarfelog.pdf,SAMBANDS ÍSLENSKRA SVEITARFÉLAGA F.H. ÞEIRRA SVEITARFÉLAGA,ANNARRA AÐILA,aðilar úr skjali,2024-04-01,2025-03-31,2023-04-01,prósenta,5.0,,óskilgreint,úr texta,"og opinbers vinnumarkaðar sbr. fylgiskjal 6 [úr kjarasamningi frá 2020]. Sé heimildarákvæðinu beitt, skal tryggt að málsmeðferð og ákvörðun um greiðslu annarra launa byggi á málefnalegum sjónarmiðum og feli ekki í sér kynbundna mismunun. Á samningstímanum hækka önnur laun um 5% þann 1. apríl 2023. Heimildarákvæðinu er ætlað að styðja við þær breytingar sem leiða af betra skipulagi vinnutíma sbr. f"
vm,VM - Félag vélstjóra og málmtæknimanna,vm/Uppfaerdur-heildarsamningur-milli-VM-og-OR-vegna-malmidnadarmanna-2024-loka.pdf,VM félags vélstjóra,málmtæknimanna,aðilar úr skjali,2008-05-01,2010-12-31,2023-04-01,prósenta,0.3,,óskilgreint,grunsamlegt,"kkanir, vegna starfsfólks sem starfar eftir kjarasamningum RSÍ og VM, við Orkuveitu Reykjavíkur svigrúm til launahækkana upp á að meðaltali: 0,5% sem kemur til framkvæmda frá og með 1. nóvember 2022 0,3% sem kemur til framkvæmda frá og með 1. apríl 2023 F.h. Orkuveitu Reykjavíkur 43 Bókanir með kjarasamningi 2019 Bókun. Fulltrúar iðnaðarmanna og OR munu á samni"
vm,VM - Félag vélstjóra og málmtæknimanna,vm/Uppfaerdur-heildarsamningur-milli-VM-og-OR-vegna-velfraedinga-2024-loka.pdf,VM félags vélstjóra,málmtæknimanna,aðilar úr skjali,2008-05-01,2010-12-31,2023-04-01,prósenta,0.3,,óskilgreint,grunsamlegt,"kkanir, vegna starfsfólks sem starfar eftir kjarasamningum RSÍ og VM, við Orkuveitu Reykjavíkur svigrúm til launahækkana upp á að meðaltali: 0,5% sem kemur til framkvæmda frá og með 1. nóvember 2022 0,3% sem kemur til framkvæmda frá og með 1. apríl 2023 F.h. Orkuveitu Reykjavíkur 44 Bókanir með kjarasamningi 2019 Bókun. Fulltrúar iðnaðarmanna og OR munu á samning"
grafia,Grafía,grafia/Grafia-kauptaxtar-1.-april-2025-1.pdf,GRAFÍU – stéttarfélags í prent,miðlunargrein,aðilar úr skjali,2024-02-01,2028-02-01,2023-04-30,prósenta,10.64,,óskilgreint,ályktað (óvisst),"a fyrirvara. 6. gr. Breytingar á kafla 3 um orlof Orlof breytist á samningstímabilinu. Grein 3.1. í kjarasamningi verður svohljóðandi: Um orlof fer að landslögum, orlofsárið reiknast frá 1. maí til 30. apríl Starfsfólk skal fá 25 virka daga (10,64%) í sumarleyfi með fullu kaupi enda hafi það unnið í sama fyrirtæki í eitt ár samfellt. Við 4 ára starfsaldur er orlof 27 dagar (í 11,59 % ) á ári. Við "
grafia,Grafía,grafia/Grafia-kauptaxtar-1.-april-2026.pdf,GRAFÍU – stéttarfélags í prent,miðlunargrein,aðilar úr skjali,2024-02-01,2028-02-01,2023-04-30,prósenta,10.64,,óskilgreint,ályktað (óvisst),"a fyrirvara. 6. gr. Breytingar á kafla 3 um orlof Orlof breytist á samningstímabilinu. Grein 3.1. í kjarasamningi verður svohljóðandi: Um orlof fer að landslögum, orlofsárið reiknast frá 1. maí til 30. apríl Starfsfólk skal fá 25 virka daga (10,64%) í sumarleyfi með fullu kaupi enda hafi það unnið í sama fyrirtæki í eitt ár samfellt. Við 4 ára starfsaldur er orlof 27 dagar (í 11,59 % ) á ári. Við "
grafia,Grafía,grafia/Grafia-kauptaxtar-1.-februar-2024.pdf,GRAFÍU – stéttarfélags í prent,miðlunargrein,aðilar úr skjali,2024-02-01,2028-02-01,2023-04-30,prósenta,10.64,,óskilgreint,ályktað (óvisst),"a fyrirvara. 6. gr. Breytingar á kafla 3 um orlof Orlof breytist á samningstímabilinu. Grein 3.1. í kjarasamningi verður svohljóðandi: Um orlof fer að landslögum, orlofsárið reiknast frá 1. maí til 30. apríl Starfsfólk skal fá 25 virka daga (10,64%) í sumarleyfi með fullu kaupi enda hafi það unnið í sama fyrirtæki í eitt ár samfellt. Við 4 ára starfsaldur er orlof 27 dagar (í 11,59 % ) á ári. Við "
grafia,Grafía,grafia/Grafia-kauptaxtar-1.-januar-2025-vefur-1.pdf,GRAFÍU – stéttarfélags í prent,miðlunargrein,aðilar úr skjali,2024-02-01,2028-02-01,2023-04-30,prósenta,10.64,,óskilgreint,ályktað (óvisst),"a fyrirvara. 6. gr. Breytingar á kafla 3 um orlof Orlof breytist á samningstímabilinu. Grein 3.1. í kjarasamningi verður svohljóðandi: Um orlof fer að landslögum, orlofsárið reiknast frá 1. maí til 30. apríl Starfsfólk skal fá 25 virka daga (10,64%) í sumarleyfi með fullu kaupi enda hafi það unnið í sama fyrirtæki í eitt ár samfellt. Við 4 ára starfsaldur er orlof 27 dagar ( í 11,59 % ) á ári. Við"
grafia,Grafía,grafia/Grafia-kauptaxtar-1.-januar-2026.pdf,GRAFÍU – stéttarfélags í prent,miðlunargrein,aðilar úr skjali,2024-02-01,2028-02-01,2023-04-30,prósenta,10.64,,óskilgreint,ályktað (óvisst),"a fyrirvara. 6. gr. Breytingar á kafla 3 um orlof Orlof breytist á samningstímabilinu. Grein 3.1. í kjarasamningi verður svohljóðandi: Um orlof fer að landslögum, orlofsárið reiknast frá 1. maí til 30. apríl Starfsfólk skal fá 25 virka daga (10,64%) í sumarleyfi með fullu kaupi enda hafi það unnið í sama fyrirtæki í eitt ár samfellt. Við 4 ára starfsaldur er orlof 27 dagar (í 11,59 % ) á ári. Við "
grafia,Grafía,grafia/Grafia-kauptaxtar-1.-november-2024.pdf,GRAFÍU – stéttarfélags í prent,miðlunargrein,aðilar úr skjali,2024-02-01,2028-02-01,2023-04-30,prósenta,10.64,,óskilgreint,ályktað (óvisst),"a fyrirvara. 6. gr. Breytingar á kafla 3 um orlof Orlof breytist á samningstímabilinu. Grein 3.1. í kjarasamningi verður svohljóðandi: Um orlof fer að landslögum, orlofsárið reiknast frá 1. maí til 30. apríl Starfsfólk skal fá 25 virka daga (10,64%) í sumarleyfi með fullu kaupi enda hafi það unnið í sama fyrirtæki í eitt ár samfellt. Við 4 ára starfsaldur er orlof 27 dagar (í 11,59 % ) á ári. Við "
sgs,Starfsgreinasamband Íslands,sgs/glaerukynning-sgs-um-yjan-kjarasamning-sgs-og-sa.pdf,flokka,starfsaldursþrepa halda sér,aðilar úr skjali,2024-02-01,2028-01-31,2023-08-01,krónutala,,24026,byrjunarlaun,ályktað (óvisst),oðsaðilum skal lokið 1. október 2024. Önnur atriði samnings Leiðrétting launa í ræstingu Önnur atriði samnings Leiðrétting launa í ræstingu Taxtahækkun strax 2 lfl. frá 1. febrúar Ræstingarauki frá 1. ágúst Samtals Byrjunarlaun 24.026 kr. 5.013 kr. 19.500 kr. 455.454 kr. Eftir 1 árs starf í starfsgrein 24.267 kr. 5.064 kr. 19.500 kr. 459.814 kr. Eftir 3 ára starf í starfsgrein 24.631 kr. 5.139 kr.
sgs,Starfsgreinasamband Íslands,sgs/glaerukynning-sgs-um-yjan-kjarasamning-sgs-og-sa.pdf,flokka,starfsaldursþrepa halda sér,aðilar úr skjali,2024-02-01,2028-01-31,2023-08-01,prósenta,11.9,,byrjunarlaun,ályktað (óvisst),"00 kr. 459.814 kr. Eftir 3 ára starf í starfsgrein 24.631 kr. 5.139 kr. 19.500 kr. 466.418 kr. Eftir 5 ár í sama fyrirtæki 25.123 kr. 5.242 kr. 19.500 kr. 475.357 kr. Mánaðarlaun áður Mánaðarlaun frá 1. ágúst Hækkun kr. Hækkun % Byrjunarlaun 406.914 kr. 455.454 kr. 48.540 kr. 11,9% Eftir 1 árs starf í starfsgrein 410.984 kr. 459.814 kr. 48.830 kr. 11,9% Eftir 3 ára starf í starfsgrein 417.148 kr. "
rsi,Rafiðnaðarsamband Íslands,rsi/RSI.SA_.SART_.2022-2024.pdf,Samtaka atvinnulÍfsins,Rafiðnaðarsambands Íslands,aðilar úr skjali,2022-01-01,2024-12-31,2023-11-01,prósenta,1.0,,almenn laun,úr texta,"rr eftir I ór RaÍiðnÍræðingur eftir 3 ór Almenn hækkm launa 1, nívember 2022 olo Eidngaverð I ókvæðisvinnu lré1.n6v.2O22 kr. EiningaverðlókvæðisyinnuÍÍe1.iebrúaí2023 kr. Elnlngaverð í ókvæðisvlnnu fÉ 1. nóvember 2023 kr. Einlngaverðíókvæðisúnnuiröl.lanúar2O24 kr. Yflrvinna 1 er 1,0% af mónaöarlaunum Íyrir dagvinnu YÍirvinna 2 er 1,15o/o af mÉmðarlaunum fyrlr dagvinnu 13 14 15 16 17 18 19 20 21 22 "
afl,AFL Starfsgreinafélag,afl/2024-2028-Greidasolusamningur-SGS-SA.pdf,Starfsgreinasambands Íslands,Samtaka atvinnulífsins,aðilar úr skjali,2024-01-01,2028-12-31,2024-02-01,prósenta eða krónutala,3.25,23750,launatafla,úr texta,"eytingar Laun taka hlutfallshækkun, með krónutöluhækkun að lágmarki, nema annað leiði af launatöflum sem fylgja kjarasamningi þessum. Með mánaðarlaunum er átt við föst mánaðarlaun fyrir dagvinnu. 1. febrúar 2024: 3,25% eða 23.750 kr. 1. janúar 2025: 3,50% eða 23.750 kr. 1. janúar 2026: 3,50% eða 23.750 kr. 1. janúar 2027: 3,50% eða 23.750 kr. 1.3.2."
afl,AFL Starfsgreinafélag,afl/2024-2028-Greidasolusamningur-SGS-SA.pdf,Starfsgreinasambands Íslands,Samtaka atvinnulífsins,aðilar úr skjali,2024-01-01,2028-12-31,2024-02-01,prósenta,3.25,,kauptaxtar,úr texta,"Kauptaxtar Kauptaxtar hækka sérstaklega, sbr. fylgiskjal með samningi þessum. 1.3.3. Kjaratengdir liðir Kjaratengdir liðir kjarasamningsins hækka sem hér segir, nema um ann- að hafi verið samið: 1. febrúar 2024: 3,25% 1. janúar 2025: 3,50% 1. janúar 2026: 3,50% 1. janúar 2027 3,50% 1.3.4. Kauptaxtaauki Haldi kjarasamningar gildi"
afl,AFL Starfsgreinafélag,afl/2024-2028-Heildarkjarasamningur-SGS-SA.pdf,Starfsgreinasambands Íslands,Samtaka atvinnulífsins,aðilar úr skjali,2024-01-01,2028-12-31,2024-02-01,prósenta eða krónutala,3.25,23750,launatafla,úr texta,"rónutöluhækkun að lágmarki, nema annað leiði af launatöflum sem fylgja kjarasamningi þessum. Með mánaðarlaunum er átt við föst mánaðarlaun fyrir dagvinnu. 17 Kjarasamningur SGS og SA 1. febrúar 2024: 3,25% eða 23.750 kr. 1. janúar 2025: 3,50% eða 23.750 kr. 1. janúar 2026: 3,50% eða 23.750 kr. 1. janúar 2027: 3,50% eða 23.750 kr. 1.2.2."
afl,AFL Starfsgreinafélag,afl/2024-2028-Heildarkjarasamningur-SGS-SA.pdf,Starfsgreinasambands Íslands,Samtaka atvinnulífsins,aðilar úr skjali,2024-01-01,2028-12-31,2024-02-01,prósenta,3.25,,kauptaxtar,úr texta,"a 23.750 kr. 1.2.2. Kauptaxtar Kauptaxtar hækka samkvæmt launatöflum í gr. 1.1.1. 1.2.3. Kjaratengdir liðir Kjaratengdir liðir kjarasamnings hækka sem hér segir, nema um annað hafi verið samið: 1. febrúar 2024: 3,25% 1. janúar 2025: 3,50% 1. janúar 2026: 3,50% 1. janúar 2027 3,50% 1.2.4 Kauptaxtaauki Haldi kjarasamningar gildi sín"
afl,AFL Starfsgreinafélag,afl/2024-2028-Kjarasamningur-SGS-BI.pdf,Starfsgreinasambands Íslands,Bændasamtaka Íslands,aðilar úr skjali,2024-01-01,2028-12-31,2024-02-01,prósenta með krónutölulágmarki,3.25,23750,launatafla,úr texta,"aunatöflu. Almenn hækkun á mánaðarlaunum fyrir fullt starf í dagvinnu, nema annað leiði af launatöflum sem fylgja með kjarasamningi þessum: 3 Kjarasamningur SGS og Bændasamtaka Íslands • 1. febrúar 2024: 3,25% þó að lágmarki 23.750 kr. á mánuði • 1. janúar 2025: 3,50% þó að lágmarki 23.750 kr. á mánuði • 1. janúar 2026: 3,50% þó að lágmarki 23.750 kr. á mánuði •"
afl,AFL Starfsgreinafélag,afl/2024-2028-KjarasamningurSGSogLS-SSU.pdf,Starfsgreinasambands Íslands,Landsambands smábátaeigenda,aðilar úr skjali,2024-01-01,2028-12-31,2024-02-01,krónutala,,26466,launatafla,úr texta,"15. launaflokk og 5 ára starfs- aldursþrep í launatöflu SGS og SA, nema annað sé tekið fram. Kauptrygging hækkar á samningstímabilinu sem hér segir: Dagsetning Hækkun Kauptrygging eftir hækkun 1. febrúar 2024 26.466 kr. 474.690 kr. 1. janúar 2025 26.465 kr. 501.155 kr. 1. janúar 2026 26.466 kr. 527.621 kr. 1. janúar 2027 26.465 kr. 554.086 kr. Sta"
afl,AFL Starfsgreinafélag,afl/2024-Kjarasamningur-sgs-og-bi.pdf,Starfsgreinasambands Íslands,Bændasamtaka Íslands,aðilar úr skjali,,,2024-02-01,prósenta með krónutölulágmarki,3.25,23750,launatafla,úr texta,"flu. Almenn hækkun á mánaðarlaunum fyrir fullt starf í dagvinnu, nema annað leiði af launatöflum sem fylgja með kjarasamningi þessum: Starfsgreinasamband Íslands og Bændasamtök Íslands 3 • 1. febrúar 2024: 3,25% þó að lágmarki 23.750 kr. á mánuði • 1. janúar 2025: 3,50% þó að lágmarki 23.750 kr. á mánuði • 1. janúar 2026: 3,50% þó að lágmarki 23.750 kr. á mánuði •"
afl,AFL Starfsgreinafélag,afl/KJARASAMNINGUR_SA_og_VR-LÍV_2024.pdf,VR og Landssambands íslenzkra verzlunarmanna,Samtaka atvinnulífsins,aðilar úr skjali,,,2024-02-01,prósenta eða krónutala,3.25,23750,launatafla,úr texta,"eytingar Laun taka hlutfallshækkun, með krónutöluhækkun að lágmarki, nema annað leiði af launatöflum sem fylgja kjarasamningi þessum. Með mánaðarlaunum er átt við föst mánaðarlaun fyrir dagvinnu. 1. febrúar 2024: 3,25% eða 23.750 kr. 1. janúar 2025: 3,50% eða 23.750 kr. 1. janúar 2026: 3,50% eða 23.750 kr. 1. janúar 2027: 3,50% eða 23.750 kr."
afl,AFL Starfsgreinafélag,afl/KJARASAMNINGUR_SA_og_VR-LÍV_2024.pdf,VR og Landssambands íslenzkra verzlunarmanna,Samtaka atvinnulífsins,aðilar úr skjali,,,2024-02-01,prósenta,3.25,,launatafla,úr texta,"sum fylgja launatöflur vegna áranna 2024 – 2027, sem eru hluti samningsins. Kjaratengdir liðir kjarasamninga Kjaratengdir liðir kjarasamninga hækka sem hér segir, nema um annað hafi verið samið: 1. febrúar 2024: 3,25% 1. janúar 2025: 3,50% 1. janúar 2026: 3,50% 1. janúar 2027: 3,50% 2 4. gr. Desember- og orlofsuppb"
afl,AFL Starfsgreinafélag,afl/kjarasamningar_2024_kynning_LIV_ISR.pdf,,,aðeins heimild,,,2024-02-01,prósenta með krónutölulágmarki,3.25,23750,almenn laun,úr texta,"arfstengd námskeið, fjarvinna, trúnaðarmenn, o.fl.) • Forsenduákvæði • Sérkjarasamningar Launabreytingar Laun taka hlutfallshækkun á samningstímanum, með krónutöluhækkun að lágmarki, eins og segir: • 1. febrúar 2024: laun hækka um 3,25% en 23.750 kr. að lágmarki. • 1. janúar 2025: laun hækka um 3,50% en 23.750 kr. að lágmarki. • 1. janúar 2026: laun hækka um 3,50% en 23.750 kr. að lá"
efling,Efling stéttarfélag,efling/Kjarasamningur Eflingar og SA fyrir starfsfo-lk ho-tela- og veitingahu-sa fra- 1.2.24 til 1.2.28-fe9aa973.pdf,Samtaka atvinnulífsins,Eflingar - stéttarfélags,aðilar úr skjali,2024-02-01,2028-02-01,2024-02-01,prósenta eða krónutala,3.25,23750,launatafla,úr texta,"ingar Laun taka hlutfallshækkun, með krónutöluhækkun að lágmarki, nema annað leiði af launatöflum sem fylgja kjarasamningi þessum. Með mánaðarlaunum er átt við föst mánaðarlaun fyrir dagvinnu. 1. febrúar 2024: 3,25% eða 23.750 kr. 1. janúar 2025: 3,50% eða 23.750 kr. 1. janúar 2026: 3,50% eða 23.750 kr. 1. janúar 2027: 3,50% eða 23.750 kr."
efling,Efling stéttarfélag,efling/Kjarasamningur Eflingar og SA fyrir starfsfo-lk ho-tela- og veitingahu-sa fra- 1.2.24 til 1.2.28-fe9aa973.pdf,Samtaka atvinnulífsins,Eflingar - stéttarfélags,aðilar úr skjali,2024-02-01,2028-02-01,2024-02-01,prósenta,3.25,,kauptaxtar,úr texta,"axtar Kauptaxtar hækka sérstaklega, sbr. fylgiskj al með samningi þessum. 1.3.3. Kjaratengdir liðir Kjaratengdir liðir kjarasamningsins hækka sem hér segir, nema um annað hafi verið samið: 1. febrúar 2024: 3,25% 1. janúar 2025: 3,50% 1. janúar 2026: 3,50% 1. janúar 2027: 3,50% 1.3.4 Kauptaxtaauki Haldi kjarasamn"
efling,Efling stéttarfélag,efling/Stodugleika-og-velferdarsamningur-breytingar-og-vidbot-Kjarasamnings-SA-2024.pdf,Eflingar-stéttarfélags,Samtaka atvinnulífsins,aðilar úr skjali,,,2024-02-01,prósenta eða krónutala,3.25,23750,launatafla,úr texta,"eytingar Laun taka hlutfallshækkun, með krónutöluhækkun að lágmarki, nema annað leiði af launatöflum sem fylgja kjarasamningi þessum. Með mánaðarlaunum er átt við föst mánaðarlaun fyrir dagvinnu. 1. febrúar 2024: 3,25% eða 23.750 kr. 1. janúar 2025: 3,50% eða 23.750 kr. 1. janúar 2026: 3,50% eða 23.750 kr. 1. janúar 2027: 3,50% eða 23.750 kr."
eining-idja,Eining-Iðja,eining-idja/kjarasamningur-kjalar-einingar-idju-og-sa-v.-nordurorku-4.7.2024-lok.pdf,Einingar Iðju,Kjalar – stéttarfélags í almannaþjónustu,aðilar úr skjali,2024-02-01,2028-02-01,2024-02-01,prósenta eða krónutala,3.25,23750,launatafla,úr texta,"pnishæfni íslensks atvinnulífs. 3. gr. Launabreytingar Laun og launatöflur taka hlutfallshækkun, með krónutöluhækkun að lágmarki. Með mánaðarlaunum er átt við föst mánaðarlaun fyrir dagvinnu. 1. febrúar 2024: 3,25% eða 23.750 kr. 1. janúar 2025: 3,50% eða 23.750 kr. 1. janúar 2026: 3,50% eða 23.750 kr. 1. janúar 2027: 3,50% eða 23.750 kr."
grafia,Grafía,grafia/Grafia-kauptaxtar-1.-februar-2024.pdf,GRAFÍU – stéttarfélags í prent,miðlunargrein,aðilar úr skjali,2024-02-01,2028-02-01,2024-02-01,prósenta eða krónutala,3.25,23750,launatafla,úr texta,"tingar Laun taka hlutfallshækkun, með krónu- töluhækkun að lágmarki, nema annað leiði af launatöflum sem fylgja kjarasamn- ingi þessum. Með mánaðarlaunum er átt við föst mánaðarlaun fyrir dagvinnu. 1. febrúar 2024: 3,25% eða 23.750 kr. 1. janúar 2025: 3,50% eða 23.750 kr. 1. janúar 2026: 3,50% eða 23.750 kr. 1. janúar 2027: 3,50% eða 23.750 kr. Kja"
grafia,Grafía,grafia/Grafia-kauptaxtar-1.-november-2024.pdf,GRAFÍU – stéttarfélags í prent,miðlunargrein,aðilar úr skjali,2024-02-01,2028-02-01,2024-02-01,prósenta eða krónutala,3.25,23750,launatafla,úr texta,"tingar Laun taka hlutfallshækkun, með krónu- töluhækkun að lágmarki, nema annað leiði af launatöflum sem fylgja kjarasamn- ingi þessum. Með mánaðarlaunum er átt við föst mánaðarlaun fyrir dagvinnu. 1. febrúar 2024: 3,25% eða 23.750 kr. 1. janúar 2025: 3,50% eða 23.750 kr. 1. janúar 2026: 3,50% eða 23.750 kr. 1. janúar 2027: 3,50% eða 23.750 kr. Kja"
matvis,MATVÍS,matvis/kjarasamningur-matvis-og-sa-2024-2028-lokaskjal.pdf,Samtaka atvinnulífsins,Matvæla- og veitingafélags Íslands,aðilar úr skjali,2024-02-01,2028-02-01,2024-02-01,prósenta eða krónutala,3.25,23750,launatafla,úr texta,"luhækkun að lágmarki, nema annað leiði af launatöflum sem fylgja kjarasamningi þessum. Með mánaðarlaunum er átt við föst mánaðarlaun fyrir dagvinnu. Almenn hækkun mánaðarlauna fyrir fullt starf: 1. febrúar 2024: 3,25% eða 23.750 kr. 1. janúar 2025: 3,50% eða 23.750 kr. 1. janúar 2026: 3,50% eða 23.750 kr. 1. janúar 2027: 3,50% eða 23.750 kr."
matvis,MATVÍS,matvis/kjarasamningur-matvis-og-sa-2024-2028-lokaskjal.pdf,Samtaka atvinnulífsins,Matvæla- og veitingafélags Íslands,aðilar úr skjali,2024-02-01,2028-02-01,2024-02-01,prósenta,3.25,,kauptaxtar,úr texta,"núar 2026: 3,50% eða 23.750 kr. 1. janúar 2027: 3,50% eða 23.750 kr. Kjaratengdir liði kjarasamninga Kjaratengdir liðir kjarasamnings hækka sem hér segir, nema um annað hafi verið samið: 1. febrúar 2024: 3,25% 1. janúar 2025: 3,50% 1. janúar 2026: 3,50% 1. janúar 2027: 3,50% Kauptaxtar hækka sérstaklega, sbr. með"
rafis,rafis,rafis/2024.11.28-Kjarasamningur-Landsnets-vid-RSI-2.pdf,Rafiðnaðarsambands Íslands,Samtaka atvinnulífsins,aðilar úr skjali,,,2024-02-01,prósenta eða krónutala,3.25,23750,launatafla,úr texta,"eytingar Laun taka hlutfallshækkun, með krónutöluhækkun að lágmarki, nema annað leiði af launatöflum sem fylgja kjarasamningi þessum. Með mánaðarlaunum er átt við föst mánaðarlaun fyrir dagvinnu. 1. febrúar 2024: 3,25% eða 23.750 kr. 1. janúar 2025: 3,50% eða 23.750 kr. 1. janúar 2026: 3,50% eða 23.750 kr. 1. janúar 2027: 3,50% eða 23.750 kr."
rafis,rafis,rafis/NO-RSI-heildarkjarasamningur-loka-EF-EBGV-24.9.25.pdf,Rafiðnaðarsambands Íslands vegna aðildarfélaga,Norðurorku hf,aðilar úr skjali,2019-07-01,2022-11-01,2024-02-01,prósenta eða krónutala,3.25,23750,launatafla,grunsamlegt,"kkanir Laun taka hlutfallshækkun, með krónutöluhækkun að lágmarki, nema annað leiði af launatöflum sem fylgja kjarasamningi þessum. Með mánaðarlaunum er átt við föst mánaðarlaun fyrir dagvinnu. • 1. febrúar 2024 – 3,25% eða 23.750 kr. • 1. janúar 2025 – 3,50% eða 23.750 kr. • 1. janúar 2026 – 3,50% eða 23.750 kr. • 1. janúar 2027 – 3,50% 23.750 kr. 2.1"
rafis,rafis,rafis/NO-RSI-heildarkjarasamningur-loka-EF-EBGV-24.9.25.pdf,Rafiðnaðarsambands Íslands vegna aðildarfélaga,Norðurorku hf,aðilar úr skjali,2019-07-01,2022-11-01,2024-02-01,prósenta,3.25,,óskilgreint,grunsamlegt,"núar 2026 – 3,50% eða 23.750 kr. • 1. janúar 2027 – 3,50% 23.750 kr. 2.1.3 Kjaratengdir liðir kjarasamninga Kjaratengdir liðir kjarasamninga hækka sem hér segir, nema um annað hafi verið samið: • 1. febrúar 2024 – 3,25% • 1. janúar 2025 – 3,50% • 1. janúar 2026 – 3,50% • 1. janúar 2027 – 3,50% 2.1.4 Starfsaldurshækkanir Þrep í launatö"
rafis,rafis,rafis/RSI.2024.kauptaxtar.utg_.10b.pdf,RSÍ-SA/SART Kjarasamningur RSÍ/FTR,SA fyrir Tæknifólk í rafiðnaði,aðilar úr skjali,,,2024-02-01,prósenta með krónutölulágmarki,3.25,23750,almenn laun,úr texta,"279 34 913.156 210.891 5.854 9.132 10.501 12.556 35 933.748 215.646 5.986 9.337 10.738 12.839 36 954.804 220.509 6.121 9.548 10.980 13.129 Almenn hækkun launa 1. apríl 2022 % 3,25% að lágmarki 23.750 kr. Einingaverð í ákvæðisvinnu frá 1. feb. 2024 kr. 842,10 Einingaverð í ákvæðisvinnu frá 1. jan. 2025 kr. 892,63 Einingaverð í ákvæðisvinnu frá 1. jan. 2026 kr. 946,1"
rafis,rafis,rafis/RSI.2024.kauptaxtar.utg_.10c.pdf,RSÍ-SA/SART Kjarasamningur RSÍ/FTR,SA fyrir Tæknifólk í rafiðnaði,aðilar úr skjali,,,2024-02-01,prósenta með krónutölulágmarki,3.25,23750,almenn laun,úr texta,"10.270 12.279 34 913.156 210.891 5.854 9.132 10.501 12.556 35 933.748 215.646 5.986 9.337 10.738 12.839 36 954.804 220.509 6.121 9.548 10.980 13.129 Almenn hækkun launa 1. febrúar 2024 % 3,25% að lágmarki 23.750 kr. Einingaverð í ákvæðisvinnu frá 1. feb. 2024 kr. 842,10 Einingaverð í ákvæðisvinnu frá 1. jan. 2025 kr. 892,63 Einingaverð í ákvæðisvinnu frá 1. jan. 20"
sa,Samtök atvinnulífsins,sa/Z-QM6XdAxsiBv7kJ_KjarasamningurSAogSamiðnar2024-2028undirritaður.pdf,"Samiðnar, sambands iðnfélaga",Samtaka atvinnulífsins,aðilar úr skjali,2024-01-01,2028-12-31,2024-02-01,prósenta eða krónutala,3.25,23750,launatafla,úr texta,"ar Laun taka hlutfallshækkun, með krónutöluhækkun að lágmarki, nema annað leiði af launatöflum sem fylgja kjarasamning i þessum. Með mánaðarlaunum er átt við föst mánaðarlaun fyrir dagvinnu. 1. febrúar 2024: 3,25% eða 23.750 kr. 1. janúar 2025: 3,50% eða 23.750 kr. 1. janúar 2026: 3,50% eða 23.750 kr. 1. janúar 2027: 3,50% eða 23.750 kr."
sa,Samtök atvinnulífsins,sa/Z4eCH5bqstJ99en5_KJARASAMNINGURSAOGRSÍ2024-2028ánundirritunar.pdf,Rafiðnaðarsambands Íslands,Samtaka atvinnulífsins,aðilar úr skjali,2024-01-01,2028-12-31,2024-02-01,prósenta eða krónutala,3.25,23750,launatafla,úr texta,"ngar Laun taka hlutfallshækkun, með krónutöluhækkun að lágmarki, nema annað leiði af launatöflum sem fylgja kjarasamningi þessum. Með mánaðarlaunum er átt við föst mánaðarlaun fyrir dagvinnu. 1. febrúar 2024: 3,25% eða 23.750 kr. 1. janúar 2025: 3,50% eða 23.750 kr. 1. janúar 2026: 3,50% eða 23.750 kr. 1. janúar 2027: 3,50% eða 23.750 kr."
sa,Samtök atvinnulífsins,sa/ZeshbnUurf2G3Nu7_STÖÐUGLEIKAOGVELFERÐARKJARASAMNINGURINN7.mars2024ánundirritunar.pdf,,,aðeins heimild,,,2024-02-01,prósenta eða krónutala,3.25,23750,launatafla,úr texta,"n taka hlutfallshækkun með krónutöluhækkun að lágmarki , nema annað leiði af launatöflum sem fylgja kjarasamningum einstakra félaga. Með mánaðarlaunum er átt við föst mánaðarlaun fyrir dagvinnu. 1. febrúar 2024: 3,25% eða 23.750 kr. 1. janúar 2025: 3,50% eða 23.750 kr. 1. janúar 2026: 3,50% eða 23.750 kr. 1. janúar 2027: 3,50% eða 23.750 kr."
sa,Samtök atvinnulífsins,sa/ZeshbnUurf2G3Nu8_KJARASAMNINGURSAogSGS2024ánundirritunar.pdf,Starfsgreinasambands Íslands,Samtaka atvinnulífsins,aðilar úr skjali,,,2024-02-01,prósenta eða krónutala,3.25,23750,launatafla,úr texta,"eytingar Laun taka hlutfallshækkun, með krónutöluhækkun að lágmarki, nema annað leiði af launatöflum sem fylgja kjarasamningi þessum. Með mánaðarlaunum er átt við föst mánaðarlaun fyrir dagvinnu. 1. febrúar 2024: 3,25% eða 23.750 kr. 1. janúar 2025: 3,50% eða 23.750 kr. 1. janúar 2026: 3,50% eða 23.750 kr. 1. janúar 2027: 3,50% eða 23.750 kr."
sa,Samtök atvinnulífsins,sa/ZeshcHUurf2G3Nu-_KJARASAMNINGURSAogEflingar2024ánundirritunar.pdf,Eflingar-stéttarfélags,Samtaka atvinnulífsins,aðilar úr skjali,,,2024-02-01,prósenta eða krónutala,3.25,23750,launatafla,úr texta,"eytingar Laun taka hlutfallshækkun, með krónutöluhækkun að lágmarki, nema annað leiði af launatöflum sem fylgja kjarasamningi þessum. Með mánaðarlaunum er átt við föst mánaðarlaun fyrir dagvinnu. 1. febrúar 2024: 3,25% eða 23.750 kr. 1. janúar 2025: 3,50% eða 23.750 kr. 1. janúar 2026: 3,50% eða 23.750 kr. 1. janúar 2027: 3,50% eða 23.750 kr."
sa,Samtök atvinnulífsins,sa/ZfLkS0mNsf2sHk4m_KJARASAMNINGURSAogVR-LÍV2024-2028ánundirritunar-1.pdf,VR og Landssambands íslenzkra verzlunarmanna,Samtaka atvinnulífsins,aðilar úr skjali,2024-01-01,2028-12-31,2024-02-01,prósenta eða krónutala,3.25,23750,launatafla,úr texta,"eytingar Laun taka hlutfallshækkun, með krónutöluhækkun að lágmarki, nema annað leiði af launatöflum sem fylgja kjarasamningi þessum. Með mánaðarlaunum er átt við föst mánaðarlaun fyrir dagvinnu. 1. febrúar 2024: 3,25% eða 23.750 kr. 1. janúar 2025: 3,50% eða 23.750 kr. 1. janúar 2026: 3,50% eða 23.750 kr. 1. janúar 2027: 3,50% eða 23.750 kr."
sa,Samtök atvinnulífsins,sa/ZfLkS0mNsf2sHk4m_KJARASAMNINGURSAogVR-LÍV2024-2028ánundirritunar-1.pdf,VR og Landssambands íslenzkra verzlunarmanna,Samtaka atvinnulífsins,aðilar úr skjali,2024-01-01,2028-12-31,2024-02-01,prósenta,3.25,,launatafla,úr texta,"sum fylgja launatöflur vegna áranna 2024 – 2027, sem eru hluti samningsins. Kjaratengdir liðir kjarasamninga Kjaratengdir liðir kjarasamninga hækka sem hér segir, nema um annað hafi verið samið: 1. febrúar 2024: 3,25% 1. janúar 2025: 3,50% 1. janúar 2026: 3,50% 1. janúar 2027: 3,50% 2 4. gr. Desember- og orlofsuppb"
sa,Samtök atvinnulífsins,sa/ZfsOwAmzsfHOGJD4_kaupgjaldsskra-29-2024-mars-vefutgafa.pdf,flokka,þrepa og hækkar því umfram 2,aðilar úr skjali,,,2024-02-01,krónutala,,23750,launatafla,úr texta,"Kaupgjaldsskrá nr. 29 Laun taka hlutfallshækkunum, með krónutöluhækkun að lágmarki. Laun hækka um 3,25% frá 1. febrúar 2024, að lágmarki 23.750 kr. nema annað leiði af launatöflum. Sjá yfirlit yfir aðrar breytingar á bls. 2. Gildir frá 1. febrúar 2024 Launahækkun 1. febrúar 2024 Efnisyfirlit Bls. Kjarasamningar aðildarfélaga Starf"
sa,Samtök atvinnulífsins,sa/Zk8fGCol0Zci9Ypk_23.5.2024-Kaupgjaldsskrá2024febrúar-vefútgáfa.pdf,flokka,þrepa og hækkar því umfram 2,aðilar úr skjali,,,2024-02-01,krónutala,,23750,launatafla,úr texta,"Uppfært 12.4.2024 með breytingum á kjarasamningi SA og MATVÍS sem taka gildi Kaupgjaldsskrá nr. 29 Laun taka hlutfallshækkunum, með krónutöluhækkun að lágmarki. Laun hækka um 3,25% frá 1. febrúar 2024, að lágmarki 23.750 kr. nema annað leiði af launatöflum. Sjá yfirlit yfir aðrar breytingar á bls. 2. Gildir frá 1. febrúar 2024 Launahækkun 1. febrúar 2024 Efnisyfirlit Bls. Kjarasamningar aðildarfél"
sa,Samtök atvinnulífsins,sa/Zw5-EYF3NbkBXd-y_KJARASAMNINGURSSF-2024-2028Lokaskjal.pdf,SSF OG SA KJARASAMNINGUR SSF,SA 3,aðilar úr skjali,2024-01-01,2028-12-31,2024-02-01,prósenta eða krónutala,3.25,23750,almenn laun,úr texta,"gmarki skv. lágmarkstöxtum sem fylgja samningi þessum. Launabreytingar Laun taka hlutfallshækkun, með krónutöluhækkun að lágmarki. Með mánaðarlaunum er átt við föst mánaðarlaun fyrir dagvinnu. 1. febrúar 2024: 3,25% eða 23.750 kr. 1. janúar 2025: 3,50% eða 23.750 kr. 1. janúar 2026: 3,50% eða 23.750 kr. 1. janúar 2027: 3,50% eða 23.750 kr."
sa,Samtök atvinnulífsins,sa/Zw5-EYF3NbkBXd-y_KJARASAMNINGURSSF-2024-2028Lokaskjal.pdf,SSF OG SA KJARASAMNINGUR SSF,SA 3,aðilar úr skjali,2024-01-01,2028-12-31,2024-02-01,prósenta,3.25,,kauptaxtar,úr texta,"ningi þessum fylgja launatöflur vegna áranna 2024 – 2027, sem eru hluti samningsins. Kjaratengdir liðir Kjaratengdir liðir kjarasamning sins hækka sem hér segir, nema um annað hafi verið samið: 1. febrúar 2024: 3,25% 1. janúar 2025: 3,50% 1. janúar 2026: 3,50% 1. janúar 2027: 3,50% Kauptaxtar Í stað áðurgildandi lágmarkstax"
sa,Samtök atvinnulífsins,sa/ZxYu1IF3NbkBXw06_KjarasamningurSAogVR-LÍV2024-2028vefútgáfa.pdf,Samtaka atvinnulífsins,VR og,aðilar úr skjali,2024-01-01,2028-12-31,2024-02-01,prósenta eða krónutala,3.25,23750,launatafla,úr texta,"ingar Laun taka hlutfallshækkun, með krónutöluhækkun að lágmarki, nema annað leiði af launatöflum sem fylgja kjarasamningi þessum. Með mánaðarlaunum er átt við föst mánaðarlaun fyrir dagvinnu. 1. febrúar 2024: 3,25% eða 23.750 kr. 1. janúar 2025: 3,50% eða 23.750 kr. 1. janúar 2026: 3,50% eða 23.750 kr. 1. janúar 2027: 3,50% eða 23.750 kr."
sa,Samtök atvinnulífsins,sa/ZxYu1IF3NbkBXw06_KjarasamningurSAogVR-LÍV2024-2028vefútgáfa.pdf,Samtaka atvinnulífsins,VR og,aðilar úr skjali,2024-01-01,2028-12-31,2024-02-01,prósenta,3.25,,kauptaxtar,úr texta,"hækkun á kauptaxta er reiknuð í útgefnum töxtum í gr. 1.1. og útgefni kaupgjaldsskrá. Kjaratengdir liðir Kjaratengdir liðir kjarasamninga hækka sem hér segir, nema um annað hafi verið samið: 1. febrúar 2024: 3,25% 1. janúar 2025: 3,50% 1. janúar 2026: 3,50% 1. janúar 2027: 3,50% Kauptaxtaauki Haldi kjarasamningar"
sa,Samtök atvinnulífsins,sa/aEGu3rh8WN-LVq1N_HotelogveitinaghúsasamningurSAogEfling2024-2028lokaskjal-vefútgáfa.pdf,Samtaka atvinnulífsins,Eflingar - stéttarfélags,aðilar úr skjali,2024-02-01,2028-02-01,2024-02-01,prósenta eða krónutala,3.25,23750,launatafla,úr texta,"ingar Laun taka hlutfallshækkun, með krónutöluhækkun að lágmarki, nema annað leiði af launatöflum sem fylgja kjarasamningi þessum. Með mánaðarlaunum er átt við föst mánaðarlaun fyrir dagvinnu. 1. febrúar 2024: 3,25% eða 23.750 kr. 1. janúar 2025: 3,50% eða 23.750 kr. 1. janúar 2026: 3,50% eða 23.750 kr. 1. janúar 2027: 3,50% eða 23.750 kr."
sa,Samtök atvinnulífsins,sa/aEGu3rh8WN-LVq1N_HotelogveitinaghúsasamningurSAogEfling2024-2028lokaskjal-vefútgáfa.pdf,Samtaka atvinnulífsins,Eflingar - stéttarfélags,aðilar úr skjali,2024-02-01,2028-02-01,2024-02-01,prósenta,3.25,,kauptaxtar,úr texta,"axtar Kauptaxtar hækka sérstaklega, sbr. fylgiskj al með samningi þessum. 1.3.3. Kjaratengdir liðir Kjaratengdir liðir kjarasamningsins hækka sem hér segir, nema um annað hafi verið samið: 1. febrúar 2024: 3,25% 1. janúar 2025: 3,50% 1. janúar 2026: 3,50% 1. janúar 2027: 3,50% 1.3.4 Kauptaxtaauki Haldi kjarasamn"
sa,Samtök atvinnulífsins,sa/aMghjmGNHVfTPPp6_KjarasamningurSAogVM2024-2028-Lokaskjal.pdf,Samtaka atvinnulífsins,"VM, Félags vélstjóra og málmtæknimanna",aðilar úr skjali,2024-02-01,2028-02-01,2024-02-01,prósenta eða krónutala,3.25,23750,launatafla,úr texta,".1.2.1. Laun taka hlutfallshækkun, með krónutöluhækkun að lágmarki, nema annað leiði af launatöflum sem fylgja kjarasamningi þessum. Með mánaðarlaunum er átt við föst mánaðarlaun fyrir dagvinnu. 1. febrúar 2024: 3,25% eða 23.750 kr. 1. janúar 2025: 3,50% eða 23.750 kr. 1. janúar 2026: 3,50% eða 23.750 kr. 1. janúar 2027: 3,50% eða 23.750 kr."
sa,Samtök atvinnulífsins,sa/aMghjmGNHVfTPPp6_KjarasamningurSAogVM2024-2028-Lokaskjal.pdf,Samtaka atvinnulífsins,"VM, Félags vélstjóra og málmtæknimanna",aðilar úr skjali,2024-02-01,2028-02-01,2024-02-01,prósenta,3.25,,kauptaxtar,úr texta,"0 kr. 1. janúar 2027: 3,50% eða 23.750 kr. 10 Samningur SA og VM Kjaratengdir liði kjarasamninga Kjaratengdir liðir kjarasamnings hækka sem hér segir, nema um annað hafi verið samið: 1. febrúar 2024: 3,25% 1. janúar 2025: 3,50% 1. janúar 2026: 3,50% 1. janúar 2027 3,50% Kauptaxtar hækka sérstaklega, sbr. gr"
sa,Samtök atvinnulífsins,sa/aMwWxGGNHVfTPXrB_GreiðasölusamningurSAogSGS2024-2028lokaskjal.pdf,Samtaka atvinnulífsins,Starfsgreinasambands Íslands,aðilar úr skjali,2024-02-01,2028-02-01,2024-02-01,prósenta eða krónutala,3.25,23750,launatafla,úr texta,"ingar Laun taka hlutfallshækkun, með krónutöluhækkun að lágmarki, nema annað leiði af launatöflum sem fylgja kjarasamningi þessum. Með mánaðarlaunum er átt við föst mánaðarlaun fyrir dagvinnu. 1. febrúar 2024: 3,25% eða 23.750 kr. 1. janúar 2025: 3,50% eða 23.750 kr. 1. janúar 2026: 3,50% eða 23.750 kr. 1. janúar 2027: 3,50% eða 23.750 kr."
sa,Samtök atvinnulífsins,sa/aMwWxGGNHVfTPXrB_GreiðasölusamningurSAogSGS2024-2028lokaskjal.pdf,Samtaka atvinnulífsins,Starfsgreinasambands Íslands,aðilar úr skjali,2024-02-01,2028-02-01,2024-02-01,prósenta,3.25,,kauptaxtar,úr texta,"axtar Kauptaxtar hækka sérstaklega, sbr. fylgiskj al með samningi þessum. 1.3.3. Kjaratengdir liðir Kjaratengdir liðir kjarasamningsins hækka sem hér segir, nema um annað hafi verið samið: 1. febrúar 2024: 3,25% 1. janúar 2025: 3,50% 1. janúar 2026: 3,50% 1. janúar 2027 3,50% 1.3.4. Kauptaxtaauki Haldi kjarasam"
sa,Samtök atvinnulífsins,sa/aNPSSJ5xUNkB1Dby_KjarasamningurSAogSamiðn2024-2028Lokaskjal.pdf,Samtaka atvinnulífsins,"Samiðnar - sambands iðnfélaga f.h. aðildarfélaga í málmiðnaði, byggingariðnaði og skrúðgarðyrkju",aðilar úr skjali,2024-02-01,2028-02-01,2024-02-01,prósenta eða krónutala,3.25,23750,launatafla,úr texta,".1.2.1. Laun taka hlutfallshækkun, með krónutöluhækkun að lágmarki, nema annað leiði af launatöflum sem fylgja kjarasamningi þessum. Með mánaðarlaunum er átt við föst mánaðarlaun fyrir dagvinnu. 1. febrúar 2024: 3,25% eða 23.750 kr. 1. janúar 2025: 3,50% eða 23.750 kr. 1. janúar 2026: 3,50% eða 23.750 kr. 1. janúar 2027: 3,50% eða 23.750 kr."
sa,Samtök atvinnulífsins,sa/aNPSSJ5xUNkB1Dby_KjarasamningurSAogSamiðn2024-2028Lokaskjal.pdf,Samtaka atvinnulífsins,"Samiðnar - sambands iðnfélaga f.h. aðildarfélaga í málmiðnaði, byggingariðnaði og skrúðgarðyrkju",aðilar úr skjali,2024-02-01,2028-02-01,2024-02-01,prósenta,3.25,,kauptaxtar,úr texta,"úar 2026: 3,50% eða 23.750 kr. 1. janúar 2027: 3,50% eða 23.750 kr. Kjaratengdir liðir kjarasamninga Kjaratengdir liðir kjarasamnings hækka sem hér segir, nema um annað hafi verið samið: 1. febrúar 2024: 3,25% 1. janúar 2025: 3,50% 1. janúar 2026: 3,50% 1. janúar 2027: 3,50% Kauptaxtar hækka sérstaklega, sbr. gr."
sa,Samtök atvinnulífsins,sa/aZWiFlWLo0XkEoIO_Kjarasamningur2024-2028meistarafélögíbyggingariðnaðiogSamiðnLokaskjal.pdf,"Samtaka atvinnulífsins, vegna meistarafélaga í byggingariðnaði innan Samtaka iðnaðarins",Samiðnar - sambands iðnfélaga f.h. aðildarfélaga í byggingariðnaði,aðilar úr skjali,2024-02-01,2028-02-01,2024-02-01,prósenta eða krónutala,3.25,23750,launatafla,úr texta,"anum Laun taka hlutfallshækkun, með krónutöluhækkun að lágmarki, nema annað leiði af launatöflum sem fylgja kjarasamningi þessum. Með mánaðarlaunum er átt við föst mánaðarlaun fyrir dagvinnu. 1. febrúar 2024: 3,25% eða 23.750 kr. 1. janúar 2025: 3,50% eða 23.750 kr. 1. janúar 2026: 3,50% eða 23.750 kr. 1. janúar 2027: 3,50% eða 23.750 kr."
sa,Samtök atvinnulífsins,sa/aZWiFlWLo0XkEoIO_Kjarasamningur2024-2028meistarafélögíbyggingariðnaðiogSamiðnLokaskjal.pdf,"Samtaka atvinnulífsins, vegna meistarafélaga í byggingariðnaði innan Samtaka iðnaðarins",Samiðnar - sambands iðnfélaga f.h. aðildarfélaga í byggingariðnaði,aðilar úr skjali,2024-02-01,2028-02-01,2024-02-01,prósenta,3.25,,kauptaxtar,úr texta,".1.1.1. Samningur meistarafélaga í byggigariðnaði og Samiðnar 9 Kjaratengdir liðir kjarasamnings Kjaratengdir liðir kjarasamnings hækka sem hér segir, nema um annað hafi verið samið: 1. febrúar 2024: 3,25% 1. janúar 2025: 3,50% 1. janúar 2026: 3,50% 1. janúar 2027: 3,50% 1.1.2.2. Kauptaxtaauki Haldi kjarasam"
sa,Samtök atvinnulífsins,sa/aZXiD8FoBIGEghwf_KjarasamningurMATVÍSogSA2024-2028lokaskjal.pdf,Samtaka atvinnulífsins,Matvæla- og veitingafélags Íslands,aðilar úr skjali,2024-02-01,2028-02-01,2024-02-01,prósenta eða krónutala,3.25,23750,launatafla,úr texta,"luhækkun að lágmarki, nema annað leiði af launatöflum sem fylgja kjarasamningi þessum. Með mánaðarlaunum er átt við föst mánaðarlaun fyrir dagvinnu. Almenn hækkun mánaðarlauna fyrir fullt starf: 1. febrúar 2024: 3,25% eða 23.750 kr. 1. janúar 2025: 3,50% eða 23.750 kr. 1. janúar 2026: 3,50% eða 23.750 kr. 1. janúar 2027: 3,50% eða 23.750 kr."
sa,Samtök atvinnulífsins,sa/aZXiD8FoBIGEghwf_KjarasamningurMATVÍSogSA2024-2028lokaskjal.pdf,Samtaka atvinnulífsins,Matvæla- og veitingafélags Íslands,aðilar úr skjali,2024-02-01,2028-02-01,2024-02-01,prósenta,3.25,,kauptaxtar,úr texta,"núar 2026: 3,50% eða 23.750 kr. 1. janúar 2027: 3,50% eða 23.750 kr. Kjaratengdir liði kjarasamninga Kjaratengdir liðir kjarasamnings hækka sem hér segir, nema um annað hafi verið samið: 1. febrúar 2024: 3,25% 1. janúar 2025: 3,50% 1. janúar 2026: 3,50% 1. janúar 2027: 3,50% Kauptaxtar hækka sérstaklega, sbr. með"
sa,Samtök atvinnulífsins,sa/aabfO1xvIZEnjRdK_KjarasamningurSAogGrafíu2024-2028lokaskjal.pdf,Grafíu – stéttarfélags í prent- og miðlunargreinum,Samtaka atvinnulífsins,aðilar úr skjali,2024-02-01,2028-02-01,2024-02-01,prósenta eða krónutala,3.25,23750,launatafla,úr texta,"2.2.1. Laun taka hlutfallshækkun, með krónutöluhækkun að lágmarki, nema annað leiði af launatöflum sem fylgja kjarasamningi þessum. Með mánaðarlaunum er átt við föst mánaðarlaun fyrir dagvinnu. 1. febrúar 2024: 3,25% eða 23.750 kr. 1. janúar 2025: 3,50% eða 23.750 kr. 1. janúar 2026: 3,50% eða 23.750 kr. 1. janúar 2027: 3,50% eða 23.750 kr."
sa,Samtök atvinnulífsins,sa/aabfO1xvIZEnjRdK_KjarasamningurSAogGrafíu2024-2028lokaskjal.pdf,Grafíu – stéttarfélags í prent- og miðlunargreinum,Samtaka atvinnulífsins,aðilar úr skjali,2024-02-01,2028-02-01,2024-02-01,prósenta,3.25,,kauptaxtar,úr texta,"núar 2026: 3,50% eða 23.750 kr. 1. janúar 2027: 3,50% eða 23.750 kr. Kjaratengdir liði kjarasamninga Kjaratengdir liðir kjarasamnings hækka sem hér segir, nema um annað hafi verið samið: 1. febrúar 2024: 3,25% 1. janúar 2025: 3,50% 1. janúar 2026: 3,50% 1. janúar 2027 3,50% Kauptaxtar hækka sérstaklega, sbr. gr."
sa,Samtök atvinnulífsins,sa/abvZcbbci2UF6RI2_KjarasamningurSAogMjólkurfræðinga2024-2028lokaskjal.pdf,Samtaka atvinnulífsins,Mjólkurfræðingafélags Íslands,aðilar úr skjali,2024-01-01,2028-12-31,2024-02-01,prósenta eða krónutala,3.25,23750,launatafla,úr texta,"tingar Laun taka hlutfallshækkun, með krónutöluhækkun að lágmarki, nema annað leiði af launatöflum sem fylgja kjarasamningi þessum. Með mánaðarlaunum er átt við föst mánaðarlaun fyrir dagvinnu. 1. febrúar 2024: 3,25% eða 23.750 kr. 1. janúar 2025: 3,50% eða 23.750 kr. 1. janúar 2026: 3,50% eða 23.750 kr. 1. janúar 2027: 3,50% eða 23.750 kr."
sa,Samtök atvinnulífsins,sa/aj1JZVbRV8_Qf4kw_SA-SAFogLeiðsögn-uppfærslaákjarasamningi2024-2028.pdf,MILLI: SAMTAKA ATVINNULÍFSINS,SAMTAKA FERÐAÞJÓNUSTUNNAR,aðilar úr skjali,2024-01-01,2028-12-31,2024-02-01,prósenta eða krónutala,3.25,23750,launatafla,úr texta,"ngar Laun taka hlutfallshækkun, með krónutöluhækkun að lágmarki, nema annað leiði af launatöflum sem fylgja kjarasamningi þessum. Með mánaðarlaunum er átt við föst mánaðarlaun fyrir dagvinnu. 1. febrúar 2024: 3,25% eða 23.750 kr. 1. janúar 2025: 3,50% eða 23.750 kr. 1. janúar 2026: 3,50% eða 23.750 kr. 1. janúar 2027: 3,50% eða 23.750 kr."
sa,Samtök atvinnulífsins,sa/aj1JZVbRV8_Qf4kw_SA-SAFogLeiðsögn-uppfærslaákjarasamningi2024-2028.pdf,MILLI: SAMTAKA ATVINNULÍFSINS,SAMTAKA FERÐAÞJÓNUSTUNNAR,aðilar úr skjali,2024-01-01,2028-12-31,2024-02-01,prósenta,3.25,,kauptaxtar,úr texta,"3.750 kr. 1. janúar 2026: 3,50% eða 23.750 kr. 1. janúar 2027: 3,50% eða 23.750 kr. Kjaratengdir liðir Kjaratengdir liðir kjarasamninga hækka sem hér segir, nema um annað hafi verið samið: 1. febrúar 2024: 3,25% 1. janúar 2025: 3,50% 1. janúar 2026: 3,50% 1. janúar 2027: 3,50% 7 Kauptaxtaauki Haldi kjaras"
sa,Samtök atvinnulífsins,sa/aj6Iu1bRV8_Qf6wt_KjarasamningurSAogRSÍ2024-2028lokaskjal.pdf,Samtaka atvinnulífsins og Samtaka rafverktaka,Rafiðnaðarsambands Íslands vegna aðildarfélaga,aðilar úr skjali,2024-02-01,2028-02-01,2024-02-01,prósenta eða krónutala,3.25,23750,launatafla,úr texta,"1.2.1. Laun taka hlutfallshækkun, með krónutöluhækkun að lágmarki, nema annað leiði af launatöflum sem fylgja kjarasamningi þessum. Með mánaðarlaunum er átt við föst mánaðarlaun fyrir dagvinnu. 1. febrúar 2024: 3,25% eða 23.750 kr. 1. janúar 2025: 3,50% eða 23.750 kr. 1. janúar 2026: 3,50% eða 23.750 kr. 1. janúar 2027: 3,50% eða 23.750 kr."
sa,Samtök atvinnulífsins,sa/aj6Iu1bRV8_Qf6wt_KjarasamningurSAogRSÍ2024-2028lokaskjal.pdf,Samtaka atvinnulífsins og Samtaka rafverktaka,Rafiðnaðarsambands Íslands vegna aðildarfélaga,aðilar úr skjali,2024-02-01,2028-02-01,2024-02-01,prósenta,3.25,,kauptaxtar,úr texta,"5: 3,50% eða 23.750 kr. 1. janúar 2026: 3,50% eða 23.750 kr. 1. janúar 2027: 3,50% eða 23.750 kr. Kjaratengdir liðir kjarasamnings hækka sem hér segir, nema um annað hafi verið samið: 1. febrúar 2024: 3,25% 1. janúar 2025: 3,50% 1. janúar 2026: 3,50% 1. janúar 2027: 3,50% Kauptaxtar hækka sérstaklega, sbr. gr"
sameyki,Sameyki stéttarfélag í almannaþjónustu,sameyki/''FRÍHÖFNIN - Sameyki uppfærsla loka 20.2.2026.pdf,Sameykis – stéttarfélags í almannaþjónustu,Fríhafnarinnar ehf,aðilar úr skjali,,,2024-02-01,prósenta eða krónutala,3.25,23750,launatafla,úr texta,"anum: Laun taka hlutfallshækkun, með krónutöluhækkun að lágmarki, nema annað leiði af launatöflum sem fylgja kjarasamningi þessum. Með mánaðarlaunum er átt við föst mánaðarlaun fyrir dagvinnu. 1. febrúar 2024: 3,25% eða 23.750 kr. 1. janúar 2025: 3,50% eða 23.750 kr. 1. janúar 2026: 3,50% eða 23.750 kr. 1. janúar 2027: 3,50% eða 23.750 kr. Kjar"
sameyki,Sameyki stéttarfélag í almannaþjónustu,sameyki/''FRÍHÖFNIN - Sameyki uppfærsla loka 20.2.2026.pdf,Sameykis – stéttarfélags í almannaþjónustu,Fríhafnarinnar ehf,aðilar úr skjali,,,2024-02-01,prósenta,3.25,,launatafla,úr texta,"fylgja launatöflur vegna áranna 2024 – 2027, sem eru hluti samningsins. Kjaratengdir liðir kjarasamninga Kjaratengdir liðir kjarasamninga hækka sem hér segir, nema um annað hafi verið samið: 1. febrúar 2024: 3,25% 1. janúar 2025: 3,50% 1. janúar 2026: 3,50% 1. janúar 2027: 3,50% 3.3.2 Starfmannasamtöl. Starfsmaður á rétt á viðt"
sameyki,Sameyki stéttarfélag í almannaþjónustu,sameyki/''ISAVIA - Sameyki uppfærsla loka 29.5.2026.pdf,aðila halda gildi sínu,byggir,aðilar úr skjali,,,2024-02-01,prósenta eða krónutala,3.25,23750,launatafla,úr texta,"ingar Laun taka hlutfallshækkun, með krónutöluhækkun að lágmark i, nema annað leiði af launatöflum sem fylgja kjarasamningi þessum. Með mánaðarlaunum er átt við föst mána ðarlaun fyrir dagvinnu. 1. febrúar 2024: 3,25% eða 23.750 kr. 1. janúar 2025: 3,50% eða 23.750 kr. 1. janúar 2026 3,50% eða 23.750 kr. 1. janúar 2027 3,50% eða 23.750 kr."
sameyki,Sameyki stéttarfélag í almannaþjónustu,sameyki/''ISAVIA - Sameyki uppfærsla loka 29.5.2026.pdf,aðila halda gildi sínu,byggir,aðilar úr skjali,,,2024-02-01,prósenta,3.25,,launatafla,úr texta,"gja launatöflur vegna áranna 2024-2027, sem eru hluti samningsins. Kjaratengdir liðir kjarasamninga Kjaratengdir liðir kjarasamninga hækka sem hér segir, nema um annað hafi verið samið: 1. febrúar 2024 3,25% 1. janúar 2025: 3,50% 1. janúar 2026 3,50% 1. janúar 2027 3,50% 1.2 Röðun í launaflokka1 1.2.1 Við ákvörðun star"
sameyki,Sameyki stéttarfélag í almannaþjónustu,sameyki/''KjarasamningurPostmannafelagsIslandsogSAvegnaIslandspos.pdf,Póstmannafélags Íslands,Samtaka atvinnulífsins,aðilar úr skjali,,,2024-02-01,prósenta eða krónutala,3.25,23750,launatafla,úr texta,"eytingar Laun taka hlutfallshækkun, með krónutöluhækkun að lágmarki, nema annað leiði af launatöflum sem fylgja kjarasamningi þessum. Með mánaðarlaunum er átt við föst mánaðarlaun fyrir dagvinnu. 1. febrúar 2024: 3,25% eða 23.750 kr. 1. janúar 2025: 3,50% eða 23.750 kr. 1. janúar 2026: 3,50% eða 23.750 kr. 1. janúar 2027: 3,50% eða 23.750 kr."
sgs,Starfsgreinasamband Íslands,sgs/kjarasamningur-sgs-og-sa-2024-2028.pdf,Starfsgreinasambands Íslands,Samtaka atvinnulífsins,aðilar úr skjali,2024-01-01,2028-12-31,2024-02-01,prósenta eða krónutala,3.25,23750,launatafla,úr texta,"eytingar Laun taka hlutfallshækkun, með krónutöluhækkun að lágmarki, nema annað leiði af launatöflum sem fylgja kjarasamningi þessum. Með mánaðarlaunum er átt við föst mánaðarlaun fyrir dagvinnu. 1. febrúar 2024: 3,25% eða 23.750 kr. 1. janúar 2025: 3,50% eða 23.750 kr. 1. janúar 2026: 3,50% eða 23.750 kr. 1. janúar 2027: 3,50% eða 23.750 kr."
sgs,Starfsgreinasamband Íslands,sgs/stodugleika-og-velferdarsamningurinn-2024-2028.pdf,,,aðeins heimild,2024-01-01,2028-12-31,2024-02-01,prósenta eða krónutala,3.25,23750,launatafla,úr texta,"n taka hlutfallshækkun með krónutöluhækkun að lágmarki , nema annað leiði af launatöflum sem fylgja kjarasamningum einstakra félaga. Með mánaðarlaunum er átt við föst mánaðarlaun fyrir dagvinnu. 1. febrúar 2024: 3,25% eða 23.750 kr. 1. janúar 2025: 3,50% eða 23.750 kr. 1. janúar 2026: 3,50% eða 23.750 kr. 1. janúar 2027: 3,50% eða 23.750 kr."
ssf,Samtök starfsmanna fjármálafyrirtækja,ssf/Kjarasamningur-SSF-og-SA-2024-2028-1-1.pdf,Samtaka starfsmanna fjármálafyrirtækja,Samtaka atvinnulífsins,aðilar úr skjali,2024-01-01,2028-12-31,2024-02-01,prósenta eða krónutala,3.25,23750,almenn laun,úr texta,"ð lágmarki skv. lág- markstöxtum sem fylgja samningi þessum. Launabreytingar Laun taka hlutfallshækkun, með krónutöluhækkun að lágmarki. Með mánaðarlaunum er átt við föst mánaðarlaun fyrir dagvinnu. 1. febrúar 2024: 3,25% eða 23.750 kr. 1. janúar 2025: 3,50% eða 23.750 kr. 1. janúar 2026: 3,50% eða 23.750 kr. 1. janúar 2027: 3,50% eða 23.750 kr. Kjarasamn"
ssf,Samtök starfsmanna fjármálafyrirtækja,ssf/Kjarasamningur-SSF-og-SA-2024-2028-1-1.pdf,Samtaka starfsmanna fjármálafyrirtækja,Samtaka atvinnulífsins,aðilar úr skjali,2024-01-01,2028-12-31,2024-02-01,prósenta,3.25,,kauptaxtar,úr texta,"rasamningi þessum fylgja launatöflur vegna áranna 2024 – 2027, sem eru hluti samningsins. Kjaratengdir liðir Kjaratengdir liðir kjarasamningsins hækka sem hér segir, nema um annað hafi verið samið: 1. febrúar 2024: 3,25% 1. janúar 2025: 3,50% 1. janúar 2026: 3,50% 1. janúar 2027: 3,50% Kauptaxtar Í stað áðurgildandi lágmarkstaxta starfshei"
vm,VM - Félag vélstjóra og málmtæknimanna,vm/Heildarsamningur-ferdathjonusta-nyr-TAKA-2.pdf,Samtaka atvinnulífsins,Félags skipstjórnarmanna og VM Félags vélstjóra og,aðilar úr skjali,2024-02-01,2028-02-01,2024-02-01,prósenta eða krónutala,3.25,23750,launatafla,úr texta,"r Laun taka hlutfallshækkun, með krónutöluhækkun að lágmarki, nema annað leiði af launatöflum sem fylgja kjarasamningi þessum. Með mánaðarlaunum er átt við föst mánaðarlaun fyrir dagvinnu. 8 • 1. febrúar 2024: 3,25% eða 23.750 kr. • 1. janúar 2025: 3,50% eða 23.750 kr. • 1. janúar 2026: 3,50% eða 23.750 kr. • 1. janúar 2027: 3,50% eða 23.750 kr. 4."
vm,VM - Félag vélstjóra og málmtæknimanna,vm/Nyr-heildarsamningur-Bjorgun-yfirlesinn-af-SA.pdf,Björgunar ehf,VM Félags vélstjóra og málmtæknimanna,aðilar úr skjali,2024-02-01,2028-12-31,2024-02-01,prósenta eða krónutala,3.25,23750,launatafla,úr texta,"aka hlutfallshækkun, með krónutöluhækkun að lágmarki, nema annað leiði af launatöflum. Með mánaðarlaunum er átt við föst mánaðarlaun fyrir dagvinnu. Kjaratengdir liðir taka sömu hlutfallshækkun. • 1. febrúar 2024: 3,25% eða 23.750 kr. • 1. janúar 2025: 3,50% eða 23.750 kr. • 1. janúar 2026: 3,50% eða 23.750 kr. • 1. janúar 2027: 3,50% eða 23.750 kr. •"
vm,VM - Félag vélstjóra og málmtæknimanna,vm/Uppfaerdur-heildarsamningur-milli-VM-og-OR-vegna-malmidnadarmanna-2024-loka.pdf,VM félags vélstjóra,málmtæknimanna,aðilar úr skjali,2008-05-01,2010-12-31,2024-02-01,prósenta eða krónutala,3.25,23750,launatafla,grunsamlegt,"ytingar [Laun taka hlutfallshækkun, með krónutöluhækkun að lágmarki, nema annað leiði af launatöflum sem fylgja kjarasamningi þessum. Með mánaðarlaunum er átt við föst mánaðarlaun fyrir dagvinnu. 1. febrúar 2024: 3,25% eða 23.750 kr. 1. janúar 2025: 3,50% eða 23.750 kr. 1. janúar 2026: 3,50% eða 23.750 kr. 1. janúar 2027: 3,50% eða 23.750 kr."
vm,VM - Félag vélstjóra og málmtæknimanna,vm/Uppfaerdur-heildarsamningur-milli-VM-og-OR-vegna-malmidnadarmanna-2024-loka.pdf,VM félags vélstjóra,málmtæknimanna,aðilar úr skjali,2008-05-01,2010-12-31,2024-02-01,prósenta,3.25,,launatafla,grunsamlegt,"m fylgja launatöflur vegna áranna 2024 – 2027, sem eru hluti samningsins. 1.8 Kjaratengdir liðir kjarasamninga Kjaratengdir liðir kjarasamninga hækka sem hér segir, nema um annað hafi verið samið: 1. febrúar 2024: 3,25% 1. janúar 2025: 3,50% 1. janúar 2026: 3,50% 1. janúar 2027: 3,50% 1.9 Hluti fastrar greiðslu fer inn í grunnlaun"
vm,VM - Félag vélstjóra og málmtæknimanna,vm/Uppfaerdur-heildarsamningur-milli-VM-og-OR-vegna-velfraedinga-2024-loka.pdf,VM félags vélstjóra,málmtæknimanna,aðilar úr skjali,2008-05-01,2010-12-31,2024-02-01,prósenta eða krónutala,3.25,23750,launatafla,grunsamlegt,"tingar [Laun taka hlutfallshækkun , með krónutöluhækkun að lágmarki, nema annað leiði af launatöflum sem fylgja kjarasamningi þessum. Með mánaðarlaunum er átt við föst mánaðarlaun fyrir dagvinnu. 1. febrúar 2024: 3,25% eða 23.750 kr. 1. janúar 2025: 3,50% eða 23.750 kr. 1. janúar 2026: 3,50% eða 23.750 kr. 1. janúar 2027: 3,50% eða 23.750 kr."
vm,VM - Félag vélstjóra og málmtæknimanna,vm/Uppfaerdur-heildarsamningur-milli-VM-og-OR-vegna-velfraedinga-2024-loka.pdf,VM félags vélstjóra,málmtæknimanna,aðilar úr skjali,2008-05-01,2010-12-31,2024-02-01,prósenta,3.25,,almenn laun,grunsamlegt,"ingsins. 1.9 Kjaratengdir liðir kjarasamninga Kjaratengdir liðir kjarasamninga hækka sem hér segir, nema um annað hafi verið samið: 5 Samningur RSÍ, VM og SA vegna OR dags. 14.6.24, 4. gr. 10 1. febrúar 2024: 3,25% 1. janúar 2025: 3,50% 1. janúar 2026: 3,50% 1. janúar 2027: 3,50% 1.10 Hluti fastrar greiðslu fer inn í grunnlaun"
vr,VR,vr/kjarasamningur-fa-2024-fin100.pdf,VR/LÍV,FÉLAGS ATVINNUREKENDA,aðilar úr skjali,2024-02-01,2028-02-01,2024-02-01,prósenta eða krónutala,3.25,23750,kauptaxtar,úr texta,"Kauptaxtar Laun taka hlutfallshækkun, með krónutöluhækkun að lágmarki, nema annað leiði af launatöflum sem fylgja kjarasamningi þessum. Með mánaðarlaunum er átt við föst mánaðarlaun fyrir dagvinnu. 1. febrúar 2024: 3,25% eða 23.750 kr. 1. janúar 2025: 3,50% eða 23.750 kr. 1. janúar 2026: 3,50% eða 23.750 kr. 1. janúar 2027: 3,50% eða 23.750 kr. Í s"
vr,VR,vr/kjarasamningur-fa-2024-fin100.pdf,VR/LÍV,FÉLAGS ATVINNUREKENDA,aðilar úr skjali,2024-02-01,2028-02-01,2024-02-01,prósenta,3.25,,kauptaxtar,úr texta,". 52. Kauptaxtar gilda frá 1. febrúar 2024, 1. janúar 2025, 1. janúar 2026 og 1. janúar 2027. Kjaratengdir liðir Kjaratengdir liðir kjarasamninga hækka sem hér segir, nema um annað hafi verið samið: 1. febrúar 2024: 3,25% 1. janúar 2025: 3,50% 1. janúar 2026: 3,50% 1. janúar 2027: 3,50% Kauptaxtaauki Haldi kjarasamningar gildi sínu"
vr,VR,vr/kjarasamningur-sa-2024-fin101.pdf,MILLI VR,SAMTAKA ATVINNULÍFSINS,aðilar úr skjali,2024-02-01,2028-02-01,2024-02-01,prósenta eða krónutala,3.25,23750,launatafla,úr texta,"ABREYTINGAR Laun taka hlutfallshækkun, með krónutöluhækkun að lágmarki, nema annað leiði af launatöflum sem fylgja kjarasamningi þessum. Með mánaðarlaunum er átt við föst mánaðarlaun fyrir dagvinnu. 1. febrúar 2024: 3,25% eða 23.750 kr. 1. janúar 2025: 3,50% eða 23.750 kr. 1. janúar 2026: 3,50% eða 23.750 kr. 1. janúar 2027: 3,50% eða 23.750 kr. Ofa"
vr,VR,vr/kjarasamningur-sa-2024-fin101.pdf,MILLI VR,SAMTAKA ATVINNULÍFSINS,aðilar úr skjali,2024-02-01,2028-02-01,2024-02-01,prósenta,3.25,,kauptaxtar,úr texta,"xta er reiknuð í útgefnum töxtum í gr. 1.1. og útgefnum kauptöxtum í fylgiskjali bls. 62-65. Kjaratengdir liðir Kjaratengdir liðir kjarasamninga hækka sem hér segir, nema um annað hafi verið samið: 1. febrúar 2024: 3,25% 1. janúar 2025: 3,50% 1. janúar 2026: 3,50% 1. janúar 2027: 3,50% Kauptaxtaauki Haldi kjarasamningar gildi sínu ska"
vr,VR,vr/kjarasamningur-sa-og-vr-lív-2024.pdf,VR og Landssambands íslenzkra verzlunarmanna,Samtaka atvinnulífsins,aðilar úr skjali,,,2024-02-01,prósenta eða krónutala,3.25,23750,launatafla,úr texta,"eytingar Laun taka hlutfallshækkun, með krónutöluhækkun að lágmarki, nema annað leiði af launatöflum sem fylgja kjarasamningi þessum. Með mánaðarlaunum er átt við föst mánaðarlaun fyrir dagvinnu. 1. febrúar 2024: 3,25% eða 23.750 kr. 1. janúar 2025: 3,50% eða 23.750 kr. 1. janúar 2026: 3,50% eða 23.750 kr. 1. janúar 2027: 3,50% eða 23.750 kr."
vr,VR,vr/kjarasamningur-sa-og-vr-lív-2024.pdf,VR og Landssambands íslenzkra verzlunarmanna,Samtaka atvinnulífsins,aðilar úr skjali,,,2024-02-01,prósenta,3.25,,launatafla,úr texta,"sum fylgja launatöflur vegna áranna 2024 – 2027, sem eru hluti samningsins. Kjaratengdir liðir kjarasamninga Kjaratengdir liðir kjarasamninga hækka sem hér segir, nema um annað hafi verið samið: 1. febrúar 2024: 3,25% 1. janúar 2025: 3,50% 1. janúar 2026: 3,50% 1. janúar 2027: 3,50% 2 4. gr. Desember- og orlofsuppb"
vr,VR,vr/sa-saf-og-leidsogn-samningur-2024-2028-uppfaert-1342026-fix.pdf,MILLI: SAMTAKA ATVINNULÍFSINS,SAMTAKA FERÐAÞJÓNUSTUNNAR,aðilar úr skjali,2024-01-01,2028-12-31,2024-02-01,prósenta eða krónutala,3.25,23750,launatafla,úr texta,"eytingar Laun taka hlutfallshækkun, með krónutöluhækkun að lágmarki, nema annað leiði af launatöflum sem fylgja kjarasamningi þessum. Með mánaðarlaunum er átt við föst mánaðarlaun fyrir dagvinnu. 1. febrúar 2024: 3,25% eða 23.750 kr. 1. janúar 2025: 3,50% eða 23.750 kr. 1. janúar 2026: 3,50% eða 23.750 kr. 1. janúar 2027: 3,50% eða 23.750 k"
vr,VR,vr/sa-saf-og-leidsogn-samningur-2024-2028-uppfaert-1342026-fix.pdf,MILLI: SAMTAKA ATVINNULÍFSINS,SAMTAKA FERÐAÞJÓNUSTUNNAR,aðilar úr skjali,2024-01-01,2028-12-31,2024-02-01,prósenta,3.25,,kauptaxtar,úr texta,"3.750 kr. 1. janúar 2026: 3,50% eða 23.750 kr. 1. janúar 2027: 3,50% eða 23.750 kr. Kjaratengdir liðir Kjaratengdir liðir kjarasamninga hækka sem hér segir, nema um annað hafi verið samið: 1. febrúar 2024: 3,25% 1. janúar 2025: 3,50% 1. janúar 2026: 3,50% 1. janúar 2027: 3,50% Kauptaxtaauki Haldi kjarasamningar gildi sínu s"
vm,VM - Félag vélstjóra og málmtæknimanna,vm/VM_2023-2024_Heildarkjarasamningur_LOK.pdf,SAMBAND ÍSLENSKRA SVEITARFÉLAGA F.H. ÞEIRRA SVEITARFÉLAGA,ANNARRA AÐILA SEM ÞAÐ HEFUR,aðilar úr skjali,2023-01-01,2024-12-31,2024-03-31,prósenta,0.85,,almenn laun,úr texta,"ka II skal stýrihópur fjalla um málið og meta hvort og hvaða breytinga sé þörf á forsendum yfirvinnuálags í nýju vaktavinnukerfi. Þó skal yfirvinna 1 aldrei fara undir GILDISTÍMI: 1. APRÍL 2023 TIL 31. MARS 2024 SAMBAND ÍSLENSKRA 57 VM, FÉLAG VÉLSTJÓRA OG MÁLMTÆKNIMANNA SVEITARFÉLAGA 0,85% af mánaðarlaunum. Slíka ákvörðun skal taka eigi síðar en þremur mánuðum fyrir gildistöku breytinga og skulu s"
efling,Efling stéttarfélag,efling/Kjarasamningur-Efling-og-Reykjavikurborg_loka.20.6.pdf,aðila ásamt bókunum,fylgiskjöl,aðilar úr skjali,,,2024-04-01,prósenta eða krónutala,3.25,23750,launatafla,úr texta,"v. meðfylgjandi launatöflu þar sem mánaðarlaun taka eftirfarandi hlutfallshækkunum með krónutöluhækkun að lágmarki á samningstímanum. Með mánaðarlaunum er átt við föst mánaðarlaun fyrir dagvinnu. 1.apríl 2024 3,25% eða 23.750 kr. 1.apríl 2025 3,50% eða 23.750 kr. 1.apríl 2026 3,50% eða 23.750 kr. 1.apríl 2027 3,50% eða 23.750 kr. Persónuál"
efling,Efling stéttarfélag,efling/Kjarasamningur-Efling-og-Reykjavikurborg_loka.20.6.pdf,aðila ásamt bókunum,fylgiskjöl,aðilar úr skjali,,,2024-04-01,prósenta,3.5,,óskilgreint,úr texta,"rs þar sem forsendur að baki þeirra geta tekið breytingum, að efni og umfangi. Þrátt fyrir ofangreint eru aðilar sammála um að á samningstímanum taki önnur laun skv. gr. 1.1.3 hækkun um 3,25% þann 1. apríl 2024, 3,5% 1. apríl 2025, 3,5% 1. apríl 2026 og 3,5% 1. apríl 2027. Bókun 5 Starfsmatskerfið SAMSTARF Samningsaðilar eru sammál"
efling,Efling stéttarfélag,efling/Kjarasamningur-Efling-og-Reykjavikurborg_loka.20.6.pdf,aðila ásamt bókunum,fylgiskjöl,aðilar úr skjali,,,2024-04-01,prósenta,3.25,,óskilgreint,úr texta,"Fastar greiðslur til dagvinnustarfsfólks í heimaþjónustu á grundvelli gr. 1.1.3 í kjarasamningi aðila, skv. ákvörðun velferðarsviðs, taka þeim hækkunum sem tilgreindir eru í kjarasamningi aðila frá 1. apríl 2024, 3,25% 1. apríl 2024, 3,5% 1. aprí l 2025, 2026 og 2027 til eftirtalinna starfa félagsmanna Eflingar; Starfsheiti Fjárhæð"
framsyn,Framsýn stéttarfélag,framsyn/kjarasamningur-sgssis-2024-2028_vefur.pdf,Kjarasamningur Starfsgreinasambands Íslands,Sambands íslenskra sveitarfélaga,aðilar úr skjali,2024-01-01,2028-12-31,2024-04-01,prósenta eða krónutala,3.25,23750,launatafla,úr texta,"príl 2025 til 31. mars 2026. Launatafla 3: Gildir frá 1. apríl 2026 til 31. mars 2027. Launatafla 4: Gildir frá 1. apríl 2027 til 31. mars 2028. Mánaðarlaun hækka sem hér segir á samningstímanum: 1. apríl 2024. 23.750 kr. eða að lágmarki um 3,25% sbr. launatöflu 1. 1. apríl 2025: 23.750 kr. eða að lágmarki um 3,50% sbr. launatöflu 2. 1. apríl 2026: 23.750 kr. eða að lágmarki um 3,50%"
hjukrun,Félag íslenskra hjúkrunarfræðinga,hjukrun/Z0WYlq8jQArT1TuY_2024-11-14fíhkálfurLOK.pdf,"aðila , framlengist frá 1. apríl 2024 til 31. mars 2028 með þeim breytingum",fyrirvör,aðilar úr skjali,,,2024-04-01,prósenta,3.5,,óskilgreint,úr texta,"annars þar sem forsendur að baki þeim geta tekið breytingum að efni og umfangi. Þrátt fyrir ofangreint eru aðilar sammála um að á samningstímanum taki önnur laun skv. gr. 1.1.1 hækkun um 3,25% þann 1. apríl 2024, 3,5% 1. apríl 2025, 3,5% 1. apríl 2026 og 3,5% 1. apríl 2027. Bókun 9 Sérfræðiráðgjöf á bakvakt Samningsaðilar eru sammál"
hjukrun,Félag íslenskra hjúkrunarfræðinga,hjukrun/Z1ljF5bqstJ98TMw_Kjarasamningur_SNS_Fíhj_2024-2028_LOK.pdf,SAMBANDS ÍSLENSKRA SVEITARFÉLAGA F.H. ÞEIRRA SVEITARFÉLAGA,ANNARRA AÐILA,aðilar úr skjali,2024-04-01,2025-03-31,2024-04-01,prósenta eða krónutala,3.25,23750,launatafla,úr texta,"l 2025 til 31. mars 2026. Launatafla 3: Gildir frá 1. apríl 2026 til 31. mars 2027. Launatafla 4: Gildir frá 1. apríl 2027 til 31. mars 2028. Mánaðarlaun hækka sem hér segir á samningstímanum: 1. apríl 2024: 23.750 kr. eða að lágmarki um 3,25% sbr. launatöflu 1. 1. apríl 2025: 23.750 kr. eða að lágmarki um 3,50% sbr. launatöflu 2. 1. apríl 2026: 23.750 kr. eða að lágmarki um 3,50"
hjukrun,Félag íslenskra hjúkrunarfræðinga,hjukrun/Z1ljF5bqstJ98TMw_Kjarasamningur_SNS_Fíhj_2024-2028_LOK.pdf,SAMBANDS ÍSLENSKRA SVEITARFÉLAGA F.H. ÞEIRRA SVEITARFÉLAGA,ANNARRA AÐILA,aðilar úr skjali,2024-04-01,2025-03-31,2024-04-01,prósenta,3.5,,óskilgreint,úr texta,"inu beitt, skal tryggt að málsmeðferð og ákvörðun um greiðslu annarra launa byggi á málefnalegum sjónarmiðum og feli ekki í sér kynbundna mismunun. Á samningstímanum hækka önnur laun um 3,25% þann 1. apríl 2024, 3,5% 1. apríl 2025, 3,5% 1. apríl 2026 og 3,5% 1. apríl 2027. Heimildarákvæðinu um önnur laun er t.d ætlað að styðja við fr"
hjukrun,Félag íslenskra hjúkrunarfræðinga,hjukrun/Z2FUwpbqstJ98l0R_2024-12-05fíh_sfvkálfur_loka.pdf,"aðila , framlengist frá 1. apríl 2024 til 31. mars 2028 með þeim breytingum",fyrirvör,aðilar úr skjali,,,2024-04-01,prósenta,3.5,,óskilgreint,úr texta,"annars þar sem forsendur að baki þeim geta tekið breytingum að efni og umfangi. Þrátt fyrir ofangreint eru aðilar sammála um að á samningstímanum taki önnur laun skv. gr. 1.1.1 hækkun um 3,25% þann 1. apríl 2024, 3,5% 1. apríl 2025, 3,5% 1. apríl 2026 og 3,5% 1. apríl 2027. Bókun 9 Sérfræðiráðgjöf á bakvakt Samningsaðilar eru sammál"
matvis,MATVÍS,matvis/matvis_2024-2028_heildarkjarasamningur_lok.pdf,SAMBANDS ÍSLENSKRA SVEITARFÉLAGA F.H. ÞEIRRA SVEITARFÉLAGA,ANNARRA AÐILA SEM ÞAÐ HEFUR,aðilar úr skjali,2024-01-01,2028-12-31,2024-04-01,prósenta eða krónutala,3.25,23750,launatafla,úr texta,"íl 2025 til 31. mars 2026. Launatafla 3: Gildir frá 1. apríl 2026 til 31. mars 2027. Launatafla 4: Gildir frá 1. apríl 2027 til 31. mars 2028. Mánaðarlaun hækka sem hér segir á samningstímanum: 1. apríl 2024: 23.750 kr. eða að lágmarki um 3,25% sbr. launatöflu 1. 1. apríl 2025: 23.750 kr. eða að lágmarki um 3,50% sbr. launatöflu 2. 1. apríl 2026: 23.750 kr. eða að lágmarki um 3,50"
reykjavik,Reykjavíkurborg,reykjavik/heildarkjarasamningur-fih-og-rvk_2024-2028.pdf,Félags íslenskra hjúkrunarfræðinga,Reykjavíkurborgar,aðilar úr skjali,2024-04-01,2028-03-31,2024-04-01,prósenta eða krónutala,3.25,23750,almenn laun,úr texta,"unatöflum í fylgiskjali VI þar sem mánaðarlaun taka eftirfarandi hlutfallshækkunum með krónutöluhækkun að lágmarki á samningstímanum. Með mánaðarlaunum er átt við föst mánaðarlaun fyrir dagvinnu. 1. apríl 2024: 3,25% eða 23.750 kr. 1. apríl 2025: 3,50% eða 23.750 kr. 1. apríl 2026: 3,50% eða 23.750 kr. 1. apríl 2027: 3,50% eða 23.750 kr. Persónuál"
reykjavik,Reykjavíkurborg,reykjavik/heildarkjarasamningur-fih-og-rvk_2024-2028.pdf,Félags íslenskra hjúkrunarfræðinga,Reykjavíkurborgar,aðilar úr skjali,2024-04-01,2028-03-31,2024-04-01,prósenta,3.5,,óskilgreint,úr texta,"rs þar sem forsendur að baki þeirra geta tekið breytingum, að efni og umfangi. Þrátt fyrir ofangreint eru aðilar sammála um að á samningstímanum taki önnur laun skv. gr. 1.1.3 hækkun um 3,25% þann 1. apríl 2024, 3,5% 1. apríl 2025, 3,5% 1. apríl 2026 og 3,5% 1. apríl 2027. Bókun 5 Viðmið um vinnuskil í vaktavinnu Fulltrúar Reykjaví"
reykjavik,Reykjavíkurborg,reykjavik/kalfur-rvk-og-fin-14.1.2025_loka.pdf,aðila ásamt bókunum,fylgiskjöl,aðilar úr skjali,,,2024-04-01,prósenta eða krónutala,3.25,23750,launatafla,úr texta,"v. meðfylgjandi launatöflu þar sem mánaðarlaun taka eftirfarandi hlutfallshækkunum með krónutöluhækkun að lágmarki á samningstímanum. Með mánaðarlaunum er átt við föst mánaðarlaun fyrir dagvinnu. 1.apríl 2024 3,25% eða 23.750 kr. 1.apríl 2025 3,50% eða 23.750 kr. 1.apríl 2026 3,50% eða 23.750 kr. 1.apríl 2027 3,50% eða 23.750 kr. Persónuál"
reykjavik,Reykjavíkurborg,reykjavik/kalfur-rvk-og-fin-14.1.2025_loka.pdf,aðila ásamt bókunum,fylgiskjöl,aðilar úr skjali,,,2024-04-01,prósenta,3.5,,óskilgreint,úr texta,"rs þar sem forsendur að baki þeirra geta tekið breytingum, að efni og umfangi. Þrátt fyrir ofangreint eru aðilar sammála um að á samningstímanum taki önnur laun skv. gr. 1.1.3 hækkun um 3,25% þann 1. apríl 2024, 3,5% 1. apríl 2025, 3,5% 1. apríl 2026 og 3,5% 1. apríl 2027. Bókun 5 Starfsmatskerfið SAMSTARF Samningsaðilar eru sammál"
reykjavik,Reykjavíkurborg,reykjavik/kalfur-rvk-rafidn-loka.pdf,aðila ásamt bókunum,fylgiskjöl,aðilar úr skjali,,,2024-04-01,prósenta eða krónutala,3.25,23750,launatafla,úr texta,"v. meðfylgjandi launatöflu þar sem mánaðarlaun taka eftirfarandi hlutfallshækkunum með krónutöluhækkun að lágmarki á samningstímanum. Með mánaðarlaunum er átt við föst mánaðarlaun fyrir dagvinnu. 1.apríl 2024 3,25% eða 23.750 kr. 1.apríl 2025 3,50% eða 23.750 kr. 1.apríl 2026 3,50% eða 23.750 kr. 1.apríl 2027 3,50% eða 23.750 kr. Persónuál"
reykjavik,Reykjavíkurborg,reykjavik/kalfur-rvk-rafidn-loka.pdf,aðila ásamt bókunum,fylgiskjöl,aðilar úr skjali,,,2024-04-01,prósenta,3.5,,óskilgreint,úr texta,"rs þar sem forsendur að baki þeirra geta tekið breytingum, að efni og umfangi. Þrátt fyrir ofangreint eru aðilar sammála um að á samningstímanum taki önnur laun skv. gr. 1.1.3 hækkun um 3,25% þann 1. apríl 2024, 3,5% 1. apríl 2025, 3,5% 1. apríl 2026 og 3,5% 1. apríl 2027. Bókun 5 Starfsmatskerfið SAMSTARF Samningsaðilar eru sammál"
reykjavik,Reykjavíkurborg,reykjavik/kalfur-rvk-samband-stjornendafelaga_loka.pdf,aðila ásamt bókunum,fylgiskjöl,aðilar úr skjali,,,2024-04-01,prósenta eða krónutala,3.25,23750,launatafla,úr texta,"v. meðfylgjandi launatöflu þar sem mánaðarlaun taka eftirfarandi hlutfallshækkunum með krónutöluhækkun að lágmarki á samningstímanum. Með mánaðarlaunum er átt við föst mánaðarlaun fyrir dagvinnu. 1.apríl 2024 3,25% eða 23.750 kr. 1.apríl 2025 3,50% eða 23.750 kr. 1.apríl 2026 3,50% eða 23.750 kr. 1.apríl 2027 3,50% eða 23.750 kr. Persónuál"
reykjavik,Reykjavíkurborg,reykjavik/kalfur-rvk-samband-stjornendafelaga_loka.pdf,aðila ásamt bókunum,fylgiskjöl,aðilar úr skjali,,,2024-04-01,prósenta,3.5,,óskilgreint,úr texta,"rs þar sem forsendur að baki þeirra geta tekið breytingum, að efni og umfangi. Þrátt fyrir ofangreint eru aðilar sammála um að á samningstímanum taki önnur laun skv. gr. 1.1.3 hækkun um 3,25% þann 1. apríl 2024, 3,5% 1. apríl 2025, 3,5% 1. apríl 2026 og 3,5% 1. apríl 2027. Bókun 5 Starfsmatskerfið SAMSTARF Samningsaðilar eru sammál"
reykjavik,Reykjavíkurborg,reykjavik/kalfur-rvk-sameyki-loka.pdf,aðila ásamt bókunum,fylgiskjöl,aðilar úr skjali,,,2024-04-01,prósenta eða krónutala,3.25,23750,launatafla,úr texta,"v. meðfylgjandi launatöflu þar sem mánaðarlaun taka eftirfarandi hlutfallshækkunum með krónutöluhækkun að lágmarki á samningstímanum. Með mánaðarlaunum er átt við föst mánaðarlaun fyrir dagvinnu. 1.apríl 2024 3,25% eða 23.750 kr. 1.apríl 2025 3,50% eða 23.750 kr. 1.apríl 2026 3,50% eða 23.750 kr. 1.apríl 2027 3,50% eða 23.750 kr. Persónuál"
reykjavik,Reykjavíkurborg,reykjavik/kalfur-rvk-sameyki-loka.pdf,aðila ásamt bókunum,fylgiskjöl,aðilar úr skjali,,,2024-04-01,prósenta,3.5,,óskilgreint,úr texta,"rs þar sem forsendur að baki þeirra geta tekið breytingum, að efni og umfangi. Þrátt fyrir ofangreint eru aðilar sammála um að á samningstímanum taki önnur laun skv. gr. 1.1.3 hækkun um 3,25% þann 1. apríl 2024, 3,5% 1. apríl 2025, 3,5% 1. apríl 2026 og 3,5% 1. apríl 2027. Bókun 5 Viðmið um vinnuskil í vaktavinnu Fulltrúar Reykjaví"
reykjavik,Reykjavíkurborg,reykjavik/kalfur-rvk-sameyki-loka.pdf,aðila ásamt bókunum,fylgiskjöl,aðilar úr skjali,,,2024-04-01,prósenta,3.25,,óskilgreint,úr texta,"3 í kjarasamningi aðila, lækkar fjárhæðin sem því nemur. 2. Hækkun annarra launa: Önnur laun skv. gr. 1.1.3. í kjarasamningunum taka þeim hækkunum sem tilgreindir eru í kjarasamningi aðila frá 1. apríl 2024. 3,25% 1. apríl 2024, 3,5% 1. aprí 2025, 2026 og 2027. 3. Fastar greiðslur til starfsfólks leikskóla og dagvinnustarfsfól"
reykjavik,Reykjavíkurborg,reykjavik/kalfur-rvk-samidn-til-undirritunar.pdf,aðila ásamt bókunum,fylgiskjöl,aðilar úr skjali,,,2024-04-01,prósenta eða krónutala,3.25,23750,launatafla,úr texta,"v. meðfylgjandi launatöflu þar sem mánaðarlaun taka eftirfarandi hlutfallshækkunum með krónutöluhækkun að lágmarki á samningstímanum. Með mánaðarlaunum er átt við föst mánaðarlaun fyrir dagvinnu. 1.apríl 2024 3,25% eða 23.750 kr. 1.apríl 2025 3,50% eða 23.750 kr. 1.apríl 2026 3,50% eða 23.750 kr. 1.apríl 2027 3,50% eða 23.750 kr. Persónuál"
reykjavik,Reykjavíkurborg,reykjavik/kalfur-rvk-samidn-til-undirritunar.pdf,aðila ásamt bókunum,fylgiskjöl,aðilar úr skjali,,,2024-04-01,prósenta,3.5,,óskilgreint,úr texta,"rs þar sem forsendur að baki þeirra geta tekið breytingum, að efni og umfangi. Þrátt fyrir ofangreint eru aðilar sammála um að á samningstímanum taki önnur laun skv. gr. 1.1.3 hækkun um 3,25% þann 1. apríl 2024, 3,5% 1. apríl 2025, 3,5% 1. apríl 2026 og 3,5% 1. apríl 2027. Bókun 5 Starfsmatskerfið SAMSTARF Samningsaðilar eru sammál"
reykjavik,Reykjavíkurborg,reykjavik/kalfur-st-rvk-loka.pdf,aðila ásamt bókunum,fylgiskjöl,aðilar úr skjali,,,2024-04-01,prósenta eða krónutala,3.25,23750,launatafla,úr texta,"v. meðfylgjandi launatöflu þar sem mánaðarlaun taka eftirfarandi hlutfallshækkunum með krónutöluhækkun að lágmarki á samningstímanum. Með mánaðarlaunum er átt við föst mánaðarlaun fyrir dagvinnu. 1.apríl 2024 3,25% eða 23.750 kr. 1.apríl 2025 3,50% eða 23.750 kr. 1.apríl 2026 3,50% eða 23.750 kr. 1.apríl 2027 3,50% eða 23.750 kr. Persónuál"
reykjavik,Reykjavíkurborg,reykjavik/kalfur-st-rvk-loka.pdf,aðila ásamt bókunum,fylgiskjöl,aðilar úr skjali,,,2024-04-01,prósenta,3.5,,óskilgreint,úr texta,"rs þar sem forsendur að baki þeirra geta tekið breytingum, að efni og umfangi. Þrátt fyrir ofangreint eru aðilar sammála um að á samningstímanum taki önnur laun skv. gr. 1.1.3 hækkun um 3,25% þann 1. apríl 2024, 3,5% 1. apríl 2025, 3,5% 1. apríl 2026 og 3,5% 1. apríl 2027. Bókun 5 Starfsmatskerfið SAMSTARF Samningsaðilar eru sammál"
reykjavik,Reykjavíkurborg,reykjavik/kalfur_-_rvk_og_fi_10.1.2025_loka.pdf,aðila ásamt bókunum,fylgiskjöl,aðilar úr skjali,,,2024-04-01,prósenta eða krónutala,3.25,23750,launatafla,úr texta,"v. meðfylgjandi launatöflu þar sem mánaðarlaun taka eftirfarandi hlutfallshækkunum með krónutöluhækkun að lágmarki á samningstímanum. Með mánaðarlaunum er átt við föst mánaðarlaun fyrir dagvinnu. 1.apríl 2024 3,25% eða 23.750 kr. 1.apríl 2025 3,50% eða 23.750 kr. 1.apríl 2026 3,50% eða 23.750 kr. 1.apríl 2027 3,50% eða 23.750 kr. Persónuál"
reykjavik,Reykjavíkurborg,reykjavik/kalfur_-_rvk_og_fi_10.1.2025_loka.pdf,aðila ásamt bókunum,fylgiskjöl,aðilar úr skjali,,,2024-04-01,prósenta,3.5,,óskilgreint,úr texta,"rs þar sem forsendur að baki þeirra geta tekið breytingum, að efni og umfangi. Þrátt fyrir ofangreint eru aðilar sammála um að á samningstímanum taki önnur laun skv. gr. 1.1.3 hækkun um 3,25% þann 1. apríl 2024, 3,5% 1. apríl 2025, 3,5% 1. apríl 2026 og 3,5% 1. apríl 2027. Bókun 5 Starfsmatskerfið SAMSTARF Samningsaðilar eru sammál"
reykjavik,Reykjavíkurborg,reykjavik/kalfur_-_rvk_og_fi_10.1.2025_loka.pdf,aðila ásamt bókunum,fylgiskjöl,aðilar úr skjali,,,2024-04-01,prósenta,1.6,,launatafla,úr texta,"hliða hækkun á launatöflu. Niðurstaða kosningar verður bindandi fyrir allt félagsfólk og mun gilda frá 1. apríl 2027. Fylgiskjal - Launatöflur á samningstímanum Launatafla 1 Gildir frá 1. apríl 2024 Lfl. Grunnþr. 1,60% 3,20% 4,80% 6,40% 8,00% 9,60% 11,20% 12,80% 14,40% 16,00% 214 395.222 215 404.286 216 418.899 217 434.571 441.524 448.477 45"
reykjavik,Reykjavíkurborg,reykjavik/kalfur_-_rvk_og_ii_10.1.2025_loka.pdf,aðila ásamt bókunum,fylgiskjöl,aðilar úr skjali,,,2024-04-01,prósenta eða krónutala,3.25,23750,launatafla,úr texta,"v. meðfylgjandi launatöflu þar sem mánaðarlaun taka eftirfarandi hlutfallshækkunum með krónutöluhækkun að lágmarki á samningstímanum. Með mánaðarlaunum er átt við föst mánaðarlaun fyrir dagvinnu. 1.apríl 2024 3,25% eða 23.750 kr. 1.apríl 2025 3,50% eða 23.750 kr. 1.apríl 2026 3,50% eða 23.750 kr. 1.apríl 2027 3,50% eða 23.750 kr. Persónuál"
reykjavik,Reykjavíkurborg,reykjavik/kalfur_-_rvk_og_ii_10.1.2025_loka.pdf,aðila ásamt bókunum,fylgiskjöl,aðilar úr skjali,,,2024-04-01,prósenta,3.5,,óskilgreint,úr texta,"rs þar sem forsendur að baki þeirra geta tekið breytingum, að efni og umfangi. Þrátt fyrir ofangreint eru aðilar sammála um að á samningstímanum taki önnur laun skv. gr. 1.1.3 hækkun um 3,25% þann 1. apríl 2024, 3,5% 1. apríl 2025, 3,5% 1. apríl 2026 og 3,5% 1. apríl 2027. Bókun 5 Starfsmatskerfið SAMSTARF Samningsaðilar eru sammál"
reykjavik,Reykjavíkurborg,reykjavik/kalfur_-_rvk_og_si_10.1.2025_loka.pdf,aðila ásamt bókunum,fylgiskjöl,aðilar úr skjali,,,2024-04-01,prósenta eða krónutala,3.25,23750,launatafla,úr texta,"v. meðfylgjandi launatöflu þar sem mánaðarlaun taka eftirfarandi hlutfallshækkunum með krónutöluhækkun að lágmarki á samningstímanum. Með mánaðarlaunum er átt við föst mánaðarlaun fyrir dagvinnu. 1.apríl 2024 3,25% eða 23.750 kr. 1.apríl 2025 3,50% eða 23.750 kr. 1.apríl 2026 3,50% eða 23.750 kr. 1.apríl 2027 3,50% eða 23.750 kr. Persónuál"
reykjavik,Reykjavíkurborg,reykjavik/kalfur_-_rvk_og_si_10.1.2025_loka.pdf,aðila ásamt bókunum,fylgiskjöl,aðilar úr skjali,,,2024-04-01,prósenta,3.5,,óskilgreint,úr texta,"rs þar sem forsendur að baki þeirra geta tekið breytingum, að efni og umfangi. Þrátt fyrir ofangreint eru aðilar sammála um að á samningstímanum taki önnur laun skv. gr. 1.1.3 hækkun um 3,25% þann 1. apríl 2024, 3,5% 1. apríl 2025, 3,5% 1. apríl 2026 og 3,5% 1. apríl 2027. Bókun 5 Starfsmatskerfið SAMSTARF Samningsaðilar eru sammál"
reykjavik,Reykjavíkurborg,reykjavik/kalfur_-_rvk_og_si_10.1.2025_loka.pdf,aðila ásamt bókunum,fylgiskjöl,aðilar úr skjali,,,2024-04-01,prósenta,1.6,,launatafla,úr texta,"iða hækkun á launatöflu. Niðurstaða kosningar verður bindandi fyrir allt félagsfólk og mun gilda frá 1. apríl 2027. Fylgiskjal - Launatöflur á samningstímanum Launatafla 1 Gildir frá 1. apríl 2024 Lfl. Grunnþr. 1,60% 3,20% 4,80% 6,40% 8,00% 9,60% 11,20% 12,80% 14,40% 16,00% 214 395.222 215 404.286 216 418.899 217 434.571 441.524 448.477 45"
reykjavik,Reykjavíkurborg,reykjavik/kalfur_-_rvk_og_stettarfelag_logfraedinga_loka_13.1.2025.pdf,aðila ásamt bókunum,fylgiskjöl,aðilar úr skjali,,,2024-04-01,prósenta eða krónutala,3.25,23750,launatafla,úr texta,"v. meðfylgjandi launatöflu þar sem mánaðarlaun taka eftirfarandi hlutfallshækkunum með krónutöluhækkun að lágmarki á samningstímanum. Með mánaðarlaunum er átt við föst mánaðarlaun fyrir dagvinnu. 1.apríl 2024 3,25% eða 23.750 kr. 1.apríl 2025 3,50% eða 23.750 kr. 1.apríl 2026 3,50% eða 23.750 kr. 1.apríl 2027 3,50% eða 23.750 kr. Persónuál"
reykjavik,Reykjavíkurborg,reykjavik/kalfur_-_rvk_og_stettarfelag_logfraedinga_loka_13.1.2025.pdf,aðila ásamt bókunum,fylgiskjöl,aðilar úr skjali,,,2024-04-01,prósenta,3.5,,óskilgreint,úr texta,"rs þar sem forsendur að baki þeirra geta tekið breytingum, að efni og umfangi. Þrátt fyrir ofangreint eru aðilar sammála um að á samningstímanum taki önnur laun skv. gr. 1.1.3 hækkun um 3,25% þann 1. apríl 2024, 3,5% 1. apríl 2025, 3,5% 1. apríl 2026 og 3,5% 1. apríl 2027. Bókun 5 Starfsmatskerfið SAMSTARF Samningsaðilar eru sammál"
reykjavik,Reykjavíkurborg,reykjavik/kalfur_-_rvk_og_thi_10.1.2025_loka.pdf,aðila ásamt bókunum,fylgiskjöl,aðilar úr skjali,,,2024-04-01,prósenta eða krónutala,3.25,23750,launatafla,úr texta,"v. meðfylgjandi launatöflu þar sem mánaðarlaun taka eftirfarandi hlutfallshækkunum með krónutöluhækkun að lágmarki á samningstímanum. Með mánaðarlaunum er átt við föst mánaðarlaun fyrir dagvinnu. 1.apríl 2024 3,25% eða 23.750 kr. 1.apríl 2025 3,50% eða 23.750 kr. 1.apríl 2026 3,50% eða 23.750 kr. 1.apríl 2027 3,50% eða 23.750 kr. Persónuál"
reykjavik,Reykjavíkurborg,reykjavik/kalfur_-_rvk_og_thi_10.1.2025_loka.pdf,aðila ásamt bókunum,fylgiskjöl,aðilar úr skjali,,,2024-04-01,prósenta,3.5,,óskilgreint,úr texta,"rs þar sem forsendur að baki þeirra geta tekið breytingum, að efni og umfangi. Þrátt fyrir ofangreint eru aðilar sammála um að á samningstímanum taki önnur laun skv. gr. 1.1.3 hækkun um 3,25% þann 1. apríl 2024, 3,5% 1. apríl 2025, 3,5% 1. apríl 2026 og 3,5% 1. apríl 2027. Bókun 5 Starfsmatskerfið SAMSTARF Samningsaðilar eru sammál"
sameyki,Sameyki stéttarfélag í almannaþjónustu,sameyki/''2025-02-28-Heildarkjarasamningur-Sameyki-gildistími 1. nóv 2024-LOK.pdf,Sameykis – stéttarfélags í almannaþjónustu,fjármála- og efnahagsráðherra f.h. ríkissjóðs,aðilar úr skjali,,,2024-04-01,prósenta,3.5,,óskilgreint,úr texta,"þar sem forsendur að baki þeirra geta tekið breytingum, að efni og umfangi Þrátt fyrir ofangreint eru aðilar sam mála um að á samningstímanum taki önnur laun skv. gr. 1.1.3 hækkun um 3,25% þann 1. apríl 2024, 3,5% 1. apríl 2025, 3,5% 1. apríl 2026 og 3,5% 1. apríl 2027. Síða 48 af 60 Bókanir með samkomulagi fjármála- og efnah"
sameyki,Sameyki stéttarfélag í almannaþjónustu,sameyki/''FÉLAGSBÚSTAÐIR - Sameyki uppfærsla loka 24.6.2026.pdf,Félagsbústaða hf,Sameykis - stéttarfélags í almannaþjónustu,aðilar úr skjali,,,2024-04-01,prósenta eða krónutala,3.25,23750,launatafla,úr texta,"meðfylgjandi launatöflu þar sem mánaðarlaun taka eftirfarandi hlutfallshækkunum með krónutöluhækkun að lágmarki á samningstímanum. Með mánaðarlaunum er átt við föst mánaðarlaun fyrir dagvinnu. 1.apríl 2024 3,25% eða 23.750 kr. 1.apríl 2025 3,50% eða 23.750 kr. 1.apríl 2026 3,50% eða 23.750 kr. 1.apríl 2027 3,50% eða 23.750 kr. Launatöflu"
sameyki,Sameyki stéttarfélag í almannaþjónustu,sameyki/''Kjarasamningur_BSRB_13.júní2024_Leidr14.juni2024_LOK_m_yfirlysingu_undirritad.pdf,,,aðeins heimild,2024-04-01,2025-03-31,2024-04-01,prósenta eða krónutala,3.25,23750,launatafla,úr texta,"íl 2025 til 31. mars 2026. Launatafla 3: Gildir frá 1. apríl 2026 til 31. mars 2027. Launatafla 4: Gildir frá 1. apríl 2027 til 31. mars 2028. Mánaðarlaun hækka sem hér segir á samningstímanum: 1. apríl 2024: 23.750 kr. eða að lágmarki um 3,25% sbr. launatöflu 1. 1. apríl 2025: 23.750 kr. eða að lágmarki um 3,50% sbr. launatöflu 2. 1. apríl 2026: 23.750 kr. eða að lágmarki um 3,50"
samidn,Samiðn,samidn/Heildarkjarasamningur-Samidnar-og-Reykjavikurborgar-2024-2028.pdf,Reykjavíkurborgar,Samiðnar – sambands iðnfélaga,aðilar úr skjali,2024-01-01,2028-12-31,2024-04-01,prósenta eða krónutala,3.25,23750,almenn laun,úr texta,"natöflum í fylgiskjali IV þar sem mánaðarlaun taka eftirfarandi hlutfallshækkunum með krónutöluhækkun að lágmarki á samningstímanum. Með mánaðarlaunum er átt við föst mánaðarlaun fyrir dagvinnu.: 1.apríl 2024 3,25% eða 23.750 kr. 1.apríl 2025 3,50% eða 23.750 kr. 1.apríl 2026 3,50% eða 23.750 kr. 1.apríl 2027 3,50% eða 23.750 kr. Persónuálag"
samidn,Samiðn,samidn/Heildarkjarasamningur-Samidnar-og-Reykjavikurborgar-2024-2028.pdf,Reykjavíkurborgar,Samiðnar – sambands iðnfélaga,aðilar úr skjali,2024-01-01,2028-12-31,2024-04-01,prósenta,3.5,,óskilgreint,úr texta,"rs þar sem forsendur að baki þeirra geta tekið breytingum, að efni og umfangi. Þrátt fyrir ofangreint eru aðilar sammála um að á samningstímanum taki önnur laun skv. gr. 1.1.3 hækkun um 3,25% þann 1. apríl 2024, 3,5% 1. apríl 2025, 3,5% 1. apríl 2026 og 3,5% 1. apríl 2027. Bókun 5 Starfsmatskerfið SAMSTARF Samningsaðilar eru sammál"
samidn,Samiðn,samidn/Kjarasamningur_SAMIDN-SNS-V-STRAETO_LOK.pdf,SAMBANDS ÍSLENSKRA SVEITARFÉLAGA,SAMIÐNAR,aðilar úr skjali,,,2024-04-01,prósenta eða krónutala,3.25,23750,launatafla,úr texta,"2025 til 31. mars 2026. Launatafla 3: Gildir frá 1. apríl 2026 til 31. mars 2027. Launatafla 4: Gildir frá 1. apríl 2027 til 31. mars 2028. Mánaðarlaun hækka sem hér segir á samningstímanum: 1. apríl 2024: 23.750 kr. eða að lágmarki um 3,25% sbr. launatöflu 1. 1. apríl 2025: 23.750 kr. eða að lágmarki um 3,50% sbr. launatöflu 2. 1. apríl 2026: 23.750 kr. eða að lágmarki um 3,50"
samidn,Samiðn,samidn/Kjarasamningur_SAMIDN-SNS-V-STRAETO_LOK.pdf,SAMBANDS ÍSLENSKRA SVEITARFÉLAGA,SAMIÐNAR,aðilar úr skjali,,,2024-04-01,prósenta,3.5,,óskilgreint,úr texta,"nu beitt, skal tryggt að málsmeðferð og ákvörðun um greiðslu annarra launa byggi á málefnalegum sjónarmiðum og feli ekki í sér kynbundna mismunun. Á samningstímanum hækka önnur laun um 3,25% þann 1. apríl 2024, 3,5% 1. apríl 2025, 3,5% 1. apríl 2026 og 3,5% 1. apríl 2027. Heimildarákvæðinu er ætlað að styðja við þær breytingar sem l"
sgs,Starfsgreinasamband Íslands,sgs/glaerukynning-um-nyjan-kjarasamning-sgs-og-rikisins.pdf,,,aðeins heimild,2024-04-01,2028-03-31,2024-04-01,prósenta eða krónutala,3.25,26900,launatafla,úr texta,".4.2024 – 3,25% eða 23.750 kr. • 1.4.2025 – 3.50% eða 23.750 kr. • 1.4.2026 – 3.50% eða 23.750 kr. • 1.4.2027 – 3.50% eða 23.750 kr. Launahækkanir Gildistími hækkunar Hækkun grunnþreps í launatöflu 1. apríl 2024 26.900 kr. þó að lágmarki 3,25% 1. apríl 2025 23.750 kr. þó að lágmarki 3,50% 1. apríl 2026 23.750 kr. þó að lágmarki 3,50% 1. apríl 2027 23.750 kr. þ"
sgs,Starfsgreinasamband Íslands,sgs/glaerukynning-um-nyjan-kjarasamning-sgs-og-rikisins.pdf,,,aðeins heimild,2024-04-01,2028-03-31,2024-04-01,prósenta,2.5,,launatafla,úr texta,"nýjar launatöflur þar sem krónutöluhækkun leggst á grunnþrep í hverjum launaflokki. • Laun í grunnþrepi hækka um 98.150 kr. á samningstímanum. • Bil milli þrepa haldast óbreytt. Launahækkanir frá 1. apríl 2024 2,5% 5,0% 7,5% 10,0% 12,5% 15,0% 17,5% 20,0% 0 1 2 3 4 5 6 7 8 7 454.261 465.618 476.974 488.331 499.688 511.043 522.400 533.757 545.113 8 462.247 473.803 485.360 496.916 508.472 520.027 531"
sgs,Starfsgreinasamband Íslands,sgs/glaerukynning-um-nyjan-kjarasamning-sgs-og-sveitarfelaganna.pdf,,,aðeins heimild,2024-04-01,2028-03-31,2024-04-01,prósenta,2.0,,almenn laun,úr texta,"0 1.104.333 1.125.987 1.147.640 1.169.294 1.190.947 1.212.601 1.234.255 1.255.908 200 1.096.657 1.118.590 1.140.523 1.162.456 1.184.389 1.206.322 1.228.255 1.250.189 1.272.122 Hækkun mánaðarlauna frá 1. apríl 2024 Lfl 2% 4% 6% 8% 10% 12% 14% 16,0% 118 459.851 469.048 478.245 487.442 496.639 505.836 515.033 524.230 533.427 121 470.752 480.167 489.582 498.997 508.412 517.827 527.242 536.657 546.072 "
sgs,Starfsgreinasamband Íslands,sgs/glaerukynning-um-nyjan-kjarasamning-sgs-og-sveitarfelaganna.pdf,,,aðeins heimild,2024-04-01,2028-03-31,2024-04-01,prósenta,3.5,,launatafla,úr texta,".040 6.252 6.470 6.697 391 399 130 2.685 2.778 2.876 2.976 STARFSMATSSTIG OG LAUNAFLOKKAR SÉRSTAKAR GREIÐSLUR LÆGSTU LAUNA Á MÁNUÐI GILDISTÍMI: • Sérstakar greiðslur lægstu launa hækka um 3,25% frá 1. apríl 2024 og svo um 3,50% 1. apríl árlega út samningstímann. STARFSHEITI Frá 1. apríl 2024 til 31. mars 2025 Frá 1. apríl 2025 til 31. mars 202"
sgs,Starfsgreinasamband Íslands,sgs/helstu-atridi-um-kjarasamning-sgs-og-rikisins-2024-2028.pdf,,,aðeins heimild,2024-04-01,2028-03-31,2024-04-01,prósenta með krónutölulágmarki,3.25,26900,launatafla,úr texta,"Gildistími hækkunar Hækkun grunnþreps í launatöflu 1. apríl 2024 26.900 kr. þó að lágmarki 3,25% 1. apríl 2025 23.750 kr. þó að lágmarki 3,50% 1. apríl 2026 23.750 kr. þó að lágmarki 3,50% 1. apríl 2027 23.750 kr. þó"
sgs,Starfsgreinasamband Íslands,sgs/helstu-atridi-um-kjarasamning-sgs-og-rikisins-2024-2028.pdf,,,aðeins heimild,2024-04-01,2028-03-31,2024-04-01,prósenta með krónutölulágmarki,3.5,23750,launatafla,úr texta,"ími hækkunar Hækkun grunnþreps í launatöflu 1. apríl 2024 26.900 kr. þó að lágmarki 3,25% 1. apríl 2025 23.750 kr. þó að lágmarki 3,50% 1. apríl 2026 23.750 kr. þó að lágmarki 3,50% 1. apríl 2027 23.750 kr. þó að lágmarki 3,50% kjarasamning SGS og ríkisins Samningurinn gildir frá 1. apríl 2024 til 31. mars 2028. Með kjarasamningnum fylgja nýjar launatöflur sem gilda afturvirkt frá 1. apríl 2024. S"
sgs,Starfsgreinasamband Íslands,sgs/helstu-atridi-um-kjarasamning-sgs-og-rikisins-2024-2028.pdf,,,aðeins heimild,2024-04-01,2028-03-31,2024-04-01,prósenta,6.2,,launatafla,úr texta,"starf 64.000 kr. Launahækkanir koma til áhrifa á fjórum dagsetningum með árs millibili á samningstímanum. Nánari upplýsingar á SGS.IS Dæmi um hækkanir Launaflokkur: 8 Laun áður: 467.998 kr. Laun frá 1. apríl 2024: 496.916 kr. Hækkun í krónutölum: 28.918 kr. Prósentuhækkun: 6,2% Starfshlutfall: 100% Dæmi 1 Þrep: 3 Launaflokkur: 12 Laun áður: 492.719 kr. Laun frá 1. apríl 2024: 520.964 kr. Hækkun í "
sgs,Starfsgreinasamband Íslands,sgs/helstu-atridi-um-kjarasamning-sgs-og-rikisins-2024-2028.pdf,,,aðeins heimild,2024-04-01,2028-03-31,2024-04-01,prósenta,5.7,,launatafla,úr texta,"8 Laun áður: 467.998 kr. Laun frá 1. apríl 2024: 496.916 kr. Hækkun í krónutölum: 28.918 kr. Prósentuhækkun: 6,2% Starfshlutfall: 100% Dæmi 1 Þrep: 3 Launaflokkur: 12 Laun áður: 492.719 kr. Laun frá 1. apríl 2024: 520.964 kr. Hækkun í krónutölum: 28.245 kr. Prósentuhækkun: 5,7% Starfshlutfall: 100% Dæmi 2 Þrep: 2 Laun í lok samningstíma: 573.509 kr. Laun í lok samningstíma: 595.776 kr."
sgs,Starfsgreinasamband Íslands,sgs/helstu-atridi-um-kjarasamning-sgs-og-sveitarfelaganna-2024-2028.pdf,,,aðeins heimild,2024-04-01,2028-03-31,2024-04-01,prósenta með krónutölulágmarki,3.25,23750,launatafla,úr texta,"Gildistími hækkunar Hækkun grunnþreps í launatöflu 1. apríl 2024 23.750 kr. þó að lágmarki 3,25% 1. apríl 2025 23.750 kr. þó að lágmarki 3,50% 1. apríl 2026 23.750 kr. þó að lágmarki 3,50% 1. apríl 2027 23.750 kr. þó"
sgs,Starfsgreinasamband Íslands,sgs/helstu-atridi-um-kjarasamning-sgs-og-sveitarfelaganna-2024-2028.pdf,,,aðeins heimild,2024-04-01,2028-03-31,2024-04-01,prósenta,3.5,,óskilgreint,úr texta,"Sérstakar greiðslur lægstu launa hækka um 3,25% frá 1. apríl 2024 og svo um 3,50% 1. apríl árlega út samningstímann. Viðbótarlaun á einstök starfsheiti í leikskóla og heimaþjónustu hækka um 3,25% frá 1. apríl 2024 og svo um 3,50% 1. apríl árlega út samningstímann. Frá 1. ágúst 2024 greiðast viðbótarlaun einnig á einstök starfsheiti í grunnskóla. Fr"
sgs,Starfsgreinasamband Íslands,sgs/helstu-atridi-um-kjarasamning-sgs-og-sveitarfelaganna-2024-2028.pdf,,,aðeins heimild,2024-04-01,2028-03-31,2024-04-01,prósenta,5.14,,launatafla,úr texta,"0 20,39% 130 481.940 576.940 95.000 19,71% 133 494.371 589.371 95.000 19,22% Hækkun grunnlauna á samningstímanum Launaflokkur: 125 Laun áður: 499.077 kr. Laun frá 1. apríl 2024: 524.726 kr. Hækkun í krónutölum: 25.649 kr. Prósentuhækkun: 5,14% Starfshlutfall: 100% Dæmi um hækkun grunnlauna Persónuálag: 8% Sameiginleg rafræn atkvæðagreiðsla félagsmanna aðildarfélaga SGS sem starfa skv"
sgs,Starfsgreinasamband Íslands,sgs/kjarasamningur-sgs-og-sveitarfelaganna-2024-2028.pdf,SAMBANDS ÍSLENSKRA SVEITARFÉLAGA F.H. ÞEIRRA SVEITARFÉLAGA,ANNARRA AÐILA,aðilar úr skjali,2024-04-01,2025-03-31,2024-04-01,prósenta eða krónutala,3.25,23750,launatafla,úr texta,"2025 til 31. mars 2026. Launatafla 3: Gildir frá 1. apríl 2026 til 31. mars 2027. Launatafla 4: Gildir frá 1. apríl 2027 til 31. mars 2028. Mánaðarlaun hækka sem hér segir á samningstímanum: 1. apríl 2024: 23.750 kr. eða að lágmarki um 3,25% sbr. launatöflu 1. 1. apríl 2025: 23.750 kr. eða að lágmarki um 3,50% sbr. launatöflu 2. 1. apríl 2026: 23.750 kr. eða að lágmarki um 3,50"
verkvest,Verkalýðsfélag Vestfirðinga,verkvest/kjarasamningur-sgssis-2024-2028_vefur.pdf,Kjarasamningur Starfsgreinasambands Íslands,Sambands íslenskra sveitarfélaga,aðilar úr skjali,2024-01-01,2028-12-31,2024-04-01,prósenta eða krónutala,3.25,23750,launatafla,úr texta,"príl 2025 til 31. mars 2026. Launatafla 3: Gildir frá 1. apríl 2026 til 31. mars 2027. Launatafla 4: Gildir frá 1. apríl 2027 til 31. mars 2028. Mánaðarlaun hækka sem hér segir á samningstímanum: 1. apríl 2024. 23.750 kr. eða að lágmarki um 3,25% sbr. launatöflu 1. 1. apríl 2025: 23.750 kr. eða að lágmarki um 3,50% sbr. launatöflu 2. 1. apríl 2026: 23.750 kr. eða að lágmarki um 3,50%"
vfi,Verkfræðingafélag Íslands / Stéttarfélag verkfræðinga,vfi/Kjarasamningur_VFI_sveitarfelog.pdf,SAMBANDS ÍSLENSKRA SVEITARFÉLAGA F.H. ÞEIRRA SVEITARFÉLAGA,ANNARRA AÐILA,aðilar úr skjali,2024-04-01,2025-03-31,2024-04-01,prósenta eða krónutala,3.25,23750,launatafla,úr texta,"2025 til 31. mars 2026. Launatafla 3: Gildir frá 1. apríl 2026 til 31. mars 2027. Launatafla 4: Gildir frá 1. apríl 2027 til 31. mars 2028. Mánaðarlaun hækka sem hér segir á samningstímanum: 1. apríl 2024: 23.750 kr. eða að lágmarki um 3,25% sbr. launatöflu 1. 1. apríl 2025: 23.750 kr. eða að lágmarki um 3,50% sbr. launatöflu 2. 1. apríl 2026: 23.750 kr. eða að lágmarki um 3,50"
vfi,Verkfræðingafélag Íslands / Stéttarfélag verkfræðinga,vfi/Kjarasamningur_VFI_sveitarfelog.pdf,SAMBANDS ÍSLENSKRA SVEITARFÉLAGA F.H. ÞEIRRA SVEITARFÉLAGA,ANNARRA AÐILA,aðilar úr skjali,2024-04-01,2025-03-31,2024-04-01,prósenta,3.5,,óskilgreint,úr texta,"inu beitt, skal tryggt að málsmeðferð og ákvörðun um greiðslu annarra launa byggi á málefnalegum sjónarmiðum og feli ekki í sér kynbundna mismunun. Á samningstímanum hækka önnur laun um 3,25% þann 1. apríl 2024, 3,5% 1. apríl 2025, 3,5% 1. apríl 2026 og 3,5% 1. apríl 2027. Heimildarákvæðinu um önnur laun er t.d ætlað að styðja við fr"
vm,VM - Félag vélstjóra og málmtæknimanna,vm/Kalfur-RVK_VM.pdf,aðila ásamt bókunum,fylgiskjöl,aðilar úr skjali,,,2024-04-01,prósenta eða krónutala,3.25,23750,launatafla,úr texta,"v. meðfylgjandi launatöflu þar sem mánaðarlaun taka eftirfarandi hlutfallshækkunum með krónutöluhækkun að lágmarki á samningstímanum. Með mánaðarlaunum er átt við föst mánaðarlaun fyrir dagvinnu. 1.apríl 2024 3,25% eða 23.750 kr. 1.apríl 2025 3,50% eða 23.750 kr. 1.apríl 2026 3,50% eða 23.750 kr. 1.apríl 2027 3,50% eða 23.750 kr. Persónuál"
vm,VM - Félag vélstjóra og málmtæknimanna,vm/Kalfur-RVK_VM.pdf,aðila ásamt bókunum,fylgiskjöl,aðilar úr skjali,,,2024-04-01,prósenta,3.5,,óskilgreint,úr texta,"rs þar sem forsendur að baki þeirra geta tekið breytingum, að efni og umfangi. Þrátt fyrir ofangreint eru aðilar sammála um að á samningstímanum taki önnur laun skv. gr. 1.1.3 hækkun um 3,25% þann 1. apríl 2024, 3,5% 1. apríl 2025, 3,5% 1. apríl 2026 og 3,5% 1. apríl 2027. Bókun 5 Starfsmatskerfið SAMSTARF Samningsaðilar eru sammál"
vm,VM - Félag vélstjóra og málmtæknimanna,vm/VM_2024-2028_Heildarkjarasamningur_LOK.pdf,SAMBAND ÍSLENSKRA SVEITARFÉLAGA F.H. ÞEIRRA SVEITARFÉLAGA,ANNARRA AÐILA SEM ÞAÐ HEFUR,aðilar úr skjali,2024-01-01,2028-12-31,2024-04-01,prósenta eða krónutala,3.25,23750,launatafla,úr texta,"príl 2025 til 31. mars 2026. Launatafla 3: Gildir frá 1. apríl 2026 til 31. mars 2027. Launatafla 4: Gildir frá 1. apríl 2027 til 31. mars 2028. Mánaðarlaun hækka sem hér segir á samningstímanum: 1. apríl 2024: 23.750 kr. eða að lágmarki um 3,25% sbr. launatöflu 1. 1. apríl 2025: 23.750 kr. eða að lágmarki um 3,50% sbr. launatöflu 2. 1. apríl 2026: 23.750 kr. eða að lágmarki um 3,50"
sa,Samtök atvinnulífsins,sa/Z5IUT5bqstJ99xkZ_21.1.2025-Kaupgjaldsskrá2025janúar-vefútgáfa.pdf,flokka,þrepa og hækkar því umfram 2,aðilar úr skjali,,,2024-08-01,krónutala,,19500,kauptaxtar,úr texta,"SGS/Eflingar heldur hlutfallslegum bilum á milli flokka og þrepa og hækkar því umfram 23.750 kr. Taxtar VR/LÍV og iðn- og tæknifólks hækka að sama skapi umfram 23.750 kr. Ræstingarauki, gildir frá 1. ágúst 2024. Sérgreiðslan er kr. 19.500 á mánuði m.v. fullt starf, en hlutfallsleg m.v. starfshlutfall. Greiðslan er krónutöluálag á launataxta ræstingarfólks skv. kjarasamningi og myndar ekki stofn fy"
sa,Samtök atvinnulífsins,sa/Z7ic4J7c43Q3gE0L_kaupgjaldsskra-30-2025-januar-vefutgafa.pdf,flokka,þrepa og hækkar því umfram 2,aðilar úr skjali,,,2024-08-01,krónutala,,19500,kauptaxtar,úr texta,"SGS/Eflingar heldur hlutfallslegum bilum á milli flokka og þrepa og hækkar því umfram 23.750 kr. Taxtar VR/LÍV og iðn- og tæknifólks hækka að sama skapi umfram 23.750 kr. Ræstingarauki, gildir frá 1. ágúst 2024. Sérgreiðslan er kr. 19.500 á mánuði m.v. fullt starf, en hlutfallsleg m.v. starfshlutfall. Greiðslan er krónutöluálag á launataxta ræstingarfólks skv. kjarasamningi og myndar ekki stofn fy"
sgs,Starfsgreinasamband Íslands,sgs/glaerukynning-sgs-um-yjan-kjarasamning-sgs-og-sa.pdf,flokka,starfsaldursþrepa halda sér,aðilar úr skjali,2024-02-01,2028-01-31,2024-08-01,krónutala,,19500,launatafla,úr texta,"fyrr í árslok 2026 Framlag stjórnvalda – Önnur atriði • Röðun í töflu • Hækkun um 2 launaflokka. Ræstingu verður raðað í lfl. 8, var áður í lfl. 6. • Viðbótarlaun • Ræstingarauki verður greiddur frá 1. ágúst 2024. • Sérstök mánaðarleg greiðsla kr. 19.500 auk orlofs. • Skilgreiningar • Í nýrri grein 22.1.2.5 er fyrirkomulag ræstingar í tímamældri ákvæðisvinnu betur skilgreint, og er ætlað að tryggj"
hjukrun,Félag íslenskra hjúkrunarfræðinga,hjukrun/Z1ljF5bqstJ98TMw_Kjarasamningur_SNS_Fíhj_2024-2028_LOK.pdf,SAMBANDS ÍSLENSKRA SVEITARFÉLAGA F.H. ÞEIRRA SVEITARFÉLAGA,ANNARRA AÐILA,aðilar úr skjali,2024-04-01,2025-03-31,2024-11-01,prósenta,10.0,,óskilgreint,úr texta,"í útborgun launa 1. febrúar, 1. mars og 1. apríl og vaktahvati greiddur 1. maí við launatímabil til greiðslu 1. mars, 1. apríl og 1. maí. Grein 2.6.9 breytist á samningstíma. Ofangreint gildir frá 1. nóvember 2024. FJÖLDI VAKTA 1 2 3 4 19 10,0% 12,5% 12,5% 18 7,5% 12,5% 12,5% 17 7,5% 10,0% 12,5% 16 2,5% 7,5% 12,5% 15 2,5% 2,5% 10,0% 14 2,5% 7,5% TEGUNDIR VAKTA GILDISTÍMI: 1. APRÍL 2024 TIL 31. MAR"
vfi,Verkfræðingafélag Íslands / Stéttarfélag verkfræðinga,vfi/Kjarasamningur_VFI_sveitarfelog.pdf,SAMBANDS ÍSLENSKRA SVEITARFÉLAGA F.H. ÞEIRRA SVEITARFÉLAGA,ANNARRA AÐILA,aðilar úr skjali,2024-04-01,2025-03-31,2024-11-01,prósenta,10.0,,óskilgreint,úr texta,"í útborgun launa 1. febrúar, 1. mars og 1. apríl og vaktahvati greiddur 1. maí við launatímabil til greiðslu 1. mars, 1. apríl og 1. maí. Grein 2.6.9 breytist á samningstíma. Ofangreint gildir frá 1. nóvember 2024. FJÖLDI VAKTA 1 2 3 4 19 10,0% 12,5% 12,5% 18 7,5% 12,5% 12,5% 17 7,5% 10,0% 12,5% 16 2,5% 7,5% 12,5% 15 2,5% 2,5% 10,0% 14 2,5% 7,5% TEGUNDIR VAKTA GILDISTÍMI: 1. APRÍL 2024 TIL 31. MAR"
afl,AFL Starfsgreinafélag,afl/2024-2028-Greidasolusamningur-SGS-SA.pdf,Starfsgreinasambands Íslands,Samtaka atvinnulífsins,aðilar úr skjali,2024-01-01,2028-12-31,2025-01-01,prósenta eða krónutala,3.5,23750,kauptaxtar,úr texta,"krónutöluhækkun að lágmarki, nema annað leiði af launatöflum sem fylgja kjarasamningi þessum. Með mánaðarlaunum er átt við föst mánaðarlaun fyrir dagvinnu. 1. febrúar 2024: 3,25% eða 23.750 kr. 1. janúar 2025: 3,50% eða 23.750 kr. 1. janúar 2026: 3,50% eða 23.750 kr. 1. janúar 2027: 3,50% eða 23.750 kr. 1.3.2. Kauptaxtar Kauptaxtar hækka sérstakl"
afl,AFL Starfsgreinafélag,afl/2024-2028-Greidasolusamningur-SGS-SA.pdf,Starfsgreinasambands Íslands,Samtaka atvinnulífsins,aðilar úr skjali,2024-01-01,2028-12-31,2025-01-01,prósenta,3.5,,kauptaxtar,úr texta,"ka sérstaklega, sbr. fylgiskjal með samningi þessum. 1.3.3. Kjaratengdir liðir Kjaratengdir liðir kjarasamningsins hækka sem hér segir, nema um ann- að hafi verið samið: 1. febrúar 2024: 3,25% 1. janúar 2025: 3,50% 1. janúar 2026: 3,50% 1. janúar 2027 3,50% 1.3.4. Kauptaxtaauki Haldi kjarasamningar gildi sínu skal launa- og fors"
afl,AFL Starfsgreinafélag,afl/2024-2028-Heildarkjarasamningur-SGS-SA.pdf,Starfsgreinasambands Íslands,Samtaka atvinnulífsins,aðilar úr skjali,2024-01-01,2028-12-31,2025-01-01,prósenta eða krónutala,3.5,23750,kauptaxtar,úr texta,"f launatöflum sem fylgja kjarasamningi þessum. Með mánaðarlaunum er átt við föst mánaðarlaun fyrir dagvinnu. 17 Kjarasamningur SGS og SA 1. febrúar 2024: 3,25% eða 23.750 kr. 1. janúar 2025: 3,50% eða 23.750 kr. 1. janúar 2026: 3,50% eða 23.750 kr. 1. janúar 2027: 3,50% eða 23.750 kr. 1.2.2. Kauptaxtar Kauptaxtar hækka samkvæmt"
afl,AFL Starfsgreinafélag,afl/2024-2028-Heildarkjarasamningur-SGS-SA.pdf,Starfsgreinasambands Íslands,Samtaka atvinnulífsins,aðilar úr skjali,2024-01-01,2028-12-31,2025-01-01,prósenta,3.5,,kauptaxtar,úr texta,"Kauptaxtar hækka samkvæmt launatöflum í gr. 1.1.1. 1.2.3. Kjaratengdir liðir Kjaratengdir liðir kjarasamnings hækka sem hér segir, nema um annað hafi verið samið: 1. febrúar 2024: 3,25% 1. janúar 2025: 3,50% 1. janúar 2026: 3,50% 1. janúar 2027 3,50% 1.2.4 Kauptaxtaauki Haldi kjarasamningar gildi sínu skal launa - og forse"
afl,AFL Starfsgreinafélag,afl/2024-2028-KjarasamningurSGSogLS-SSU.pdf,Starfsgreinasambands Íslands,Landsambands smábátaeigenda,aðilar úr skjali,2024-01-01,2028-12-31,2025-01-01,krónutala,,26465,launatafla,úr texta,"þrep í launatöflu SGS og SA, nema annað sé tekið fram. Kauptrygging hækkar á samningstímabilinu sem hér segir: Dagsetning Hækkun Kauptrygging eftir hækkun 1. febrúar 2024 26.466 kr. 474.690 kr. 1. janúar 2025 26.465 kr. 501.155 kr. 1. janúar 2026 26.466 kr. 527.621 kr. 1. janúar 2027 26.465 kr. 554.086 kr. Starfsaldurshækkanir Eftir tveggja ára st"
afl,AFL Starfsgreinafélag,afl/2024-2028-kjaras-sgs-vid-lsssu.pdf,Starfsgreinasambands Íslands,Landssambands smábátaeigenda og Samtaka smærri útgerða,aðilar úr skjali,2024-01-01,2028-12-31,2025-01-01,krónutala,,26465,óskilgreint,úr texta,"atöflu SGS og SA, nema annað sé tekið fram. Kauptrygging hækkar á samningstímabilinu sem hér segir: Dagsetning Hækkun Kauptrygging eftir hækkun 1. febrúar 2024 26. 466 kr. 474.690 kr. 1. janúar 2025 26.465 kr. 501.155 kr. 1. janúar 2026 26.466 kr. 527.621 kr. 1. janúar 2027 26.465 kr. 554.086 kr. Starfsaldurshækkanir Eftir tveggja ár"
afl,AFL Starfsgreinafélag,afl/KJARASAMNINGUR_SA_og_VR-LÍV_2024.pdf,VR og Landssambands íslenzkra verzlunarmanna,Samtaka atvinnulífsins,aðilar úr skjali,,,2025-01-01,prósenta eða krónutala,3.5,23750,launatafla,úr texta,"krónutöluhækkun að lágmarki, nema annað leiði af launatöflum sem fylgja kjarasamningi þessum. Með mánaðarlaunum er átt við föst mánaðarlaun fyrir dagvinnu. 1. febrúar 2024: 3,25% eða 23.750 kr. 1. janúar 2025: 3,50% eða 23.750 kr. 1. janúar 2026: 3,50% eða 23.750 kr. 1. janúar 2027: 3,50% eða 23.750 kr. Kjarasamningi þessum fylgja launatöfl"
afl,AFL Starfsgreinafélag,afl/kjarasamningar_2024_kynning_LIV_ISR.pdf,,,aðeins heimild,,,2025-01-01,prósenta með krónutölulágmarki,3.5,23750,almenn laun,úr texta,"ði • Sérkjarasamningar Launabreytingar Laun taka hlutfallshækkun á samningstímanum, með krónutöluhækkun að lágmarki, eins og segir: • 1. febrúar 2024: laun hækka um 3,25% en 23.750 kr. að lágmarki. • 1. janúar 2025: laun hækka um 3,50% en 23.750 kr. að lágmarki. • 1. janúar 2026: laun hækka um 3,50% en 23.750 kr. að lágmarki. • 1. janúar 2027: laun hækka um 3,50% en 23.750 að lágmar"
efling,Efling stéttarfélag,efling/Kjarasamningur Eflingar og SA fyrir starfsfo-lk ho-tela- og veitingahu-sa fra- 1.2.24 til 1.2.28-fe9aa973.pdf,Samtaka atvinnulífsins,Eflingar - stéttarfélags,aðilar úr skjali,2024-02-01,2028-02-01,2025-01-01,prósenta eða krónutala,3.5,23750,kauptaxtar,úr texta,"nutöluhækkun að lágmarki, nema annað leiði af launatöflum sem fylgja kjarasamningi þessum. Með mánaðarlaunum er átt við föst mánaðarlaun fyrir dagvinnu. 1. febrúar 2024: 3,25% eða 23.750 kr. 1. janúar 2025: 3,50% eða 23.750 kr. 1. janúar 2026: 3,50% eða 23.750 kr. 1. janúar 2027: 3,50% eða 23.750 kr. 1.3.2. Kauptaxtar Kauptaxtar hækka sé"
efling,Efling stéttarfélag,efling/Kjarasamningur Eflingar og SA fyrir starfsfo-lk ho-tela- og veitingahu-sa fra- 1.2.24 til 1.2.28-fe9aa973.pdf,Samtaka atvinnulífsins,Eflingar - stéttarfélags,aðilar úr skjali,2024-02-01,2028-02-01,2025-01-01,prósenta,3.5,,kauptaxtar,úr texta,"sérstaklega, sbr. fylgiskj al með samningi þessum. 1.3.3. Kjaratengdir liðir Kjaratengdir liðir kjarasamningsins hækka sem hér segir, nema um annað hafi verið samið: 1. febrúar 2024: 3,25% 1. janúar 2025: 3,50% 1. janúar 2026: 3,50% 1. janúar 2027: 3,50% 1.3.4 Kauptaxtaauki Haldi kjarasamningar gildi sínu skal la"
efling,Efling stéttarfélag,efling/Stodugleika-og-velferdarsamningur-breytingar-og-vidbot-Kjarasamnings-SA-2024.pdf,Eflingar-stéttarfélags,Samtaka atvinnulífsins,aðilar úr skjali,,,2025-01-01,prósenta eða krónutala,3.5,23750,launatafla,úr texta,"krónutöluhækkun að lágmarki, nema annað leiði af launatöflum sem fylgja kjarasamningi þessum. Með mánaðarlaunum er átt við föst mánaðarlaun fyrir dagvinnu. 1. febrúar 2024: 3,25% eða 23.750 kr. 1. janúar 2025: 3,50% eða 23.750 kr. 1. janúar 2026: 3,50% eða 23.750 kr. 1. janúar 2027: 3,50% eða 23.750 kr. Kjaratengdir liðir kjarasamninga K"
eining-idja,Eining-Iðja,eining-idja/kjarasamningur-kjalar-einingar-idju-og-sa-v.-nordurorku-4.7.2024-lok.pdf,Einingar Iðju,Kjalar – stéttarfélags í almannaþjónustu,aðilar úr skjali,2024-02-01,2028-02-01,2025-01-01,prósenta eða krónutala,3.5,23750,launatafla,úr texta,". Launabreytingar Laun og launatöflur taka hlutfallshækkun, með krónutöluhækkun að lágmarki. Með mánaðarlaunum er átt við föst mánaðarlaun fyrir dagvinnu. 1. febrúar 2024: 3,25% eða 23.750 kr. 1. janúar 2025: 3,50% eða 23.750 kr. 1. janúar 2026: 3,50% eða 23.750 kr. 1. janúar 2027: 3,50% eða 23.750 kr. 2 Kjaratengdir liðir kjara"
eining-idja,Eining-Iðja,eining-idja/tdk-foil-iceland-ehf-samningur-undirritadur-20.02.2025.pdf,Einingar-Iðju,TDK Foil Iceland ehf,aðilar úr skjali,,,2025-01-01,prósenta eða krónutala,3.5,23750,kauptaxtar,úr texta,"-Iðju og TDK Foil Iceland ehf. framlengist með svofelldum breytingum: 1. gr. Laun: Kauptaxtar vaktavinnustarfsmanna í verksmiðju TDK Foil Iceland hækki um krónutölu með eftirfarandi hætti: 1. janúar 2025: 3,5% eða 23.750 kr. 1. janúar 2026: 3,5% eða 23.750 kr. 2. gr. Tæknirammi: Undirbúningur á tækniramma 5 hefjist á samningstímanum og"
grafia,Grafía,grafia/Grafia-kauptaxtar-1.-februar-2024.pdf,GRAFÍU – stéttarfélags í prent,miðlunargrein,aðilar úr skjali,2024-02-01,2028-02-01,2025-01-01,prósenta eða krónutala,3.5,23750,launatafla,úr texta,"ónu- töluhækkun að lágmarki, nema annað leiði af launatöflum sem fylgja kjarasamn- ingi þessum. Með mánaðarlaunum er átt við föst mánaðarlaun fyrir dagvinnu. 1. febrúar 2024: 3,25% eða 23.750 kr. 1. janúar 2025: 3,50% eða 23.750 kr. 1. janúar 2026: 3,50% eða 23.750 kr. 1. janúar 2027: 3,50% eða 23.750 kr. Kjaratengdir liðir kjarasamninga Kjarateng"
grafia,Grafía,grafia/Grafia-kauptaxtar-1.-januar-2025-vefur-1.pdf,GRAFÍU – stéttarfélags í prent,miðlunargrein,aðilar úr skjali,2024-02-01,2028-02-01,2025-01-01,prósenta eða krónutala,3.5,23750,launatafla,úr texta,"tingar Laun taka hlutfallshækkun, með krónu- töluhækkun að lágmarki, nema annað leiði af launatöflum sem fylgja kjarasamn- ingi þessum. Með mánaðarlaunum er átt við föst mánaðarlaun fyrir dagvinnu. 1. janúar 2025: 3,50% eða 23.750 kr. 1. janúar 2026: 3,50% eða 23.750 kr. 1. janúar 2027: 3,50% eða 23.750 kr. Kjaratengdir liðir kjarasamninga Kjaratengdir"
grafia,Grafía,grafia/Grafia-kauptaxtar-1.-januar-2025-vefur-1.pdf,GRAFÍU – stéttarfélags í prent,miðlunargrein,aðilar úr skjali,2024-02-01,2028-02-01,2025-01-01,prósenta,3.5,,óskilgreint,úr texta,"kr. 1. janúar 2026: 3,50% eða 23.750 kr. 1. janúar 2027: 3,50% eða 23.750 kr. Kjaratengdir liðir kjarasamninga Kjaratengdir liðir kjarasamninga hækka sem hér segir, nema um annað hafi verið samið: 1. janúar 2025: 3,50% 1. janúar 2026: 3,50% 1. janúar 2027 3,50% 7.1.5. Yfirvinnuálag er tvískipt Yfirvinna 1 greiðist með tímakaupi sem"
grafia,Grafía,grafia/Grafia-kauptaxtar-1.-november-2024.pdf,GRAFÍU – stéttarfélags í prent,miðlunargrein,aðilar úr skjali,2024-02-01,2028-02-01,2025-01-01,prósenta eða krónutala,3.5,23750,launatafla,úr texta,"ónu- töluhækkun að lágmarki, nema annað leiði af launatöflum sem fylgja kjarasamn- ingi þessum. Með mánaðarlaunum er átt við föst mánaðarlaun fyrir dagvinnu. 1. febrúar 2024: 3,25% eða 23.750 kr. 1. janúar 2025: 3,50% eða 23.750 kr. 1. janúar 2026: 3,50% eða 23.750 kr. 1. janúar 2027: 3,50% eða 23.750 kr. Kjaratengdir liðir kjarasamninga Kjarateng"
matvis,MATVÍS,matvis/kjarasamningur-matvis-og-sa-2024-2028-lokaskjal.pdf,Samtaka atvinnulífsins,Matvæla- og veitingafélags Íslands,aðilar úr skjali,2024-02-01,2028-02-01,2025-01-01,prósenta eða krónutala,3.5,23750,launatafla,úr texta,"launatöflum sem fylgja kjarasamningi þessum. Með mánaðarlaunum er átt við föst mánaðarlaun fyrir dagvinnu. Almenn hækkun mánaðarlauna fyrir fullt starf: 1. febrúar 2024: 3,25% eða 23.750 kr. 1. janúar 2025: 3,50% eða 23.750 kr. 1. janúar 2026: 3,50% eða 23.750 kr. 1. janúar 2027: 3,50% eða 23.750 kr. Kjaratengdir liði kjarasamninga Kjara"
matvis,MATVÍS,matvis/kjarasamningur-matvis-og-sa-2024-2028-lokaskjal.pdf,Samtaka atvinnulífsins,Matvæla- og veitingafélags Íslands,aðilar úr skjali,2024-02-01,2028-02-01,2025-01-01,prósenta,3.5,,kauptaxtar,úr texta,".750 kr. 1. janúar 2027: 3,50% eða 23.750 kr. Kjaratengdir liði kjarasamninga Kjaratengdir liðir kjarasamnings hækka sem hér segir, nema um annað hafi verið samið: 1. febrúar 2024: 3,25% 1. janúar 2025: 3,50% 1. janúar 2026: 3,50% 1. janúar 2027: 3,50% Kauptaxtar hækka sérstaklega, sbr. meðfylgjandi fylgiskjal. 1"
rafis,rafis,rafis/2024.11.28-Kjarasamningur-Landsnets-vid-RSI-2.pdf,Rafiðnaðarsambands Íslands,Samtaka atvinnulífsins,aðilar úr skjali,,,2025-01-01,prósenta eða krónutala,3.5,23750,launatafla,úr texta,"krónutöluhækkun að lágmarki, nema annað leiði af launatöflum sem fylgja kjarasamningi þessum. Með mánaðarlaunum er átt við föst mánaðarlaun fyrir dagvinnu. 1. febrúar 2024: 3,25% eða 23.750 kr. 1. janúar 2025: 3,50% eða 23.750 kr. 1. janúar 2026: 3,50% eða 23.750 kr. 1. janúar 2027: 3,50% eða 23.750 kr. Kjarasamningi þessum fylgja launatöfl"
rafis,rafis,rafis/NO-RSI-heildarkjarasamningur-loka-EF-EBGV-24.9.25.pdf,Rafiðnaðarsambands Íslands vegna aðildarfélaga,Norðurorku hf,aðilar úr skjali,2019-07-01,2022-11-01,2025-01-01,prósenta eða krónutala,3.5,23750,launatafla,grunsamlegt,"nutöluhækkun að lágmarki, nema annað leiði af launatöflum sem fylgja kjarasamningi þessum. Með mánaðarlaunum er átt við föst mánaðarlaun fyrir dagvinnu. • 1. febrúar 2024 – 3,25% eða 23.750 kr. • 1. janúar 2025 – 3,50% eða 23.750 kr. • 1. janúar 2026 – 3,50% eða 23.750 kr. • 1. janúar 2027 – 3,50% 23.750 kr. 2.1.3 Kjaratengdir liðir kjarasamninga Kjar"
rafis,rafis,rafis/NO-RSI-heildarkjarasamningur-loka-EF-EBGV-24.9.25.pdf,Rafiðnaðarsambands Íslands vegna aðildarfélaga,Norðurorku hf,aðilar úr skjali,2019-07-01,2022-11-01,2025-01-01,prósenta,3.5,,launatafla,grunsamlegt,"0 kr. • 1. janúar 2027 – 3,50% 23.750 kr. 2.1.3 Kjaratengdir liðir kjarasamninga Kjaratengdir liðir kjarasamninga hækka sem hér segir, nema um annað hafi verið samið: • 1. febrúar 2024 – 3,25% • 1. janúar 2025 – 3,50% • 1. janúar 2026 – 3,50% • 1. janúar 2027 – 3,50% 2.1.4 Starfsaldurshækkanir Þrep í launatöflu eru 7. 1. Byrjunarlau"
sa,Samtök atvinnulífsins,sa/Z-QM6XdAxsiBv7kJ_KjarasamningurSAogSamiðnar2024-2028undirritaður.pdf,"Samiðnar, sambands iðnfélaga",Samtaka atvinnulífsins,aðilar úr skjali,2024-01-01,2028-12-31,2025-01-01,prósenta eða krónutala,3.5,23750,launatafla,úr texta,"utöluhækkun að lágmarki, nema annað leiði af launatöflum sem fylgja kjarasamning i þessum. Með mánaðarlaunum er átt við föst mánaðarlaun fyrir dagvinnu. 1. febrúar 2024: 3,25% eða 23.750 kr. 1. janúar 2025: 3,50% eða 23.750 kr. 1. janúar 2026: 3,50% eða 23.750 kr. 1. janúar 2027: 3,50% eða 23.750 kr. 2 Kjaratengdir liðir kjarasam"
sa,Samtök atvinnulífsins,sa/Z4eCH5bqstJ99en5_KJARASAMNINGURSAOGRSÍ2024-2028ánundirritunar.pdf,Rafiðnaðarsambands Íslands,Samtaka atvinnulífsins,aðilar úr skjali,2024-01-01,2028-12-31,2025-01-01,prósenta eða krónutala,3.5,23750,launatafla,úr texta,"ónutöluhækkun að lágmarki, nema annað leiði af launatöflum sem fylgja kjarasamningi þessum. Með mánaðarlaunum er átt við föst mánaðarlaun fyrir dagvinnu. 1. febrúar 2024: 3,25% eða 23.750 kr. 1. janúar 2025: 3,50% eða 23.750 kr. 1. janúar 2026: 3,50% eða 23.750 kr. 1. janúar 2027: 3,50% eða 23.750 kr. Kjaratengdir liðir kjarasamninga Kja"
sa,Samtök atvinnulífsins,sa/Z5IUT5bqstJ99xkZ_21.1.2025-Kaupgjaldsskrá2025janúar-vefútgáfa.pdf,flokka,þrepa og hækkar því umfram 2,aðilar úr skjali,,,2025-01-01,prósenta,3.5,,launatafla,úr texta,"Kaupgjaldsskrá nr. 30 Gildir frá 1. janúar 2025 Launahækkun 1. janúar 2025 Laun taka hlutfallshækkunum, með krónutöluhækkun að lágmarki. Laun hækka um 3,5% frá 1. janúar 2025, að lágmarki 23.750 kr. nema annað leiði af launatöflum. Sjá yfirlit yfir aðrar breytingar á bls. 2. Efn"
sa,Samtök atvinnulífsins,sa/Z5IUT5bqstJ99xkZ_21.1.2025-Kaupgjaldsskrá2025janúar-vefútgáfa.pdf,flokka,þrepa og hækkar því umfram 2,aðilar úr skjali,,,2025-01-01,krónutala,,23750,launatafla,úr texta,"Kaupgjaldsskrá nr. 30 Gildir frá 1. janúar 2025 Launahækkun 1. janúar 2025 Laun taka hlutfallshækkunum, með krónutöluhækkun að lágmarki. Laun hækka um 3,5% frá 1. janúar 2025, að lágmarki 23.750 kr. nema annað leiði af launatöflum. Sjá yfirlit yfir aðrar breytingar á bls. 2. Efnisyfirlit Bls. Kjarasamningar aðildarfélaga Starfsgreinasambands Íslands og Eflingar 3 Kjarasamningar óf"
sa,Samtök atvinnulífsins,sa/Z7ic4J7c43Q3gE0L_kaupgjaldsskra-30-2025-januar-vefutgafa.pdf,flokka,þrepa og hækkar því umfram 2,aðilar úr skjali,,,2025-01-01,prósenta,3.5,,launatafla,úr texta,"Launahækkun 1. janúar 2025 Laun taka hlutfallshækkunum, með krónutöluhækkun að lágmarki. Laun hækka um 3,5% frá 1. janúar 2025, að lágmarki 23.750 kr. nema annað leiði af launatöflum. Sjá yfirlit yfir aðrar breytingar á bls. 2. Kaup"
sa,Samtök atvinnulífsins,sa/Z7ic4J7c43Q3gE0L_kaupgjaldsskra-30-2025-januar-vefutgafa.pdf,flokka,þrepa og hækkar því umfram 2,aðilar úr skjali,,,2025-01-01,krónutala,,23750,launatafla,úr texta,"Launahækkun 1. janúar 2025 Laun taka hlutfallshækkunum, með krónutöluhækkun að lágmarki. Laun hækka um 3,5% frá 1. janúar 2025, að lágmarki 23.750 kr. nema annað leiði af launatöflum. Sjá yfirlit yfir aðrar breytingar á bls. 2. Kaupgjaldsskrá nr. 30 Gildir frá 1. janúar 2025 Efnisyfirlit Bls. Kjarasamningar aðildarfélaga Starfsgreina"
sa,Samtök atvinnulífsins,sa/ZeshbnUurf2G3Nu8_KJARASAMNINGURSAogSGS2024ánundirritunar.pdf,Starfsgreinasambands Íslands,Samtaka atvinnulífsins,aðilar úr skjali,,,2025-01-01,prósenta eða krónutala,3.5,23750,launatafla,úr texta,"krónutöluhækkun að lágmarki, nema annað leiði af launatöflum sem fylgja kjarasamningi þessum. Með mánaðarlaunum er átt við föst mánaðarlaun fyrir dagvinnu. 1. febrúar 2024: 3,25% eða 23.750 kr. 1. janúar 2025: 3,50% eða 23.750 kr. 1. janúar 2026: 3,50% eða 23.750 kr. 1. janúar 2027: 3,50% eða 23.750 kr. 2 Kjaratengdir liðir k"
sa,Samtök atvinnulífsins,sa/ZeshcHUurf2G3Nu-_KJARASAMNINGURSAogEflingar2024ánundirritunar.pdf,Eflingar-stéttarfélags,Samtaka atvinnulífsins,aðilar úr skjali,,,2025-01-01,prósenta eða krónutala,3.5,23750,launatafla,úr texta,"krónutöluhækkun að lágmarki, nema annað leiði af launatöflum sem fylgja kjarasamningi þessum. Með mánaðarlaunum er átt við föst mánaðarlaun fyrir dagvinnu. 1. febrúar 2024: 3,25% eða 23.750 kr. 1. janúar 2025: 3,50% eða 23.750 kr. 1. janúar 2026: 3,50% eða 23.750 kr. 1. janúar 2027: 3,50% eða 23.750 kr. Kjaratengdir liðir kjarasamninga K"
sa,Samtök atvinnulífsins,sa/ZfLkS0mNsf2sHk4m_KJARASAMNINGURSAogVR-LÍV2024-2028ánundirritunar-1.pdf,VR og Landssambands íslenzkra verzlunarmanna,Samtaka atvinnulífsins,aðilar úr skjali,2024-01-01,2028-12-31,2025-01-01,prósenta eða krónutala,3.5,23750,launatafla,úr texta,"krónutöluhækkun að lágmarki, nema annað leiði af launatöflum sem fylgja kjarasamningi þessum. Með mánaðarlaunum er átt við föst mánaðarlaun fyrir dagvinnu. 1. febrúar 2024: 3,25% eða 23.750 kr. 1. janúar 2025: 3,50% eða 23.750 kr. 1. janúar 2026: 3,50% eða 23.750 kr. 1. janúar 2027: 3,50% eða 23.750 kr. Kjarasamningi þessum fylgja launatöfl"
sa,Samtök atvinnulífsins,sa/Zw5-EYF3NbkBXd-y_KJARASAMNINGURSSF-2024-2028Lokaskjal.pdf,SSF OG SA KJARASAMNINGUR SSF,SA 3,aðilar úr skjali,2024-01-01,2028-12-31,2025-01-01,prósenta eða krónutala,3.5,23750,launatafla,úr texta,"ningi þessum. Launabreytingar Laun taka hlutfallshækkun, með krónutöluhækkun að lágmarki. Með mánaðarlaunum er átt við föst mánaðarlaun fyrir dagvinnu. 1. febrúar 2024: 3,25% eða 23.750 kr. 1. janúar 2025: 3,50% eða 23.750 kr. 1. janúar 2026: 3,50% eða 23.750 kr. 1. janúar 2027: 3,50% eða 23.750 kr. Kjarasamningi þessum fylgja launatöfl"
sa,Samtök atvinnulífsins,sa/Zw5-EYF3NbkBXd-y_KJARASAMNINGURSSF-2024-2028Lokaskjal.pdf,SSF OG SA KJARASAMNINGUR SSF,SA 3,aðilar úr skjali,2024-01-01,2028-12-31,2025-01-01,prósenta,3.5,,kauptaxtar,úr texta,"töflur vegna áranna 2024 – 2027, sem eru hluti samningsins. Kjaratengdir liðir Kjaratengdir liðir kjarasamning sins hækka sem hér segir, nema um annað hafi verið samið: 1. febrúar 2024: 3,25% 1. janúar 2025: 3,50% 1. janúar 2026: 3,50% 1. janúar 2027: 3,50% Kauptaxtar Í stað áðurgildandi lágmarkstaxta starfsheita koma nýji"
sa,Samtök atvinnulífsins,sa/ZxYu1IF3NbkBXw06_KjarasamningurSAogVR-LÍV2024-2028vefútgáfa.pdf,Samtaka atvinnulífsins,VR og,aðilar úr skjali,2024-01-01,2028-12-31,2025-01-01,prósenta eða krónutala,3.5,23750,kauptaxtar,úr texta,"nutöluhækkun að lágmarki, nema annað leiði af launatöflum sem fylgja kjarasamningi þessum. Með mánaðarlaunum er átt við föst mánaðarlaun fyrir dagvinnu. 1. febrúar 2024: 3,25% eða 23.750 kr. 1. janúar 2025: 3,50% eða 23.750 kr. 1. janúar 2026: 3,50% eða 23.750 kr. 1. janúar 2027: 3,50% eða 23.750 kr. Ofan nefnd hækkun á kauptaxta er reik"
sa,Samtök atvinnulífsins,sa/ZxYu1IF3NbkBXw06_KjarasamningurSAogVR-LÍV2024-2028vefútgáfa.pdf,Samtaka atvinnulífsins,VR og,aðilar úr skjali,2024-01-01,2028-12-31,2025-01-01,prósenta,3.5,,kauptaxtar,úr texta,"knuð í útgefnum töxtum í gr. 1.1. og útgefni kaupgjaldsskrá. Kjaratengdir liðir Kjaratengdir liðir kjarasamninga hækka sem hér segir, nema um annað hafi verið samið: 1. febrúar 2024: 3,25% 1. janúar 2025: 3,50% 1. janúar 2026: 3,50% 1. janúar 2027: 3,50% Kauptaxtaauki Haldi kjarasamningar gildi sínu skal launa-"
sa,Samtök atvinnulífsins,sa/aEGu3rh8WN-LVq1N_HotelogveitinaghúsasamningurSAogEfling2024-2028lokaskjal-vefútgáfa.pdf,Samtaka atvinnulífsins,Eflingar - stéttarfélags,aðilar úr skjali,2024-02-01,2028-02-01,2025-01-01,prósenta eða krónutala,3.5,23750,kauptaxtar,úr texta,"nutöluhækkun að lágmarki, nema annað leiði af launatöflum sem fylgja kjarasamningi þessum. Með mánaðarlaunum er átt við föst mánaðarlaun fyrir dagvinnu. 1. febrúar 2024: 3,25% eða 23.750 kr. 1. janúar 2025: 3,50% eða 23.750 kr. 1. janúar 2026: 3,50% eða 23.750 kr. 1. janúar 2027: 3,50% eða 23.750 kr. 1.3.2. Kauptaxtar Kauptaxtar hækka sé"
sa,Samtök atvinnulífsins,sa/aEGu3rh8WN-LVq1N_HotelogveitinaghúsasamningurSAogEfling2024-2028lokaskjal-vefútgáfa.pdf,Samtaka atvinnulífsins,Eflingar - stéttarfélags,aðilar úr skjali,2024-02-01,2028-02-01,2025-01-01,prósenta,3.5,,kauptaxtar,úr texta,"sérstaklega, sbr. fylgiskj al með samningi þessum. 1.3.3. Kjaratengdir liðir Kjaratengdir liðir kjarasamningsins hækka sem hér segir, nema um annað hafi verið samið: 1. febrúar 2024: 3,25% 1. janúar 2025: 3,50% 1. janúar 2026: 3,50% 1. janúar 2027: 3,50% 1.3.4 Kauptaxtaauki Haldi kjarasamningar gildi sínu skal la"
sa,Samtök atvinnulífsins,sa/aMghjmGNHVfTPPp6_KjarasamningurSAogVM2024-2028-Lokaskjal.pdf,Samtaka atvinnulífsins,"VM, Félags vélstjóra og málmtæknimanna",aðilar úr skjali,2024-02-01,2028-02-01,2025-01-01,prósenta eða krónutala,3.5,23750,launatafla,úr texta,"nutöluhækkun að lágmarki, nema annað leiði af launatöflum sem fylgja kjarasamningi þessum. Með mánaðarlaunum er átt við föst mánaðarlaun fyrir dagvinnu. 1. febrúar 2024: 3,25% eða 23.750 kr. 1. janúar 2025: 3,50% eða 23.750 kr. 1. janúar 2026: 3,50% eða 23.750 kr. 1. janúar 2027: 3,50% eða 23.750 kr. 10 Samningur SA og VM Kjaratengd"
sa,Samtök atvinnulífsins,sa/aMghjmGNHVfTPPp6_KjarasamningurSAogVM2024-2028-Lokaskjal.pdf,Samtaka atvinnulífsins,"VM, Félags vélstjóra og málmtæknimanna",aðilar úr skjali,2024-02-01,2028-02-01,2025-01-01,prósenta,3.5,,kauptaxtar,úr texta,",50% eða 23.750 kr. 10 Samningur SA og VM Kjaratengdir liði kjarasamninga Kjaratengdir liðir kjarasamnings hækka sem hér segir, nema um annað hafi verið samið: 1. febrúar 2024: 3,25% 1. janúar 2025: 3,50% 1. janúar 2026: 3,50% 1. janúar 2027 3,50% Kauptaxtar hækka sérstaklega, sbr. gr. 1.1.1.1. 1.1.2.2. Ka"
sa,Samtök atvinnulífsins,sa/aMwWxGGNHVfTPXrB_GreiðasölusamningurSAogSGS2024-2028lokaskjal.pdf,Samtaka atvinnulífsins,Starfsgreinasambands Íslands,aðilar úr skjali,2024-02-01,2028-02-01,2025-01-01,prósenta eða krónutala,3.5,23750,kauptaxtar,úr texta,"nutöluhækkun að lágmarki, nema annað leiði af launatöflum sem fylgja kjarasamningi þessum. Með mánaðarlaunum er átt við föst mánaðarlaun fyrir dagvinnu. 1. febrúar 2024: 3,25% eða 23.750 kr. 1. janúar 2025: 3,50% eða 23.750 kr. 1. janúar 2026: 3,50% eða 23.750 kr. 1. janúar 2027: 3,50% eða 23.750 kr. 1.3.2. Kauptaxtar Kauptaxtar hækka sé"
sa,Samtök atvinnulífsins,sa/aMwWxGGNHVfTPXrB_GreiðasölusamningurSAogSGS2024-2028lokaskjal.pdf,Samtaka atvinnulífsins,Starfsgreinasambands Íslands,aðilar úr skjali,2024-02-01,2028-02-01,2025-01-01,prósenta,3.5,,kauptaxtar,úr texta,"sérstaklega, sbr. fylgiskj al með samningi þessum. 1.3.3. Kjaratengdir liðir Kjaratengdir liðir kjarasamningsins hækka sem hér segir, nema um annað hafi verið samið: 1. febrúar 2024: 3,25% 1. janúar 2025: 3,50% 1. janúar 2026: 3,50% 1. janúar 2027 3,50% 1.3.4. Kauptaxtaauki Haldi kjarasamningar gildi sínu skal l"
sa,Samtök atvinnulífsins,sa/aNPSSJ5xUNkB1Dby_KjarasamningurSAogSamiðn2024-2028Lokaskjal.pdf,Samtaka atvinnulífsins,"Samiðnar - sambands iðnfélaga f.h. aðildarfélaga í málmiðnaði, byggingariðnaði og skrúðgarðyrkju",aðilar úr skjali,2024-02-01,2028-02-01,2025-01-01,prósenta eða krónutala,3.5,23750,launatafla,úr texta,"nutöluhækkun að lágmarki, nema annað leiði af launatöflum sem fylgja kjarasamningi þessum. Með mánaðarlaunum er átt við föst mánaðarlaun fyrir dagvinnu. 1. febrúar 2024: 3,25% eða 23.750 kr. 1. janúar 2025: 3,50% eða 23.750 kr. 1. janúar 2026: 3,50% eða 23.750 kr. 1. janúar 2027: 3,50% eða 23.750 kr. Kjaratengdir liðir kjarasamninga Kja"
sa,Samtök atvinnulífsins,sa/aNPSSJ5xUNkB1Dby_KjarasamningurSAogSamiðn2024-2028Lokaskjal.pdf,Samtaka atvinnulífsins,"Samiðnar - sambands iðnfélaga f.h. aðildarfélaga í málmiðnaði, byggingariðnaði og skrúðgarðyrkju",aðilar úr skjali,2024-02-01,2028-02-01,2025-01-01,prósenta,3.5,,kauptaxtar,úr texta,"750 kr. 1. janúar 2027: 3,50% eða 23.750 kr. Kjaratengdir liðir kjarasamninga Kjaratengdir liðir kjarasamnings hækka sem hér segir, nema um annað hafi verið samið: 1. febrúar 2024: 3,25% 1. janúar 2025: 3,50% 1. janúar 2026: 3,50% 1. janúar 2027: 3,50% Kauptaxtar hækka sérstaklega, sbr. gr. 1.1.1.1. 1.1.2.2. Kau"
sa,Samtök atvinnulífsins,sa/aZWiFlWLo0XkEoIO_Kjarasamningur2024-2028meistarafélögíbyggingariðnaðiogSamiðnLokaskjal.pdf,"Samtaka atvinnulífsins, vegna meistarafélaga í byggingariðnaði innan Samtaka iðnaðarins",Samiðnar - sambands iðnfélaga f.h. aðildarfélaga í byggingariðnaði,aðilar úr skjali,2024-02-01,2028-02-01,2025-01-01,prósenta eða krónutala,3.5,23750,kauptaxtar,úr texta,"nutöluhækkun að lágmarki, nema annað leiði af launatöflum sem fylgja kjarasamningi þessum. Með mánaðarlaunum er átt við föst mánaðarlaun fyrir dagvinnu. 1. febrúar 2024: 3,25% eða 23.750 kr. 1. janúar 2025: 3,50% eða 23.750 kr. 1. janúar 2026: 3,50% eða 23.750 kr. 1. janúar 2027: 3,50% eða 23.750 kr. Kauptaxtar hækka sérstaklega, sbr. gr."
sa,Samtök atvinnulífsins,sa/aZWiFlWLo0XkEoIO_Kjarasamningur2024-2028meistarafélögíbyggingariðnaðiogSamiðnLokaskjal.pdf,"Samtaka atvinnulífsins, vegna meistarafélaga í byggingariðnaði innan Samtaka iðnaðarins",Samiðnar - sambands iðnfélaga f.h. aðildarfélaga í byggingariðnaði,aðilar úr skjali,2024-02-01,2028-02-01,2025-01-01,prósenta,3.5,,kauptaxtar,úr texta,"ur meistarafélaga í byggigariðnaði og Samiðnar 9 Kjaratengdir liðir kjarasamnings Kjaratengdir liðir kjarasamnings hækka sem hér segir, nema um annað hafi verið samið: 1. febrúar 2024: 3,25% 1. janúar 2025: 3,50% 1. janúar 2026: 3,50% 1. janúar 2027: 3,50% 1.1.2.2. Kauptaxtaauki Haldi kjarasamningar gildi sínu skal l"
sa,Samtök atvinnulífsins,sa/aZXiD8FoBIGEghwf_KjarasamningurMATVÍSogSA2024-2028lokaskjal.pdf,Samtaka atvinnulífsins,Matvæla- og veitingafélags Íslands,aðilar úr skjali,2024-02-01,2028-02-01,2025-01-01,prósenta eða krónutala,3.5,23750,launatafla,úr texta,"launatöflum sem fylgja kjarasamningi þessum. Með mánaðarlaunum er átt við föst mánaðarlaun fyrir dagvinnu. Almenn hækkun mánaðarlauna fyrir fullt starf: 1. febrúar 2024: 3,25% eða 23.750 kr. 1. janúar 2025: 3,50% eða 23.750 kr. 1. janúar 2026: 3,50% eða 23.750 kr. 1. janúar 2027: 3,50% eða 23.750 kr. Kjaratengdir liði kjarasamninga Kjara"
sa,Samtök atvinnulífsins,sa/aZXiD8FoBIGEghwf_KjarasamningurMATVÍSogSA2024-2028lokaskjal.pdf,Samtaka atvinnulífsins,Matvæla- og veitingafélags Íslands,aðilar úr skjali,2024-02-01,2028-02-01,2025-01-01,prósenta,3.5,,kauptaxtar,úr texta,".750 kr. 1. janúar 2027: 3,50% eða 23.750 kr. Kjaratengdir liði kjarasamninga Kjaratengdir liðir kjarasamnings hækka sem hér segir, nema um annað hafi verið samið: 1. febrúar 2024: 3,25% 1. janúar 2025: 3,50% 1. janúar 2026: 3,50% 1. janúar 2027: 3,50% Kauptaxtar hækka sérstaklega, sbr. meðfylgjandi fylgiskjal. 1"
sa,Samtök atvinnulífsins,sa/aabfO1xvIZEnjRdK_KjarasamningurSAogGrafíu2024-2028lokaskjal.pdf,Grafíu – stéttarfélags í prent- og miðlunargreinum,Samtaka atvinnulífsins,aðilar úr skjali,2024-02-01,2028-02-01,2025-01-01,prósenta eða krónutala,3.5,23750,launatafla,úr texta,"utöluhækkun að lágmarki, nema annað leiði af launatöflum sem fylgja kjarasamningi þessum. Með mánaðarlaunum er átt við föst mánaðarlaun fyrir dagvinnu. 1. febrúar 2024: 3,25% eða 23.750 kr. 1. janúar 2025: 3,50% eða 23.750 kr. 1. janúar 2026: 3,50% eða 23.750 kr. 1. janúar 2027: 3,50% eða 23.750 kr. Kjaratengdir liði kjarasamninga Kjar"
sa,Samtök atvinnulífsins,sa/aabfO1xvIZEnjRdK_KjarasamningurSAogGrafíu2024-2028lokaskjal.pdf,Grafíu – stéttarfélags í prent- og miðlunargreinum,Samtaka atvinnulífsins,aðilar úr skjali,2024-02-01,2028-02-01,2025-01-01,prósenta,3.5,,kauptaxtar,úr texta,".750 kr. 1. janúar 2027: 3,50% eða 23.750 kr. Kjaratengdir liði kjarasamninga Kjaratengdir liðir kjarasamnings hækka sem hér segir, nema um annað hafi verið samið: 1. febrúar 2024: 3,25% 1. janúar 2025: 3,50% 1. janúar 2026: 3,50% 1. janúar 2027 3,50% Kauptaxtar hækka sérstaklega, sbr. gr. 2.1.1. 2.2.3. Kauptax"
sa,Samtök atvinnulífsins,sa/abvZcbbci2UF6RI2_KjarasamningurSAogMjólkurfræðinga2024-2028lokaskjal.pdf,Samtaka atvinnulífsins,Mjólkurfræðingafélags Íslands,aðilar úr skjali,2024-01-01,2028-12-31,2025-01-01,prósenta eða krónutala,3.5,23750,launatafla,úr texta,"rónutöluhækkun að lágmarki, nema annað leiði af launatöflum sem fylgja kjarasamningi þessum. Með mánaðarlaunum er átt við föst mánaðarlaun fyrir dagvinnu. 1. febrúar 2024: 3,25% eða 23.750 kr. 1. janúar 2025: 3,50% eða 23.750 kr. 1. janúar 2026: 3,50% eða 23.750 kr. 1. janúar 2027: 3,50% eða 23.750 kr. 1.1.2. Kjaratengdir liðir kjarasamninga"
sa,Samtök atvinnulífsins,sa/aj1JZVbRV8_Qf4kw_SA-SAFogLeiðsögn-uppfærslaákjarasamningi2024-2028.pdf,MILLI: SAMTAKA ATVINNULÍFSINS,SAMTAKA FERÐAÞJÓNUSTUNNAR,aðilar úr skjali,2024-01-01,2028-12-31,2025-01-01,prósenta eða krónutala,3.5,23750,launatafla,úr texta,"nutöluhækkun að lágmarki, nema annað leiði af launatöflum sem fylgja kjarasamningi þessum. Með mánaðarlaunum er átt við föst mánaðarlaun fyrir dagvinnu. 1. febrúar 2024: 3,25% eða 23.750 kr. 1. janúar 2025: 3,50% eða 23.750 kr. 1. janúar 2026: 3,50% eða 23.750 kr. 1. janúar 2027: 3,50% eða 23.750 kr. Kjaratengdir liðir Kjaratengdir liðir"
sa,Samtök atvinnulífsins,sa/aj1JZVbRV8_Qf4kw_SA-SAFogLeiðsögn-uppfærslaákjarasamningi2024-2028.pdf,MILLI: SAMTAKA ATVINNULÍFSINS,SAMTAKA FERÐAÞJÓNUSTUNNAR,aðilar úr skjali,2024-01-01,2028-12-31,2025-01-01,prósenta,3.5,,kauptaxtar,úr texta,"6: 3,50% eða 23.750 kr. 1. janúar 2027: 3,50% eða 23.750 kr. Kjaratengdir liðir Kjaratengdir liðir kjarasamninga hækka sem hér segir, nema um annað hafi verið samið: 1. febrúar 2024: 3,25% 1. janúar 2025: 3,50% 1. janúar 2026: 3,50% 1. janúar 2027: 3,50% 7 Kauptaxtaauki Haldi kjarasamningar gildi sínu ska"
sa,Samtök atvinnulífsins,sa/aj6Iu1bRV8_Qf6wt_KjarasamningurSAogRSÍ2024-2028lokaskjal.pdf,Samtaka atvinnulífsins og Samtaka rafverktaka,Rafiðnaðarsambands Íslands vegna aðildarfélaga,aðilar úr skjali,2024-02-01,2028-02-01,2025-01-01,prósenta eða krónutala,3.5,23750,launatafla,úr texta,"nutöluhækkun að lágmarki, nema annað leiði af launatöflum sem fylgja kjarasamningi þessum. Með mánaðarlaunum er átt við föst mánaðarlaun fyrir dagvinnu. 1. febrúar 2024: 3,25% eða 23.750 kr. 1. janúar 2025: 3,50% eða 23.750 kr. 1. janúar 2026: 3,50% eða 23.750 kr. 1. janúar 2027: 3,50% eða 23.750 kr. Kjaratengdir liðir kjarasamnings hækk"
sa,Samtök atvinnulífsins,sa/aj6Iu1bRV8_Qf6wt_KjarasamningurSAogRSÍ2024-2028lokaskjal.pdf,Samtaka atvinnulífsins og Samtaka rafverktaka,Rafiðnaðarsambands Íslands vegna aðildarfélaga,aðilar úr skjali,2024-02-01,2028-02-01,2025-01-01,prósenta,3.5,,kauptaxtar,úr texta,"1. janúar 2026: 3,50% eða 23.750 kr. 1. janúar 2027: 3,50% eða 23.750 kr. Kjaratengdir liðir kjarasamnings hækka sem hér segir, nema um annað hafi verið samið: 1. febrúar 2024: 3,25% 1. janúar 2025: 3,50% 1. janúar 2026: 3,50% 1. janúar 2027: 3,50% Kauptaxtar hækka sérstaklega, sbr. gr. 1.1.1. 1.2.2. Kaupta"
sameyki,Sameyki stéttarfélag í almannaþjónustu,sameyki/''FRÍHÖFNIN - Sameyki uppfærsla loka 20.2.2026.pdf,Sameykis – stéttarfélags í almannaþjónustu,Fríhafnarinnar ehf,aðilar úr skjali,,,2025-01-01,prósenta eða krónutala,3.5,23750,launatafla,úr texta,"krónutöluhækkun að lágmarki, nema annað leiði af launatöflum sem fylgja kjarasamningi þessum. Með mánaðarlaunum er átt við föst mánaðarlaun fyrir dagvinnu. 1. febrúar 2024: 3,25% eða 23.750 kr. 1. janúar 2025: 3,50% eða 23.750 kr. 1. janúar 2026: 3,50% eða 23.750 kr. 1. janúar 2027: 3,50% eða 23.750 kr. Kjarasamningi þessum fylgja launatöflur ve"
sameyki,Sameyki stéttarfélag í almannaþjónustu,sameyki/''ISAVIA - Sameyki uppfærsla loka 29.5.2026.pdf,aðila halda gildi sínu,byggir,aðilar úr skjali,,,2025-01-01,prósenta eða krónutala,3.5,23750,launatafla,úr texta,"nutöluhækkun að lágmark i, nema annað leiði af launatöflum sem fylgja kjarasamningi þessum. Með mánaðarlaunum er átt við föst mána ðarlaun fyrir dagvinnu. 1. febrúar 2024: 3,25% eða 23.750 kr. 1. janúar 2025: 3,50% eða 23.750 kr. 1. janúar 2026 3,50% eða 23.750 kr. 1. janúar 2027 3,50% eða 23.750 kr. Kjarasamningi þessum fylgja launatöf"
sameyki,Sameyki stéttarfélag í almannaþjónustu,sameyki/''ISAVIA - Sameyki uppfærsla loka 29.5.2026.pdf,aðila halda gildi sínu,byggir,aðilar úr skjali,,,2025-01-01,prósenta,3.5,,launatafla,úr texta,"anna 2024-2027, sem eru hluti samningsins. Kjaratengdir liðir kjarasamninga Kjaratengdir liðir kjarasamninga hækka sem hér segir, nema um annað hafi verið samið: 1. febrúar 2024 3,25% 1. janúar 2025: 3,50% 1. janúar 2026 3,50% 1. janúar 2027 3,50% 1.2 Röðun í launaflokka1 1.2.1 Við ákvörðun starfsaldurs er heimilt að te"
sameyki,Sameyki stéttarfélag í almannaþjónustu,sameyki/''KjarasamningurPostmannafelagsIslandsogSAvegnaIslandspos.pdf,Póstmannafélags Íslands,Samtaka atvinnulífsins,aðilar úr skjali,,,2025-01-01,prósenta eða krónutala,3.5,23750,launatafla,úr texta,"krónutöluhækkun að lágmarki, nema annað leiði af launatöflum sem fylgja kjarasamningi þessum. Með mánaðarlaunum er átt við föst mánaðarlaun fyrir dagvinnu. 1. febrúar 2024: 3,25% eða 23.750 kr. 1. janúar 2025: 3,50% eða 23.750 kr. 1. janúar 2026: 3,50% eða 23.750 kr. 1. janúar 2027: 3,50% eða 23.750 kr. Kjarasamningi þessum fylgja launatöflur"
sgs,Starfsgreinasamband Íslands,sgs/kjarasamningur-sgs-og-sa-2024-2028.pdf,Starfsgreinasambands Íslands,Samtaka atvinnulífsins,aðilar úr skjali,2024-01-01,2028-12-31,2025-01-01,prósenta eða krónutala,3.5,23750,launatafla,úr texta,"krónutöluhækkun að lágmarki, nema annað leiði af launatöflum sem fylgja kjarasamningi þessum. Með mánaðarlaunum er átt við föst mánaðarlaun fyrir dagvinnu. 1. febrúar 2024: 3,25% eða 23.750 kr. 1. janúar 2025: 3,50% eða 23.750 kr. 1. janúar 2026: 3,50% eða 23.750 kr. 1. janúar 2027: 3,50% eða 23.750 kr. 2 Kjaratengdir liðir k"
ssf,Samtök starfsmanna fjármálafyrirtækja,ssf/Kjarasamningur-SSF-og-SA-2024-2028-1-1.pdf,Samtaka starfsmanna fjármálafyrirtækja,Samtaka atvinnulífsins,aðilar úr skjali,2024-01-01,2028-12-31,2025-01-01,prósenta eða krónutala,3.5,23750,launatafla,úr texta,"ylgja samningi þessum. Launabreytingar Laun taka hlutfallshækkun, með krónutöluhækkun að lágmarki. Með mánaðarlaunum er átt við föst mánaðarlaun fyrir dagvinnu. 1. febrúar 2024: 3,25% eða 23.750 kr. 1. janúar 2025: 3,50% eða 23.750 kr. 1. janúar 2026: 3,50% eða 23.750 kr. 1. janúar 2027: 3,50% eða 23.750 kr. Kjarasamningi þessum fylgja launatöflur vegna"
ssf,Samtök starfsmanna fjármálafyrirtækja,ssf/Kjarasamningur-SSF-og-SA-2024-2028-1-1.pdf,Samtaka starfsmanna fjármálafyrirtækja,Samtaka atvinnulífsins,aðilar úr skjali,2024-01-01,2028-12-31,2025-01-01,prósenta,3.5,,kauptaxtar,úr texta,"a launatöflur vegna áranna 2024 – 2027, sem eru hluti samningsins. Kjaratengdir liðir Kjaratengdir liðir kjarasamningsins hækka sem hér segir, nema um annað hafi verið samið: 1. febrúar 2024: 3,25% 1. janúar 2025: 3,50% 1. janúar 2026: 3,50% 1. janúar 2027: 3,50% Kauptaxtar Í stað áðurgildandi lágmarkstaxta starfsheita koma nýjir sem eru"
vm,VM - Félag vélstjóra og málmtæknimanna,vm/Nyr-heildarsamningur-Bjorgun-yfirlesinn-af-SA.pdf,Björgunar ehf,VM Félags vélstjóra og málmtæknimanna,aðilar úr skjali,2024-02-01,2028-12-31,2025-01-01,prósenta eða krónutala,3.5,23750,launatafla,úr texta,"að lágmarki, nema annað leiði af launatöflum. Með mánaðarlaunum er átt við föst mánaðarlaun fyrir dagvinnu. Kjaratengdir liðir taka sömu hlutfallshækkun. • 1. febrúar 2024: 3,25% eða 23.750 kr. • 1. janúar 2025: 3,50% eða 23.750 kr. • 1. janúar 2026: 3,50% eða 23.750 kr. • 1. janúar 2027: 3,50% eða 23.750 kr. • 1. janúar 2028: 2,50% Verði samið á alm"
vm,VM - Félag vélstjóra og málmtæknimanna,vm/Uppfaerdur-heildarsamningur-milli-VM-og-OR-vegna-malmidnadarmanna-2024-loka.pdf,VM félags vélstjóra,málmtæknimanna,aðilar úr skjali,2008-05-01,2010-12-31,2025-01-01,prósenta eða krónutala,3.5,23750,launatafla,grunsamlegt,"krónutöluhækkun að lágmarki, nema annað leiði af launatöflum sem fylgja kjarasamningi þessum. Með mánaðarlaunum er átt við föst mánaðarlaun fyrir dagvinnu. 1. febrúar 2024: 3,25% eða 23.750 kr. 1. janúar 2025: 3,50% eða 23.750 kr. 1. janúar 2026: 3,50% eða 23.750 kr. 1. janúar 2027: 3,50% eða 23.750 kr. Kjarasamningi þessum fylgja launatöflur"
vm,VM - Félag vélstjóra og málmtæknimanna,vm/Uppfaerdur-heildarsamningur-milli-VM-og-OR-vegna-malmidnadarmanna-2024-loka.pdf,VM félags vélstjóra,málmtæknimanna,aðilar úr skjali,2008-05-01,2010-12-31,2025-01-01,prósenta,3.5,,almenn laun,grunsamlegt,"a áranna 2024 – 2027, sem eru hluti samningsins. 1.8 Kjaratengdir liðir kjarasamninga Kjaratengdir liðir kjarasamninga hækka sem hér segir, nema um annað hafi verið samið: 1. febrúar 2024: 3,25% 1. janúar 2025: 3,50% 1. janúar 2026: 3,50% 1. janúar 2027: 3,50% 1.9 Hluti fastrar greiðslu fer inn í grunnlaun Fastar persónubundnar gr"
vm,VM - Félag vélstjóra og málmtæknimanna,vm/Uppfaerdur-heildarsamningur-milli-VM-og-OR-vegna-malmidnadarmanna-2024-loka.pdf,VM félags vélstjóra,málmtæknimanna,aðilar úr skjali,2008-05-01,2010-12-31,2025-01-01,krónutala,,20000,kauptaxtar,grunsamlegt,"9 Hluti fastrar greiðslu fer inn í grunnlaun Fastar persónubundnar greiðslur sem starfsfólk hefur notið lækka um samtals kr. 40.000 í tveimur jöfnum áföngum á samningstímabilinu, þ.e. um kr. 20.000 1. janúar 2025 og um kr. 20.000 1. janúar 2027 en á móti hækka launataxtar sérstaklega. Sjá nánar bókun með samningi þessum.]6 5 Samningur RSÍ, VM o"
vm,VM - Félag vélstjóra og málmtæknimanna,vm/Uppfaerdur-heildarsamningur-milli-VM-og-OR-vegna-velfraedinga-2024-loka.pdf,VM félags vélstjóra,málmtæknimanna,aðilar úr skjali,2008-05-01,2010-12-31,2025-01-01,prósenta eða krónutala,3.5,23750,launatafla,grunsamlegt,"krónutöluhækkun að lágmarki, nema annað leiði af launatöflum sem fylgja kjarasamningi þessum. Með mánaðarlaunum er átt við föst mánaðarlaun fyrir dagvinnu. 1. febrúar 2024: 3,25% eða 23.750 kr. 1. janúar 2025: 3,50% eða 23.750 kr. 1. janúar 2026: 3,50% eða 23.750 kr. 1. janúar 2027: 3,50% eða 23.750 kr. Kjarasamningi þessum fylgja launatöflur"
vm,VM - Félag vélstjóra og málmtæknimanna,vm/Uppfaerdur-heildarsamningur-milli-VM-og-OR-vegna-velfraedinga-2024-loka.pdf,VM félags vélstjóra,málmtæknimanna,aðilar úr skjali,2008-05-01,2010-12-31,2025-01-01,prósenta,3.5,,almenn laun,grunsamlegt,"r liðir kjarasamninga Kjaratengdir liðir kjarasamninga hækka sem hér segir, nema um annað hafi verið samið: 5 Samningur RSÍ, VM og SA vegna OR dags. 14.6.24, 4. gr. 10 1. febrúar 2024: 3,25% 1. janúar 2025: 3,50% 1. janúar 2026: 3,50% 1. janúar 2027: 3,50% 1.10 Hluti fastrar greiðslu fer inn í grunnlaun Fastar persónubundnar g"
vm,VM - Félag vélstjóra og málmtæknimanna,vm/Uppfaerdur-heildarsamningur-milli-VM-og-OR-vegna-velfraedinga-2024-loka.pdf,VM félags vélstjóra,málmtæknimanna,aðilar úr skjali,2008-05-01,2010-12-31,2025-01-01,krónutala,,20000,kauptaxtar,grunsamlegt,"0 Hluti fastrar greiðslu fer inn í grunnlaun Fastar persónubundnar greiðslur sem starfsfólk hefur notið lækka um samtals kr. 40.000 í tveimur jöfnum áföngum á samningstímabilinu, þ.e. um kr. 20.000 1. janúar 2025 og um kr. 20.000 1. janúar 2027 en á móti hækka launataxtar sérstaklega. Sjá nánar bókun með samningi þessum.]6 6 Samningur RSÍ, VM"
vr,VR,vr/kjarasamningur-fa-2024-fin100.pdf,VR/LÍV,FÉLAGS ATVINNUREKENDA,aðilar úr skjali,2024-02-01,2028-02-01,2025-01-01,prósenta eða krónutala,3.5,23750,kauptaxtar,úr texta,"eð krónutöluhækkun að lágmarki, nema annað leiði af launatöflum sem fylgja kjarasamningi þessum. Með mánaðarlaunum er átt við föst mánaðarlaun fyrir dagvinnu. 1. febrúar 2024: 3,25% eða 23.750 kr. 1. janúar 2025: 3,50% eða 23.750 kr. 1. janúar 2026: 3,50% eða 23.750 kr. 1. janúar 2027: 3,50% eða 23.750 kr. Í stað áðurgildandi kauptaxta koma nýir se"
vr,VR,vr/kjarasamningur-fa-2024-fin100.pdf,VR/LÍV,FÉLAGS ATVINNUREKENDA,aðilar úr skjali,2024-02-01,2028-02-01,2025-01-01,prósenta,3.5,,kauptaxtar,úr texta,"frá 1. febrúar 2024, 1. janúar 2025, 1. janúar 2026 og 1. janúar 2027. Kjaratengdir liðir Kjaratengdir liðir kjarasamninga hækka sem hér segir, nema um annað hafi verið samið: 1. febrúar 2024: 3,25% 1. janúar 2025: 3,50% 1. janúar 2026: 3,50% 1. janúar 2027: 3,50% Kauptaxtaauki Haldi kjarasamningar gildi sínu skal launa- og forsen"
vr,VR,vr/kjarasamningur-sa-2024-fin101.pdf,MILLI VR,SAMTAKA ATVINNULÍFSINS,aðilar úr skjali,2024-02-01,2028-02-01,2025-01-01,prósenta eða krónutala,3.5,23750,kauptaxtar,úr texta,"eð krónutöluhækkun að lágmarki, nema annað leiði af launatöflum sem fylgja kjarasamningi þessum. Með mánaðarlaunum er átt við föst mánaðarlaun fyrir dagvinnu. 1. febrúar 2024: 3,25% eða 23.750 kr. 1. janúar 2025: 3,50% eða 23.750 kr. 1. janúar 2026: 3,50% eða 23.750 kr. 1. janúar 2027: 3,50% eða 23.750 kr. Ofangreind hækkun á kauptaxta er reiknuð í"
vr,VR,vr/kjarasamningur-sa-2024-fin101.pdf,MILLI VR,SAMTAKA ATVINNULÍFSINS,aðilar úr skjali,2024-02-01,2028-02-01,2025-01-01,prósenta,3.5,,kauptaxtar,úr texta,"um töxtum í gr. 1.1. og útgefnum kauptöxtum í fylgiskjali bls. 62-65. Kjaratengdir liðir Kjaratengdir liðir kjarasamninga hækka sem hér segir, nema um annað hafi verið samið: 1. febrúar 2024: 3,25% 1. janúar 2025: 3,50% 1. janúar 2026: 3,50% 1. janúar 2027: 3,50% Kauptaxtaauki Haldi kjarasamningar gildi sínu skal launa- og forsendune"
vr,VR,vr/kjarasamningur-sa-og-vr-lív-2024.pdf,VR og Landssambands íslenzkra verzlunarmanna,Samtaka atvinnulífsins,aðilar úr skjali,,,2025-01-01,prósenta eða krónutala,3.5,23750,launatafla,úr texta,"krónutöluhækkun að lágmarki, nema annað leiði af launatöflum sem fylgja kjarasamningi þessum. Með mánaðarlaunum er átt við föst mánaðarlaun fyrir dagvinnu. 1. febrúar 2024: 3,25% eða 23.750 kr. 1. janúar 2025: 3,50% eða 23.750 kr. 1. janúar 2026: 3,50% eða 23.750 kr. 1. janúar 2027: 3,50% eða 23.750 kr. Kjarasamningi þessum fylgja launatöfl"
vr,VR,vr/sa-saf-og-leidsogn-samningur-2024-2028-uppfaert-1342026-fix.pdf,MILLI: SAMTAKA ATVINNULÍFSINS,SAMTAKA FERÐAÞJÓNUSTUNNAR,aðilar úr skjali,2024-01-01,2028-12-31,2025-01-01,prósenta eða krónutala,3.5,23750,launatafla,úr texta,"krónutöluhækkun að lágmarki, nema annað leiði af launatöflum sem fylgja kjarasamningi þessum. Með mánaðarlaunum er átt við föst mánaðarlaun fyrir dagvinnu. 1. febrúar 2024: 3,25% eða 23.750 kr. 1. janúar 2025: 3,50% eða 23.750 kr. 1. janúar 2026: 3,50% eða 23.750 kr. 1. janúar 2027: 3,50% eða 23.750 kr. Kjaratengdir liðir Kjaratengdir liði"
vr,VR,vr/sa-saf-og-leidsogn-samningur-2024-2028-uppfaert-1342026-fix.pdf,MILLI: SAMTAKA ATVINNULÍFSINS,SAMTAKA FERÐAÞJÓNUSTUNNAR,aðilar úr skjali,2024-01-01,2028-12-31,2025-01-01,prósenta,3.5,,kauptaxtar,úr texta,": 3,50% eða 23.750 kr. 1. janúar 2027: 3,50% eða 23.750 kr. Kjaratengdir liðir Kjaratengdir liðir kjarasamninga hækka sem hér segir, nema um annað hafi verið samið: 1. febrúar 2024: 3,25% 1. janúar 2025: 3,50% 1. janúar 2026: 3,50% 1. janúar 2027: 3,50% Kauptaxtaauki Haldi kjarasamningar gildi sínu skal launa- og forsendune"
sgs,Starfsgreinasamband Íslands,sgs/glaerukynning-um-nyjan-kjarasamning-sgs-og-sveitarfelaganna.pdf,,,aðeins heimild,2024-04-01,2028-03-31,2025-03-31,prósenta,2.0,,launatafla,úr texta,ingurinn gildir afturvirkt frá 1. apríl 2024 • Verði samningurinn samþykktur verða laun leiðrétt frá þeim tíma með næstu útborgun Launahækkanir Launatafla 1 Launatafla 1 Gildir frá 1. apríl 2024 til 31. mars 2025 L.fl. Grunn- laun Persónu- álag 2% Persónu- álag 4% Persónu- álag 6% Persónu- álag 8% Persónu- álag 10% Persónu- álag 12% Persónu- álag 14% Persónu- álag 16% 117 456.295 465.421 474.547 4
efling,Efling stéttarfélag,efling/Kjarasamningur-Efling-og-Reykjavikurborg_loka.20.6.pdf,aðila ásamt bókunum,fylgiskjöl,aðilar úr skjali,,,2025-04-01,prósenta eða krónutala,3.5,23750,almenn laun,úr texta,"mánaðarlaun taka eftirfarandi hlutfallshækkunum með krónutöluhækkun að lágmarki á samningstímanum. Með mánaðarlaunum er átt við föst mánaðarlaun fyrir dagvinnu. 1.apríl 2024 3,25% eða 23.750 kr. 1.apríl 2025 3,50% eða 23.750 kr. 1.apríl 2026 3,50% eða 23.750 kr. 1.apríl 2027 3,50% eða 23.750 kr. Persónuálag tekur eftirfarandi breytingum á sa"
efling,Efling stéttarfélag,efling/Kjarasamningur-Efling-og-Reykjavikurborg_loka.20.6.pdf,aðila ásamt bókunum,fylgiskjöl,aðilar úr skjali,,,2025-04-01,prósenta,3.5,,óskilgreint,úr texta,"að baki þeirra geta tekið breytingum, að efni og umfangi. Þrátt fyrir ofangreint eru aðilar sammála um að á samningstímanum taki önnur laun skv. gr. 1.1.3 hækkun um 3,25% þann 1. apríl 2024, 3,5% 1. apríl 2025, 3,5% 1. apríl 2026 og 3,5% 1. apríl 2027. Bókun 5 Starfsmatskerfið SAMSTARF Samningsaðilar eru sammála um það langtímamar"
framsyn,Framsýn stéttarfélag,framsyn/kjarasamningur-sgssis-2024-2028_vefur.pdf,Kjarasamningur Starfsgreinasambands Íslands,Sambands íslenskra sveitarfélaga,aðilar úr skjali,2024-01-01,2028-12-31,2025-04-01,prósenta eða krónutala,3.5,23750,launatafla,úr texta,"il 31. mars 2027. Launatafla 4: Gildir frá 1. apríl 2027 til 31. mars 2028. Mánaðarlaun hækka sem hér segir á samningstímanum: 1. apríl 2024. 23.750 kr. eða að lágmarki um 3,25% sbr. launatöflu 1. 1. apríl 2025: 23.750 kr. eða að lágmarki um 3,50% sbr. launatöflu 2. 1. apríl 2026: 23.750 kr. eða að lágmarki um 3,50% sbr. launatöflu 3. 1. apríl 2027: 23.750 kr. eða að lágmarki um 3,50%"
grafia,Grafía,grafia/Grafia-kauptaxtar-1.-april-2025-1.pdf,GRAFÍU – stéttarfélags í prent,miðlunargrein,aðilar úr skjali,2024-02-01,2028-02-01,2025-04-01,prósenta,0.58,,kauptaxtar,úr texta,"rtæki er orlof 28 dagar. Kauptaxta auki 0,58% Í samræmi við ákvæði forsendunefndar Stöðugleika- og velferðarkjarasamningsins 2024 – 2028 ASÍ og SA í kjarasamningi frá 9. mars 2024 varð niðurstaða um sérstakan kauptaxta auka í kjarasamningum GRAFÍU við SA og FA/SÍA um 0,58% frá og með 1. apríl 2025 í ljósi þess að launavísitala hefur hækkað umfram kauptaxtahækkanir á almennum vinnumarkaði. Gildir f"
hjukrun,Félag íslenskra hjúkrunarfræðinga,hjukrun/Z0WYlq8jQArT1TuY_2024-11-14fíhkálfurLOK.pdf,"aðila , framlengist frá 1. apríl 2024 til 31. mars 2028 með þeim breytingum",fyrirvör,aðilar úr skjali,,,2025-04-01,prósenta,3.5,,óskilgreint,úr texta,"ndur að baki þeim geta tekið breytingum að efni og umfangi. Þrátt fyrir ofangreint eru aðilar sammála um að á samningstímanum taki önnur laun skv. gr. 1.1.1 hækkun um 3,25% þann 1. apríl 2024, 3,5% 1. apríl 2025, 3,5% 1. apríl 2026 og 3,5% 1. apríl 2027. Bókun 9 Sérfræðiráðgjöf á bakvakt Samningsaðilar eru sammála um að auk þeirrar"
hjukrun,Félag íslenskra hjúkrunarfræðinga,hjukrun/Z1ljF5bqstJ98TMw_Kjarasamningur_SNS_Fíhj_2024-2028_LOK.pdf,SAMBANDS ÍSLENSKRA SVEITARFÉLAGA F.H. ÞEIRRA SVEITARFÉLAGA,ANNARRA AÐILA,aðilar úr skjali,2024-04-01,2025-03-31,2025-04-01,prósenta eða krónutala,3.5,23750,launatafla,úr texta,"31. mars 2027. Launatafla 4: Gildir frá 1. apríl 2027 til 31. mars 2028. Mánaðarlaun hækka sem hér segir á samningstímanum: 1. apríl 2024: 23.750 kr. eða að lágmarki um 3,25% sbr. launatöflu 1. 1. apríl 2025: 23.750 kr. eða að lágmarki um 3,50% sbr. launatöflu 2. 1. apríl 2026: 23.750 kr. eða að lágmarki um 3,50% sbr. launatöflu 3. 1. apríl 2027: 23.750 kr. eða að lágmarki um 3,50"
hjukrun,Félag íslenskra hjúkrunarfræðinga,hjukrun/Z1ljF5bqstJ98TMw_Kjarasamningur_SNS_Fíhj_2024-2028_LOK.pdf,SAMBANDS ÍSLENSKRA SVEITARFÉLAGA F.H. ÞEIRRA SVEITARFÉLAGA,ANNARRA AÐILA,aðilar úr skjali,2024-04-01,2025-03-31,2025-04-01,prósenta,3.5,,óskilgreint,úr texta,"gt að málsmeðferð og ákvörðun um greiðslu annarra launa byggi á málefnalegum sjónarmiðum og feli ekki í sér kynbundna mismunun. Á samningstímanum hækka önnur laun um 3,25% þann 1. apríl 2024, 3,5% 1. apríl 2025, 3,5% 1. apríl 2026 og 3,5% 1. apríl 2027. Heimildarákvæðinu um önnur laun er t.d ætlað að styðja við framþróun í starfi, um"
hjukrun,Félag íslenskra hjúkrunarfræðinga,hjukrun/Z2FUwpbqstJ98l0R_2024-12-05fíh_sfvkálfur_loka.pdf,"aðila , framlengist frá 1. apríl 2024 til 31. mars 2028 með þeim breytingum",fyrirvör,aðilar úr skjali,,,2025-04-01,prósenta,3.5,,óskilgreint,úr texta,"ndur að baki þeim geta tekið breytingum að efni og umfangi. Þrátt fyrir ofangreint eru aðilar sammála um að á samningstímanum taki önnur laun skv. gr. 1.1.1 hækkun um 3,25% þann 1. apríl 2024, 3,5% 1. apríl 2025, 3,5% 1. apríl 2026 og 3,5% 1. apríl 2027. Bókun 9 Sérfræðiráðgjöf á bakvakt Samningsaðilar eru sammála um að auk þeirrar"
matvis,MATVÍS,matvis/matvis_2024-2028_heildarkjarasamningur_lok.pdf,SAMBANDS ÍSLENSKRA SVEITARFÉLAGA F.H. ÞEIRRA SVEITARFÉLAGA,ANNARRA AÐILA SEM ÞAÐ HEFUR,aðilar úr skjali,2024-01-01,2028-12-31,2025-04-01,prósenta eða krónutala,3.5,23750,launatafla,úr texta,"31. mars 2027. Launatafla 4: Gildir frá 1. apríl 2027 til 31. mars 2028. Mánaðarlaun hækka sem hér segir á samningstímanum: 1. apríl 2024: 23.750 kr. eða að lágmarki um 3,25% sbr. launatöflu 1. 1. apríl 2025: 23.750 kr. eða að lágmarki um 3,50% sbr. launatöflu 2. 1. apríl 2026: 23.750 kr. eða að lágmarki um 3,50% sbr. launatöflu 3. 1. apríl 2027: 23.750 kr. eða að lágmarki um 3,50"
reykjavik,Reykjavíkurborg,reykjavik/heildarkjarasamningur-fih-og-rvk_2024-2028.pdf,Félags íslenskra hjúkrunarfræðinga,Reykjavíkurborgar,aðilar úr skjali,2024-04-01,2028-03-31,2025-04-01,prósenta eða krónutala,3.5,23750,almenn laun,úr texta,"naðarlaun taka eftirfarandi hlutfallshækkunum með krónutöluhækkun að lágmarki á samningstímanum. Með mánaðarlaunum er átt við föst mánaðarlaun fyrir dagvinnu. 1. apríl 2024: 3,25% eða 23.750 kr. 1. apríl 2025: 3,50% eða 23.750 kr. 1. apríl 2026: 3,50% eða 23.750 kr. 1. apríl 2027: 3,50% eða 23.750 kr. Persónuálag tekur eftirfarandi breytingum á sa"
reykjavik,Reykjavíkurborg,reykjavik/heildarkjarasamningur-fih-og-rvk_2024-2028.pdf,Félags íslenskra hjúkrunarfræðinga,Reykjavíkurborgar,aðilar úr skjali,2024-04-01,2028-03-31,2025-04-01,prósenta,3.5,,óskilgreint,úr texta,"að baki þeirra geta tekið breytingum, að efni og umfangi. Þrátt fyrir ofangreint eru aðilar sammála um að á samningstímanum taki önnur laun skv. gr. 1.1.3 hækkun um 3,25% þann 1. apríl 2024, 3,5% 1. apríl 2025, 3,5% 1. apríl 2026 og 3,5% 1. apríl 2027. Bókun 5 Viðmið um vinnuskil í vaktavinnu Fulltrúar Reykjavíkurborgar og Félags í"
reykjavik,Reykjavíkurborg,reykjavik/kalfur-rvk-og-fin-14.1.2025_loka.pdf,aðila ásamt bókunum,fylgiskjöl,aðilar úr skjali,,,2025-04-01,prósenta eða krónutala,3.5,23750,almenn laun,úr texta,"mánaðarlaun taka eftirfarandi hlutfallshækkunum með krónutöluhækkun að lágmarki á samningstímanum. Með mánaðarlaunum er átt við föst mánaðarlaun fyrir dagvinnu. 1.apríl 2024 3,25% eða 23.750 kr. 1.apríl 2025 3,50% eða 23.750 kr. 1.apríl 2026 3,50% eða 23.750 kr. 1.apríl 2027 3,50% eða 23.750 kr. Persónuálag tekur eftirfarandi breytingum á sa"
reykjavik,Reykjavíkurborg,reykjavik/kalfur-rvk-og-fin-14.1.2025_loka.pdf,aðila ásamt bókunum,fylgiskjöl,aðilar úr skjali,,,2025-04-01,prósenta,3.5,,óskilgreint,úr texta,"að baki þeirra geta tekið breytingum, að efni og umfangi. Þrátt fyrir ofangreint eru aðilar sammála um að á samningstímanum taki önnur laun skv. gr. 1.1.3 hækkun um 3,25% þann 1. apríl 2024, 3,5% 1. apríl 2025, 3,5% 1. apríl 2026 og 3,5% 1. apríl 2027. Bókun 5 Starfsmatskerfið SAMSTARF Samningsaðilar eru sammála um það langtímamar"
reykjavik,Reykjavíkurborg,reykjavik/kalfur-rvk-rafidn-loka.pdf,aðila ásamt bókunum,fylgiskjöl,aðilar úr skjali,,,2025-04-01,prósenta eða krónutala,3.5,23750,almenn laun,úr texta,"mánaðarlaun taka eftirfarandi hlutfallshækkunum með krónutöluhækkun að lágmarki á samningstímanum. Með mánaðarlaunum er átt við föst mánaðarlaun fyrir dagvinnu. 1.apríl 2024 3,25% eða 23.750 kr. 1.apríl 2025 3,50% eða 23.750 kr. 1.apríl 2026 3,50% eða 23.750 kr. 1.apríl 2027 3,50% eða 23.750 kr. Persónuálag tekur eftirfarandi breytingum á sa"
reykjavik,Reykjavíkurborg,reykjavik/kalfur-rvk-rafidn-loka.pdf,aðila ásamt bókunum,fylgiskjöl,aðilar úr skjali,,,2025-04-01,prósenta,3.5,,óskilgreint,úr texta,"að baki þeirra geta tekið breytingum, að efni og umfangi. Þrátt fyrir ofangreint eru aðilar sammála um að á samningstímanum taki önnur laun skv. gr. 1.1.3 hækkun um 3,25% þann 1. apríl 2024, 3,5% 1. apríl 2025, 3,5% 1. apríl 2026 og 3,5% 1. apríl 2027. Bókun 5 Starfsmatskerfið SAMSTARF Samningsaðilar eru sammála um það langtímamar"
reykjavik,Reykjavíkurborg,reykjavik/kalfur-rvk-samband-stjornendafelaga_loka.pdf,aðila ásamt bókunum,fylgiskjöl,aðilar úr skjali,,,2025-04-01,prósenta eða krónutala,3.5,23750,almenn laun,úr texta,"mánaðarlaun taka eftirfarandi hlutfallshækkunum með krónutöluhækkun að lágmarki á samningstímanum. Með mánaðarlaunum er átt við föst mánaðarlaun fyrir dagvinnu. 1.apríl 2024 3,25% eða 23.750 kr. 1.apríl 2025 3,50% eða 23.750 kr. 1.apríl 2026 3,50% eða 23.750 kr. 1.apríl 2027 3,50% eða 23.750 kr. Persónuálag tekur eftirfarandi breytingum á sa"
reykjavik,Reykjavíkurborg,reykjavik/kalfur-rvk-samband-stjornendafelaga_loka.pdf,aðila ásamt bókunum,fylgiskjöl,aðilar úr skjali,,,2025-04-01,prósenta,3.5,,óskilgreint,úr texta,"að baki þeirra geta tekið breytingum, að efni og umfangi. Þrátt fyrir ofangreint eru aðilar sammála um að á samningstímanum taki önnur laun skv. gr. 1.1.3 hækkun um 3,25% þann 1. apríl 2024, 3,5% 1. apríl 2025, 3,5% 1. apríl 2026 og 3,5% 1. apríl 2027. Bókun 5 Starfsmatskerfið SAMSTARF Samningsaðilar eru sammála um það langtímamar"
reykjavik,Reykjavíkurborg,reykjavik/kalfur-rvk-sameyki-loka.pdf,aðila ásamt bókunum,fylgiskjöl,aðilar úr skjali,,,2025-04-01,prósenta eða krónutala,3.5,23750,almenn laun,úr texta,"mánaðarlaun taka eftirfarandi hlutfallshækkunum með krónutöluhækkun að lágmarki á samningstímanum. Með mánaðarlaunum er átt við föst mánaðarlaun fyrir dagvinnu. 1.apríl 2024 3,25% eða 23.750 kr. 1.apríl 2025 3,50% eða 23.750 kr. 1.apríl 2026 3,50% eða 23.750 kr. 1.apríl 2027 3,50% eða 23.750 kr. Persónuálag tekur eftirfarandi breytingum á sa"
reykjavik,Reykjavíkurborg,reykjavik/kalfur-rvk-sameyki-loka.pdf,aðila ásamt bókunum,fylgiskjöl,aðilar úr skjali,,,2025-04-01,prósenta,3.5,,óskilgreint,úr texta,"að baki þeirra geta tekið breytingum, að efni og umfangi. Þrátt fyrir ofangreint eru aðilar sammála um að á samningstímanum taki önnur laun skv. gr. 1.1.3 hækkun um 3,25% þann 1. apríl 2024, 3,5% 1. apríl 2025, 3,5% 1. apríl 2026 og 3,5% 1. apríl 2027. Bókun 5 Viðmið um vinnuskil í vaktavinnu Fulltrúar Reykjavíkurborgar og BSRB mu"
reykjavik,Reykjavíkurborg,reykjavik/kalfur-rvk-samidn-til-undirritunar.pdf,aðila ásamt bókunum,fylgiskjöl,aðilar úr skjali,,,2025-04-01,prósenta eða krónutala,3.5,23750,almenn laun,úr texta,"mánaðarlaun taka eftirfarandi hlutfallshækkunum með krónutöluhækkun að lágmarki á samningstímanum. Með mánaðarlaunum er átt við föst mánaðarlaun fyrir dagvinnu. 1.apríl 2024 3,25% eða 23.750 kr. 1.apríl 2025 3,50% eða 23.750 kr. 1.apríl 2026 3,50% eða 23.750 kr. 1.apríl 2027 3,50% eða 23.750 kr. Persónuálag tekur eftirfarandi breytingum á sa"
reykjavik,Reykjavíkurborg,reykjavik/kalfur-rvk-samidn-til-undirritunar.pdf,aðila ásamt bókunum,fylgiskjöl,aðilar úr skjali,,,2025-04-01,prósenta,3.5,,óskilgreint,úr texta,"að baki þeirra geta tekið breytingum, að efni og umfangi. Þrátt fyrir ofangreint eru aðilar sammála um að á samningstímanum taki önnur laun skv. gr. 1.1.3 hækkun um 3,25% þann 1. apríl 2024, 3,5% 1. apríl 2025, 3,5% 1. apríl 2026 og 3,5% 1. apríl 2027. Bókun 5 Starfsmatskerfið SAMSTARF Samningsaðilar eru sammála um það langtímamar"
reykjavik,Reykjavíkurborg,reykjavik/kalfur-st-rvk-loka.pdf,aðila ásamt bókunum,fylgiskjöl,aðilar úr skjali,,,2025-04-01,prósenta eða krónutala,3.5,23750,almenn laun,úr texta,"mánaðarlaun taka eftirfarandi hlutfallshækkunum með krónutöluhækkun að lágmarki á samningstímanum. Með mánaðarlaunum er átt við föst mánaðarlaun fyrir dagvinnu. 1.apríl 2024 3,25% eða 23.750 kr. 1.apríl 2025 3,50% eða 23.750 kr. 1.apríl 2026 3,50% eða 23.750 kr. 1.apríl 2027 3,50% eða 23.750 kr. Persónuálag tekur eftirfarandi breytingum á sa"
reykjavik,Reykjavíkurborg,reykjavik/kalfur-st-rvk-loka.pdf,aðila ásamt bókunum,fylgiskjöl,aðilar úr skjali,,,2025-04-01,prósenta,3.5,,óskilgreint,úr texta,"að baki þeirra geta tekið breytingum, að efni og umfangi. Þrátt fyrir ofangreint eru aðilar sammála um að á samningstímanum taki önnur laun skv. gr. 1.1.3 hækkun um 3,25% þann 1. apríl 2024, 3,5% 1. apríl 2025, 3,5% 1. apríl 2026 og 3,5% 1. apríl 2027. Bókun 5 Starfsmatskerfið SAMSTARF Samningsaðilar eru sammála um það langtímamar"
reykjavik,Reykjavíkurborg,reykjavik/kalfur_-_rvk_og_fi_10.1.2025_loka.pdf,aðila ásamt bókunum,fylgiskjöl,aðilar úr skjali,,,2025-04-01,prósenta eða krónutala,3.5,23750,almenn laun,úr texta,"mánaðarlaun taka eftirfarandi hlutfallshækkunum með krónutöluhækkun að lágmarki á samningstímanum. Með mánaðarlaunum er átt við föst mánaðarlaun fyrir dagvinnu. 1.apríl 2024 3,25% eða 23.750 kr. 1.apríl 2025 3,50% eða 23.750 kr. 1.apríl 2026 3,50% eða 23.750 kr. 1.apríl 2027 3,50% eða 23.750 kr. Persónuálag tekur eftirfarandi breytingum á sa"
reykjavik,Reykjavíkurborg,reykjavik/kalfur_-_rvk_og_fi_10.1.2025_loka.pdf,aðila ásamt bókunum,fylgiskjöl,aðilar úr skjali,,,2025-04-01,prósenta,3.5,,óskilgreint,úr texta,"að baki þeirra geta tekið breytingum, að efni og umfangi. Þrátt fyrir ofangreint eru aðilar sammála um að á samningstímanum taki önnur laun skv. gr. 1.1.3 hækkun um 3,25% þann 1. apríl 2024, 3,5% 1. apríl 2025, 3,5% 1. apríl 2026 og 3,5% 1. apríl 2027. Bókun 5 Starfsmatskerfið SAMSTARF Samningsaðilar eru sammála um það langtímamar"
reykjavik,Reykjavíkurborg,reykjavik/kalfur_-_rvk_og_ii_10.1.2025_loka.pdf,aðila ásamt bókunum,fylgiskjöl,aðilar úr skjali,,,2025-04-01,prósenta eða krónutala,3.5,23750,almenn laun,úr texta,"mánaðarlaun taka eftirfarandi hlutfallshækkunum með krónutöluhækkun að lágmarki á samningstímanum. Með mánaðarlaunum er átt við föst mánaðarlaun fyrir dagvinnu. 1.apríl 2024 3,25% eða 23.750 kr. 1.apríl 2025 3,50% eða 23.750 kr. 1.apríl 2026 3,50% eða 23.750 kr. 1.apríl 2027 3,50% eða 23.750 kr. Persónuálag tekur eftirfarandi breytingum á sa"
reykjavik,Reykjavíkurborg,reykjavik/kalfur_-_rvk_og_ii_10.1.2025_loka.pdf,aðila ásamt bókunum,fylgiskjöl,aðilar úr skjali,,,2025-04-01,prósenta,3.5,,óskilgreint,úr texta,"að baki þeirra geta tekið breytingum, að efni og umfangi. Þrátt fyrir ofangreint eru aðilar sammála um að á samningstímanum taki önnur laun skv. gr. 1.1.3 hækkun um 3,25% þann 1. apríl 2024, 3,5% 1. apríl 2025, 3,5% 1. apríl 2026 og 3,5% 1. apríl 2027. Bókun 5 Starfsmatskerfið SAMSTARF Samningsaðilar eru sammála um það langtímamar"
reykjavik,Reykjavíkurborg,reykjavik/kalfur_-_rvk_og_si_10.1.2025_loka.pdf,aðila ásamt bókunum,fylgiskjöl,aðilar úr skjali,,,2025-04-01,prósenta eða krónutala,3.5,23750,almenn laun,úr texta,"mánaðarlaun taka eftirfarandi hlutfallshækkunum með krónutöluhækkun að lágmarki á samningstímanum. Með mánaðarlaunum er átt við föst mánaðarlaun fyrir dagvinnu. 1.apríl 2024 3,25% eða 23.750 kr. 1.apríl 2025 3,50% eða 23.750 kr. 1.apríl 2026 3,50% eða 23.750 kr. 1.apríl 2027 3,50% eða 23.750 kr. Persónuálag tekur eftirfarandi breytingum á sa"
reykjavik,Reykjavíkurborg,reykjavik/kalfur_-_rvk_og_si_10.1.2025_loka.pdf,aðila ásamt bókunum,fylgiskjöl,aðilar úr skjali,,,2025-04-01,prósenta,3.5,,óskilgreint,úr texta,"að baki þeirra geta tekið breytingum, að efni og umfangi. Þrátt fyrir ofangreint eru aðilar sammála um að á samningstímanum taki önnur laun skv. gr. 1.1.3 hækkun um 3,25% þann 1. apríl 2024, 3,5% 1. apríl 2025, 3,5% 1. apríl 2026 og 3,5% 1. apríl 2027. Bókun 5 Starfsmatskerfið SAMSTARF Samningsaðilar eru sammála um það langtímamar"
reykjavik,Reykjavíkurborg,reykjavik/kalfur_-_rvk_og_stettarfelag_logfraedinga_loka_13.1.2025.pdf,aðila ásamt bókunum,fylgiskjöl,aðilar úr skjali,,,2025-04-01,prósenta eða krónutala,3.5,23750,almenn laun,úr texta,"mánaðarlaun taka eftirfarandi hlutfallshækkunum með krónutöluhækkun að lágmarki á samningstímanum. Með mánaðarlaunum er átt við föst mánaðarlaun fyrir dagvinnu. 1.apríl 2024 3,25% eða 23.750 kr. 1.apríl 2025 3,50% eða 23.750 kr. 1.apríl 2026 3,50% eða 23.750 kr. 1.apríl 2027 3,50% eða 23.750 kr. Persónuálag tekur eftirfarandi breytingum á sa"
reykjavik,Reykjavíkurborg,reykjavik/kalfur_-_rvk_og_stettarfelag_logfraedinga_loka_13.1.2025.pdf,aðila ásamt bókunum,fylgiskjöl,aðilar úr skjali,,,2025-04-01,prósenta,3.5,,óskilgreint,úr texta,"að baki þeirra geta tekið breytingum, að efni og umfangi. Þrátt fyrir ofangreint eru aðilar sammála um að á samningstímanum taki önnur laun skv. gr. 1.1.3 hækkun um 3,25% þann 1. apríl 2024, 3,5% 1. apríl 2025, 3,5% 1. apríl 2026 og 3,5% 1. apríl 2027. Bókun 5 Starfsmatskerfið SAMSTARF Samningsaðilar eru sammála um það langtímamar"
reykjavik,Reykjavíkurborg,reykjavik/kalfur_-_rvk_og_thi_10.1.2025_loka.pdf,aðila ásamt bókunum,fylgiskjöl,aðilar úr skjali,,,2025-04-01,prósenta eða krónutala,3.5,23750,almenn laun,úr texta,"mánaðarlaun taka eftirfarandi hlutfallshækkunum með krónutöluhækkun að lágmarki á samningstímanum. Með mánaðarlaunum er átt við föst mánaðarlaun fyrir dagvinnu. 1.apríl 2024 3,25% eða 23.750 kr. 1.apríl 2025 3,50% eða 23.750 kr. 1.apríl 2026 3,50% eða 23.750 kr. 1.apríl 2027 3,50% eða 23.750 kr. Persónuálag tekur eftirfarandi breytingum á sa"
reykjavik,Reykjavíkurborg,reykjavik/kalfur_-_rvk_og_thi_10.1.2025_loka.pdf,aðila ásamt bókunum,fylgiskjöl,aðilar úr skjali,,,2025-04-01,prósenta,3.5,,óskilgreint,úr texta,"að baki þeirra geta tekið breytingum, að efni og umfangi. Þrátt fyrir ofangreint eru aðilar sammála um að á samningstímanum taki önnur laun skv. gr. 1.1.3 hækkun um 3,25% þann 1. apríl 2024, 3,5% 1. apríl 2025, 3,5% 1. apríl 2026 og 3,5% 1. apríl 2027. Bókun 5 Starfsmatskerfið SAMSTARF Samningsaðilar eru sammála um það langtímamar"
rsi,Rafiðnaðarsamband Íslands,rsi/18.RSI-NORDURAL.2020-2024.pdf,15 Forgangsréttur til vinnu 15 Ráðningartími,uppsagnarfrestur 15,aðilar úr skjali,2020-01-01,2024-12-31,2025-04-01,prósenta,5.0,,almenn laun,leiðrétt,s taki þátt í náminu. Fjöldi þátttakenda verður takmarkaður hverju sinni og ræðst af þörfum fyrirtækisins. Starfsmenn sem útskrifast úr grunnnámi í stóriðju skulu njóta 5% hækkunar grunnlauna og þeir sem útskrifast úr framhaldsnámi í stóriðju 5% hækkunar. Bókanir með kjarasamningi dags 1. apríl 2005 Bókun I Aðilar samningsins eru sammála um að störf sem tengjast lestun og losun á skipum í Grundart
sa,Samtök atvinnulífsins,sa/Z-FBaXdAxsiBvzSh_24.3.2025-Kaupgjaldsskrá2025apríl-vefútgáfa.pdf,Leiðsagnar - félags leiðsögumanna 11 Kjarasamningur MATVÍS - Matvæla,veitingafélags Íslands 12,aðilar úr skjali,,,2025-04-01,prósenta,0.58,,kauptaxtar,úr texta,"Hækkun kauptaxta 1. apríl 2025 Lágmarkskauptaxtar kjarasamninga hækka um 0,58% frá 1. apríl 2025. Kaupgjaldsskrá nr. 31 Gildir frá 1. apríl 2025 Efnisyfirlit Bls. Kjarasamningar aðildarfélaga Starfsgrei"
sameyki,Sameyki stéttarfélag í almannaþjónustu,sameyki/''2025-02-28-Heildarkjarasamningur-Sameyki-gildistími 1. nóv 2024-LOK.pdf,Sameykis – stéttarfélags í almannaþjónustu,fjármála- og efnahagsráðherra f.h. ríkissjóðs,aðilar úr skjali,,,2025-04-01,prósenta,3.5,,óskilgreint,úr texta,"ð baki þeirra geta tekið breytingum, að efni og umfangi Þrátt fyrir ofangreint eru aðilar sam mála um að á samningstímanum taki önnur laun skv. gr. 1.1.3 hækkun um 3,25% þann 1. apríl 2024, 3,5% 1. apríl 2025, 3,5% 1. apríl 2026 og 3,5% 1. apríl 2027. Síða 48 af 60 Bókanir með samkomulagi fjármála- og efnahagsráðherra f.h. rík"
sameyki,Sameyki stéttarfélag í almannaþjónustu,sameyki/''FÉLAGSBÚSTAÐIR - Sameyki uppfærsla loka 24.6.2026.pdf,Félagsbústaða hf,Sameykis - stéttarfélags í almannaþjónustu,aðilar úr skjali,,,2025-04-01,prósenta eða krónutala,3.5,23750,launatafla,úr texta,"aðarlaun taka eftirfarandi hlutfallshækkunum með krónutöluhækkun að lágmarki á samningstímanum. Með mánaðarlaunum er átt við föst mánaðarlaun fyrir dagvinnu. 1.apríl 2024 3,25% eða 23.750 kr. 1.apríl 2025 3,50% eða 23.750 kr. 1.apríl 2026 3,50% eða 23.750 kr. 1.apríl 2027 3,50% eða 23.750 kr. Launatöflur eru í fylgiskjali samnings þessa."
sameyki,Sameyki stéttarfélag í almannaþjónustu,sameyki/''Kjarasamningur_BSRB_13.júní2024_Leidr14.juni2024_LOK_m_yfirlysingu_undirritad.pdf,,,aðeins heimild,2024-04-01,2025-03-31,2025-04-01,prósenta eða krónutala,3.5,23750,launatafla,úr texta,"31. mars 2027. Launatafla 4: Gildir frá 1. apríl 2027 til 31. mars 2028. Mánaðarlaun hækka sem hér segir á samningstímanum: 1. apríl 2024: 23.750 kr. eða að lágmarki um 3,25% sbr. launatöflu 1. 1. apríl 2025: 23.750 kr. eða að lágmarki um 3,50% sbr. launatöflu 2. 1. apríl 2026: 23.750 kr. eða að lágmarki um 3,50% sbr. launatöflu 3. 1. apríl 2027: 23.750 kr. eða að lágmarki um 3,50"
samidn,Samiðn,samidn/Heildarkjarasamningur-Samidnar-og-Reykjavikurborgar-2024-2028.pdf,Reykjavíkurborgar,Samiðnar – sambands iðnfélaga,aðilar úr skjali,2024-01-01,2028-12-31,2025-04-01,prósenta eða krónutala,3.5,23750,almenn laun,úr texta,"naðarlaun taka eftirfarandi hlutfallshækkunum með krónutöluhækkun að lágmarki á samningstímanum. Með mánaðarlaunum er átt við föst mánaðarlaun fyrir dagvinnu.: 1.apríl 2024 3,25% eða 23.750 kr. 1.apríl 2025 3,50% eða 23.750 kr. 1.apríl 2026 3,50% eða 23.750 kr. 1.apríl 2027 3,50% eða 23.750 kr. Persónuálag tekur eftirfarandi breytingum á samn"
samidn,Samiðn,samidn/Heildarkjarasamningur-Samidnar-og-Reykjavikurborgar-2024-2028.pdf,Reykjavíkurborgar,Samiðnar – sambands iðnfélaga,aðilar úr skjali,2024-01-01,2028-12-31,2025-04-01,prósenta,3.5,,óskilgreint,úr texta,"að baki þeirra geta tekið breytingum, að efni og umfangi. Þrátt fyrir ofangreint eru aðilar sammála um að á samningstímanum taki önnur laun skv. gr. 1.1.3 hækkun um 3,25% þann 1. apríl 2024, 3,5% 1. apríl 2025, 3,5% 1. apríl 2026 og 3,5% 1. apríl 2027. Bókun 5 Starfsmatskerfið SAMSTARF Samningsaðilar eru sammála um það langtímamar"
samidn,Samiðn,samidn/Kjarasamningur_SAMIDN-SNS-V-STRAETO_LOK.pdf,SAMBANDS ÍSLENSKRA SVEITARFÉLAGA,SAMIÐNAR,aðilar úr skjali,,,2025-04-01,prósenta eða krónutala,3.5,23750,launatafla,úr texta,"1. mars 2027. Launatafla 4: Gildir frá 1. apríl 2027 til 31. mars 2028. Mánaðarlaun hækka sem hér segir á samningstímanum: 1. apríl 2024: 23.750 kr. eða að lágmarki um 3,25% sbr. launatöflu 1. 1. apríl 2025: 23.750 kr. eða að lágmarki um 3,50% sbr. launatöflu 2. 1. apríl 2026: 23.750 kr. eða að lágmarki um 3,50% sbr. launatöflu 3. 1. apríl 2027: 23.750 kr. eða að lágmarki um 3,50"
samidn,Samiðn,samidn/Kjarasamningur_SAMIDN-SNS-V-STRAETO_LOK.pdf,SAMBANDS ÍSLENSKRA SVEITARFÉLAGA,SAMIÐNAR,aðilar úr skjali,,,2025-04-01,prósenta,3.5,,óskilgreint,úr texta,"t að málsmeðferð og ákvörðun um greiðslu annarra launa byggi á málefnalegum sjónarmiðum og feli ekki í sér kynbundna mismunun. Á samningstímanum hækka önnur laun um 3,25% þann 1. apríl 2024, 3,5% 1. apríl 2025, 3,5% 1. apríl 2026 og 3,5% 1. apríl 2027. Heimildarákvæðinu er ætlað að styðja við þær breytingar sem leiða af betra skipul"
sgs,Starfsgreinasamband Íslands,sgs/glaerukynning-um-nyjan-kjarasamning-sgs-og-rikisins.pdf,,,aðeins heimild,2024-04-01,2028-03-31,2025-04-01,prósenta eða krónutala,3.5,23750,launatafla,úr texta,"0% eða 23.750 kr. • 1.4.2026 – 3.50% eða 23.750 kr. • 1.4.2027 – 3.50% eða 23.750 kr. Launahækkanir Gildistími hækkunar Hækkun grunnþreps í launatöflu 1. apríl 2024 26.900 kr. þó að lágmarki 3,25% 1. apríl 2025 23.750 kr. þó að lágmarki 3,50% 1. apríl 2026 23.750 kr. þó að lágmarki 3,50% 1. apríl 2027 23.750 kr. þó að lágmarki 3,50% • Kjarasamningnum fylgja n"
sgs,Starfsgreinasamband Íslands,sgs/glaerukynning-um-nyjan-kjarasamning-sgs-og-rikisins.pdf,,,aðeins heimild,2024-04-01,2028-03-31,2025-04-01,prósenta,2.5,,óskilgreint,úr texta,"% 5,84% 5,84% 5,84% 5,84% 12 5,73% 5,73% 5,73% 5,73% 5,73% 5,73% 5,73% 5,73% 5,73% 13 5,62% 5,62% 5,62% 5,62% 5,62% 5,62% 5,62% 5,62% 5,62% Laun eftir hækkun Hækkun í kr. Hækkun í % Launahækkanir frá 1. apríl 2025 2,5% 5,0% 7,5% 10,0% 12,5% 15,0% 17,5% 20,0% 0 1 2 3 4 5 6 7 8 7 478.011 489.961 501.912 513.862 525.813 537.762 549.712 561.663 573.613 8 485.997 498.147 510.297 522.447 534.597 546.746"
sgs,Starfsgreinasamband Íslands,sgs/helstu-atridi-um-kjarasamning-sgs-og-rikisins-2024-2028.pdf,,,aðeins heimild,2024-04-01,2028-03-31,2025-04-01,prósenta með krónutölulágmarki,3.5,23750,launatafla,úr texta,"Gildistími hækkunar Hækkun grunnþreps í launatöflu 1. apríl 2024 26.900 kr. þó að lágmarki 3,25% 1. apríl 2025 23.750 kr. þó að lágmarki 3,50% 1. apríl 2026 23.750 kr. þó að lágmarki 3,50% 1. apríl 2027 23.750 kr. þó að lágmarki 3,50% kjarasamning SGS og ríkisin"
sgs,Starfsgreinasamband Íslands,sgs/helstu-atridi-um-kjarasamning-sgs-og-sveitarfelaganna-2024-2028.pdf,,,aðeins heimild,2024-04-01,2028-03-31,2025-04-01,prósenta með krónutölulágmarki,3.5,23750,launatafla,úr texta,"Gildistími hækkunar Hækkun grunnþreps í launatöflu 1. apríl 2024 23.750 kr. þó að lágmarki 3,25% 1. apríl 2025 23.750 kr. þó að lágmarki 3,50% 1. apríl 2026 23.750 kr. þó að lágmarki 3,50% 1. apríl 2027 23.750 kr. þó að lágmarki 3,50% kjarasamning SGS og Samband"
sgs,Starfsgreinasamband Íslands,sgs/kjarasamningur-sgs-og-sveitarfelaganna-2024-2028.pdf,SAMBANDS ÍSLENSKRA SVEITARFÉLAGA F.H. ÞEIRRA SVEITARFÉLAGA,ANNARRA AÐILA,aðilar úr skjali,2024-04-01,2025-03-31,2025-04-01,prósenta eða krónutala,3.5,23750,launatafla,úr texta,"1. mars 2027. Launatafla 4: Gildir frá 1. apríl 2027 til 31. mars 2028. Mánaðarlaun hækka sem hér segir á samningstímanum: 1. apríl 2024: 23.750 kr. eða að lágmarki um 3,25% sbr. launatöflu 1. 1. apríl 2025: 23.750 kr. eða að lágmarki um 3,50% sbr. launatöflu 2. 1. apríl 2026: 23.750 kr. eða að lágmarki um 3,50% sbr. launatöflu 3. 1. apríl 2027: 23.750 kr. eða að lágmarki um 3,50"
verkvest,Verkalýðsfélag Vestfirðinga,verkvest/Kaupgjaldsskra-landverkafolk-1.-april-25.pdf,,,aðeins heimild,,,2025-04-01,prósenta,0.58,,kauptaxtar,úr texta,"tum sjávarafurðum 9 Löndun á Ísfiski úr fiskiskipum 9 Ræsting 9 Vaktmenn 10 Hópferðabílstjórar 10 Rauðir dagar 10 Uppsagnarfrestur verkafólks 10 Starfslok 11 Orlofsréttur 11 Efnisyfirlit 3 Gildir frá 1. apríl 2025. Hækkun mánaðarlauna frá síðustu kaupgjaldsskrá er 0,58% Á aðeins við um kauptaxta og hefur ekki áhrif á aðra launaliði. Deilitala 173,33 173,33 1,0385% 1,375% 4. launaflokkur Mán.laun D"
verkvest,Verkalýðsfélag Vestfirðinga,verkvest/kjarasamningur-sgssis-2024-2028_vefur.pdf,Kjarasamningur Starfsgreinasambands Íslands,Sambands íslenskra sveitarfélaga,aðilar úr skjali,2024-01-01,2028-12-31,2025-04-01,prósenta eða krónutala,3.5,23750,launatafla,úr texta,"l 31. mars 2027. Launatafla 4: Gildir frá 1. apríl 2027 til 31. mars 2028. Mánaðarlaun hækka sem hér segir á samningstímanum: 1. apríl 2024. 23.750 kr. eða að lágmarki um 3,25% sbr. launatöflu 1. 1. apríl 2025: 23.750 kr. eða að lágmarki um 3,50% sbr. launatöflu 2. 1. apríl 2026: 23.750 kr. eða að lágmarki um 3,50% sbr. launatöflu 3. 1. apríl 2027: 23.750 kr. eða að lágmarki um 3,50%"
vfi,Verkfræðingafélag Íslands / Stéttarfélag verkfræðinga,vfi/Kjarasamningur_VFI_sveitarfelog.pdf,SAMBANDS ÍSLENSKRA SVEITARFÉLAGA F.H. ÞEIRRA SVEITARFÉLAGA,ANNARRA AÐILA,aðilar úr skjali,2024-04-01,2025-03-31,2025-04-01,prósenta eða krónutala,3.5,23750,launatafla,úr texta,"1. mars 2027. Launatafla 4: Gildir frá 1. apríl 2027 til 31. mars 2028. Mánaðarlaun hækka sem hér segir á samningstímanum: 1. apríl 2024: 23.750 kr. eða að lágmarki um 3,25% sbr. launatöflu 1. 1. apríl 2025: 23.750 kr. eða að lágmarki um 3,50% sbr. launatöflu 2. 1. apríl 2026: 23.750 kr. eða að lágmarki um 3,50% sbr. launatöflu 3. 1. apríl 2027: 23.750 kr. eða að lágmarki um 3,50"
vfi,Verkfræðingafélag Íslands / Stéttarfélag verkfræðinga,vfi/Kjarasamningur_VFI_sveitarfelog.pdf,SAMBANDS ÍSLENSKRA SVEITARFÉLAGA F.H. ÞEIRRA SVEITARFÉLAGA,ANNARRA AÐILA,aðilar úr skjali,2024-04-01,2025-03-31,2025-04-01,prósenta,3.5,,óskilgreint,úr texta,"gt að málsmeðferð og ákvörðun um greiðslu annarra launa byggi á málefnalegum sjónarmiðum og feli ekki í sér kynbundna mismunun. Á samningstímanum hækka önnur laun um 3,25% þann 1. apríl 2024, 3,5% 1. apríl 2025, 3,5% 1. apríl 2026 og 3,5% 1. apríl 2027. Heimildarákvæðinu um önnur laun er t.d ætlað að styðja við framþróun í starfi, um"
vm,VM - Félag vélstjóra og málmtæknimanna,vm/Kalfur-RVK_VM.pdf,aðila ásamt bókunum,fylgiskjöl,aðilar úr skjali,,,2025-04-01,prósenta eða krónutala,3.5,23750,almenn laun,úr texta,"mánaðarlaun taka eftirfarandi hlutfallshækkunum með krónutöluhækkun að lágmarki á samningstímanum. Með mánaðarlaunum er átt við föst mánaðarlaun fyrir dagvinnu. 1.apríl 2024 3,25% eða 23.750 kr. 1.apríl 2025 3,50% eða 23.750 kr. 1.apríl 2026 3,50% eða 23.750 kr. 1.apríl 2027 3,50% eða 23.750 kr. Persónuálag tekur eftirfarandi breytingum á sa"
vm,VM - Félag vélstjóra og málmtæknimanna,vm/Kalfur-RVK_VM.pdf,aðila ásamt bókunum,fylgiskjöl,aðilar úr skjali,,,2025-04-01,prósenta,3.5,,óskilgreint,úr texta,"að baki þeirra geta tekið breytingum, að efni og umfangi. Þrátt fyrir ofangreint eru aðilar sammála um að á samningstímanum taki önnur laun skv. gr. 1.1.3 hækkun um 3,25% þann 1. apríl 2024, 3,5% 1. apríl 2025, 3,5% 1. apríl 2026 og 3,5% 1. apríl 2027. Bókun 5 Starfsmatskerfið SAMSTARF Samningsaðilar eru sammála um það langtímamar"
vm,VM - Félag vélstjóra og málmtæknimanna,vm/VM_2024-2028_Heildarkjarasamningur_LOK.pdf,SAMBAND ÍSLENSKRA SVEITARFÉLAGA F.H. ÞEIRRA SVEITARFÉLAGA,ANNARRA AÐILA SEM ÞAÐ HEFUR,aðilar úr skjali,2024-01-01,2028-12-31,2025-04-01,prósenta eða krónutala,3.5,23750,launatafla,úr texta,"l 31. mars 2027. Launatafla 4: Gildir frá 1. apríl 2027 til 31. mars 2028. Mánaðarlaun hækka sem hér segir á samningstímanum: 1. apríl 2024: 23.750 kr. eða að lágmarki um 3,25% sbr. launatöflu 1. 1. apríl 2025: 23.750 kr. eða að lágmarki um 3,50% sbr. launatöflu 2. 1. apríl 2026: 23.750 kr. eða að lágmarki um 3,50% sbr. launatöflu 3. 1. apríl 2027: 23.750 kr. eða að lágmarki um 3,50"
vm,VM - Félag vélstjóra og málmtæknimanna,vm/Nyr-heildarsamningur-Bjorgun-yfirlesinn-af-SA.pdf,Björgunar ehf,VM Félags vélstjóra og málmtæknimanna,aðilar úr skjali,2024-02-01,2028-12-31,2025-04-09,prósenta,0.58,,kauptaxtar,úr texta,"og viðbrögð við forsendubresti fer skv. almennum kjarasamningum sambanda og félaga ASÍ frá mars 2024. V erði almennum kjarasamningum sagt upp skal uppsögn einnig ná til þessa samnings. Kauptaxtaauki 1.4.2025, 0,58% er innifalinn í hækkun dagkaups í hjálögðum launatöflum. Reykjavík, 9. apríl 2025 F.h. VM Félags vélstjóra og málmtæknimanna F.h. Björgunar ehf. F.h. Samtaka atvinnulífsins Bókun 1 Björ"
afl,AFL Starfsgreinafélag,afl/2025_Kjaras_Alcoa_Fjardaals_AFLs_og_RSI.pdf,"Alcoa Fjarðaáls sf., AFLs Starfsgreinafélags",Rafiðnaðarsambands,aðilar úr skjali,2025-03-01,2029-02-28,2025-09-15,prósenta,1.14,,almenn laun,úr texta,"órhátíðadögum skv. gr ein 3.10.2 greiðist með tímakaupi sem svarar 1,375% af mánaðarlaunum skv. grein 2.1. Breyting á yfirvinnuálagi á samningstímanum Dagvinna Yfirvinna hækki í 1.09% frá og með 15. september 2025 Yfirvinna hækki í 1.14% frá og með 15. maí 2026 Alcoa Fjarðaál sf. 10 Kjarasamningur Gildir frá 1. mars 2025 2.6 Laun dagvinnufólks fyrir óunna hel"
rafis,rafis,rafis/2025-Kjarasamningur-Alcoa-Fjardaals-AFLs-og-RSI-hreint-yfirlestur.pdf,"Alcoa Fjarðaáls sf., AFLs Starfsgreinafélags",Rafiðnaðarsambands,aðilar úr skjali,2025-03-01,2029-02-28,2025-09-15,prósenta,1.14,,almenn laun,úr texta,"órhátíðadögum skv. gr ein 3.10.2 greiðist með tímakaupi sem svarar 1,375% af mánaðarlaunum skv. grein 2.1. Breyting á yfirvinnuálagi á samningstímanum Dagvinna Yfirvinna hækki í 1.09% frá og með 15. september 2025 Yfirvinna hækki í 1.14% frá og með 15. maí 2026 Alcoa Fjarðaál sf. 10 Kjarasamningur Gildir frá 1. mars 2025 2.6 Laun dagvinnufólks fyrir óunna hel"
rafis,rafis,rafis/2025-Kjarasamningur-Alcoa-Fjardaals-AFLs-og-RSI.pdf,"Alcoa Fjarðaáls sf., AFLs Starfsgreinafélags",Rafiðnaðarsambands,aðilar úr skjali,2025-03-01,2029-02-28,2025-09-15,prósenta,1.14,,almenn laun,úr texta,"órhátíðadögum skv. gr ein 3.10.2 greiðist með tímakaupi sem svarar 1,375% af mánaðarlaunum skv. grein 2.1. Breyting á yfirvinnuálagi á samningstímanum Dagvinna Yfirvinna hækki í 1.09% frá og með 15. september 2025 Yfirvinna hækki í 1.14% frá og með 15. maí 2026 Alcoa Fjarðaál sf. 10 Kjarasamningur Gildir frá 1. mars 2025 2.6 Laun dagvinnufólks fyrir óunna hel"
afl,AFL Starfsgreinafélag,afl/2024-2028-Greidasolusamningur-SGS-SA.pdf,Starfsgreinasambands Íslands,Samtaka atvinnulífsins,aðilar úr skjali,2024-01-01,2028-12-31,2026-01-01,prósenta eða krónutala,3.5,23750,kauptaxtar,úr texta,"nað leiði af launatöflum sem fylgja kjarasamningi þessum. Með mánaðarlaunum er átt við föst mánaðarlaun fyrir dagvinnu. 1. febrúar 2024: 3,25% eða 23.750 kr. 1. janúar 2025: 3,50% eða 23.750 kr. 1. janúar 2026: 3,50% eða 23.750 kr. 1. janúar 2027: 3,50% eða 23.750 kr. 1.3.2. Kauptaxtar Kauptaxtar hækka sérstaklega, sbr. fylgiskjal með samningi þess"
afl,AFL Starfsgreinafélag,afl/2024-2028-Greidasolusamningur-SGS-SA.pdf,Starfsgreinasambands Íslands,Samtaka atvinnulífsins,aðilar úr skjali,2024-01-01,2028-12-31,2026-01-01,prósenta,3.5,,kauptaxtar,úr texta,"giskjal með samningi þessum. 1.3.3. Kjaratengdir liðir Kjaratengdir liðir kjarasamningsins hækka sem hér segir, nema um ann- að hafi verið samið: 1. febrúar 2024: 3,25% 1. janúar 2025: 3,50% 1. janúar 2026: 3,50% 1. janúar 2027 3,50% 1.3.4. Kauptaxtaauki Haldi kjarasamningar gildi sínu skal launa- og forsendunefnd í mars 2025,"
afl,AFL Starfsgreinafélag,afl/2024-2028-Heildarkjarasamningur-SGS-SA.pdf,Starfsgreinasambands Íslands,Samtaka atvinnulífsins,aðilar úr skjali,2024-01-01,2028-12-31,2026-01-01,prósenta eða krónutala,3.5,23750,kauptaxtar,úr texta,"þessum. Með mánaðarlaunum er átt við föst mánaðarlaun fyrir dagvinnu. 17 Kjarasamningur SGS og SA 1. febrúar 2024: 3,25% eða 23.750 kr. 1. janúar 2025: 3,50% eða 23.750 kr. 1. janúar 2026: 3,50% eða 23.750 kr. 1. janúar 2027: 3,50% eða 23.750 kr. 1.2.2. Kauptaxtar Kauptaxtar hækka samkvæmt launatöflum í gr. 1.1.1. 1.2.3. Kjar"
afl,AFL Starfsgreinafélag,afl/2024-2028-Heildarkjarasamningur-SGS-SA.pdf,Starfsgreinasambands Íslands,Samtaka atvinnulífsins,aðilar úr skjali,2024-01-01,2028-12-31,2026-01-01,prósenta,3.5,,kauptaxtar,úr texta,"æmt launatöflum í gr. 1.1.1. 1.2.3. Kjaratengdir liðir Kjaratengdir liðir kjarasamnings hækka sem hér segir, nema um annað hafi verið samið: 1. febrúar 2024: 3,25% 1. janúar 2025: 3,50% 1. janúar 2026: 3,50% 1. janúar 2027 3,50% 1.2.4 Kauptaxtaauki Haldi kjarasamningar gildi sínu skal launa - og forsendunefnd í mars 2025,"
afl,AFL Starfsgreinafélag,afl/2024-2028-KjarasamningurSGSogLS-SSU.pdf,Starfsgreinasambands Íslands,Landsambands smábátaeigenda,aðilar úr skjali,2024-01-01,2028-12-31,2026-01-01,krónutala,,26466,óskilgreint,úr texta,sé tekið fram. Kauptrygging hækkar á samningstímabilinu sem hér segir: Dagsetning Hækkun Kauptrygging eftir hækkun 1. febrúar 2024 26.466 kr. 474.690 kr. 1. janúar 2025 26.465 kr. 501.155 kr. 1. janúar 2026 26.466 kr. 527.621 kr. 1. janúar 2027 26.465 kr. 554.086 kr. Starfsaldurshækkanir Eftir tveggja ára starf hjá sama atvinnurekanda greiðist 1%
afl,AFL Starfsgreinafélag,afl/2024-2028-kjaras-sgs-vid-lsssu.pdf,Starfsgreinasambands Íslands,Landssambands smábátaeigenda og Samtaka smærri útgerða,aðilar úr skjali,2024-01-01,2028-12-31,2026-01-01,krónutala,,26466,óskilgreint,úr texta,am. Kauptrygging hækkar á samningstímabilinu sem hér segir: Dagsetning Hækkun Kauptrygging eftir hækkun 1. febrúar 2024 26. 466 kr. 474.690 kr. 1. janúar 2025 26.465 kr. 501.155 kr. 1. janúar 2026 26.466 kr. 527.621 kr. 1. janúar 2027 26.465 kr. 554.086 kr. Starfsaldurshækkanir Eftir tveggja ára starf hjá sama atvinnurekanda greiðist
afl,AFL Starfsgreinafélag,afl/kjarasamningar_2024_kynning_LIV_ISR.pdf,,,aðeins heimild,,,2026-01-01,prósenta með krónutölulágmarki,3.5,23750,almenn laun,úr texta,"á samningstímanum, með krónutöluhækkun að lágmarki, eins og segir: • 1. febrúar 2024: laun hækka um 3,25% en 23.750 kr. að lágmarki. • 1. janúar 2025: laun hækka um 3,50% en 23.750 kr. að lágmarki. • 1. janúar 2026: laun hækka um 3,50% en 23.750 kr. að lágmarki. • 1. janúar 2027: laun hækka um 3,50% en 23.750 að lágmarki. Kjaratengdir liðir hækka með samsvarandi hætti. Desember- og"
efling,Efling stéttarfélag,efling/Kjarasamningur Eflingar og SA fyrir starfsfo-lk ho-tela- og veitingahu-sa fra- 1.2.24 til 1.2.28-fe9aa973.pdf,Samtaka atvinnulífsins,Eflingar - stéttarfélags,aðilar úr skjali,2024-02-01,2028-02-01,2026-01-01,prósenta eða krónutala,3.5,23750,kauptaxtar,úr texta,"ði af launatöflum sem fylgja kjarasamningi þessum. Með mánaðarlaunum er átt við föst mánaðarlaun fyrir dagvinnu. 1. febrúar 2024: 3,25% eða 23.750 kr. 1. janúar 2025: 3,50% eða 23.750 kr. 1. janúar 2026: 3,50% eða 23.750 kr. 1. janúar 2027: 3,50% eða 23.750 kr. 1.3.2. Kauptaxtar Kauptaxtar hækka sérstaklega, sbr. fylgiskj al með samningi"
efling,Efling stéttarfélag,efling/Kjarasamningur Eflingar og SA fyrir starfsfo-lk ho-tela- og veitingahu-sa fra- 1.2.24 til 1.2.28-fe9aa973.pdf,Samtaka atvinnulífsins,Eflingar - stéttarfélags,aðilar úr skjali,2024-02-01,2028-02-01,2026-01-01,prósenta,3.5,,kauptaxtar,úr texta,"kj al með samningi þessum. 1.3.3. Kjaratengdir liðir Kjaratengdir liðir kjarasamningsins hækka sem hér segir, nema um annað hafi verið samið: 1. febrúar 2024: 3,25% 1. janúar 2025: 3,50% 1. janúar 2026: 3,50% 1. janúar 2027: 3,50% 1.3.4 Kauptaxtaauki Haldi kjarasamningar gildi sínu skal launa - og forsendunefnd í mar"
efling,Efling stéttarfélag,efling/Stodugleika-og-velferdarsamningur-breytingar-og-vidbot-Kjarasamnings-SA-2024.pdf,Eflingar-stéttarfélags,Samtaka atvinnulífsins,aðilar úr skjali,,,2026-01-01,prósenta eða krónutala,3.5,23750,launatafla,úr texta,"leiði af launatöflum sem fylgja kjarasamningi þessum. Með mánaðarlaunum er átt við föst mánaðarlaun fyrir dagvinnu. 1. febrúar 2024: 3,25% eða 23.750 kr. 1. janúar 2025: 3,50% eða 23.750 kr. 1. janúar 2026: 3,50% eða 23.750 kr. 1. janúar 2027: 3,50% eða 23.750 kr. Kjaratengdir liðir kjarasamninga Kjaratengdir liðir kjarasamninga hækka sem"
eining-idja,Eining-Iðja,eining-idja/kjarasamningur-kjalar-einingar-idju-og-sa-v.-nordurorku-4.7.2024-lok.pdf,Einingar Iðju,Kjalar – stéttarfélags í almannaþjónustu,aðilar úr skjali,2024-02-01,2028-02-01,2026-01-01,prósenta eða krónutala,3.5,23750,almenn laun,úr texta,"taka hlutfallshækkun, með krónutöluhækkun að lágmarki. Með mánaðarlaunum er átt við föst mánaðarlaun fyrir dagvinnu. 1. febrúar 2024: 3,25% eða 23.750 kr. 1. janúar 2025: 3,50% eða 23.750 kr. 1. janúar 2026: 3,50% eða 23.750 kr. 1. janúar 2027: 3,50% eða 23.750 kr. 2 Kjaratengdir liðir kjarasamninga Kjaratengdir liðir kjarasamning"
eining-idja,Eining-Iðja,eining-idja/tdk-foil-iceland-ehf-samningur-undirritadur-20.02.2025.pdf,Einingar-Iðju,TDK Foil Iceland ehf,aðilar úr skjali,,,2026-01-01,prósenta eða krónutala,3.5,23750,kauptaxtar,úr texta,"ngist með svofelldum breytingum: 1. gr. Laun: Kauptaxtar vaktavinnustarfsmanna í verksmiðju TDK Foil Iceland hækki um krónutölu með eftirfarandi hætti: 1. janúar 2025: 3,5% eða 23.750 kr. 1. janúar 2026: 3,5% eða 23.750 kr. 2. gr. Tæknirammi: Undirbúningur á tækniramma 5 hefjist á samningstímanum og verði klár í síðasta lagi í árslok 2026. Gert verður ráð fyrir að þeir rannsóknarstarfsmenn og fram"
grafia,Grafía,grafia/Grafia-kauptaxtar-1.-april-2025-1.pdf,GRAFÍU – stéttarfélags í prent,miðlunargrein,aðilar úr skjali,2024-02-01,2028-02-01,2026-01-01,prósenta eða krónutala,3.5,23750,launatafla,úr texta,"tingar Laun taka hlutfallshækkun, með krónu- töluhækkun að lágmarki, nema annað leiði af launatöflum sem fylgja kjarasamn- ingi þessum. Með mánaðarlaunum er átt við föst mánaðarlaun fyrir dagvinnu. 1. janúar 2026: 3,50% eða 23.750 kr. 1. janúar 2027: 3,50% eða 23.750 kr. Kjaratengdir liðir kjarasamninga Kjaratengdir liðir kjarasamninga hækka sem hér se"
grafia,Grafía,grafia/Grafia-kauptaxtar-1.-april-2025-1.pdf,GRAFÍU – stéttarfélags í prent,miðlunargrein,aðilar úr skjali,2024-02-01,2028-02-01,2026-01-01,prósenta,3.5,,óskilgreint,úr texta,"nnu. 1. janúar 2026: 3,50% eða 23.750 kr. 1. janúar 2027: 3,50% eða 23.750 kr. Kjaratengdir liðir kjarasamninga Kjaratengdir liðir kjarasamninga hækka sem hér segir, nema um annað hafi verið samið: 1. janúar 2026: 3,50% 1. janúar 2027 3,50% 7.1.5. Yfirvinnuálag er tvískipt Yfirvinna 1 greiðist með tímakaupi sem samsvarar 1,00% af mán"
grafia,Grafía,grafia/Grafia-kauptaxtar-1.-april-2026.pdf,GRAFÍU – stéttarfélags í prent,miðlunargrein,aðilar úr skjali,2024-02-01,2028-02-01,2026-01-01,prósenta eða krónutala,3.5,23750,launatafla,úr texta,"tingar Laun taka hlutfallshækkun, með krónu- töluhækkun að lágmarki, nema annað leiði af launatöflum sem fylgja kjarasamn- ingi þessum. Með mánaðarlaunum er átt við föst mánaðarlaun fyrir dagvinnu. 1. janúar 2026: 3,50% eða 23.750 kr. 1. janúar 2027: 3,50% eða 23.750 kr. Kjaratengdir liðir kjarasamninga Kjaratengdir liðir kjarasamninga hækka sem hér se"
grafia,Grafía,grafia/Grafia-kauptaxtar-1.-april-2026.pdf,GRAFÍU – stéttarfélags í prent,miðlunargrein,aðilar úr skjali,2024-02-01,2028-02-01,2026-01-01,prósenta,3.5,,óskilgreint,úr texta,"nnu. 1. janúar 2026: 3,50% eða 23.750 kr. 1. janúar 2027: 3,50% eða 23.750 kr. Kjaratengdir liðir kjarasamninga Kjaratengdir liðir kjarasamninga hækka sem hér segir, nema um annað hafi verið samið: 1. janúar 2026: 3,50% 1. janúar 2027 3,50% 7.1.5. Yfirvinnuálag er tvískipt Yfirvinna 1 greiðist með tímakaupi sem samsvarar 1,00% af mána"
grafia,Grafía,grafia/Grafia-kauptaxtar-1.-februar-2024.pdf,GRAFÍU – stéttarfélags í prent,miðlunargrein,aðilar úr skjali,2024-02-01,2028-02-01,2026-01-01,prósenta eða krónutala,3.5,23750,launatafla,úr texta,"leiði af launatöflum sem fylgja kjarasamn- ingi þessum. Með mánaðarlaunum er átt við föst mánaðarlaun fyrir dagvinnu. 1. febrúar 2024: 3,25% eða 23.750 kr. 1. janúar 2025: 3,50% eða 23.750 kr. 1. janúar 2026: 3,50% eða 23.750 kr. 1. janúar 2027: 3,50% eða 23.750 kr. Kjaratengdir liðir kjarasamninga Kjaratengdir liðir kjarasamninga hækka sem hér"
grafia,Grafía,grafia/Grafia-kauptaxtar-1.-februar-2024.pdf,GRAFÍU – stéttarfélags í prent,miðlunargrein,aðilar úr skjali,2024-02-01,2028-02-01,2026-01-01,prósenta,3.5,,óskilgreint,úr texta,"núar 2027: 3,50% eða 23.750 kr. Kjaratengdir liðir kjarasamninga Kjaratengdir liðir kjarasamninga hækka sem hér segir, nema um annað hafi verið samið: 1. febrúar 2024: 3,25% 1. janúar 2025: 3,50% 1. janúar 2026: 3,50% 1. janúar 2027 3,50% 7.1.5. Yfirvinnuálag er tvískipt Yfirvinna 1 greiðist með tímakaupi sem samsvarar 1,00% af"
grafia,Grafía,grafia/Grafia-kauptaxtar-1.-januar-2025-vefur-1.pdf,GRAFÍU – stéttarfélags í prent,miðlunargrein,aðilar úr skjali,2024-02-01,2028-02-01,2026-01-01,prósenta eða krónutala,3.5,23750,launatafla,úr texta,"krónu- töluhækkun að lágmarki, nema annað leiði af launatöflum sem fylgja kjarasamn- ingi þessum. Með mánaðarlaunum er átt við föst mánaðarlaun fyrir dagvinnu. 1. janúar 2025: 3,50% eða 23.750 kr. 1. janúar 2026: 3,50% eða 23.750 kr. 1. janúar 2027: 3,50% eða 23.750 kr. Kjaratengdir liðir kjarasamninga Kjaratengdir liðir kjarasamninga hækka sem hér se"
grafia,Grafía,grafia/Grafia-kauptaxtar-1.-januar-2025-vefur-1.pdf,GRAFÍU – stéttarfélags í prent,miðlunargrein,aðilar úr skjali,2024-02-01,2028-02-01,2026-01-01,prósenta,3.5,,óskilgreint,úr texta,",50% eða 23.750 kr. 1. janúar 2027: 3,50% eða 23.750 kr. Kjaratengdir liðir kjarasamninga Kjaratengdir liðir kjarasamninga hækka sem hér segir, nema um annað hafi verið samið: 1. janúar 2025: 3,50% 1. janúar 2026: 3,50% 1. janúar 2027 3,50% 7.1.5. Yfirvinnuálag er tvískipt Yfirvinna 1 greiðist með tímakaupi sem samsvarar 1,00% af mán"
grafia,Grafía,grafia/Grafia-kauptaxtar-1.-januar-2026.pdf,GRAFÍU – stéttarfélags í prent,miðlunargrein,aðilar úr skjali,2024-02-01,2028-02-01,2026-01-01,prósenta eða krónutala,3.5,23750,launatafla,úr texta,"tingar Laun taka hlutfallshækkun, með krónu- töluhækkun að lágmarki, nema annað leiði af launatöflum sem fylgja kjarasamn- ingi þessum. Með mánaðarlaunum er átt við föst mánaðarlaun fyrir dagvinnu. 1. janúar 2026: 3,50% eða 23.750 kr. 1. janúar 2027: 3,50% eða 23.750 kr. Kjaratengdir liðir kjarasamninga Kjaratengdir liðir kjarasamninga hækka sem hér se"
grafia,Grafía,grafia/Grafia-kauptaxtar-1.-januar-2026.pdf,GRAFÍU – stéttarfélags í prent,miðlunargrein,aðilar úr skjali,2024-02-01,2028-02-01,2026-01-01,prósenta,3.5,,kauptaxtar,úr texta,"t á 25% álagi á það sem vantar á 20 daga. Gildistími Kjarasamningur þessi gildir frá 1. febrúar 2024 til 1. febrúar 2028 og fellur þá úr gildi án sérstakrar uppsagnar. Kauptaxti GRAFÍU frá og með 1. janúar 2026 Almenn kauphækkun 3,5% Mánaðarlaun DV deilitala Yfirvinna 1 Yfirvinna 2* 156 1,00% 1,15% Sveinar Byrjunarlaun 626.713 kr. 4.017,39 kr. 6.267,13 kr. 7.207,20 kr. Eftir 1 ár 632.980 kr. 4.057"
grafia,Grafía,grafia/Grafia-kauptaxtar-1.-november-2024.pdf,GRAFÍU – stéttarfélags í prent,miðlunargrein,aðilar úr skjali,2024-02-01,2028-02-01,2026-01-01,prósenta eða krónutala,3.5,23750,launatafla,úr texta,"leiði af launatöflum sem fylgja kjarasamn- ingi þessum. Með mánaðarlaunum er átt við föst mánaðarlaun fyrir dagvinnu. 1. febrúar 2024: 3,25% eða 23.750 kr. 1. janúar 2025: 3,50% eða 23.750 kr. 1. janúar 2026: 3,50% eða 23.750 kr. 1. janúar 2027: 3,50% eða 23.750 kr. Kjaratengdir liðir kjarasamninga Kjaratengdir liðir kjarasamninga hækka sem hér"
grafia,Grafía,grafia/Grafia-kauptaxtar-1.-november-2024.pdf,GRAFÍU – stéttarfélags í prent,miðlunargrein,aðilar úr skjali,2024-02-01,2028-02-01,2026-01-01,prósenta,3.5,,óskilgreint,úr texta,"núar 2027: 3,50% eða 23.750 kr. Kjaratengdir liðir kjarasamninga Kjaratengdir liðir kjarasamninga hækka sem hér segir, nema um annað hafi verið samið: 1. febrúar 2024: 3,25% 1. janúar 2025: 3,50% 1. janúar 2026: 3,50% 1. janúar 2027 3,50% 7.1.5. Yfirvinnuálag er tvískipt Yfirvinna 1 greiðist með tímakaupi sem samsvarar 1,00% af"
matvis,MATVÍS,matvis/kjarasamningur-matvis-og-sa-2024-2028-lokaskjal.pdf,Samtaka atvinnulífsins,Matvæla- og veitingafélags Íslands,aðilar úr skjali,2024-02-01,2028-02-01,2026-01-01,prósenta eða krónutala,3.5,23750,almenn laun,úr texta,"sum. Með mánaðarlaunum er átt við föst mánaðarlaun fyrir dagvinnu. Almenn hækkun mánaðarlauna fyrir fullt starf: 1. febrúar 2024: 3,25% eða 23.750 kr. 1. janúar 2025: 3,50% eða 23.750 kr. 1. janúar 2026: 3,50% eða 23.750 kr. 1. janúar 2027: 3,50% eða 23.750 kr. Kjaratengdir liði kjarasamninga Kjaratengdir liðir kjarasamnings hækka sem hé"
matvis,MATVÍS,matvis/kjarasamningur-matvis-og-sa-2024-2028-lokaskjal.pdf,Samtaka atvinnulífsins,Matvæla- og veitingafélags Íslands,aðilar úr skjali,2024-02-01,2028-02-01,2026-01-01,prósenta,3.5,,kauptaxtar,úr texta,"7: 3,50% eða 23.750 kr. Kjaratengdir liði kjarasamninga Kjaratengdir liðir kjarasamnings hækka sem hér segir, nema um annað hafi verið samið: 1. febrúar 2024: 3,25% 1. janúar 2025: 3,50% 1. janúar 2026: 3,50% 1. janúar 2027: 3,50% Kauptaxtar hækka sérstaklega, sbr. meðfylgjandi fylgiskjal. 1.2.2. Kauptaxtaauki Haldi"
rafis,rafis,rafis/NO-RSI-heildarkjarasamningur-loka-EF-EBGV-24.9.25.pdf,Rafiðnaðarsambands Íslands vegna aðildarfélaga,Norðurorku hf,aðilar úr skjali,2019-07-01,2022-11-01,2026-01-01,prósenta eða krónutala,3.5,23750,launatafla,grunsamlegt,"i af launatöflum sem fylgja kjarasamningi þessum. Með mánaðarlaunum er átt við föst mánaðarlaun fyrir dagvinnu. • 1. febrúar 2024 – 3,25% eða 23.750 kr. • 1. janúar 2025 – 3,50% eða 23.750 kr. • 1. janúar 2026 – 3,50% eða 23.750 kr. • 1. janúar 2027 – 3,50% 23.750 kr. 2.1.3 Kjaratengdir liðir kjarasamninga Kjaratengdir liðir kjarasamninga hækka sem hé"
rafis,rafis,rafis/NO-RSI-heildarkjarasamningur-loka-EF-EBGV-24.9.25.pdf,Rafiðnaðarsambands Íslands vegna aðildarfélaga,Norðurorku hf,aðilar úr skjali,2019-07-01,2022-11-01,2026-01-01,prósenta,3.5,,launatafla,grunsamlegt,"3,50% 23.750 kr. 2.1.3 Kjaratengdir liðir kjarasamninga Kjaratengdir liðir kjarasamninga hækka sem hér segir, nema um annað hafi verið samið: • 1. febrúar 2024 – 3,25% • 1. janúar 2025 – 3,50% • 1. janúar 2026 – 3,50% • 1. janúar 2027 – 3,50% 2.1.4 Starfsaldurshækkanir Þrep í launatöflu eru 7. 1. Byrjunarlaun 2. Eftir 6 mánuði 3. E"
sa,Samtök atvinnulífsins,sa/Z4eCH5bqstJ99en5_KJARASAMNINGURSAOGRSÍ2024-2028ánundirritunar.pdf,Rafiðnaðarsambands Íslands,Samtaka atvinnulífsins,aðilar úr skjali,2024-01-01,2028-12-31,2026-01-01,prósenta eða krónutala,3.5,23750,launatafla,úr texta,"iði af launatöflum sem fylgja kjarasamningi þessum. Með mánaðarlaunum er átt við föst mánaðarlaun fyrir dagvinnu. 1. febrúar 2024: 3,25% eða 23.750 kr. 1. janúar 2025: 3,50% eða 23.750 kr. 1. janúar 2026: 3,50% eða 23.750 kr. 1. janúar 2027: 3,50% eða 23.750 kr. Kjaratengdir liðir kjarasamninga Kjaratengdir liðir kjarasamninga hækka sem h"
sa,Samtök atvinnulífsins,sa/ZeshcHUurf2G3Nu-_KJARASAMNINGURSAogEflingar2024ánundirritunar.pdf,Eflingar-stéttarfélags,Samtaka atvinnulífsins,aðilar úr skjali,,,2026-01-01,prósenta eða krónutala,3.5,23750,launatafla,úr texta,"leiði af launatöflum sem fylgja kjarasamningi þessum. Með mánaðarlaunum er átt við föst mánaðarlaun fyrir dagvinnu. 1. febrúar 2024: 3,25% eða 23.750 kr. 1. janúar 2025: 3,50% eða 23.750 kr. 1. janúar 2026: 3,50% eða 23.750 kr. 1. janúar 2027: 3,50% eða 23.750 kr. Kjaratengdir liðir kjarasamninga Kjaratengdir liðir kjarasamninga hækka sem"
sa,Samtök atvinnulífsins,sa/Zw5-EYF3NbkBXd-y_KJARASAMNINGURSSF-2024-2028Lokaskjal.pdf,SSF OG SA KJARASAMNINGUR SSF,SA 3,aðilar úr skjali,2024-01-01,2028-12-31,2026-01-01,prósenta eða krónutala,3.5,23750,launatafla,úr texta,"a hlutfallshækkun, með krónutöluhækkun að lágmarki. Með mánaðarlaunum er átt við föst mánaðarlaun fyrir dagvinnu. 1. febrúar 2024: 3,25% eða 23.750 kr. 1. janúar 2025: 3,50% eða 23.750 kr. 1. janúar 2026: 3,50% eða 23.750 kr. 1. janúar 2027: 3,50% eða 23.750 kr. Kjarasamningi þessum fylgja launatöflur vegna áranna 2024 – 2027, sem eru hlu"
sa,Samtök atvinnulífsins,sa/Zw5-EYF3NbkBXd-y_KJARASAMNINGURSSF-2024-2028Lokaskjal.pdf,SSF OG SA KJARASAMNINGUR SSF,SA 3,aðilar úr skjali,2024-01-01,2028-12-31,2026-01-01,prósenta,3.5,,kauptaxtar,úr texta,"– 2027, sem eru hluti samningsins. Kjaratengdir liðir Kjaratengdir liðir kjarasamning sins hækka sem hér segir, nema um annað hafi verið samið: 1. febrúar 2024: 3,25% 1. janúar 2025: 3,50% 1. janúar 2026: 3,50% 1. janúar 2027: 3,50% Kauptaxtar Í stað áðurgildandi lágmarkstaxta starfsheita koma nýjir sem eru eftirfarandi"
sa,Samtök atvinnulífsins,sa/ZxYu1IF3NbkBXw06_KjarasamningurSAogVR-LÍV2024-2028vefútgáfa.pdf,Samtaka atvinnulífsins,VR og,aðilar úr skjali,2024-01-01,2028-12-31,2026-01-01,prósenta eða krónutala,3.5,23750,kauptaxtar,úr texta,"ði af launatöflum sem fylgja kjarasamningi þessum. Með mánaðarlaunum er átt við föst mánaðarlaun fyrir dagvinnu. 1. febrúar 2024: 3,25% eða 23.750 kr. 1. janúar 2025: 3,50% eða 23.750 kr. 1. janúar 2026: 3,50% eða 23.750 kr. 1. janúar 2027: 3,50% eða 23.750 kr. Ofan nefnd hækkun á kauptaxta er reiknuð í útgefnum töxtum í gr. 1.1. og útge"
sa,Samtök atvinnulífsins,sa/ZxYu1IF3NbkBXw06_KjarasamningurSAogVR-LÍV2024-2028vefútgáfa.pdf,Samtaka atvinnulífsins,VR og,aðilar úr skjali,2024-01-01,2028-12-31,2026-01-01,prósenta,3.5,,kauptaxtar,úr texta,"gr. 1.1. og útgefni kaupgjaldsskrá. Kjaratengdir liðir Kjaratengdir liðir kjarasamninga hækka sem hér segir, nema um annað hafi verið samið: 1. febrúar 2024: 3,25% 1. janúar 2025: 3,50% 1. janúar 2026: 3,50% 1. janúar 2027: 3,50% Kauptaxtaauki Haldi kjarasamningar gildi sínu skal launa- og forsendunefnd í mars 2025"
sa,Samtök atvinnulífsins,sa/aEGu3rh8WN-LVq1N_HotelogveitinaghúsasamningurSAogEfling2024-2028lokaskjal-vefútgáfa.pdf,Samtaka atvinnulífsins,Eflingar - stéttarfélags,aðilar úr skjali,2024-02-01,2028-02-01,2026-01-01,prósenta eða krónutala,3.5,23750,kauptaxtar,úr texta,"ði af launatöflum sem fylgja kjarasamningi þessum. Með mánaðarlaunum er átt við föst mánaðarlaun fyrir dagvinnu. 1. febrúar 2024: 3,25% eða 23.750 kr. 1. janúar 2025: 3,50% eða 23.750 kr. 1. janúar 2026: 3,50% eða 23.750 kr. 1. janúar 2027: 3,50% eða 23.750 kr. 1.3.2. Kauptaxtar Kauptaxtar hækka sérstaklega, sbr. fylgiskj al með samningi"
sa,Samtök atvinnulífsins,sa/aEGu3rh8WN-LVq1N_HotelogveitinaghúsasamningurSAogEfling2024-2028lokaskjal-vefútgáfa.pdf,Samtaka atvinnulífsins,Eflingar - stéttarfélags,aðilar úr skjali,2024-02-01,2028-02-01,2026-01-01,prósenta,3.5,,kauptaxtar,úr texta,"kj al með samningi þessum. 1.3.3. Kjaratengdir liðir Kjaratengdir liðir kjarasamningsins hækka sem hér segir, nema um annað hafi verið samið: 1. febrúar 2024: 3,25% 1. janúar 2025: 3,50% 1. janúar 2026: 3,50% 1. janúar 2027: 3,50% 1.3.4 Kauptaxtaauki Haldi kjarasamningar gildi sínu skal launa - og forsendunefnd í mar"
sa,Samtök atvinnulífsins,sa/aMghjmGNHVfTPPp6_KjarasamningurSAogVM2024-2028-Lokaskjal.pdf,Samtaka atvinnulífsins,"VM, Félags vélstjóra og málmtæknimanna",aðilar úr skjali,2024-02-01,2028-02-01,2026-01-01,prósenta,3.5,,kauptaxtar,úr texta,"10 Samningur SA og VM Kjaratengdir liði kjarasamninga Kjaratengdir liðir kjarasamnings hækka sem hér segir, nema um annað hafi verið samið: 1. febrúar 2024: 3,25% 1. janúar 2025: 3,50% 1. janúar 2026: 3,50% 1. janúar 2027 3,50% Kauptaxtar hækka sérstaklega, sbr. gr. 1.1.1.1. 1.1.2.2. Kauptaxtaauki Haldi kjarasamn"
sa,Samtök atvinnulífsins,sa/aMwWxGGNHVfTPXrB_GreiðasölusamningurSAogSGS2024-2028lokaskjal.pdf,Samtaka atvinnulífsins,Starfsgreinasambands Íslands,aðilar úr skjali,2024-02-01,2028-02-01,2026-01-01,prósenta eða krónutala,3.5,23750,kauptaxtar,úr texta,"ði af launatöflum sem fylgja kjarasamningi þessum. Með mánaðarlaunum er átt við föst mánaðarlaun fyrir dagvinnu. 1. febrúar 2024: 3,25% eða 23.750 kr. 1. janúar 2025: 3,50% eða 23.750 kr. 1. janúar 2026: 3,50% eða 23.750 kr. 1. janúar 2027: 3,50% eða 23.750 kr. 1.3.2. Kauptaxtar Kauptaxtar hækka sérstaklega, sbr. fylgiskj al með samningi"
sa,Samtök atvinnulífsins,sa/aMwWxGGNHVfTPXrB_GreiðasölusamningurSAogSGS2024-2028lokaskjal.pdf,Samtaka atvinnulífsins,Starfsgreinasambands Íslands,aðilar úr skjali,2024-02-01,2028-02-01,2026-01-01,prósenta,3.5,,kauptaxtar,úr texta,"kj al með samningi þessum. 1.3.3. Kjaratengdir liðir Kjaratengdir liðir kjarasamningsins hækka sem hér segir, nema um annað hafi verið samið: 1. febrúar 2024: 3,25% 1. janúar 2025: 3,50% 1. janúar 2026: 3,50% 1. janúar 2027 3,50% 1.3.4. Kauptaxtaauki Haldi kjarasamningar gildi sínu skal launa - og forsendunefnd í ma"
sa,Samtök atvinnulífsins,sa/aNPSSJ5xUNkB1Dby_KjarasamningurSAogSamiðn2024-2028Lokaskjal.pdf,Samtaka atvinnulífsins,"Samiðnar - sambands iðnfélaga f.h. aðildarfélaga í málmiðnaði, byggingariðnaði og skrúðgarðyrkju",aðilar úr skjali,2024-02-01,2028-02-01,2026-01-01,prósenta eða krónutala,3.5,23750,launatafla,úr texta,"ði af launatöflum sem fylgja kjarasamningi þessum. Með mánaðarlaunum er átt við föst mánaðarlaun fyrir dagvinnu. 1. febrúar 2024: 3,25% eða 23.750 kr. 1. janúar 2025: 3,50% eða 23.750 kr. 1. janúar 2026: 3,50% eða 23.750 kr. 1. janúar 2027: 3,50% eða 23.750 kr. Kjaratengdir liðir kjarasamninga Kjaratengdir liðir kjarasamnings hækka sem h"
sa,Samtök atvinnulífsins,sa/aNPSSJ5xUNkB1Dby_KjarasamningurSAogSamiðn2024-2028Lokaskjal.pdf,Samtaka atvinnulífsins,"Samiðnar - sambands iðnfélaga f.h. aðildarfélaga í málmiðnaði, byggingariðnaði og skrúðgarðyrkju",aðilar úr skjali,2024-02-01,2028-02-01,2026-01-01,prósenta,3.5,,kauptaxtar,úr texta,": 3,50% eða 23.750 kr. Kjaratengdir liðir kjarasamninga Kjaratengdir liðir kjarasamnings hækka sem hér segir, nema um annað hafi verið samið: 1. febrúar 2024: 3,25% 1. janúar 2025: 3,50% 1. janúar 2026: 3,50% 1. janúar 2027: 3,50% Kauptaxtar hækka sérstaklega, sbr. gr. 1.1.1.1. 1.1.2.2. Kauptaxtaauki Haldi kjarasamn"
sa,Samtök atvinnulífsins,sa/aTxCoXNYClf9oHvl_12.12.2025-Kaupgjaldsskrá2026janúar-vefútgáfa.pdf,flokka,þrepa og hækkar því umfram 2,aðilar úr skjali,,,2026-01-01,prósenta,3.5,,launatafla,úr texta,"Kaupgjaldsskrá nr. 32 Gildir frá 1. janúar 2026 Launahækkun 1. janúar 2026 Laun taka hlutfallshækkunum, með krónutöluhækkun að lágmarki. Laun hækka um 3,5% frá 1. janúar 2026, að lágmarki 23.750 kr. nema annað leiði af launatöflum. Efnisyfirlit Bls. Kjarasamningar aðildarfélaga"
sa,Samtök atvinnulífsins,sa/aTxCoXNYClf9oHvl_12.12.2025-Kaupgjaldsskrá2026janúar-vefútgáfa.pdf,flokka,þrepa og hækkar því umfram 2,aðilar úr skjali,,,2026-01-01,krónutala,,23750,launatafla,úr texta,"Kaupgjaldsskrá nr. 32 Gildir frá 1. janúar 2026 Launahækkun 1. janúar 2026 Laun taka hlutfallshækkunum, með krónutöluhækkun að lágmarki. Laun hækka um 3,5% frá 1. janúar 2026, að lágmarki 23.750 kr. nema annað leiði af launatöflum. Efnisyfirlit Bls. Kjarasamningar aðildarfélaga Starfsgreinasambands Íslands og Eflingar 3 Kjarasamningar aðildarfélaga Starfsgreinasambands Íslands og"
sa,Samtök atvinnulífsins,sa/aZWiFlWLo0XkEoIO_Kjarasamningur2024-2028meistarafélögíbyggingariðnaðiogSamiðnLokaskjal.pdf,"Samtaka atvinnulífsins, vegna meistarafélaga í byggingariðnaði innan Samtaka iðnaðarins",Samiðnar - sambands iðnfélaga f.h. aðildarfélaga í byggingariðnaði,aðilar úr skjali,2024-02-01,2028-02-01,2026-01-01,prósenta eða krónutala,3.5,23750,kauptaxtar,úr texta,"ði af launatöflum sem fylgja kjarasamningi þessum. Með mánaðarlaunum er átt við föst mánaðarlaun fyrir dagvinnu. 1. febrúar 2024: 3,25% eða 23.750 kr. 1. janúar 2025: 3,50% eða 23.750 kr. 1. janúar 2026: 3,50% eða 23.750 kr. 1. janúar 2027: 3,50% eða 23.750 kr. Kauptaxtar hækka sérstaklega, sbr. gr. 1.1.1.1. Samningur meistarafél"
sa,Samtök atvinnulífsins,sa/aZWiFlWLo0XkEoIO_Kjarasamningur2024-2028meistarafélögíbyggingariðnaðiogSamiðnLokaskjal.pdf,"Samtaka atvinnulífsins, vegna meistarafélaga í byggingariðnaði innan Samtaka iðnaðarins",Samiðnar - sambands iðnfélaga f.h. aðildarfélaga í byggingariðnaði,aðilar úr skjali,2024-02-01,2028-02-01,2026-01-01,prósenta,3.5,,kauptaxtar,úr texta,"igariðnaði og Samiðnar 9 Kjaratengdir liðir kjarasamnings Kjaratengdir liðir kjarasamnings hækka sem hér segir, nema um annað hafi verið samið: 1. febrúar 2024: 3,25% 1. janúar 2025: 3,50% 1. janúar 2026: 3,50% 1. janúar 2027: 3,50% 1.1.2.2. Kauptaxtaauki Haldi kjarasamningar gildi sínu skal launa - og forsendunefnd í m"
sa,Samtök atvinnulífsins,sa/aZXiD8FoBIGEghwf_KjarasamningurMATVÍSogSA2024-2028lokaskjal.pdf,Samtaka atvinnulífsins,Matvæla- og veitingafélags Íslands,aðilar úr skjali,2024-02-01,2028-02-01,2026-01-01,prósenta eða krónutala,3.5,23750,almenn laun,úr texta,"sum. Með mánaðarlaunum er átt við föst mánaðarlaun fyrir dagvinnu. Almenn hækkun mánaðarlauna fyrir fullt starf: 1. febrúar 2024: 3,25% eða 23.750 kr. 1. janúar 2025: 3,50% eða 23.750 kr. 1. janúar 2026: 3,50% eða 23.750 kr. 1. janúar 2027: 3,50% eða 23.750 kr. Kjaratengdir liði kjarasamninga Kjaratengdir liðir kjarasamnings hækka sem hé"
sa,Samtök atvinnulífsins,sa/aZXiD8FoBIGEghwf_KjarasamningurMATVÍSogSA2024-2028lokaskjal.pdf,Samtaka atvinnulífsins,Matvæla- og veitingafélags Íslands,aðilar úr skjali,2024-02-01,2028-02-01,2026-01-01,prósenta,3.5,,kauptaxtar,úr texta,"7: 3,50% eða 23.750 kr. Kjaratengdir liði kjarasamninga Kjaratengdir liðir kjarasamnings hækka sem hér segir, nema um annað hafi verið samið: 1. febrúar 2024: 3,25% 1. janúar 2025: 3,50% 1. janúar 2026: 3,50% 1. janúar 2027: 3,50% Kauptaxtar hækka sérstaklega, sbr. meðfylgjandi fylgiskjal. 1.2.2. Kauptaxtaauki Haldi"
sa,Samtök atvinnulífsins,sa/aabfO1xvIZEnjRdK_KjarasamningurSAogGrafíu2024-2028lokaskjal.pdf,Grafíu – stéttarfélags í prent- og miðlunargreinum,Samtaka atvinnulífsins,aðilar úr skjali,2024-02-01,2028-02-01,2026-01-01,prósenta eða krónutala,3.5,23750,launatafla,úr texta,"i af launatöflum sem fylgja kjarasamningi þessum. Með mánaðarlaunum er átt við föst mánaðarlaun fyrir dagvinnu. 1. febrúar 2024: 3,25% eða 23.750 kr. 1. janúar 2025: 3,50% eða 23.750 kr. 1. janúar 2026: 3,50% eða 23.750 kr. 1. janúar 2027: 3,50% eða 23.750 kr. Kjaratengdir liði kjarasamninga Kjaratengdir liðir kjarasamnings hækka sem hé"
sa,Samtök atvinnulífsins,sa/aabfO1xvIZEnjRdK_KjarasamningurSAogGrafíu2024-2028lokaskjal.pdf,Grafíu – stéttarfélags í prent- og miðlunargreinum,Samtaka atvinnulífsins,aðilar úr skjali,2024-02-01,2028-02-01,2026-01-01,prósenta,3.5,,kauptaxtar,úr texta,"7: 3,50% eða 23.750 kr. Kjaratengdir liði kjarasamninga Kjaratengdir liðir kjarasamnings hækka sem hér segir, nema um annað hafi verið samið: 1. febrúar 2024: 3,25% 1. janúar 2025: 3,50% 1. janúar 2026: 3,50% 1. janúar 2027 3,50% Kauptaxtar hækka sérstaklega, sbr. gr. 2.1.1. 2.2.3. Kauptaxtaauki Haldi kjarasamningar"
sa,Samtök atvinnulífsins,sa/abvZcbbci2UF6RI2_KjarasamningurSAogMjólkurfræðinga2024-2028lokaskjal.pdf,Samtaka atvinnulífsins,Mjólkurfræðingafélags Íslands,aðilar úr skjali,2024-01-01,2028-12-31,2026-01-01,prósenta eða krónutala,3.5,23750,launatafla,úr texta,"leiði af launatöflum sem fylgja kjarasamningi þessum. Með mánaðarlaunum er átt við föst mánaðarlaun fyrir dagvinnu. 1. febrúar 2024: 3,25% eða 23.750 kr. 1. janúar 2025: 3,50% eða 23.750 kr. 1. janúar 2026: 3,50% eða 23.750 kr. 1. janúar 2027: 3,50% eða 23.750 kr. 1.1.2. Kjaratengdir liðir kjarasamninga Kjaratengdir liðir kjarasamnings hækka"
sa,Samtök atvinnulífsins,sa/aj1JZVbRV8_Qf4kw_SA-SAFogLeiðsögn-uppfærslaákjarasamningi2024-2028.pdf,MILLI: SAMTAKA ATVINNULÍFSINS,SAMTAKA FERÐAÞJÓNUSTUNNAR,aðilar úr skjali,2024-01-01,2028-12-31,2026-01-01,prósenta eða krónutala,3.5,23750,launatafla,úr texta,"ði af launatöflum sem fylgja kjarasamningi þessum. Með mánaðarlaunum er átt við föst mánaðarlaun fyrir dagvinnu. 1. febrúar 2024: 3,25% eða 23.750 kr. 1. janúar 2025: 3,50% eða 23.750 kr. 1. janúar 2026: 3,50% eða 23.750 kr. 1. janúar 2027: 3,50% eða 23.750 kr. Kjaratengdir liðir Kjaratengdir liðir kjarasamninga hækka sem hér segir, nema"
sa,Samtök atvinnulífsins,sa/aj1JZVbRV8_Qf4kw_SA-SAFogLeiðsögn-uppfærslaákjarasamningi2024-2028.pdf,MILLI: SAMTAKA ATVINNULÍFSINS,SAMTAKA FERÐAÞJÓNUSTUNNAR,aðilar úr skjali,2024-01-01,2028-12-31,2026-01-01,prósenta,3.5,,kauptaxtar,úr texta,"r. 1. janúar 2027: 3,50% eða 23.750 kr. Kjaratengdir liðir Kjaratengdir liðir kjarasamninga hækka sem hér segir, nema um annað hafi verið samið: 1. febrúar 2024: 3,25% 1. janúar 2025: 3,50% 1. janúar 2026: 3,50% 1. janúar 2027: 3,50% 7 Kauptaxtaauki Haldi kjarasamningar gildi sínu skal launa- og forsendunefnd í"
sa,Samtök atvinnulífsins,sa/aj6Iu1bRV8_Qf6wt_KjarasamningurSAogRSÍ2024-2028lokaskjal.pdf,Samtaka atvinnulífsins og Samtaka rafverktaka,Rafiðnaðarsambands Íslands vegna aðildarfélaga,aðilar úr skjali,2024-02-01,2028-02-01,2026-01-01,prósenta eða krónutala,3.5,23750,launatafla,úr texta,"ði af launatöflum sem fylgja kjarasamningi þessum. Með mánaðarlaunum er átt við föst mánaðarlaun fyrir dagvinnu. 1. febrúar 2024: 3,25% eða 23.750 kr. 1. janúar 2025: 3,50% eða 23.750 kr. 1. janúar 2026: 3,50% eða 23.750 kr. 1. janúar 2027: 3,50% eða 23.750 kr. Kjaratengdir liðir kjarasamnings hækka sem hér segir, nema um annað hafi veri"
sa,Samtök atvinnulífsins,sa/aj6Iu1bRV8_Qf6wt_KjarasamningurSAogRSÍ2024-2028lokaskjal.pdf,Samtaka atvinnulífsins og Samtaka rafverktaka,Rafiðnaðarsambands Íslands vegna aðildarfélaga,aðilar úr skjali,2024-02-01,2028-02-01,2026-01-01,prósenta,3.5,,kauptaxtar,úr texta,"eða 23.750 kr. 1. janúar 2027: 3,50% eða 23.750 kr. Kjaratengdir liðir kjarasamnings hækka sem hér segir, nema um annað hafi verið samið: 1. febrúar 2024: 3,25% 1. janúar 2025: 3,50% 1. janúar 2026: 3,50% 1. janúar 2027: 3,50% Kauptaxtar hækka sérstaklega, sbr. gr. 1.1.1. 1.2.2. Kauptaxtaauki Haldi kjarasamninga"
sameyki,Sameyki stéttarfélag í almannaþjónustu,sameyki/''ISAVIA - Sameyki uppfærsla loka 29.5.2026.pdf,aðila halda gildi sínu,byggir,aðilar úr skjali,,,2026-01-01,prósenta,3.5,,launatafla,úr texta,"luti samningsins. Kjaratengdir liðir kjarasamninga Kjaratengdir liðir kjarasamninga hækka sem hér segir, nema um annað hafi verið samið: 1. febrúar 2024 3,25% 1. janúar 2025: 3,50% 1. janúar 2026 3,50% 1. janúar 2027 3,50% 1.2 Röðun í launaflokka1 1.2.1 Við ákvörðun starfsaldurs er heimilt að telja starfsaldur hjá öðr"
ssf,Samtök starfsmanna fjármálafyrirtækja,ssf/Kjarasamningur-SSF-og-SA-2024-2028-1-1.pdf,Samtaka starfsmanna fjármálafyrirtækja,Samtaka atvinnulífsins,aðilar úr skjali,2024-01-01,2028-12-31,2026-01-01,prósenta eða krónutala,3.5,23750,launatafla,úr texta,"r Laun taka hlutfallshækkun, með krónutöluhækkun að lágmarki. Með mánaðarlaunum er átt við föst mánaðarlaun fyrir dagvinnu. 1. febrúar 2024: 3,25% eða 23.750 kr. 1. janúar 2025: 3,50% eða 23.750 kr. 1. janúar 2026: 3,50% eða 23.750 kr. 1. janúar 2027: 3,50% eða 23.750 kr. Kjarasamningi þessum fylgja launatöflur vegna áranna 2024 – 2027, sem eru hluti sa"
ssf,Samtök starfsmanna fjármálafyrirtækja,ssf/Kjarasamningur-SSF-og-SA-2024-2028-1-1.pdf,Samtaka starfsmanna fjármálafyrirtækja,Samtaka atvinnulífsins,aðilar úr skjali,2024-01-01,2028-12-31,2026-01-01,prósenta,3.5,,kauptaxtar,úr texta,"anna 2024 – 2027, sem eru hluti samningsins. Kjaratengdir liðir Kjaratengdir liðir kjarasamningsins hækka sem hér segir, nema um annað hafi verið samið: 1. febrúar 2024: 3,25% 1. janúar 2025: 3,50% 1. janúar 2026: 3,50% 1. janúar 2027: 3,50% Kauptaxtar Í stað áðurgildandi lágmarkstaxta starfsheita koma nýjir sem eru eftirfarandi Gildir fr"
vm,VM - Félag vélstjóra og málmtæknimanna,vm/Heildartexti_VM-og-kaupskip-yfirlesid-af-vm-25.9.2024.pdf,Samtaka atvinnulífsins,VM félags vélstjóra og málmtæknimanna,aðilar úr skjali,2011-06-01,2014-01-31,2026-01-01,prósenta eða krónutala,3.5,23750,launatafla,grunsamlegt,"hækkun að lágmarki , nema annað leiði af launatöflum. Með mánaðarlaunum er átt við föst mánaðarlaun fyrir dagvinnu. 1. febrúar 2024 3,25% eða 23.750 kr. 1. janúar 2025 3,50% eða 23.750 kr. 1. janúar 2026 3,50% eða 23.750 kr. 1. janúar 2027 3,50% eða 23.750 kr. Ef greitt er dagkaup skal við útreikning launahækkunar taka tillit til þess hver"
vm,VM - Félag vélstjóra og málmtæknimanna,vm/Nyr-heildarsamningur-Bjorgun-yfirlesinn-af-SA.pdf,Björgunar ehf,VM Félags vélstjóra og málmtæknimanna,aðilar úr skjali,2024-02-01,2028-12-31,2026-01-01,prósenta eða krónutala,3.5,23750,almenn laun,úr texta,"öflum. Með mánaðarlaunum er átt við föst mánaðarlaun fyrir dagvinnu. Kjaratengdir liðir taka sömu hlutfallshækkun. • 1. febrúar 2024: 3,25% eða 23.750 kr. • 1. janúar 2025: 3,50% eða 23.750 kr. • 1. janúar 2026: 3,50% eða 23.750 kr. • 1. janúar 2027: 3,50% eða 23.750 kr. • 1. janúar 2028: 2,50% Verði samið á almennum vinnumarkaði um launahækkanir umfr"
vm,VM - Félag vélstjóra og málmtæknimanna,vm/Uppfaerdur-heildarsamningur-milli-VM-og-OR-vegna-malmidnadarmanna-2024-loka.pdf,VM félags vélstjóra,málmtæknimanna,aðilar úr skjali,2008-05-01,2010-12-31,2026-01-01,prósenta,3.5,,almenn laun,grunsamlegt,"m eru hluti samningsins. 1.8 Kjaratengdir liðir kjarasamninga Kjaratengdir liðir kjarasamninga hækka sem hér segir, nema um annað hafi verið samið: 1. febrúar 2024: 3,25% 1. janúar 2025: 3,50% 1. janúar 2026: 3,50% 1. janúar 2027: 3,50% 1.9 Hluti fastrar greiðslu fer inn í grunnlaun Fastar persónubundnar greiðslur sem starfsfólk h"
vm,VM - Félag vélstjóra og málmtæknimanna,vm/Uppfaerdur-heildarsamningur-milli-VM-og-OR-vegna-velfraedinga-2024-loka.pdf,VM félags vélstjóra,málmtæknimanna,aðilar úr skjali,2008-05-01,2010-12-31,2026-01-01,prósenta,3.5,,almenn laun,grunsamlegt,"jaratengdir liðir kjarasamninga hækka sem hér segir, nema um annað hafi verið samið: 5 Samningur RSÍ, VM og SA vegna OR dags. 14.6.24, 4. gr. 10 1. febrúar 2024: 3,25% 1. janúar 2025: 3,50% 1. janúar 2026: 3,50% 1. janúar 2027: 3,50% 1.10 Hluti fastrar greiðslu fer inn í grunnlaun Fastar persónubundnar greiðslur sem starfsfólk"
vr,VR,vr/kjarasamningur-fa-2024-fin100.pdf,VR/LÍV,FÉLAGS ATVINNUREKENDA,aðilar úr skjali,2024-02-01,2028-02-01,2026-01-01,prósenta,3.5,,kauptaxtar,úr texta,"1. janúar 2025, 1. janúar 2026 og 1. janúar 2027. Kjaratengdir liðir Kjaratengdir liðir kjarasamninga hækka sem hér segir, nema um annað hafi verið samið: 1. febrúar 2024: 3,25% 1. janúar 2025: 3,50% 1. janúar 2026: 3,50% 1. janúar 2027: 3,50% Kauptaxtaauki Haldi kjarasamningar gildi sínu skal launa- og forsendunefnd í mars 2025, 2026 o"
vr,VR,vr/kjarasamningur-sa-2024-fin101.pdf,MILLI VR,SAMTAKA ATVINNULÍFSINS,aðilar úr skjali,2024-02-01,2028-02-01,2026-01-01,prósenta eða krónutala,3.5,23750,kauptaxtar,úr texta,"nað leiði af launatöflum sem fylgja kjarasamningi þessum. Með mánaðarlaunum er átt við föst mánaðarlaun fyrir dagvinnu. 1. febrúar 2024: 3,25% eða 23.750 kr. 1. janúar 2025: 3,50% eða 23.750 kr. 1. janúar 2026: 3,50% eða 23.750 kr. 1. janúar 2027: 3,50% eða 23.750 kr. Ofangreind hækkun á kauptaxta er reiknuð í útgefnum töxtum í gr. 1.1. og útgefnum"
vr,VR,vr/kjarasamningur-sa-2024-fin101.pdf,MILLI VR,SAMTAKA ATVINNULÍFSINS,aðilar úr skjali,2024-02-01,2028-02-01,2026-01-01,prósenta,3.5,,kauptaxtar,úr texta,"g útgefnum kauptöxtum í fylgiskjali bls. 62-65. Kjaratengdir liðir Kjaratengdir liðir kjarasamninga hækka sem hér segir, nema um annað hafi verið samið: 1. febrúar 2024: 3,25% 1. janúar 2025: 3,50% 1. janúar 2026: 3,50% 1. janúar 2027: 3,50% Kauptaxtaauki Haldi kjarasamningar gildi sínu skal launa- og forsendunefnd í mars 2025, 2026 og 20"
vr,VR,vr/sa-saf-og-leidsogn-samningur-2024-2028-uppfaert-1342026-fix.pdf,MILLI: SAMTAKA ATVINNULÍFSINS,SAMTAKA FERÐAÞJÓNUSTUNNAR,aðilar úr skjali,2024-01-01,2028-12-31,2026-01-01,prósenta eða krónutala,3.5,23750,launatafla,úr texta,"eiði af launatöflum sem fylgja kjarasamningi þessum. Með mánaðarlaunum er átt við föst mánaðarlaun fyrir dagvinnu. 1. febrúar 2024: 3,25% eða 23.750 kr. 1. janúar 2025: 3,50% eða 23.750 kr. 1. janúar 2026: 3,50% eða 23.750 kr. 1. janúar 2027: 3,50% eða 23.750 kr. Kjaratengdir liðir Kjaratengdir liðir kjarasamninga hækka sem hér segir, nema"
vr,VR,vr/sa-saf-og-leidsogn-samningur-2024-2028-uppfaert-1342026-fix.pdf,MILLI: SAMTAKA ATVINNULÍFSINS,SAMTAKA FERÐAÞJÓNUSTUNNAR,aðilar úr skjali,2024-01-01,2028-12-31,2026-01-01,prósenta,3.5,,kauptaxtar,úr texta,"r. 1. janúar 2027: 3,50% eða 23.750 kr. Kjaratengdir liðir Kjaratengdir liðir kjarasamninga hækka sem hér segir, nema um annað hafi verið samið: 1. febrúar 2024: 3,25% 1. janúar 2025: 3,50% 1. janúar 2026: 3,50% 1. janúar 2027: 3,50% Kauptaxtaauki Haldi kjarasamningar gildi sínu skal launa- og forsendunefnd í mars 2025, 2026 og"
afl,AFL Starfsgreinafélag,afl/2025_Kjaras_Alcoa_Fjardaals_AFLs_og_RSI.pdf,"Alcoa Fjarðaáls sf., AFLs Starfsgreinafélags",Rafiðnaðarsambands,aðilar úr skjali,2025-03-01,2029-02-28,2026-03-01,prósenta,4.6,,almenn laun,úr texta,"631 748,624 762,618 776,610 790,602 804,595 Alcoa Fjarðaál sf. 8 Kjarasamningur Gildir frá 1. mars 2025 2.2 Hækkun launa 2.2.1 Laun framleiðslustarfsmanna, iðnaðarmanna og framleiðslutækna. 1. mars 2026 - 4.60% 1. mars 2027 - 4.40% 1. mars 2028 - 4.20% Ef launavísitala hækkar umfram launahækkanir á árunum 2024-2027 hækka laun"
rafis,rafis,rafis/2025-Kjarasamningur-Alcoa-Fjardaals-AFLs-og-RSI-hreint-yfirlestur.pdf,"Alcoa Fjarðaáls sf., AFLs Starfsgreinafélags",Rafiðnaðarsambands,aðilar úr skjali,2025-03-01,2029-02-28,2026-03-01,prósenta,4.6,,almenn laun,úr texta,"631 748,624 762,618 776,610 790,602 804,595 Alcoa Fjarðaál sf. 8 Kjarasamningur Gildir frá 1. mars 2025 2.2 Hækkun launa 2.2.1 Laun framleiðslustarfsmanna, iðnaðarmanna og framleiðslutækna. 1. mars 2026 - 4.60% 1. mars 2027 - 4.40% 1. mars 2028 - 4.20% Ef launavísitala hækkar umfram launahækkanir á árunum 2024-2027 hækka laun"
rafis,rafis,rafis/2025-Kjarasamningur-Alcoa-Fjardaals-AFLs-og-RSI.pdf,"Alcoa Fjarðaáls sf., AFLs Starfsgreinafélags",Rafiðnaðarsambands,aðilar úr skjali,2025-03-01,2029-02-28,2026-03-01,prósenta,4.6,,almenn laun,úr texta,"631 748,624 762,618 776,610 790,602 804,595 Alcoa Fjarðaál sf. 8 Kjarasamningur Gildir frá 1. mars 2025 2.2 Hækkun launa 2.2.1 Laun framleiðslustarfsmanna, iðnaðarmanna og framleiðslutækna. 1. mars 2026 - 4.60% 1. mars 2027 - 4.40% 1. mars 2028 - 4.20% Ef launavísitala hækkar umfram launahækkanir á árunum 2024-2027 hækka laun"
afl,AFL Starfsgreinafélag,afl/helstu-atridi-um-nyjan-kjarasamning-sgs-og-sa.pdf,,,aðeins heimild,,,2026-04-01,prósenta,2.0,,kauptaxtar,úr texta,"greiðslu 1. apríl 2025, 2026 og 2027, komi í ljós að launavísitala hafi hækkað umfram hækkun lægstu kauptaxta. Framleiðniauki tryggir launafólki hlutdeild í framleiðniaukningu. Komi í ljós að framleiðnivöxtur verði umfram 2% á ári á samningstímanum getur komið til greiðslu framleiðniauka 1. apríl 2026 og 2027."
efling,Efling stéttarfélag,efling/Kjarasamningur-Efling-og-Reykjavikurborg_loka.20.6.pdf,aðila ásamt bókunum,fylgiskjöl,aðilar úr skjali,,,2026-04-01,prósenta eða krónutala,3.5,23750,almenn laun,úr texta,"lshækkunum með krónutöluhækkun að lágmarki á samningstímanum. Með mánaðarlaunum er átt við föst mánaðarlaun fyrir dagvinnu. 1.apríl 2024 3,25% eða 23.750 kr. 1.apríl 2025 3,50% eða 23.750 kr. 1.apríl 2026 3,50% eða 23.750 kr. 1.apríl 2027 3,50% eða 23.750 kr. Persónuálag tekur eftirfarandi breytingum á samningstímanum: Frá 1. apríl 2024 –"
efling,Efling stéttarfélag,efling/Kjarasamningur-Efling-og-Reykjavikurborg_loka.20.6.pdf,aðila ásamt bókunum,fylgiskjöl,aðilar úr skjali,,,2026-04-01,prósenta,3.5,,óskilgreint,úr texta,"tekið breytingum, að efni og umfangi. Þrátt fyrir ofangreint eru aðilar sammála um að á samningstímanum taki önnur laun skv. gr. 1.1.3 hækkun um 3,25% þann 1. apríl 2024, 3,5% 1. apríl 2025, 3,5% 1. apríl 2026 og 3,5% 1. apríl 2027. Bókun 5 Starfsmatskerfið SAMSTARF Samningsaðilar eru sammála um það langtímamarkmið að greiða sömu lau"
framsyn,Framsýn stéttarfélag,framsyn/kjarasamningur-sgssis-2024-2028_vefur.pdf,Kjarasamningur Starfsgreinasambands Íslands,Sambands íslenskra sveitarfélaga,aðilar úr skjali,2024-01-01,2028-12-31,2026-04-01,prósenta eða krónutala,3.5,23750,launatafla,úr texta,"2028. Mánaðarlaun hækka sem hér segir á samningstímanum: 1. apríl 2024. 23.750 kr. eða að lágmarki um 3,25% sbr. launatöflu 1. 1. apríl 2025: 23.750 kr. eða að lágmarki um 3,50% sbr. launatöflu 2. 1. apríl 2026: 23.750 kr. eða að lágmarki um 3,50% sbr. launatöflu 3. 1. apríl 2027: 23.750 kr. eða að lágmarki um 3,50% sbr. launatöflu 4. Útgefin launatafla hverju sinni nær yfir alla lau"
hjukrun,Félag íslenskra hjúkrunarfræðinga,hjukrun/Z0WYlq8jQArT1TuY_2024-11-14fíhkálfurLOK.pdf,"aðila , framlengist frá 1. apríl 2024 til 31. mars 2028 með þeim breytingum",fyrirvör,aðilar úr skjali,,,2026-04-01,prósenta,3.5,,óskilgreint,úr texta,"ta tekið breytingum að efni og umfangi. Þrátt fyrir ofangreint eru aðilar sammála um að á samningstímanum taki önnur laun skv. gr. 1.1.1 hækkun um 3,25% þann 1. apríl 2024, 3,5% 1. apríl 2025, 3,5% 1. apríl 2026 og 3,5% 1. apríl 2027. Bókun 9 Sérfræðiráðgjöf á bakvakt Samningsaðilar eru sammála um að auk þeirrar vinnu sem farið verður"
hjukrun,Félag íslenskra hjúkrunarfræðinga,hjukrun/Z1ljF5bqstJ98TMw_Kjarasamningur_SNS_Fíhj_2024-2028_LOK.pdf,SAMBANDS ÍSLENSKRA SVEITARFÉLAGA F.H. ÞEIRRA SVEITARFÉLAGA,ANNARRA AÐILA,aðilar úr skjali,2024-04-01,2025-03-31,2026-04-01,prósenta eða krónutala,3.5,23750,launatafla,úr texta,"28. Mánaðarlaun hækka sem hér segir á samningstímanum: 1. apríl 2024: 23.750 kr. eða að lágmarki um 3,25% sbr. launatöflu 1. 1. apríl 2025: 23.750 kr. eða að lágmarki um 3,50% sbr. launatöflu 2. 1. apríl 2026: 23.750 kr. eða að lágmarki um 3,50% sbr. launatöflu 3. 1. apríl 2027: 23.750 kr. eða að lágmarki um 3,50% sbr. launatöflu 4. Útgefin launatafla hverju sinni nær yfir alla lau"
hjukrun,Félag íslenskra hjúkrunarfræðinga,hjukrun/Z1ljF5bqstJ98TMw_Kjarasamningur_SNS_Fíhj_2024-2028_LOK.pdf,SAMBANDS ÍSLENSKRA SVEITARFÉLAGA F.H. ÞEIRRA SVEITARFÉLAGA,ANNARRA AÐILA,aðilar úr skjali,2024-04-01,2025-03-31,2026-04-01,prósenta,3.5,,óskilgreint,úr texta,"ákvörðun um greiðslu annarra launa byggi á málefnalegum sjónarmiðum og feli ekki í sér kynbundna mismunun. Á samningstímanum hækka önnur laun um 3,25% þann 1. apríl 2024, 3,5% 1. apríl 2025, 3,5% 1. apríl 2026 og 3,5% 1. apríl 2027. Heimildarákvæðinu um önnur laun er t.d ætlað að styðja við framþróun í starfi, umfram starfsmatsröðun."
hjukrun,Félag íslenskra hjúkrunarfræðinga,hjukrun/Z2FUwpbqstJ98l0R_2024-12-05fíh_sfvkálfur_loka.pdf,"aðila , framlengist frá 1. apríl 2024 til 31. mars 2028 með þeim breytingum",fyrirvör,aðilar úr skjali,,,2026-04-01,prósenta,3.5,,óskilgreint,úr texta,"ta tekið breytingum að efni og umfangi. Þrátt fyrir ofangreint eru aðilar sammála um að á samningstímanum taki önnur laun skv. gr. 1.1.1 hækkun um 3,25% þann 1. apríl 2024, 3,5% 1. apríl 2025, 3,5% 1. apríl 2026 og 3,5% 1. apríl 2027. Bókun 9 Sérfræðiráðgjöf á bakvakt Samningsaðilar eru sammála um að auk þeirrar vinnu sem farið verður"
matvis,MATVÍS,matvis/matvis_2024-2028_heildarkjarasamningur_lok.pdf,SAMBANDS ÍSLENSKRA SVEITARFÉLAGA F.H. ÞEIRRA SVEITARFÉLAGA,ANNARRA AÐILA SEM ÞAÐ HEFUR,aðilar úr skjali,2024-01-01,2028-12-31,2026-04-01,prósenta eða krónutala,3.5,23750,launatafla,úr texta,"028. Mánaðarlaun hækka sem hér segir á samningstímanum: 1. apríl 2024: 23.750 kr. eða að lágmarki um 3,25% sbr. launatöflu 1. 1. apríl 2025: 23.750 kr. eða að lágmarki um 3,50% sbr. launatöflu 2. 1. apríl 2026: 23.750 kr. eða að lágmarki um 3,50% sbr. launatöflu 3. 1. apríl 2027: 23.750 kr. eða að lágmarki um 3,50% sbr. launatöflu 4. Útgefin launatafla hverju sinni nær yfir alla lau"
reykjavik,Reykjavíkurborg,reykjavik/heildarkjarasamningur-fih-og-rvk_2024-2028.pdf,Félags íslenskra hjúkrunarfræðinga,Reykjavíkurborgar,aðilar úr skjali,2024-04-01,2028-03-31,2026-04-01,prósenta eða krónutala,3.5,23750,almenn laun,úr texta,"shækkunum með krónutöluhækkun að lágmarki á samningstímanum. Með mánaðarlaunum er átt við föst mánaðarlaun fyrir dagvinnu. 1. apríl 2024: 3,25% eða 23.750 kr. 1. apríl 2025: 3,50% eða 23.750 kr. 1. apríl 2026: 3,50% eða 23.750 kr. 1. apríl 2027: 3,50% eða 23.750 kr. Persónuálag tekur eftirfarandi breytingum á samningstímanum: Frá 1. apríl 2024 –"
reykjavik,Reykjavíkurborg,reykjavik/heildarkjarasamningur-fih-og-rvk_2024-2028.pdf,Félags íslenskra hjúkrunarfræðinga,Reykjavíkurborgar,aðilar úr skjali,2024-04-01,2028-03-31,2026-04-01,prósenta,3.5,,óskilgreint,úr texta,"tekið breytingum, að efni og umfangi. Þrátt fyrir ofangreint eru aðilar sammála um að á samningstímanum taki önnur laun skv. gr. 1.1.3 hækkun um 3,25% þann 1. apríl 2024, 3,5% 1. apríl 2025, 3,5% 1. apríl 2026 og 3,5% 1. apríl 2027. Bókun 5 Viðmið um vinnuskil í vaktavinnu Fulltrúar Reykjavíkurborgar og Félags íslenskra hjúkrunarfræð"
reykjavik,Reykjavíkurborg,reykjavik/kalfur-rvk-og-fin-14.1.2025_loka.pdf,aðila ásamt bókunum,fylgiskjöl,aðilar úr skjali,,,2026-04-01,prósenta eða krónutala,3.5,23750,almenn laun,úr texta,"lshækkunum með krónutöluhækkun að lágmarki á samningstímanum. Með mánaðarlaunum er átt við föst mánaðarlaun fyrir dagvinnu. 1.apríl 2024 3,25% eða 23.750 kr. 1.apríl 2025 3,50% eða 23.750 kr. 1.apríl 2026 3,50% eða 23.750 kr. 1.apríl 2027 3,50% eða 23.750 kr. Persónuálag tekur eftirfarandi breytingum á samningstímanum: Frá 1. apríl 2024 –"
reykjavik,Reykjavíkurborg,reykjavik/kalfur-rvk-og-fin-14.1.2025_loka.pdf,aðila ásamt bókunum,fylgiskjöl,aðilar úr skjali,,,2026-04-01,prósenta,3.5,,óskilgreint,úr texta,"tekið breytingum, að efni og umfangi. Þrátt fyrir ofangreint eru aðilar sammála um að á samningstímanum taki önnur laun skv. gr. 1.1.3 hækkun um 3,25% þann 1. apríl 2024, 3,5% 1. apríl 2025, 3,5% 1. apríl 2026 og 3,5% 1. apríl 2027. Bókun 5 Starfsmatskerfið SAMSTARF Samningsaðilar eru sammála um það langtímamarkmið að greiða sömu lau"
reykjavik,Reykjavíkurborg,reykjavik/kalfur-rvk-rafidn-loka.pdf,aðila ásamt bókunum,fylgiskjöl,aðilar úr skjali,,,2026-04-01,prósenta eða krónutala,3.5,23750,almenn laun,úr texta,"lshækkunum með krónutöluhækkun að lágmarki á samningstímanum. Með mánaðarlaunum er átt við föst mánaðarlaun fyrir dagvinnu. 1.apríl 2024 3,25% eða 23.750 kr. 1.apríl 2025 3,50% eða 23.750 kr. 1.apríl 2026 3,50% eða 23.750 kr. 1.apríl 2027 3,50% eða 23.750 kr. Persónuálag tekur eftirfarandi breytingum á samningstímanum: Frá 1. apríl 2024 –"
reykjavik,Reykjavíkurborg,reykjavik/kalfur-rvk-rafidn-loka.pdf,aðila ásamt bókunum,fylgiskjöl,aðilar úr skjali,,,2026-04-01,prósenta,3.5,,óskilgreint,úr texta,"tekið breytingum, að efni og umfangi. Þrátt fyrir ofangreint eru aðilar sammála um að á samningstímanum taki önnur laun skv. gr. 1.1.3 hækkun um 3,25% þann 1. apríl 2024, 3,5% 1. apríl 2025, 3,5% 1. apríl 2026 og 3,5% 1. apríl 2027. Bókun 5 Starfsmatskerfið SAMSTARF Samningsaðilar eru sammála um það langtímamarkmið að greiða sömu lau"
reykjavik,Reykjavíkurborg,reykjavik/kalfur-rvk-samband-stjornendafelaga_loka.pdf,aðila ásamt bókunum,fylgiskjöl,aðilar úr skjali,,,2026-04-01,prósenta eða krónutala,3.5,23750,almenn laun,úr texta,"lshækkunum með krónutöluhækkun að lágmarki á samningstímanum. Með mánaðarlaunum er átt við föst mánaðarlaun fyrir dagvinnu. 1.apríl 2024 3,25% eða 23.750 kr. 1.apríl 2025 3,50% eða 23.750 kr. 1.apríl 2026 3,50% eða 23.750 kr. 1.apríl 2027 3,50% eða 23.750 kr. Persónuálag tekur eftirfarandi breytingum á samningstímanum: Frá 1. apríl 2024 –"
reykjavik,Reykjavíkurborg,reykjavik/kalfur-rvk-samband-stjornendafelaga_loka.pdf,aðila ásamt bókunum,fylgiskjöl,aðilar úr skjali,,,2026-04-01,prósenta,3.5,,óskilgreint,úr texta,"tekið breytingum, að efni og umfangi. Þrátt fyrir ofangreint eru aðilar sammála um að á samningstímanum taki önnur laun skv. gr. 1.1.3 hækkun um 3,25% þann 1. apríl 2024, 3,5% 1. apríl 2025, 3,5% 1. apríl 2026 og 3,5% 1. apríl 2027. Bókun 5 Starfsmatskerfið SAMSTARF Samningsaðilar eru sammála um það langtímamarkmið að greiða sömu lau"
reykjavik,Reykjavíkurborg,reykjavik/kalfur-rvk-sameyki-loka.pdf,aðila ásamt bókunum,fylgiskjöl,aðilar úr skjali,,,2026-04-01,prósenta eða krónutala,3.5,23750,almenn laun,úr texta,"lshækkunum með krónutöluhækkun að lágmarki á samningstímanum. Með mánaðarlaunum er átt við föst mánaðarlaun fyrir dagvinnu. 1.apríl 2024 3,25% eða 23.750 kr. 1.apríl 2025 3,50% eða 23.750 kr. 1.apríl 2026 3,50% eða 23.750 kr. 1.apríl 2027 3,50% eða 23.750 kr. Persónuálag tekur eftirfarandi breytingum á samningstímanum: Frá 1. apríl 2024 –"
reykjavik,Reykjavíkurborg,reykjavik/kalfur-rvk-sameyki-loka.pdf,aðila ásamt bókunum,fylgiskjöl,aðilar úr skjali,,,2026-04-01,prósenta,3.5,,óskilgreint,úr texta,"tekið breytingum, að efni og umfangi. Þrátt fyrir ofangreint eru aðilar sammála um að á samningstímanum taki önnur laun skv. gr. 1.1.3 hækkun um 3,25% þann 1. apríl 2024, 3,5% 1. apríl 2025, 3,5% 1. apríl 2026 og 3,5% 1. apríl 2027. Bókun 5 Viðmið um vinnuskil í vaktavinnu Fulltrúar Reykjavíkurborgar og BSRB munu leggja áherslu á við"
reykjavik,Reykjavíkurborg,reykjavik/kalfur-rvk-samidn-til-undirritunar.pdf,aðila ásamt bókunum,fylgiskjöl,aðilar úr skjali,,,2026-04-01,prósenta eða krónutala,3.5,23750,almenn laun,úr texta,"lshækkunum með krónutöluhækkun að lágmarki á samningstímanum. Með mánaðarlaunum er átt við föst mánaðarlaun fyrir dagvinnu. 1.apríl 2024 3,25% eða 23.750 kr. 1.apríl 2025 3,50% eða 23.750 kr. 1.apríl 2026 3,50% eða 23.750 kr. 1.apríl 2027 3,50% eða 23.750 kr. Persónuálag tekur eftirfarandi breytingum á samningstímanum: Frá 1. apríl 2024 –"
reykjavik,Reykjavíkurborg,reykjavik/kalfur-rvk-samidn-til-undirritunar.pdf,aðila ásamt bókunum,fylgiskjöl,aðilar úr skjali,,,2026-04-01,prósenta,3.5,,óskilgreint,úr texta,"tekið breytingum, að efni og umfangi. Þrátt fyrir ofangreint eru aðilar sammála um að á samningstímanum taki önnur laun skv. gr. 1.1.3 hækkun um 3,25% þann 1. apríl 2024, 3,5% 1. apríl 2025, 3,5% 1. apríl 2026 og 3,5% 1. apríl 2027. Bókun 5 Starfsmatskerfið SAMSTARF Samningsaðilar eru sammála um það langtímamarkmið að greiða sömu lau"
reykjavik,Reykjavíkurborg,reykjavik/kalfur-st-rvk-loka.pdf,aðila ásamt bókunum,fylgiskjöl,aðilar úr skjali,,,2026-04-01,prósenta eða krónutala,3.5,23750,almenn laun,úr texta,"lshækkunum með krónutöluhækkun að lágmarki á samningstímanum. Með mánaðarlaunum er átt við föst mánaðarlaun fyrir dagvinnu. 1.apríl 2024 3,25% eða 23.750 kr. 1.apríl 2025 3,50% eða 23.750 kr. 1.apríl 2026 3,50% eða 23.750 kr. 1.apríl 2027 3,50% eða 23.750 kr. Persónuálag tekur eftirfarandi breytingum á samningstímanum: Frá 1. apríl 2024 –"
reykjavik,Reykjavíkurborg,reykjavik/kalfur-st-rvk-loka.pdf,aðila ásamt bókunum,fylgiskjöl,aðilar úr skjali,,,2026-04-01,prósenta,3.5,,óskilgreint,úr texta,"tekið breytingum, að efni og umfangi. Þrátt fyrir ofangreint eru aðilar sammála um að á samningstímanum taki önnur laun skv. gr. 1.1.3 hækkun um 3,25% þann 1. apríl 2024, 3,5% 1. apríl 2025, 3,5% 1. apríl 2026 og 3,5% 1. apríl 2027. Bókun 5 Starfsmatskerfið SAMSTARF Samningsaðilar eru sammála um það langtímamarkmið að greiða sömu lau"
reykjavik,Reykjavíkurborg,reykjavik/kalfur_-_rvk_og_fi_10.1.2025_loka.pdf,aðila ásamt bókunum,fylgiskjöl,aðilar úr skjali,,,2026-04-01,prósenta eða krónutala,3.5,23750,almenn laun,úr texta,"lshækkunum með krónutöluhækkun að lágmarki á samningstímanum. Með mánaðarlaunum er átt við föst mánaðarlaun fyrir dagvinnu. 1.apríl 2024 3,25% eða 23.750 kr. 1.apríl 2025 3,50% eða 23.750 kr. 1.apríl 2026 3,50% eða 23.750 kr. 1.apríl 2027 3,50% eða 23.750 kr. Persónuálag tekur eftirfarandi breytingum á samningstímanum: Frá 1. apríl 2024 –"
reykjavik,Reykjavíkurborg,reykjavik/kalfur_-_rvk_og_fi_10.1.2025_loka.pdf,aðila ásamt bókunum,fylgiskjöl,aðilar úr skjali,,,2026-04-01,prósenta,3.5,,óskilgreint,úr texta,"tekið breytingum, að efni og umfangi. Þrátt fyrir ofangreint eru aðilar sammála um að á samningstímanum taki önnur laun skv. gr. 1.1.3 hækkun um 3,25% þann 1. apríl 2024, 3,5% 1. apríl 2025, 3,5% 1. apríl 2026 og 3,5% 1. apríl 2027. Bókun 5 Starfsmatskerfið SAMSTARF Samningsaðilar eru sammála um það langtímamarkmið að greiða sömu lau"
reykjavik,Reykjavíkurborg,reykjavik/kalfur_-_rvk_og_ii_10.1.2025_loka.pdf,aðila ásamt bókunum,fylgiskjöl,aðilar úr skjali,,,2026-04-01,prósenta eða krónutala,3.5,23750,almenn laun,úr texta,"lshækkunum með krónutöluhækkun að lágmarki á samningstímanum. Með mánaðarlaunum er átt við föst mánaðarlaun fyrir dagvinnu. 1.apríl 2024 3,25% eða 23.750 kr. 1.apríl 2025 3,50% eða 23.750 kr. 1.apríl 2026 3,50% eða 23.750 kr. 1.apríl 2027 3,50% eða 23.750 kr. Persónuálag tekur eftirfarandi breytingum á samningstímanum: Frá 1. apríl 2024 –"
reykjavik,Reykjavíkurborg,reykjavik/kalfur_-_rvk_og_ii_10.1.2025_loka.pdf,aðila ásamt bókunum,fylgiskjöl,aðilar úr skjali,,,2026-04-01,prósenta,3.5,,óskilgreint,úr texta,"tekið breytingum, að efni og umfangi. Þrátt fyrir ofangreint eru aðilar sammála um að á samningstímanum taki önnur laun skv. gr. 1.1.3 hækkun um 3,25% þann 1. apríl 2024, 3,5% 1. apríl 2025, 3,5% 1. apríl 2026 og 3,5% 1. apríl 2027. Bókun 5 Starfsmatskerfið SAMSTARF Samningsaðilar eru sammála um það langtímamarkmið að greiða sömu lau"
reykjavik,Reykjavíkurborg,reykjavik/kalfur_-_rvk_og_si_10.1.2025_loka.pdf,aðila ásamt bókunum,fylgiskjöl,aðilar úr skjali,,,2026-04-01,prósenta eða krónutala,3.5,23750,almenn laun,úr texta,"lshækkunum með krónutöluhækkun að lágmarki á samningstímanum. Með mánaðarlaunum er átt við föst mánaðarlaun fyrir dagvinnu. 1.apríl 2024 3,25% eða 23.750 kr. 1.apríl 2025 3,50% eða 23.750 kr. 1.apríl 2026 3,50% eða 23.750 kr. 1.apríl 2027 3,50% eða 23.750 kr. Persónuálag tekur eftirfarandi breytingum á samningstímanum: Frá 1. apríl 2024 –"
reykjavik,Reykjavíkurborg,reykjavik/kalfur_-_rvk_og_si_10.1.2025_loka.pdf,aðila ásamt bókunum,fylgiskjöl,aðilar úr skjali,,,2026-04-01,prósenta,3.5,,óskilgreint,úr texta,"tekið breytingum, að efni og umfangi. Þrátt fyrir ofangreint eru aðilar sammála um að á samningstímanum taki önnur laun skv. gr. 1.1.3 hækkun um 3,25% þann 1. apríl 2024, 3,5% 1. apríl 2025, 3,5% 1. apríl 2026 og 3,5% 1. apríl 2027. Bókun 5 Starfsmatskerfið SAMSTARF Samningsaðilar eru sammála um það langtímamarkmið að greiða sömu lau"
reykjavik,Reykjavíkurborg,reykjavik/kalfur_-_rvk_og_stettarfelag_logfraedinga_loka_13.1.2025.pdf,aðila ásamt bókunum,fylgiskjöl,aðilar úr skjali,,,2026-04-01,prósenta eða krónutala,3.5,23750,almenn laun,úr texta,"lshækkunum með krónutöluhækkun að lágmarki á samningstímanum. Með mánaðarlaunum er átt við föst mánaðarlaun fyrir dagvinnu. 1.apríl 2024 3,25% eða 23.750 kr. 1.apríl 2025 3,50% eða 23.750 kr. 1.apríl 2026 3,50% eða 23.750 kr. 1.apríl 2027 3,50% eða 23.750 kr. Persónuálag tekur eftirfarandi breytingum á samningstímanum: Frá 1. apríl 2024 –"
reykjavik,Reykjavíkurborg,reykjavik/kalfur_-_rvk_og_stettarfelag_logfraedinga_loka_13.1.2025.pdf,aðila ásamt bókunum,fylgiskjöl,aðilar úr skjali,,,2026-04-01,prósenta,3.5,,óskilgreint,úr texta,"tekið breytingum, að efni og umfangi. Þrátt fyrir ofangreint eru aðilar sammála um að á samningstímanum taki önnur laun skv. gr. 1.1.3 hækkun um 3,25% þann 1. apríl 2024, 3,5% 1. apríl 2025, 3,5% 1. apríl 2026 og 3,5% 1. apríl 2027. Bókun 5 Starfsmatskerfið SAMSTARF Samningsaðilar eru sammála um það langtímamarkmið að greiða sömu lau"
reykjavik,Reykjavíkurborg,reykjavik/kalfur_-_rvk_og_thi_10.1.2025_loka.pdf,aðila ásamt bókunum,fylgiskjöl,aðilar úr skjali,,,2026-04-01,prósenta eða krónutala,3.5,23750,almenn laun,úr texta,"lshækkunum með krónutöluhækkun að lágmarki á samningstímanum. Með mánaðarlaunum er átt við föst mánaðarlaun fyrir dagvinnu. 1.apríl 2024 3,25% eða 23.750 kr. 1.apríl 2025 3,50% eða 23.750 kr. 1.apríl 2026 3,50% eða 23.750 kr. 1.apríl 2027 3,50% eða 23.750 kr. Persónuálag tekur eftirfarandi breytingum á samningstímanum: Frá 1. apríl 2024 –"
reykjavik,Reykjavíkurborg,reykjavik/kalfur_-_rvk_og_thi_10.1.2025_loka.pdf,aðila ásamt bókunum,fylgiskjöl,aðilar úr skjali,,,2026-04-01,prósenta,3.5,,óskilgreint,úr texta,"tekið breytingum, að efni og umfangi. Þrátt fyrir ofangreint eru aðilar sammála um að á samningstímanum taki önnur laun skv. gr. 1.1.3 hækkun um 3,25% þann 1. apríl 2024, 3,5% 1. apríl 2025, 3,5% 1. apríl 2026 og 3,5% 1. apríl 2027. Bókun 5 Starfsmatskerfið SAMSTARF Samningsaðilar eru sammála um það langtímamarkmið að greiða sömu lau"
sa,Samtök atvinnulífsins,sa/acEDNJGXnQHGY13m_kaupgjaldsskra-33-2026-april-vefutgafa.pdf,Leiðsagnar - félags leiðsögumanna 11 Kjarasamningur MATVÍS - Matvæla,veitingafélags Íslands 12,aðilar úr skjali,,,2026-04-01,prósenta,0.06,,kauptaxtar,úr texta,"Kaupgjaldsskrá nr. 33 Gildir frá 1. apríl 2026 Hækkun kauptaxta 1. apríl 2026 Lágmarkskauptaxtar kjarasamninga hækka um 0,06% frá 1. apríl 2026 Efnisyfirlit Bls. Kjarasamningar aðildarfélaga Starfsgreinasambands Íslands og Eflingar 3 7 Kjarasamninga"
sameyki,Sameyki stéttarfélag í almannaþjónustu,sameyki/''2025-02-28-Heildarkjarasamningur-Sameyki-gildistími 1. nóv 2024-LOK.pdf,Sameykis – stéttarfélags í almannaþjónustu,fjármála- og efnahagsráðherra f.h. ríkissjóðs,aðilar úr skjali,,,2026-04-01,prósenta,3.5,,óskilgreint,úr texta,"tekið breytingum, að efni og umfangi Þrátt fyrir ofangreint eru aðilar sam mála um að á samningstímanum taki önnur laun skv. gr. 1.1.3 hækkun um 3,25% þann 1. apríl 2024, 3,5% 1. apríl 2025, 3,5% 1. apríl 2026 og 3,5% 1. apríl 2027. Síða 48 af 60 Bókanir með samkomulagi fjármála- og efnahagsráðherra f.h. ríkissjóðs og Sameykis –"
sameyki,Sameyki stéttarfélag í almannaþjónustu,sameyki/''FÉLAGSBÚSTAÐIR - Sameyki uppfærsla loka 24.6.2026.pdf,Félagsbústaða hf,Sameykis - stéttarfélags í almannaþjónustu,aðilar úr skjali,,,2026-04-01,prósenta eða krónutala,3.5,23750,launatafla,úr texta,"shækkunum með krónutöluhækkun að lágmarki á samningstímanum. Með mánaðarlaunum er átt við föst mánaðarlaun fyrir dagvinnu. 1.apríl 2024 3,25% eða 23.750 kr. 1.apríl 2025 3,50% eða 23.750 kr. 1.apríl 2026 3,50% eða 23.750 kr. 1.apríl 2027 3,50% eða 23.750 kr. Launatöflur eru í fylgiskjali samnings þessa. 1.1.2 Lágmarkslaun í hverju starf"
sameyki,Sameyki stéttarfélag í almannaþjónustu,sameyki/''Kjarasamningur_BSRB_13.júní2024_Leidr14.juni2024_LOK_m_yfirlysingu_undirritad.pdf,,,aðeins heimild,2024-04-01,2025-03-31,2026-04-01,prósenta eða krónutala,3.5,23750,launatafla,úr texta,"028. Mánaðarlaun hækka sem hér segir á samningstímanum: 1. apríl 2024: 23.750 kr. eða að lágmarki um 3,25% sbr. launatöflu 1. 1. apríl 2025: 23.750 kr. eða að lágmarki um 3,50% sbr. launatöflu 2. 1. apríl 2026: 23.750 kr. eða að lágmarki um 3,50% sbr. launatöflu 3. 1. apríl 2027: 23.750 kr. eða að lágmarki um 3,50% sbr. launatöflu 4. Útgefin launatafla hverju sinni nær yfir alla lau"
samidn,Samiðn,samidn/Heildarkjarasamningur-Samidnar-og-Reykjavikurborgar-2024-2028.pdf,Reykjavíkurborgar,Samiðnar – sambands iðnfélaga,aðilar úr skjali,2024-01-01,2028-12-31,2026-04-01,prósenta eða krónutala,3.5,23750,almenn laun,úr texta,"shækkunum með krónutöluhækkun að lágmarki á samningstímanum. Með mánaðarlaunum er átt við föst mánaðarlaun fyrir dagvinnu.: 1.apríl 2024 3,25% eða 23.750 kr. 1.apríl 2025 3,50% eða 23.750 kr. 1.apríl 2026 3,50% eða 23.750 kr. 1.apríl 2027 3,50% eða 23.750 kr. Persónuálag tekur eftirfarandi breytingum á samningstímanum: Frá 1. apríl 2024 – 1"
samidn,Samiðn,samidn/Heildarkjarasamningur-Samidnar-og-Reykjavikurborgar-2024-2028.pdf,Reykjavíkurborgar,Samiðnar – sambands iðnfélaga,aðilar úr skjali,2024-01-01,2028-12-31,2026-04-01,prósenta,3.5,,óskilgreint,úr texta,"tekið breytingum, að efni og umfangi. Þrátt fyrir ofangreint eru aðilar sammála um að á samningstímanum taki önnur laun skv. gr. 1.1.3 hækkun um 3,25% þann 1. apríl 2024, 3,5% 1. apríl 2025, 3,5% 1. apríl 2026 og 3,5% 1. apríl 2027. Bókun 5 Starfsmatskerfið SAMSTARF Samningsaðilar eru sammála um það langtímamarkmið að greiða sömu lau"
samidn,Samiðn,samidn/Kjarasamningur_SAMIDN-SNS-V-STRAETO_LOK.pdf,SAMBANDS ÍSLENSKRA SVEITARFÉLAGA,SAMIÐNAR,aðilar úr skjali,,,2026-04-01,prósenta eða krónutala,3.5,23750,launatafla,úr texta,"28. Mánaðarlaun hækka sem hér segir á samningstímanum: 1. apríl 2024: 23.750 kr. eða að lágmarki um 3,25% sbr. launatöflu 1. 1. apríl 2025: 23.750 kr. eða að lágmarki um 3,50% sbr. launatöflu 2. 1. apríl 2026: 23.750 kr. eða að lágmarki um 3,50% sbr. launatöflu 3. 1. apríl 2027: 23.750 kr. eða að lágmarki um 3,50% sbr. launatöflu 4. Útgefin launatafla hverju sinni nær yfir alla lau"
samidn,Samiðn,samidn/Kjarasamningur_SAMIDN-SNS-V-STRAETO_LOK.pdf,SAMBANDS ÍSLENSKRA SVEITARFÉLAGA,SAMIÐNAR,aðilar úr skjali,,,2026-04-01,prósenta,3.5,,óskilgreint,úr texta,"kvörðun um greiðslu annarra launa byggi á málefnalegum sjónarmiðum og feli ekki í sér kynbundna mismunun. Á samningstímanum hækka önnur laun um 3,25% þann 1. apríl 2024, 3,5% 1. apríl 2025, 3,5% 1. apríl 2026 og 3,5% 1. apríl 2027. Heimildarákvæðinu er ætlað að styðja við þær breytingar sem leiða af betra skipulagi vinnutíma. Ákvörðu"
sgs,Starfsgreinasamband Íslands,sgs/glaerukynning-um-nyjan-kjarasamning-sgs-og-rikisins.pdf,,,aðeins heimild,2024-04-01,2028-03-31,2026-04-01,prósenta eða krónutala,3.5,23750,launatafla,úr texta,"kr. • 1.4.2027 – 3.50% eða 23.750 kr. Launahækkanir Gildistími hækkunar Hækkun grunnþreps í launatöflu 1. apríl 2024 26.900 kr. þó að lágmarki 3,25% 1. apríl 2025 23.750 kr. þó að lágmarki 3,50% 1. apríl 2026 23.750 kr. þó að lágmarki 3,50% 1. apríl 2027 23.750 kr. þó að lágmarki 3,50% • Kjarasamningnum fylgja nýjar launatöflur þar sem krónutöluhækkun leggs"
sgs,Starfsgreinasamband Íslands,sgs/glaerukynning-um-nyjan-kjarasamning-sgs-og-rikisins.pdf,,,aðeins heimild,2024-04-01,2028-03-31,2026-04-01,prósenta,2.5,,óskilgreint,úr texta,"% 4,87% 4,87% 4,87% 4,87% 12 4,79% 4,79% 4,79% 4,79% 4,79% 4,79% 4,79% 4,79% 4,79% 13 4,70% 4,70% 4,70% 4,70% 4,70% 4,70% 4,70% 4,70% 4,70% Laun eftir hækkun Hækkun í kr. Hækkun í % Launahækkanir frá 1. apríl 2026 2,5% 5,0% 7,5% 10,0% 12,5% 15,0% 17,5% 20,0% 0 1 2 3 4 5 6 7 8 7 501.761 514.305 526.849 539.394 551.938 564.481 577.025 589.569 602.113 8 509.747 522.491 535.235 547.979 560.722 573.465"
sgs,Starfsgreinasamband Íslands,sgs/helstu-atridi-um-kjarasamning-sgs-og-rikisins-2024-2028.pdf,,,aðeins heimild,2024-04-01,2028-03-31,2026-04-01,prósenta með krónutölulágmarki,3.5,23750,launatafla,úr texta,"Gildistími hækkunar Hækkun grunnþreps í launatöflu 1. apríl 2024 26.900 kr. þó að lágmarki 3,25% 1. apríl 2025 23.750 kr. þó að lágmarki 3,50% 1. apríl 2026 23.750 kr. þó að lágmarki 3,50% 1. apríl 2027 23.750 kr. þó að lágmarki 3,50% kjarasamning SGS og ríkisins Samningurinn gildir frá 1. apríl 2024 til 31"
sgs,Starfsgreinasamband Íslands,sgs/helstu-atridi-um-kjarasamning-sgs-og-sveitarfelaganna-2024-2028.pdf,,,aðeins heimild,2024-04-01,2028-03-31,2026-04-01,prósenta með krónutölulágmarki,3.5,23750,launatafla,úr texta,"Gildistími hækkunar Hækkun grunnþreps í launatöflu 1. apríl 2024 23.750 kr. þó að lágmarki 3,25% 1. apríl 2025 23.750 kr. þó að lágmarki 3,50% 1. apríl 2026 23.750 kr. þó að lágmarki 3,50% 1. apríl 2027 23.750 kr. þó að lágmarki 3,50% kjarasamning SGS og Sambands íslenskra sveitarfélaga Samningurinn gildir"
sgs,Starfsgreinasamband Íslands,sgs/kjarasamningur-sgs-og-sveitarfelaganna-2024-2028.pdf,SAMBANDS ÍSLENSKRA SVEITARFÉLAGA F.H. ÞEIRRA SVEITARFÉLAGA,ANNARRA AÐILA,aðilar úr skjali,2024-04-01,2025-03-31,2026-04-01,prósenta eða krónutala,3.5,23750,launatafla,úr texta,"28. Mánaðarlaun hækka sem hér segir á samningstímanum: 1. apríl 2024: 23.750 kr. eða að lágmarki um 3,25% sbr. launatöflu 1. 1. apríl 2025: 23.750 kr. eða að lágmarki um 3,50% sbr. launatöflu 2. 1. apríl 2026: 23.750 kr. eða að lágmarki um 3,50% sbr. launatöflu 3. 1. apríl 2027: 23.750 kr. eða að lágmarki um 3,50% sbr. launatöflu 4. Útgefin launatafla hverju sinni nær yfir alla lau"
verkvest,Verkalýðsfélag Vestfirðinga,verkvest/kjarasamningur-sgssis-2024-2028_vefur.pdf,Kjarasamningur Starfsgreinasambands Íslands,Sambands íslenskra sveitarfélaga,aðilar úr skjali,2024-01-01,2028-12-31,2026-04-01,prósenta eða krónutala,3.5,23750,launatafla,úr texta,"2028. Mánaðarlaun hækka sem hér segir á samningstímanum: 1. apríl 2024. 23.750 kr. eða að lágmarki um 3,25% sbr. launatöflu 1. 1. apríl 2025: 23.750 kr. eða að lágmarki um 3,50% sbr. launatöflu 2. 1. apríl 2026: 23.750 kr. eða að lágmarki um 3,50% sbr. launatöflu 3. 1. apríl 2027: 23.750 kr. eða að lágmarki um 3,50% sbr. launatöflu 4. Útgefin launatafla hverju sinni nær yfir alla lau"
vfi,Verkfræðingafélag Íslands / Stéttarfélag verkfræðinga,vfi/Kjarasamningur_VFI_sveitarfelog.pdf,SAMBANDS ÍSLENSKRA SVEITARFÉLAGA F.H. ÞEIRRA SVEITARFÉLAGA,ANNARRA AÐILA,aðilar úr skjali,2024-04-01,2025-03-31,2026-04-01,prósenta eða krónutala,3.5,23750,launatafla,úr texta,"28. Mánaðarlaun hækka sem hér segir á samningstímanum: 1. apríl 2024: 23.750 kr. eða að lágmarki um 3,25% sbr. launatöflu 1. 1. apríl 2025: 23.750 kr. eða að lágmarki um 3,50% sbr. launatöflu 2. 1. apríl 2026: 23.750 kr. eða að lágmarki um 3,50% sbr. launatöflu 3. 1. apríl 2027: 23.750 kr. eða að lágmarki um 3,50% sbr. launatöflu 4. Útgefin launatafla hverju sinni nær yfir alla lau"
vfi,Verkfræðingafélag Íslands / Stéttarfélag verkfræðinga,vfi/Kjarasamningur_VFI_sveitarfelog.pdf,SAMBANDS ÍSLENSKRA SVEITARFÉLAGA F.H. ÞEIRRA SVEITARFÉLAGA,ANNARRA AÐILA,aðilar úr skjali,2024-04-01,2025-03-31,2026-04-01,prósenta,3.5,,óskilgreint,úr texta,"ákvörðun um greiðslu annarra launa byggi á málefnalegum sjónarmiðum og feli ekki í sér kynbundna mismunun. Á samningstímanum hækka önnur laun um 3,25% þann 1. apríl 2024, 3,5% 1. apríl 2025, 3,5% 1. apríl 2026 og 3,5% 1. apríl 2027. Heimildarákvæðinu um önnur laun er t.d ætlað að styðja við framþróun í starfi, umfram starfsmatsröðun."
vm,VM - Félag vélstjóra og málmtæknimanna,vm/Kalfur-RVK_VM.pdf,aðila ásamt bókunum,fylgiskjöl,aðilar úr skjali,,,2026-04-01,prósenta eða krónutala,3.5,23750,almenn laun,úr texta,"lshækkunum með krónutöluhækkun að lágmarki á samningstímanum. Með mánaðarlaunum er átt við föst mánaðarlaun fyrir dagvinnu. 1.apríl 2024 3,25% eða 23.750 kr. 1.apríl 2025 3,50% eða 23.750 kr. 1.apríl 2026 3,50% eða 23.750 kr. 1.apríl 2027 3,50% eða 23.750 kr. Persónuálag tekur eftirfarandi breytingum á samningstímanum: Frá 1. apríl 2024 –"
vm,VM - Félag vélstjóra og málmtæknimanna,vm/Kalfur-RVK_VM.pdf,aðila ásamt bókunum,fylgiskjöl,aðilar úr skjali,,,2026-04-01,prósenta,3.5,,óskilgreint,úr texta,"tekið breytingum, að efni og umfangi. Þrátt fyrir ofangreint eru aðilar sammála um að á samningstímanum taki önnur laun skv. gr. 1.1.3 hækkun um 3,25% þann 1. apríl 2024, 3,5% 1. apríl 2025, 3,5% 1. apríl 2026 og 3,5% 1. apríl 2027. Bókun 5 Starfsmatskerfið SAMSTARF Samningsaðilar eru sammála um það langtímamarkmið að greiða sömu lau"
vm,VM - Félag vélstjóra og málmtæknimanna,vm/VM_2024-2028_Heildarkjarasamningur_LOK.pdf,SAMBAND ÍSLENSKRA SVEITARFÉLAGA F.H. ÞEIRRA SVEITARFÉLAGA,ANNARRA AÐILA SEM ÞAÐ HEFUR,aðilar úr skjali,2024-01-01,2028-12-31,2026-04-01,prósenta eða krónutala,3.5,23750,launatafla,úr texta,"028. Mánaðarlaun hækka sem hér segir á samningstímanum: 1. apríl 2024: 23.750 kr. eða að lágmarki um 3,25% sbr. launatöflu 1. 1. apríl 2025: 23.750 kr. eða að lágmarki um 3,50% sbr. launatöflu 2. 1. apríl 2026: 23.750 kr. eða að lágmarki um 3,50% sbr. launatöflu 3. 1. apríl 2027: 23.750 kr. eða að lágmarki um 3,50% sbr. launatöflu 4. Útgefin launatafla hverju sinni nær yfir alla lau"
sgs,Starfsgreinasamband Íslands,sgs/kjarasamningur-sgs-og-sveitarfelaganna-2024-2028.pdf,SAMBANDS ÍSLENSKRA SVEITARFÉLAGA F.H. ÞEIRRA SVEITARFÉLAGA,ANNARRA AÐILA,aðilar úr skjali,2024-04-01,2025-03-31,2026-05-01,krónutala,,62000,óskilgreint,úr texta,ónuuppbót miðað við 100% starfshlutfall á samningstímanum verður sem hér segir: 1. maí 2024 kr. 57.500 1. desember 2024 kr. 135.500 1. maí 2025 kr. 59.500 1. desember 2025 kr. 140.000 1. maí 2026 kr. 62.000 1. desember 2026 kr. 145.000 1. maí 2027 kr. 64.000 1. desember 2027 kr. 150.000 1.8.1.3 Laun (Breytist frá
afl,AFL Starfsgreinafélag,afl/2025_Kjaras_Alcoa_Fjardaals_AFLs_og_RSI.pdf,"Alcoa Fjarðaáls sf., AFLs Starfsgreinafélags",Rafiðnaðarsambands,aðilar úr skjali,2025-03-01,2029-02-28,2026-05-15,prósenta,1.14,,almenn laun,úr texta,"gr ein 3.10.2 greiðist með tímakaupi sem svarar 1,375% af mánaðarlaunum skv. grein 2.1. Breyting á yfirvinnuálagi á samningstímanum Dagvinna Yfirvinna hækki í 1.09% frá og með 15. september 2025 Yfirvinna hækki í 1.14% frá og með 15. maí 2026 Alcoa Fjarðaál sf. 10 Kjarasamningur Gildir frá 1. mars 2025 2.6 Laun dagvinnufólks fyrir óunna helgidaga Dagv"
rafis,rafis,rafis/2025-Kjarasamningur-Alcoa-Fjardaals-AFLs-og-RSI-hreint-yfirlestur.pdf,"Alcoa Fjarðaáls sf., AFLs Starfsgreinafélags",Rafiðnaðarsambands,aðilar úr skjali,2025-03-01,2029-02-28,2026-05-15,prósenta,1.14,,almenn laun,úr texta,"gr ein 3.10.2 greiðist með tímakaupi sem svarar 1,375% af mánaðarlaunum skv. grein 2.1. Breyting á yfirvinnuálagi á samningstímanum Dagvinna Yfirvinna hækki í 1.09% frá og með 15. september 2025 Yfirvinna hækki í 1.14% frá og með 15. maí 2026 Alcoa Fjarðaál sf. 10 Kjarasamningur Gildir frá 1. mars 2025 2.6 Laun dagvinnufólks fyrir óunna helgidaga Dagv"
rafis,rafis,rafis/2025-Kjarasamningur-Alcoa-Fjardaals-AFLs-og-RSI.pdf,"Alcoa Fjarðaáls sf., AFLs Starfsgreinafélags",Rafiðnaðarsambands,aðilar úr skjali,2025-03-01,2029-02-28,2026-05-15,prósenta,1.14,,almenn laun,úr texta,"gr ein 3.10.2 greiðist með tímakaupi sem svarar 1,375% af mánaðarlaunum skv. grein 2.1. Breyting á yfirvinnuálagi á samningstímanum Dagvinna Yfirvinna hækki í 1.09% frá og með 15. september 2025 Yfirvinna hækki í 1.14% frá og með 15. maí 2026 Alcoa Fjarðaál sf. 10 Kjarasamningur Gildir frá 1. mars 2025 2.6 Laun dagvinnufólks fyrir óunna helgidaga Dagv"
afl,AFL Starfsgreinafélag,afl/2024-2028-Greidasolusamningur-SGS-SA.pdf,Starfsgreinasambands Íslands,Samtaka atvinnulífsins,aðilar úr skjali,2024-01-01,2028-12-31,2027-01-01,prósenta eða krónutala,3.5,23750,kauptaxtar,úr texta,"arasamningi þessum. Með mánaðarlaunum er átt við föst mánaðarlaun fyrir dagvinnu. 1. febrúar 2024: 3,25% eða 23.750 kr. 1. janúar 2025: 3,50% eða 23.750 kr. 1. janúar 2026: 3,50% eða 23.750 kr. 1. janúar 2027: 3,50% eða 23.750 kr. 1.3.2. Kauptaxtar Kauptaxtar hækka sérstaklega, sbr. fylgiskjal með samningi þessum. 1.3.3. Kjaratengdir liðir Kjaratengdir liðir kjarasamningsins hækka sem hér segir, n"
afl,AFL Starfsgreinafélag,afl/2024-2028-Greidasolusamningur-SGS-SA.pdf,Starfsgreinasambands Íslands,Samtaka atvinnulífsins,aðilar úr skjali,2024-01-01,2028-12-31,2027-01-01,prósenta,3.5,,kauptaxtar,úr texta,"sum. 1.3.3. Kjaratengdir liðir Kjaratengdir liðir kjarasamningsins hækka sem hér segir, nema um ann- að hafi verið samið: 1. febrúar 2024: 3,25% 1. janúar 2025: 3,50% 1. janúar 2026: 3,50% 1. janúar 2027 3,50% 1.3.4. Kauptaxtaauki Haldi kjarasamningar gildi sínu skal launa- og forsendunefnd í mars 2025, 2026 og 2027 úrskurða um sérstakan kauptaxtaauka, sýni launavísitala Hagstofu Íslands fyrir alm"
afl,AFL Starfsgreinafélag,afl/2024-2028-Heildarkjarasamningur-SGS-SA.pdf,Starfsgreinasambands Íslands,Samtaka atvinnulífsins,aðilar úr skjali,2024-01-01,2028-12-31,2027-01-01,prósenta eða krónutala,3.5,23750,kauptaxtar,úr texta,"föst mánaðarlaun fyrir dagvinnu. 17 Kjarasamningur SGS og SA 1. febrúar 2024: 3,25% eða 23.750 kr. 1. janúar 2025: 3,50% eða 23.750 kr. 1. janúar 2026: 3,50% eða 23.750 kr. 1. janúar 2027: 3,50% eða 23.750 kr. 1.2.2. Kauptaxtar Kauptaxtar hækka samkvæmt launatöflum í gr. 1.1.1. 1.2.3. Kjaratengdir liðir Kjaratengdir liðir kjarasamnings hækka sem hér segir, nema um annað hafi verið samið:"
afl,AFL Starfsgreinafélag,afl/2024-2028-Heildarkjarasamningur-SGS-SA.pdf,Starfsgreinasambands Íslands,Samtaka atvinnulífsins,aðilar úr skjali,2024-01-01,2028-12-31,2027-01-01,prósenta,3.5,,kauptaxtar,úr texta,".1.1. 1.2.3. Kjaratengdir liðir Kjaratengdir liðir kjarasamnings hækka sem hér segir, nema um annað hafi verið samið: 1. febrúar 2024: 3,25% 1. janúar 2025: 3,50% 1. janúar 2026: 3,50% 1. janúar 2027 3,50% 1.2.4 Kauptaxtaauki Haldi kjarasamningar gildi sínu skal launa - og forsendunefnd í mars 2025, 2026 og 2027 úrskurða um sérstakan kauptaxtaauka, sýni launa- vísitala Hagstofu Íslands fyrir almen"
afl,AFL Starfsgreinafélag,afl/2024-2028-KjarasamningurSGSogLS-SSU.pdf,Starfsgreinasambands Íslands,Landsambands smábátaeigenda,aðilar úr skjali,2024-01-01,2028-12-31,2027-01-01,krónutala,,26465,óskilgreint,úr texta,samningstímabilinu sem hér segir: Dagsetning Hækkun Kauptrygging eftir hækkun 1. febrúar 2024 26.466 kr. 474.690 kr. 1. janúar 2025 26.465 kr. 501.155 kr. 1. janúar 2026 26.466 kr. 527.621 kr. 1. janúar 2027 26.465 kr. 554.086 kr. Starfsaldurshækkanir Eftir tveggja ára starf hjá sama atvinnurekanda greiðist 1% á kauptryggingu. Eftir þriggja ára starf hjá sama atvinnurekanda greiðist 2% á kauptrygg
afl,AFL Starfsgreinafélag,afl/2024-2028-kjaras-sgs-vid-lsssu.pdf,Starfsgreinasambands Íslands,Landssambands smábátaeigenda og Samtaka smærri útgerða,aðilar úr skjali,2024-01-01,2028-12-31,2027-01-01,krónutala,,26465,óskilgreint,úr texta,abilinu sem hér segir: Dagsetning Hækkun Kauptrygging eftir hækkun 1. febrúar 2024 26. 466 kr. 474.690 kr. 1. janúar 2025 26.465 kr. 501.155 kr. 1. janúar 2026 26.466 kr. 527.621 kr. 1. janúar 2027 26.465 kr. 554.086 kr. Starfsaldurshækkanir Eftir tveggja ára starf hjá sama atvinnurekanda greiðist 1% á kauptryggingu. Eftir þriggja ára starf hjá sama atvinnurekanda greiðist 2% á kauptryggingu. 3.
afl,AFL Starfsgreinafélag,afl/KJARASAMNINGUR_SA_og_VR-LÍV_2024.pdf,VR og Landssambands íslenzkra verzlunarmanna,Samtaka atvinnulífsins,aðilar úr skjali,,,2027-01-01,prósenta eða krónutala,3.5,23750,launatafla,úr texta,"ningi þessum. Með mánaðarlaunum er átt við föst mánaðarlaun fyrir dagvinnu. 1. febrúar 2024: 3,25% eða 23.750 kr. 1. janúar 2025: 3,50% eða 23.750 kr. 1. janúar 2026: 3,50% eða 23.750 kr. 1. janúar 2027: 3,50% eða 23.750 kr. Kjarasamningi þessum fylgja launatöflur vegna áranna 2024 – 2027, sem eru hluti samningsins. Kjaratengdir liðir kjarasamninga Kjaratengdir liðir kjarasamninga hækka sem hér se"
efling,Efling stéttarfélag,efling/Kjarasamningur Eflingar og SA fyrir starfsfo-lk ho-tela- og veitingahu-sa fra- 1.2.24 til 1.2.28-fe9aa973.pdf,Samtaka atvinnulífsins,Eflingar - stéttarfélags,aðilar úr skjali,2024-02-01,2028-02-01,2027-01-01,prósenta eða krónutala,3.5,23750,kauptaxtar,úr texta,"i þessum. Með mánaðarlaunum er átt við föst mánaðarlaun fyrir dagvinnu. 1. febrúar 2024: 3,25% eða 23.750 kr. 1. janúar 2025: 3,50% eða 23.750 kr. 1. janúar 2026: 3,50% eða 23.750 kr. 1. janúar 2027: 3,50% eða 23.750 kr. 1.3.2. Kauptaxtar Kauptaxtar hækka sérstaklega, sbr. fylgiskj al með samningi þessum. 1.3.3. Kjaratengdir liðir Kjaratengdir liðir kjarasamningsins hækka sem hér segir, nema u"
efling,Efling stéttarfélag,efling/Kjarasamningur Eflingar og SA fyrir starfsfo-lk ho-tela- og veitingahu-sa fra- 1.2.24 til 1.2.28-fe9aa973.pdf,Samtaka atvinnulífsins,Eflingar - stéttarfélags,aðilar úr skjali,2024-02-01,2028-02-01,2027-01-01,prósenta,3.5,,kauptaxtar,úr texta,"1.3.3. Kjaratengdir liðir Kjaratengdir liðir kjarasamningsins hækka sem hér segir, nema um annað hafi verið samið: 1. febrúar 2024: 3,25% 1. janúar 2025: 3,50% 1. janúar 2026: 3,50% 1. janúar 2027: 3,50% 1.3.4 Kauptaxtaauki Haldi kjarasamningar gildi sínu skal launa - og forsendunefnd í mars 2025, 2026 og 2027 úrskurða um sérstakan kauptaxtaauka, sýni launavísitala Hagstofu Íslands fyrir al"
efling,Efling stéttarfélag,efling/Stodugleika-og-velferdarsamningur-breytingar-og-vidbot-Kjarasamnings-SA-2024.pdf,Eflingar-stéttarfélags,Samtaka atvinnulífsins,aðilar úr skjali,,,2027-01-01,prósenta eða krónutala,3.5,23750,almenn laun,úr texta,"ningi þessum. Með mánaðarlaunum er átt við föst mánaðarlaun fyrir dagvinnu. 1. febrúar 2024: 3,25% eða 23.750 kr. 1. janúar 2025: 3,50% eða 23.750 kr. 1. janúar 2026: 3,50% eða 23.750 kr. 1. janúar 2027: 3,50% eða 23.750 kr. Kjaratengdir liðir kjarasamninga Kjaratengdir liðir kjarasamninga hækka sem hér segir, nema um annað hafi verið samið: 1. febrúar 2024: 3,25% 1. janúar 2025: 3,50% 1. janúar"
eining-idja,Eining-Iðja,eining-idja/kjarasamningur-kjalar-einingar-idju-og-sa-v.-nordurorku-4.7.2024-lok.pdf,Einingar Iðju,Kjalar – stéttarfélags í almannaþjónustu,aðilar úr skjali,2024-02-01,2028-02-01,2027-01-01,prósenta eða krónutala,3.5,23750,almenn laun,úr texta,"að lágmarki. Með mánaðarlaunum er átt við föst mánaðarlaun fyrir dagvinnu. 1. febrúar 2024: 3,25% eða 23.750 kr. 1. janúar 2025: 3,50% eða 23.750 kr. 1. janúar 2026: 3,50% eða 23.750 kr. 1. janúar 2027: 3,50% eða 23.750 kr. 2 Kjaratengdir liðir kjarasamninga Kjaratengdir liðir kjarasamninga hækka sem hér segir, nema um annað hafi verið samið: 1. febrúar 2024: 3,25% 1. janúar 2025: 3,50%"
grafia,Grafía,grafia/Grafia-kauptaxtar-1.-april-2025-1.pdf,GRAFÍU – stéttarfélags í prent,miðlunargrein,aðilar úr skjali,2024-02-01,2028-02-01,2027-01-01,prósenta eða krónutala,3.5,23750,launatafla,úr texta,"krónu- töluhækkun að lágmarki, nema annað leiði af launatöflum sem fylgja kjarasamn- ingi þessum. Með mánaðarlaunum er átt við föst mánaðarlaun fyrir dagvinnu. 1. janúar 2026: 3,50% eða 23.750 kr. 1. janúar 2027: 3,50% eða 23.750 kr. Kjaratengdir liðir kjarasamninga Kjaratengdir liðir kjarasamninga hækka sem hér segir, nema um annað hafi verið samið: 1. janúar 2026: 3,50% 1. janúar 2027 3,50% 4. g"
grafia,Grafía,grafia/Grafia-kauptaxtar-1.-april-2025-1.pdf,GRAFÍU – stéttarfélags í prent,miðlunargrein,aðilar úr skjali,2024-02-01,2028-02-01,2027-01-01,prósenta,3.5,,almenn laun,úr texta,"0% eða 23.750 kr. 1. janúar 2027: 3,50% eða 23.750 kr. Kjaratengdir liðir kjarasamninga Kjaratengdir liðir kjarasamninga hækka sem hér segir, nema um annað hafi verið samið: 1. janúar 2026: 3,50% 1. janúar 2027 3,50% 7.1.5. Yfirvinnuálag er tvískipt Yfirvinna 1 greiðist með tímakaupi sem samsvarar 1,00% af mánaðarlaunum fyrir dagvinnu. Yfirvinna 2 greiðist með tímakaupi sem samsvarar 1,15% af mána"
grafia,Grafía,grafia/Grafia-kauptaxtar-1.-april-2026.pdf,GRAFÍU – stéttarfélags í prent,miðlunargrein,aðilar úr skjali,2024-02-01,2028-02-01,2027-01-01,prósenta eða krónutala,3.5,23750,launatafla,úr texta,"krónu- töluhækkun að lágmarki, nema annað leiði af launatöflum sem fylgja kjarasamn- ingi þessum. Með mánaðarlaunum er átt við föst mánaðarlaun fyrir dagvinnu. 1. janúar 2026: 3,50% eða 23.750 kr. 1. janúar 2027: 3,50% eða 23.750 kr. Kjaratengdir liðir kjarasamninga Kjaratengdir liðir kjarasamninga hækka sem hér segir, nema um annað hafi verið samið: 1. janúar 2026: 3,50% 1. janúar 2027 3,50% 4. g"
grafia,Grafía,grafia/Grafia-kauptaxtar-1.-april-2026.pdf,GRAFÍU – stéttarfélags í prent,miðlunargrein,aðilar úr skjali,2024-02-01,2028-02-01,2027-01-01,prósenta,3.5,,almenn laun,úr texta,"50% eða 23.750 kr. 1. janúar 2027: 3,50% eða 23.750 kr. Kjaratengdir liðir kjarasamninga Kjaratengdir liðir kjarasamninga hækka sem hér segir, nema um annað hafi verið samið: 1. janúar 2026: 3,50% 1. janúar 2027 3,50% 7.1.5. Yfirvinnuálag er tvískipt Yfirvinna 1 greiðist með tímakaupi sem samsvarar 1,00% af mánaðarlaunum fyrir dagvinnu. Yfirvinna 2 greiðist með tímakaupi sem samsvarar 1,15% af mán"
grafia,Grafía,grafia/Grafia-kauptaxtar-1.-februar-2024.pdf,GRAFÍU – stéttarfélags í prent,miðlunargrein,aðilar úr skjali,2024-02-01,2028-02-01,2027-01-01,prósenta eða krónutala,3.5,23750,almenn laun,úr texta,"samn- ingi þessum. Með mánaðarlaunum er átt við föst mánaðarlaun fyrir dagvinnu. 1. febrúar 2024: 3,25% eða 23.750 kr. 1. janúar 2025: 3,50% eða 23.750 kr. 1. janúar 2026: 3,50% eða 23.750 kr. 1. janúar 2027: 3,50% eða 23.750 kr. Kjaratengdir liðir kjarasamninga Kjaratengdir liðir kjarasamninga hækka sem hér segir, nema um annað hafi verið samið: 1. febrúar 2024: 3,25% 1. janúar 2025: 3,50% 1. jan"
grafia,Grafía,grafia/Grafia-kauptaxtar-1.-februar-2024.pdf,GRAFÍU – stéttarfélags í prent,miðlunargrein,aðilar úr skjali,2024-02-01,2028-02-01,2027-01-01,prósenta,3.5,,almenn laun,úr texta,"50 kr. Kjaratengdir liðir kjarasamninga Kjaratengdir liðir kjarasamninga hækka sem hér segir, nema um annað hafi verið samið: 1. febrúar 2024: 3,25% 1. janúar 2025: 3,50% 1. janúar 2026: 3,50% 1. janúar 2027 3,50% 7.1.5. Yfirvinnuálag er tvískipt Yfirvinna 1 greiðist með tímakaupi sem samsvarar 1,00% af mánaðarlaunum fyrir dagvinnu. Yfirvinna 2 greiðist með tímakaupi sem samsvarar 1,15% af mánaðar"
grafia,Grafía,grafia/Grafia-kauptaxtar-1.-januar-2025-vefur-1.pdf,GRAFÍU – stéttarfélags í prent,miðlunargrein,aðilar úr skjali,2024-02-01,2028-02-01,2027-01-01,prósenta eða krónutala,3.5,23750,launatafla,úr texta,"annað leiði af launatöflum sem fylgja kjarasamn- ingi þessum. Með mánaðarlaunum er átt við föst mánaðarlaun fyrir dagvinnu. 1. janúar 2025: 3,50% eða 23.750 kr. 1. janúar 2026: 3,50% eða 23.750 kr. 1. janúar 2027: 3,50% eða 23.750 kr. Kjaratengdir liðir kjarasamninga Kjaratengdir liðir kjarasamninga hækka sem hér segir, nema um annað hafi verið samið: 1. janúar 2025: 3,50% 1. janúar 2026: 3,50% 1."
grafia,Grafía,grafia/Grafia-kauptaxtar-1.-januar-2025-vefur-1.pdf,GRAFÍU – stéttarfélags í prent,miðlunargrein,aðilar úr skjali,2024-02-01,2028-02-01,2027-01-01,prósenta,3.5,,almenn laun,úr texta,"anúar 2027: 3,50% eða 23.750 kr. Kjaratengdir liðir kjarasamninga Kjaratengdir liðir kjarasamninga hækka sem hér segir, nema um annað hafi verið samið: 1. janúar 2025: 3,50% 1. janúar 2026: 3,50% 1. janúar 2027 3,50% 7.1.5. Yfirvinnuálag er tvískipt Yfirvinna 1 greiðist með tímakaupi sem samsvarar 1,00% af mánaðarlaunum fyrir dagvinnu. Yfirvinna 2 greiðist með tímakaupi sem samsvarar 1,15% af mána"
grafia,Grafía,grafia/Grafia-kauptaxtar-1.-januar-2026.pdf,GRAFÍU – stéttarfélags í prent,miðlunargrein,aðilar úr skjali,2024-02-01,2028-02-01,2027-01-01,prósenta eða krónutala,3.5,23750,launatafla,úr texta,"krónu- töluhækkun að lágmarki, nema annað leiði af launatöflum sem fylgja kjarasamn- ingi þessum. Með mánaðarlaunum er átt við föst mánaðarlaun fyrir dagvinnu. 1. janúar 2026: 3,50% eða 23.750 kr. 1. janúar 2027: 3,50% eða 23.750 kr. Kjaratengdir liðir kjarasamninga Kjaratengdir liðir kjarasamninga hækka sem hér segir, nema um annað hafi verið samið: 1. janúar 2026: 3,50% 1. janúar 2027 3,50% 4. g"
grafia,Grafía,grafia/Grafia-kauptaxtar-1.-januar-2026.pdf,GRAFÍU – stéttarfélags í prent,miðlunargrein,aðilar úr skjali,2024-02-01,2028-02-01,2027-01-01,prósenta,3.5,,almenn laun,úr texta,"50% eða 23.750 kr. 1. janúar 2027: 3,50% eða 23.750 kr. Kjaratengdir liðir kjarasamninga Kjaratengdir liðir kjarasamninga hækka sem hér segir, nema um annað hafi verið samið: 1. janúar 2026: 3,50% 1. janúar 2027 3,50% 7.1.5. Yfirvinnuálag er tvískipt Yfirvinna 1 greiðist með tímakaupi sem samsvarar 1,00% af mánaðarlaunum fyrir dagvinnu. Yfirvinna 2 greiðist með tímakaupi sem samsvarar 1,15% af mán"
grafia,Grafía,grafia/Grafia-kauptaxtar-1.-november-2024.pdf,GRAFÍU – stéttarfélags í prent,miðlunargrein,aðilar úr skjali,2024-02-01,2028-02-01,2027-01-01,prósenta eða krónutala,3.5,23750,almenn laun,úr texta,"samn- ingi þessum. Með mánaðarlaunum er átt við föst mánaðarlaun fyrir dagvinnu. 1. febrúar 2024: 3,25% eða 23.750 kr. 1. janúar 2025: 3,50% eða 23.750 kr. 1. janúar 2026: 3,50% eða 23.750 kr. 1. janúar 2027: 3,50% eða 23.750 kr. Kjaratengdir liðir kjarasamninga Kjaratengdir liðir kjarasamninga hækka sem hér segir, nema um annað hafi verið samið: 1. febrúar 2024: 3,25% 1. janúar 2025: 3,50% 1. jan"
grafia,Grafía,grafia/Grafia-kauptaxtar-1.-november-2024.pdf,GRAFÍU – stéttarfélags í prent,miðlunargrein,aðilar úr skjali,2024-02-01,2028-02-01,2027-01-01,prósenta,3.5,,almenn laun,úr texta,"50 kr. Kjaratengdir liðir kjarasamninga Kjaratengdir liðir kjarasamninga hækka sem hér segir, nema um annað hafi verið samið: 1. febrúar 2024: 3,25% 1. janúar 2025: 3,50% 1. janúar 2026: 3,50% 1. janúar 2027 3,50% 7.1.5. Yfirvinnuálag er tvískipt Yfirvinna 1 greiðist með tímakaupi sem samsvarar 1,00% af mánaðarlaunum fyrir dagvinnu. Yfirvinna 2 greiðist með tímakaupi sem samsvarar 1,15% af mánaðar"
matvis,MATVÍS,matvis/kjarasamningur-matvis-og-sa-2024-2028-lokaskjal.pdf,Samtaka atvinnulífsins,Matvæla- og veitingafélags Íslands,aðilar úr skjali,2024-02-01,2028-02-01,2027-01-01,prósenta eða krónutala,3.5,23750,almenn laun,úr texta,"ánaðarlaun fyrir dagvinnu. Almenn hækkun mánaðarlauna fyrir fullt starf: 1. febrúar 2024: 3,25% eða 23.750 kr. 1. janúar 2025: 3,50% eða 23.750 kr. 1. janúar 2026: 3,50% eða 23.750 kr. 1. janúar 2027: 3,50% eða 23.750 kr. Kjaratengdir liði kjarasamninga Kjaratengdir liðir kjarasamnings hækka sem hér segir, nema um annað hafi verið samið: 1. febrúar 2024: 3,25% 1. janúar 2025: 3,50% 1. janúar 2"
matvis,MATVÍS,matvis/kjarasamningur-matvis-og-sa-2024-2028-lokaskjal.pdf,Samtaka atvinnulífsins,Matvæla- og veitingafélags Íslands,aðilar úr skjali,2024-02-01,2028-02-01,2027-01-01,prósenta,3.5,,kauptaxtar,úr texta,"aratengdir liði kjarasamninga Kjaratengdir liðir kjarasamnings hækka sem hér segir, nema um annað hafi verið samið: 1. febrúar 2024: 3,25% 1. janúar 2025: 3,50% 1. janúar 2026: 3,50% 1. janúar 2027: 3,50% Kauptaxtar hækka sérstaklega, sbr. meðfylgjandi fylgiskjal. 1.2.2. Kauptaxtaauki Haldi kjarasamningar gildi sínu skal launa- og forsendunefnd í mars 2025, 2026 og 2027 úrskurða um sérstakan"
rafis,rafis,rafis/2024.11.28-Kjarasamningur-Landsnets-vid-RSI-2.pdf,Rafiðnaðarsambands Íslands,Samtaka atvinnulífsins,aðilar úr skjali,,,2027-01-01,prósenta eða krónutala,3.5,23750,launatafla,úr texta,"ningi þessum. Með mánaðarlaunum er átt við föst mánaðarlaun fyrir dagvinnu. 1. febrúar 2024: 3,25% eða 23.750 kr. 1. janúar 2025: 3,50% eða 23.750 kr. 1. janúar 2026: 3,50% eða 23.750 kr. 1. janúar 2027: 3,50% eða 23.750 kr. Kjarasamningi þessum fylgja launatöflur vegna áranna 2024 – 2027, sem eru hluti samningsins. Kjaratengdir liðir kjarasamninga Kjaratengdir liðir kjarasamninga hækka sem hér se"
rafis,rafis,rafis/NO-RSI-heildarkjarasamningur-loka-EF-EBGV-24.9.25.pdf,Rafiðnaðarsambands Íslands vegna aðildarfélaga,Norðurorku hf,aðilar úr skjali,2019-07-01,2022-11-01,2027-01-01,prósenta eða krónutala,3.5,23750,almenn laun,grunsamlegt,"i þessum. Með mánaðarlaunum er átt við föst mánaðarlaun fyrir dagvinnu. • 1. febrúar 2024 – 3,25% eða 23.750 kr. • 1. janúar 2025 – 3,50% eða 23.750 kr. • 1. janúar 2026 – 3,50% eða 23.750 kr. • 1. janúar 2027 – 3,50% 23.750 kr. 2.1.3 Kjaratengdir liðir kjarasamninga Kjaratengdir liðir kjarasamninga hækka sem hér segir, nema um annað hafi verið samið: • 1. febrúar 2024 – 3,25% • 1. janúar 2025 – 3"
rafis,rafis,rafis/NO-RSI-heildarkjarasamningur-loka-EF-EBGV-24.9.25.pdf,Rafiðnaðarsambands Íslands vegna aðildarfélaga,Norðurorku hf,aðilar úr skjali,2019-07-01,2022-11-01,2027-01-01,prósenta,3.5,,launatafla,grunsamlegt,"aratengdir liðir kjarasamninga Kjaratengdir liðir kjarasamninga hækka sem hér segir, nema um annað hafi verið samið: • 1. febrúar 2024 – 3,25% • 1. janúar 2025 – 3,50% • 1. janúar 2026 – 3,50% • 1. janúar 2027 – 3,50% 2.1.4 Starfsaldurshækkanir Þrep í launatöflu eru 7. 1. Byrjunarlaun 2. Eftir 6 mánuði 3. Eftir 1 ár 4. Eftir 3 ár 5. Eftir 5 ár 6. Eftir 7 ár 7. Eftir 10 ár 4 2.2 Dagvinna 2.2.1 Dagv"
sa,Samtök atvinnulífsins,sa/Z-QM6XdAxsiBv7kJ_KjarasamningurSAogSamiðnar2024-2028undirritaður.pdf,"Samiðnar, sambands iðnfélaga",Samtaka atvinnulífsins,aðilar úr skjali,2024-01-01,2028-12-31,2027-01-01,prósenta eða krónutala,3.5,23750,almenn laun,úr texta,"g i þessum. Með mánaðarlaunum er átt við föst mánaðarlaun fyrir dagvinnu. 1. febrúar 2024: 3,25% eða 23.750 kr. 1. janúar 2025: 3,50% eða 23.750 kr. 1. janúar 2026: 3,50% eða 23.750 kr. 1. janúar 2027: 3,50% eða 23.750 kr. 2 Kjaratengdir liðir kjarasamninga Kjaratengdir liðir kjarasamninga hækka sem hér segir, nema um annað hafi verið samið: 1. febrúar 2024: 3,25% 1. janúar 2025: 3,50% 1"
sa,Samtök atvinnulífsins,sa/Z4eCH5bqstJ99en5_KJARASAMNINGURSAOGRSÍ2024-2028ánundirritunar.pdf,Rafiðnaðarsambands Íslands,Samtaka atvinnulífsins,aðilar úr skjali,2024-01-01,2028-12-31,2027-01-01,prósenta eða krónutala,3.5,23750,almenn laun,úr texta,"ngi þessum. Með mánaðarlaunum er átt við föst mánaðarlaun fyrir dagvinnu. 1. febrúar 2024: 3,25% eða 23.750 kr. 1. janúar 2025: 3,50% eða 23.750 kr. 1. janúar 2026: 3,50% eða 23.750 kr. 1. janúar 2027: 3,50% eða 23.750 kr. Kjaratengdir liðir kjarasamninga Kjaratengdir liðir kjarasamninga hækka sem hér segir, nema um annað hafi verið samið: 1. febrúar 2024: 3,25% 1. janúar 2025: 3,50% 1. janúar 20"
sa,Samtök atvinnulífsins,sa/ZenhrXUurf2G3Mc6_Stöðugleikasamningurinn-kynning.pdf,nóvembermánaða ár hvert,skal taxtaauki bætast við,aðilar úr skjali,2024-02-01,2028-01-31,2027-01-01,prósenta með krónutölulágmarki,3.25,23750,kauptaxtar,úr texta,"nn felur í sér launastefnu þar sem mánaðarlaun taka hlutfallshækkun með krónutöluhækkun að lágmarki. ▪ Kjarasamningsbundnar launahækkanir taka gildi 1. febrúar 2024, 1. janúar 2025, 1. janúar 2026 og 1. janúar 2027. ▪ Lágmarkshækkun launa er 23.750 kr. á hverju samningsári, laun hækki almennt um 3,25% á fyrsta ári og 3,5% á öðru, þriðja og fjórða ári samningsins. ▪ Til viðbótar getur komið til gre"
sa,Samtök atvinnulífsins,sa/ZeshbnUurf2G3Nu7_STÖÐUGLEIKAOGVELFERÐARKJARASAMNINGURINN7.mars2024ánundirritunar.pdf,,,aðeins heimild,,,2027-01-01,prósenta eða krónutala,3.5,23750,almenn laun,úr texta,"akra félaga. Með mánaðarlaunum er átt við föst mánaðarlaun fyrir dagvinnu. 1. febrúar 2024: 3,25% eða 23.750 kr. 1. janúar 2025: 3,50% eða 23.750 kr. 1. janúar 2026: 3,50% eða 23.750 kr. 1. janúar 2027: 3,50% eða 23.750 kr. Bls. 2 Kjaratengdir liðir kjarasamninga Kjaratengdir liðir kjarasamninga hækka sem hér segir, nema um annað hafi verið samið: 1. febrúar 2024: 3,25% 1. janúar 2025: 3,50% 1. j"
sa,Samtök atvinnulífsins,sa/ZeshbnUurf2G3Nu8_KJARASAMNINGURSAogSGS2024ánundirritunar.pdf,Starfsgreinasambands Íslands,Samtaka atvinnulífsins,aðilar úr skjali,,,2027-01-01,prósenta eða krónutala,3.5,23750,almenn laun,úr texta,"ningi þessum. Með mánaðarlaunum er átt við föst mánaðarlaun fyrir dagvinnu. 1. febrúar 2024: 3,25% eða 23.750 kr. 1. janúar 2025: 3,50% eða 23.750 kr. 1. janúar 2026: 3,50% eða 23.750 kr. 1. janúar 2027: 3,50% eða 23.750 kr. 2 Kjaratengdir liðir kjarasamninga Kjaratengdir liðir kjarasamninga hækka sem hér segir, nema um annað hafi verið samið: 1. febrúar 2024: 3,25% 1. janúar 2025: 3,"
sa,Samtök atvinnulífsins,sa/ZeshcHUurf2G3Nu-_KJARASAMNINGURSAogEflingar2024ánundirritunar.pdf,Eflingar-stéttarfélags,Samtaka atvinnulífsins,aðilar úr skjali,,,2027-01-01,prósenta eða krónutala,3.5,23750,almenn laun,úr texta,"ningi þessum. Með mánaðarlaunum er átt við föst mánaðarlaun fyrir dagvinnu. 1. febrúar 2024: 3,25% eða 23.750 kr. 1. janúar 2025: 3,50% eða 23.750 kr. 1. janúar 2026: 3,50% eða 23.750 kr. 1. janúar 2027: 3,50% eða 23.750 kr. Kjaratengdir liðir kjarasamninga Kjaratengdir liðir kjarasamninga hækka sem hér segir, nema um annað hafi verið samið: 1. febrúar 2024: 3,25% 1. janúar 2025: 3,50% 1. janúar"
sa,Samtök atvinnulífsins,sa/Zf1Oks68zyqdRp-P_Stodugleikasamningurinnvegnaferðaþjónustu-2024.pdf,,,aðeins heimild,2024-02-01,2028-01-31,2027-01-01,prósenta með krónutölulágmarki,3.25,23750,kauptaxtar,úr texta,"undirbyggja stöðugleika er áhersla lögð á langtímasamning til fjögurra ára. 1 Launastefna í jafnvægi ▪ Kjarasamningsbundnar launahækkanir taka gildi 1. febrúar 2024, 1. janúar 2025, 1. janúar 2026 og 1. janúar 2027. ▪ Lágmarkshækkun launa er 23.750 kr. á hverju samningsári, laun hækki almennt um 3,25% á fyrsta ári og 3,5% á öðru, þriðja og fjórða ári samningsins. ▪ Til viðbótar getur komið til gre"
sa,Samtök atvinnulífsins,sa/ZfLkS0mNsf2sHk4m_KJARASAMNINGURSAogVR-LÍV2024-2028ánundirritunar-1.pdf,VR og Landssambands íslenzkra verzlunarmanna,Samtaka atvinnulífsins,aðilar úr skjali,2024-01-01,2028-12-31,2027-01-01,prósenta eða krónutala,3.5,23750,launatafla,úr texta,"ningi þessum. Með mánaðarlaunum er átt við föst mánaðarlaun fyrir dagvinnu. 1. febrúar 2024: 3,25% eða 23.750 kr. 1. janúar 2025: 3,50% eða 23.750 kr. 1. janúar 2026: 3,50% eða 23.750 kr. 1. janúar 2027: 3,50% eða 23.750 kr. Kjarasamningi þessum fylgja launatöflur vegna áranna 2024 – 2027, sem eru hluti samningsins. Kjaratengdir liðir kjarasamninga Kjaratengdir liðir kjarasamninga hækka sem hér se"
sa,Samtök atvinnulífsins,sa/ZfsIwQmzsfHOGI-__stodugleikasamningurinn-heildarkynning-2024-03-20.pdf,flokka,þrepa og hækkar því umfram 2,aðilar úr skjali,2024-02-01,2028-01-31,2027-01-01,prósenta með krónutölulágmarki,3.25,23750,kauptaxtar,úr texta,"undirbyggja stöðugleika er áhersla lögð á langtímasamning til fjögurra ára. 1 Launastefna í jafnvægi ▪ Kjarasamningsbundnar launahækkanir taka gildi 1. febrúar 2024, 1. janúar 2025, 1. janúar 2026 og 1. janúar 2027. ▪ Lágmarkshækkun launa er 23.750 kr. á hverju samningsári, laun hækki almennt um 3,25% á fyrsta ári og 3,5% á öðru, þriðja og fjórða ári samningsins. ▪ Til viðbótar getur komið til gre"
sa,Samtök atvinnulífsins,sa/Zw5-EYF3NbkBXd-y_KJARASAMNINGURSSF-2024-2028Lokaskjal.pdf,SSF OG SA KJARASAMNINGUR SSF,SA 3,aðilar úr skjali,2024-01-01,2028-12-31,2027-01-01,prósenta eða krónutala,3.5,23750,launatafla,úr texta,"lágmarki. Með mánaðarlaunum er átt við föst mánaðarlaun fyrir dagvinnu. 1. febrúar 2024: 3,25% eða 23.750 kr. 1. janúar 2025: 3,50% eða 23.750 kr. 1. janúar 2026: 3,50% eða 23.750 kr. 1. janúar 2027: 3,50% eða 23.750 kr. Kjarasamningi þessum fylgja launatöflur vegna áranna 2024 – 2027, sem eru hluti samningsins. Kjaratengdir liðir Kjaratengdir liðir kjarasamning sins hækka sem hér segir, nema um"
sa,Samtök atvinnulífsins,sa/Zw5-EYF3NbkBXd-y_KJARASAMNINGURSSF-2024-2028Lokaskjal.pdf,SSF OG SA KJARASAMNINGUR SSF,SA 3,aðilar úr skjali,2024-01-01,2028-12-31,2027-01-01,prósenta,3.5,,kauptaxtar,úr texta,"ningsins. Kjaratengdir liðir Kjaratengdir liðir kjarasamning sins hækka sem hér segir, nema um annað hafi verið samið: 1. febrúar 2024: 3,25% 1. janúar 2025: 3,50% 1. janúar 2026: 3,50% 1. janúar 2027: 3,50% Kauptaxtar Í stað áðurgildandi lágmarkstaxta starfsheita koma nýjir sem eru eftirfarandi Gildir frá 1.2.2024 Starfsheiti Lágmarkstaxti Nýliðar 480.165 Gjaldkerar og banka"
sa,Samtök atvinnulífsins,sa/ZxYu1IF3NbkBXw06_KjarasamningurSAogVR-LÍV2024-2028vefútgáfa.pdf,Samtaka atvinnulífsins,VR og,aðilar úr skjali,2024-01-01,2028-12-31,2027-01-01,prósenta eða krónutala,3.5,23750,kauptaxtar,úr texta,"i þessum. Með mánaðarlaunum er átt við föst mánaðarlaun fyrir dagvinnu. 1. febrúar 2024: 3,25% eða 23.750 kr. 1. janúar 2025: 3,50% eða 23.750 kr. 1. janúar 2026: 3,50% eða 23.750 kr. 1. janúar 2027: 3,50% eða 23.750 kr. Ofan nefnd hækkun á kauptaxta er reiknuð í útgefnum töxtum í gr. 1.1. og útgefni kaupgjaldsskrá. Kjaratengdir liðir Kjaratengdir liðir kjarasamninga hækka sem hér segir, nema u"
sa,Samtök atvinnulífsins,sa/ZxYu1IF3NbkBXw06_KjarasamningurSAogVR-LÍV2024-2028vefútgáfa.pdf,Samtaka atvinnulífsins,VR og,aðilar úr skjali,2024-01-01,2028-12-31,2027-01-01,prósenta,3.5,,kauptaxtar,úr texta,"ldsskrá. Kjaratengdir liðir Kjaratengdir liðir kjarasamninga hækka sem hér segir, nema um annað hafi verið samið: 1. febrúar 2024: 3,25% 1. janúar 2025: 3,50% 1. janúar 2026: 3,50% 1. janúar 2027: 3,50% Kauptaxtaauki Haldi kjarasamningar gildi sínu skal launa- og forsendunefnd í mars 2025, 2026 og 2027 úrskurða um sérstakan kauptaxtaauka, sýni launavísitala Hagstofu Íslands fyrir almennan"
sa,Samtök atvinnulífsins,sa/aEGu3rh8WN-LVq1N_HotelogveitinaghúsasamningurSAogEfling2024-2028lokaskjal-vefútgáfa.pdf,Samtaka atvinnulífsins,Eflingar - stéttarfélags,aðilar úr skjali,2024-02-01,2028-02-01,2027-01-01,prósenta eða krónutala,3.5,23750,kauptaxtar,úr texta,"i þessum. Með mánaðarlaunum er átt við föst mánaðarlaun fyrir dagvinnu. 1. febrúar 2024: 3,25% eða 23.750 kr. 1. janúar 2025: 3,50% eða 23.750 kr. 1. janúar 2026: 3,50% eða 23.750 kr. 1. janúar 2027: 3,50% eða 23.750 kr. 1.3.2. Kauptaxtar Kauptaxtar hækka sérstaklega, sbr. fylgiskj al með samningi þessum. 1.3.3. Kjaratengdir liðir Kjaratengdir liðir kjarasamningsins hækka sem hér segir, nema u"
sa,Samtök atvinnulífsins,sa/aEGu3rh8WN-LVq1N_HotelogveitinaghúsasamningurSAogEfling2024-2028lokaskjal-vefútgáfa.pdf,Samtaka atvinnulífsins,Eflingar - stéttarfélags,aðilar úr skjali,2024-02-01,2028-02-01,2027-01-01,prósenta,3.5,,kauptaxtar,úr texta,"1.3.3. Kjaratengdir liðir Kjaratengdir liðir kjarasamningsins hækka sem hér segir, nema um annað hafi verið samið: 1. febrúar 2024: 3,25% 1. janúar 2025: 3,50% 1. janúar 2026: 3,50% 1. janúar 2027: 3,50% 1.3.4 Kauptaxtaauki Haldi kjarasamningar gildi sínu skal launa - og forsendunefnd í mars 2025, 2026 og 2027 úrskurða um sérstakan kauptaxtaauka, sýni launavísitala Hagstofu Íslands fyrir al"
sa,Samtök atvinnulífsins,sa/aMghjmGNHVfTPPp6_KjarasamningurSAogVM2024-2028-Lokaskjal.pdf,Samtaka atvinnulífsins,"VM, Félags vélstjóra og málmtæknimanna",aðilar úr skjali,2024-02-01,2028-02-01,2027-01-01,prósenta eða krónutala,3.5,23750,almenn laun,úr texta,"i þessum. Með mánaðarlaunum er átt við föst mánaðarlaun fyrir dagvinnu. 1. febrúar 2024: 3,25% eða 23.750 kr. 1. janúar 2025: 3,50% eða 23.750 kr. 1. janúar 2026: 3,50% eða 23.750 kr. 1. janúar 2027: 3,50% eða 23.750 kr. 10 Samningur SA og VM Kjaratengdir liði kjarasamninga Kjaratengdir liðir kjarasamnings hækka sem hér segir, nema um annað hafi verið samið: 1. febrúar 2024: 3,25% 1. janú"
sa,Samtök atvinnulífsins,sa/aMghjmGNHVfTPPp6_KjarasamningurSAogVM2024-2028-Lokaskjal.pdf,Samtaka atvinnulífsins,"VM, Félags vélstjóra og málmtæknimanna",aðilar úr skjali,2024-02-01,2028-02-01,2027-01-01,prósenta,3.5,,kauptaxtar,úr texta,"jaratengdir liði kjarasamninga Kjaratengdir liðir kjarasamnings hækka sem hér segir, nema um annað hafi verið samið: 1. febrúar 2024: 3,25% 1. janúar 2025: 3,50% 1. janúar 2026: 3,50% 1. janúar 2027 3,50% Kauptaxtar hækka sérstaklega, sbr. gr. 1.1.1.1. 1.1.2.2. Kauptaxtaauki Haldi kjarasamningar gildi sínu skal launa - og forsendunefnd í mars 2025, 2026 og 2027 úrskurða um sérstakan kauptax"
sa,Samtök atvinnulífsins,sa/aMwWxGGNHVfTPXrB_GreiðasölusamningurSAogSGS2024-2028lokaskjal.pdf,Samtaka atvinnulífsins,Starfsgreinasambands Íslands,aðilar úr skjali,2024-02-01,2028-02-01,2027-01-01,prósenta eða krónutala,3.5,23750,kauptaxtar,úr texta,"i þessum. Með mánaðarlaunum er átt við föst mánaðarlaun fyrir dagvinnu. 1. febrúar 2024: 3,25% eða 23.750 kr. 1. janúar 2025: 3,50% eða 23.750 kr. 1. janúar 2026: 3,50% eða 23.750 kr. 1. janúar 2027: 3,50% eða 23.750 kr. 1.3.2. Kauptaxtar Kauptaxtar hækka sérstaklega, sbr. fylgiskj al með samningi þessum. 1.3.3. Kjaratengdir liðir Kjaratengdir liðir kjarasamningsins hækka sem hér segir, nema u"
sa,Samtök atvinnulífsins,sa/aMwWxGGNHVfTPXrB_GreiðasölusamningurSAogSGS2024-2028lokaskjal.pdf,Samtaka atvinnulífsins,Starfsgreinasambands Íslands,aðilar úr skjali,2024-02-01,2028-02-01,2027-01-01,prósenta,3.5,,kauptaxtar,úr texta,"1.3.3. Kjaratengdir liðir Kjaratengdir liðir kjarasamningsins hækka sem hér segir, nema um annað hafi verið samið: 1. febrúar 2024: 3,25% 1. janúar 2025: 3,50% 1. janúar 2026: 3,50% 1. janúar 2027 3,50% 1.3.4. Kauptaxtaauki Haldi kjarasamningar gildi sínu skal launa - og forsendunefnd í mars 2025, 2026 og 2027 úrskurða um sérstakan kauptaxtaauka, sýni launavísitala Hagstofu Íslands fyrir a"
sa,Samtök atvinnulífsins,sa/aNPSSJ5xUNkB1Dby_KjarasamningurSAogSamiðn2024-2028Lokaskjal.pdf,Samtaka atvinnulífsins,"Samiðnar - sambands iðnfélaga f.h. aðildarfélaga í málmiðnaði, byggingariðnaði og skrúðgarðyrkju",aðilar úr skjali,2024-02-01,2028-02-01,2027-01-01,prósenta eða krónutala,3.5,23750,almenn laun,úr texta,"i þessum. Með mánaðarlaunum er átt við föst mánaðarlaun fyrir dagvinnu. 1. febrúar 2024: 3,25% eða 23.750 kr. 1. janúar 2025: 3,50% eða 23.750 kr. 1. janúar 2026: 3,50% eða 23.750 kr. 1. janúar 2027: 3,50% eða 23.750 kr. Kjaratengdir liðir kjarasamninga Kjaratengdir liðir kjarasamnings hækka sem hér segir, nema um annað hafi verið samið: 1. febrúar 2024: 3,25% 1. janúar 2025: 3,50% 1. janúar"
sa,Samtök atvinnulífsins,sa/aNPSSJ5xUNkB1Dby_KjarasamningurSAogSamiðn2024-2028Lokaskjal.pdf,Samtaka atvinnulífsins,"Samiðnar - sambands iðnfélaga f.h. aðildarfélaga í málmiðnaði, byggingariðnaði og skrúðgarðyrkju",aðilar úr skjali,2024-02-01,2028-02-01,2027-01-01,prósenta,3.5,,kauptaxtar,úr texta,"jaratengdir liðir kjarasamninga Kjaratengdir liðir kjarasamnings hækka sem hér segir, nema um annað hafi verið samið: 1. febrúar 2024: 3,25% 1. janúar 2025: 3,50% 1. janúar 2026: 3,50% 1. janúar 2027: 3,50% Kauptaxtar hækka sérstaklega, sbr. gr. 1.1.1.1. 1.1.2.2. Kauptaxtaauki Haldi kjarasamningar gildi sínu skal launa - og forsendunefnd í mars 2025, 2026 og 2027 úrskurða um sérstakan 10 Samn"
sa,Samtök atvinnulífsins,sa/aZWiFlWLo0XkEoIO_Kjarasamningur2024-2028meistarafélögíbyggingariðnaðiogSamiðnLokaskjal.pdf,"Samtaka atvinnulífsins, vegna meistarafélaga í byggingariðnaði innan Samtaka iðnaðarins",Samiðnar - sambands iðnfélaga f.h. aðildarfélaga í byggingariðnaði,aðilar úr skjali,2024-02-01,2028-02-01,2027-01-01,prósenta eða krónutala,3.5,23750,kauptaxtar,úr texta,"i þessum. Með mánaðarlaunum er átt við föst mánaðarlaun fyrir dagvinnu. 1. febrúar 2024: 3,25% eða 23.750 kr. 1. janúar 2025: 3,50% eða 23.750 kr. 1. janúar 2026: 3,50% eða 23.750 kr. 1. janúar 2027: 3,50% eða 23.750 kr. Kauptaxtar hækka sérstaklega, sbr. gr. 1.1.1.1. Samningur meistarafélaga í byggigariðnaði og Samiðnar 9 Kjaratengdir liðir kjarasamnings Kjaratengdir liðir kjarasamnings"
sa,Samtök atvinnulífsins,sa/aZWiFlWLo0XkEoIO_Kjarasamningur2024-2028meistarafélögíbyggingariðnaðiogSamiðnLokaskjal.pdf,"Samtaka atvinnulífsins, vegna meistarafélaga í byggingariðnaði innan Samtaka iðnaðarins",Samiðnar - sambands iðnfélaga f.h. aðildarfélaga í byggingariðnaði,aðilar úr skjali,2024-02-01,2028-02-01,2027-01-01,prósenta,3.5,,kauptaxtar,úr texta,"jaratengdir liðir kjarasamnings Kjaratengdir liðir kjarasamnings hækka sem hér segir, nema um annað hafi verið samið: 1. febrúar 2024: 3,25% 1. janúar 2025: 3,50% 1. janúar 2026: 3,50% 1. janúar 2027: 3,50% 1.1.2.2. Kauptaxtaauki Haldi kjarasamningar gildi sínu skal launa - og forsendunefnd í mars 2025, 2026 og 2027 úrskurða um sérstakan kauptaxtaauka, sýni launavísitala Hagstofu Íslands fyrir"
sa,Samtök atvinnulífsins,sa/aZXiD8FoBIGEghwf_KjarasamningurMATVÍSogSA2024-2028lokaskjal.pdf,Samtaka atvinnulífsins,Matvæla- og veitingafélags Íslands,aðilar úr skjali,2024-02-01,2028-02-01,2027-01-01,prósenta eða krónutala,3.5,23750,almenn laun,úr texta,"ánaðarlaun fyrir dagvinnu. Almenn hækkun mánaðarlauna fyrir fullt starf: 1. febrúar 2024: 3,25% eða 23.750 kr. 1. janúar 2025: 3,50% eða 23.750 kr. 1. janúar 2026: 3,50% eða 23.750 kr. 1. janúar 2027: 3,50% eða 23.750 kr. Kjaratengdir liði kjarasamninga Kjaratengdir liðir kjarasamnings hækka sem hér segir, nema um annað hafi verið samið: 1. febrúar 2024: 3,25% 1. janúar 2025: 3,50% 1. janúar 2"
sa,Samtök atvinnulífsins,sa/aZXiD8FoBIGEghwf_KjarasamningurMATVÍSogSA2024-2028lokaskjal.pdf,Samtaka atvinnulífsins,Matvæla- og veitingafélags Íslands,aðilar úr skjali,2024-02-01,2028-02-01,2027-01-01,prósenta,3.5,,kauptaxtar,úr texta,"aratengdir liði kjarasamninga Kjaratengdir liðir kjarasamnings hækka sem hér segir, nema um annað hafi verið samið: 1. febrúar 2024: 3,25% 1. janúar 2025: 3,50% 1. janúar 2026: 3,50% 1. janúar 2027: 3,50% Kauptaxtar hækka sérstaklega, sbr. meðfylgjandi fylgiskjal. 1.2.2. Kauptaxtaauki Haldi kjarasamningar gildi sínu skal launa- og forsendunefnd í mars 2025, 2026 og 2027 úrskurða um sérstakan"
sa,Samtök atvinnulífsins,sa/aabfO1xvIZEnjRdK_KjarasamningurSAogGrafíu2024-2028lokaskjal.pdf,Grafíu – stéttarfélags í prent- og miðlunargreinum,Samtaka atvinnulífsins,aðilar úr skjali,2024-02-01,2028-02-01,2027-01-01,prósenta eða krónutala,3.5,23750,almenn laun,úr texta,"þessum. Með mánaðarlaunum er átt við föst mánaðarlaun fyrir dagvinnu. 1. febrúar 2024: 3,25% eða 23.750 kr. 1. janúar 2025: 3,50% eða 23.750 kr. 1. janúar 2026: 3,50% eða 23.750 kr. 1. janúar 2027: 3,50% eða 23.750 kr. Kjaratengdir liði kjarasamninga Kjaratengdir liðir kjarasamnings hækka sem hér segir, nema um annað hafi verið samið: 1. febrúar 2024: 3,25% 1. janúar 2025: 3,50% 1. janúar 2"
sa,Samtök atvinnulífsins,sa/aabfO1xvIZEnjRdK_KjarasamningurSAogGrafíu2024-2028lokaskjal.pdf,Grafíu – stéttarfélags í prent- og miðlunargreinum,Samtaka atvinnulífsins,aðilar úr skjali,2024-02-01,2028-02-01,2027-01-01,prósenta,3.5,,kauptaxtar,úr texta,"jaratengdir liði kjarasamninga Kjaratengdir liðir kjarasamnings hækka sem hér segir, nema um annað hafi verið samið: 1. febrúar 2024: 3,25% 1. janúar 2025: 3,50% 1. janúar 2026: 3,50% 1. janúar 2027 3,50% Kauptaxtar hækka sérstaklega, sbr. gr. 2.1.1. 2.2.3. Kauptaxtaauki Haldi kjarasamningar gildi sínu skal launa - og forsendunefnd í mars 2025, 2026 og 2027 úrskurða um sérstakan kauptaxtaauk"
sa,Samtök atvinnulífsins,sa/abvZcbbci2UF6RI2_KjarasamningurSAogMjólkurfræðinga2024-2028lokaskjal.pdf,Samtaka atvinnulífsins,Mjólkurfræðingafélags Íslands,aðilar úr skjali,2024-01-01,2028-12-31,2027-01-01,prósenta,3.5,,kauptaxtar,úr texta,"ns þá á hann ekki rétt á launataxtanum sem tekur gildi frá 1. maí 2024. Samningur SA og Mjólkurfræðingafélags Íslands 7 1. febrúar 2024: 3,25% 1. janúar 2025: 3,50% 1. janúar 2026: 3,50% 1. janúar 2027: 3,50% 1.1.3. Mat á starfsaldri Kauphækkanir eftir starfsaldri, skulu miðast við starf sem mjólkurfræðingur hefur unnið við viðurkennt mjólkurbú hér á landi. Við mat á starfsaldri til launa telst 21"
sa,Samtök atvinnulífsins,sa/aj1JZVbRV8_Qf4kw_SA-SAFogLeiðsögn-uppfærslaákjarasamningi2024-2028.pdf,MILLI: SAMTAKA ATVINNULÍFSINS,SAMTAKA FERÐAÞJÓNUSTUNNAR,aðilar úr skjali,2024-01-01,2028-12-31,2027-01-01,prósenta eða krónutala,3.5,23750,óskilgreint,úr texta,"ngi þessum. Með mánaðarlaunum er átt við föst mánaðarlaun fyrir dagvinnu. 1. febrúar 2024: 3,25% eða 23.750 kr. 1. janúar 2025: 3,50% eða 23.750 kr. 1. janúar 2026: 3,50% eða 23.750 kr. 1. janúar 2027: 3,50% eða 23.750 kr. Kjaratengdir liðir Kjaratengdir liðir kjarasamninga hækka sem hér segir, nema um annað hafi verið samið: 1. febrúar 2024: 3,25% 1. janúar 2025: 3,50% 1. janúar 2026: 3,50%"
sa,Samtök atvinnulífsins,sa/aj1JZVbRV8_Qf4kw_SA-SAFogLeiðsögn-uppfærslaákjarasamningi2024-2028.pdf,MILLI: SAMTAKA ATVINNULÍFSINS,SAMTAKA FERÐAÞJÓNUSTUNNAR,aðilar úr skjali,2024-01-01,2028-12-31,2027-01-01,prósenta,3.5,,kauptaxtar,úr texta,"ða 23.750 kr. Kjaratengdir liðir Kjaratengdir liðir kjarasamninga hækka sem hér segir, nema um annað hafi verið samið: 1. febrúar 2024: 3,25% 1. janúar 2025: 3,50% 1. janúar 2026: 3,50% 1. janúar 2027: 3,50% 7 Kauptaxtaauki Haldi kjarasamningar gildi sínu skal launa- og forsendunefnd í mars 2025, 2026 og 2027 úrskurða um sérstakan kauptaxtaauka, sýni launavísitala Hagstofu Íslands fyrir"
sa,Samtök atvinnulífsins,sa/aj6Iu1bRV8_Qf6wt_KjarasamningurSAogRSÍ2024-2028lokaskjal.pdf,Samtaka atvinnulífsins og Samtaka rafverktaka,Rafiðnaðarsambands Íslands vegna aðildarfélaga,aðilar úr skjali,2024-02-01,2028-02-01,2027-01-01,prósenta eða krónutala,3.5,23750,almenn laun,úr texta,"i þessum. Með mánaðarlaunum er átt við föst mánaðarlaun fyrir dagvinnu. 1. febrúar 2024: 3,25% eða 23.750 kr. 1. janúar 2025: 3,50% eða 23.750 kr. 1. janúar 2026: 3,50% eða 23.750 kr. 1. janúar 2027: 3,50% eða 23.750 kr. Kjaratengdir liðir kjarasamnings hækka sem hér segir, nema um annað hafi verið samið: 1. febrúar 2024: 3,25% 1. janúar 2025: 3,50% 1. janúar 2026: 3,50% 1. janúar 2027:"
sa,Samtök atvinnulífsins,sa/aj6Iu1bRV8_Qf6wt_KjarasamningurSAogRSÍ2024-2028lokaskjal.pdf,Samtaka atvinnulífsins og Samtaka rafverktaka,Rafiðnaðarsambands Íslands vegna aðildarfélaga,aðilar úr skjali,2024-02-01,2028-02-01,2027-01-01,prósenta,3.5,,kauptaxtar,úr texta,"2027: 3,50% eða 23.750 kr. Kjaratengdir liðir kjarasamnings hækka sem hér segir, nema um annað hafi verið samið: 1. febrúar 2024: 3,25% 1. janúar 2025: 3,50% 1. janúar 2026: 3,50% 1. janúar 2027: 3,50% Kauptaxtar hækka sérstaklega, sbr. gr. 1.1.1. 1.2.2. Kauptaxtaauki Haldi kjarasamningar gildi sínu skal launa - og forsendunefnd í mars 2025, 2026 og 2027 úrskurða um sérstakan kauptaxtaau"
sameyki,Sameyki stéttarfélag í almannaþjónustu,sameyki/''FRÍHÖFNIN - Sameyki uppfærsla loka 20.2.2026.pdf,Sameykis – stéttarfélags í almannaþjónustu,Fríhafnarinnar ehf,aðilar úr skjali,,,2027-01-01,prósenta eða krónutala,3.5,23750,launatafla,úr texta,"rasamningi þessum. Með mánaðarlaunum er átt við föst mánaðarlaun fyrir dagvinnu. 1. febrúar 2024: 3,25% eða 23.750 kr. 1. janúar 2025: 3,50% eða 23.750 kr. 1. janúar 2026: 3,50% eða 23.750 kr. 1. janúar 2027: 3,50% eða 23.750 kr. Kjarasamningi þessum fylgja launatöflur vegna áranna 2024 – 2027, sem eru hluti samningsins. Kjaratengdir liðir kjarasamninga Kjaratengdir liðir kjarasamninga hækka sem h"
sameyki,Sameyki stéttarfélag í almannaþjónustu,sameyki/''FRÍHÖFNIN - Sameyki uppfærsla loka 20.2.2026.pdf,Sameykis – stéttarfélags í almannaþjónustu,Fríhafnarinnar ehf,aðilar úr skjali,,,2027-01-01,prósenta,3.5,,óskilgreint,úr texta,"s. Kjaratengdir liðir kjarasamninga Kjaratengdir liðir kjarasamninga hækka sem hér segir, nema um annað hafi verið samið: 1. febrúar 2024: 3,25% 1. janúar 2025: 3,50% 1. janúar 2026: 3,50% 1. janúar 2027: 3,50% 3.3.2 Starfmannasamtöl. Starfsmaður á rétt á viðtali við yfirmann einu sinni á ári um störf sín, starfsþróun og hugsanlega breytingu á starfskjörum. Við ákvörðun persónubundinna launa milli"
sameyki,Sameyki stéttarfélag í almannaþjónustu,sameyki/''ISAVIA - Sameyki uppfærsla loka 29.5.2026.pdf,aðila halda gildi sínu,byggir,aðilar úr skjali,,,2027-01-01,prósenta eða krónutala,3.5,23750,launatafla,úr texta,"amningi þessum. Með mánaðarlaunum er átt við föst mána ðarlaun fyrir dagvinnu. 1. febrúar 2024: 3,25% eða 23.750 kr. 1. janúar 2025: 3,50% eða 23.750 kr. 1. janúar 2026 3,50% eða 23.750 kr. 1. janúar 2027 3,50% eða 23.750 kr. Kjarasamningi þessum fylgja launatöflur vegna áranna 2024-2027, sem eru hluti samningsins. Kjaratengdir liðir kjarasamninga Kjaratengdir liðir kjarasamninga hækka se"
sameyki,Sameyki stéttarfélag í almannaþjónustu,sameyki/''ISAVIA - Sameyki uppfærsla loka 29.5.2026.pdf,aðila halda gildi sínu,byggir,aðilar úr skjali,,,2027-01-01,prósenta,3.5,,launatafla,úr texta,"ratengdir liðir kjarasamninga Kjaratengdir liðir kjarasamninga hækka sem hér segir, nema um annað hafi verið samið: 1. febrúar 2024 3,25% 1. janúar 2025: 3,50% 1. janúar 2026 3,50% 1. janúar 2027 3,50% 1.2 Röðun í launaflokka1 1.2.1 Við ákvörðun starfsaldurs er heimilt að telja starfsaldur hjá öðrum vinnuveitanda í sambærilegum störfum sem nýtast hjá Isavia ohf. 1.2.2. Viðbótarforsendur við mat í"
sameyki,Sameyki stéttarfélag í almannaþjónustu,sameyki/''KjarasamningurPostmannafelagsIslandsogSAvegnaIslandspos.pdf,Póstmannafélags Íslands,Samtaka atvinnulífsins,aðilar úr skjali,,,2027-01-01,prósenta eða krónutala,3.5,23750,launatafla,úr texta,"ningi þessum. Með mánaðarlaunum er átt við föst mánaðarlaun fyrir dagvinnu. 1. febrúar 2024: 3,25% eða 23.750 kr. 1. janúar 2025: 3,50% eða 23.750 kr. 1. janúar 2026: 3,50% eða 23.750 kr. 1. janúar 2027: 3,50% eða 23.750 kr. Kjarasamningi þessum fylgja launatöflur vegna áranna 2024 – 2027, sem eru hluti samningsins. Kjaratengdir liðir kjarasamninga Kjaratengdir liðir kjarasamninga hækka sem hér se"
sgs,Starfsgreinasamband Íslands,sgs/kjarasamningur-sgs-og-sa-2024-2028.pdf,Starfsgreinasambands Íslands,Samtaka atvinnulífsins,aðilar úr skjali,2024-01-01,2028-12-31,2027-01-01,prósenta eða krónutala,3.5,23750,almenn laun,úr texta,"ningi þessum. Með mánaðarlaunum er átt við föst mánaðarlaun fyrir dagvinnu. 1. febrúar 2024: 3,25% eða 23.750 kr. 1. janúar 2025: 3,50% eða 23.750 kr. 1. janúar 2026: 3,50% eða 23.750 kr. 1. janúar 2027: 3,50% eða 23.750 kr. 2 Kjaratengdir liðir kjarasamninga Kjaratengdir liðir kjarasamninga hækka sem hér segir, nema um annað hafi verið samið: 1. febrúar 2024: 3,25% 1. janúar 2025: 3,"
sgs,Starfsgreinasamband Íslands,sgs/stodugleika-og-velferdarsamningurinn-2024-2028.pdf,,,aðeins heimild,2024-01-01,2028-12-31,2027-01-01,prósenta eða krónutala,3.5,23750,almenn laun,úr texta,"akra félaga. Með mánaðarlaunum er átt við föst mánaðarlaun fyrir dagvinnu. 1. febrúar 2024: 3,25% eða 23.750 kr. 1. janúar 2025: 3,50% eða 23.750 kr. 1. janúar 2026: 3,50% eða 23.750 kr. 1. janúar 2027: 3,50% eða 23.750 kr. Bls. 2 Kjaratengdir liðir kjarasamninga Kjaratengdir liðir kjarasamninga hækka sem hér segir, nema um annað hafi verið samið: 1. febrúar 2024: 3,25% 1. janúar 2025: 3,50% 1. j"
ssf,Samtök starfsmanna fjármálafyrirtækja,ssf/Kjarasamningur-SSF-og-SA-2024-2028-1-1.pdf,Samtaka starfsmanna fjármálafyrirtækja,Samtaka atvinnulífsins,aðilar úr skjali,2024-01-01,2028-12-31,2027-01-01,prósenta eða krónutala,3.5,23750,launatafla,úr texta,"utöluhækkun að lágmarki. Með mánaðarlaunum er átt við föst mánaðarlaun fyrir dagvinnu. 1. febrúar 2024: 3,25% eða 23.750 kr. 1. janúar 2025: 3,50% eða 23.750 kr. 1. janúar 2026: 3,50% eða 23.750 kr. 1. janúar 2027: 3,50% eða 23.750 kr. Kjarasamningi þessum fylgja launatöflur vegna áranna 2024 – 2027, sem eru hluti samningsins. Kjaratengdir liðir Kjaratengdir liðir kjarasamningsins hækka sem hér se"
ssf,Samtök starfsmanna fjármálafyrirtækja,ssf/Kjarasamningur-SSF-og-SA-2024-2028-1-1.pdf,Samtaka starfsmanna fjármálafyrirtækja,Samtaka atvinnulífsins,aðilar úr skjali,2024-01-01,2028-12-31,2027-01-01,prósenta,3.5,,kauptaxtar,úr texta,"eru hluti samningsins. Kjaratengdir liðir Kjaratengdir liðir kjarasamningsins hækka sem hér segir, nema um annað hafi verið samið: 1. febrúar 2024: 3,25% 1. janúar 2025: 3,50% 1. janúar 2026: 3,50% 1. janúar 2027: 3,50% Kauptaxtar Í stað áðurgildandi lágmarkstaxta starfsheita koma nýjir sem eru eftirfarandi Gildir frá 1.2.2024 Starfsheiti Lágmarkstaxti Nýliðar 480.165 Gjaldkerar og bankaritarar 51"
vm,VM - Félag vélstjóra og málmtæknimanna,vm/Heildartexti_VM-og-kaupskip-yfirlesid-af-vm-25.9.2024.pdf,Samtaka atvinnulífsins,VM félags vélstjóra og málmtæknimanna,aðilar úr skjali,2011-06-01,2014-01-31,2027-01-01,prósenta eða krónutala,3.5,23750,kauptaxtar,grunsamlegt,"launatöflum. Með mánaðarlaunum er átt við föst mánaðarlaun fyrir dagvinnu. 1. febrúar 2024 3,25% eða 23.750 kr. 1. janúar 2025 3,50% eða 23.750 kr. 1. janúar 2026 3,50% eða 23.750 kr. 1. janúar 2027 3,50% eða 23.750 kr. Ef greitt er dagkaup skal við útreikning launahækkunar taka tillit til þess hversu stór hluti dagkaups telst vera fyrir vinnu á dagvinnutímabili. 1.4. Launataxtar nær greiddu kau"
vm,VM - Félag vélstjóra og málmtæknimanna,vm/Nyr-heildarsamningur-Bjorgun-yfirlesinn-af-SA.pdf,Björgunar ehf,VM Félags vélstjóra og málmtæknimanna,aðilar úr skjali,2024-02-01,2028-12-31,2027-01-01,prósenta eða krónutala,3.5,23750,almenn laun,úr texta,"mánaðarlaun fyrir dagvinnu. Kjaratengdir liðir taka sömu hlutfallshækkun. • 1. febrúar 2024: 3,25% eða 23.750 kr. • 1. janúar 2025: 3,50% eða 23.750 kr. • 1. janúar 2026: 3,50% eða 23.750 kr. • 1. janúar 2027: 3,50% eða 23.750 kr. • 1. janúar 2028: 2,50% Verði samið á almennum vinnumarkaði um launahækkanir umfram 2,5% árið 2028 munu grunnlaun samkvæ"
vm,VM - Félag vélstjóra og málmtæknimanna,vm/Uppfaerdur-heildarsamningur-milli-VM-og-OR-vegna-malmidnadarmanna-2024-loka.pdf,VM félags vélstjóra,málmtæknimanna,aðilar úr skjali,2008-05-01,2010-12-31,2027-01-01,prósenta eða krónutala,3.5,23750,launatafla,grunsamlegt,"amningi þessum. Með mánaðarlaunum er átt við föst mánaðarlaun fyrir dagvinnu. 1. febrúar 2024: 3,25% eða 23.750 kr. 1. janúar 2025: 3,50% eða 23.750 kr. 1. janúar 2026: 3,50% eða 23.750 kr. 1. janúar 2027: 3,50% eða 23.750 kr. Kjarasamningi þessum fylgja launatöflur vegna áranna 2024 – 2027, sem eru hluti samningsins. 1.8 Kjaratengdir liðir kjarasamninga Kjaratengdir liðir kjarasamninga hækka sem "
vm,VM - Félag vélstjóra og málmtæknimanna,vm/Uppfaerdur-heildarsamningur-milli-VM-og-OR-vegna-malmidnadarmanna-2024-loka.pdf,VM félags vélstjóra,málmtæknimanna,aðilar úr skjali,2008-05-01,2010-12-31,2027-01-01,prósenta,3.5,,almenn laun,grunsamlegt,"1.8 Kjaratengdir liðir kjarasamninga Kjaratengdir liðir kjarasamninga hækka sem hér segir, nema um annað hafi verið samið: 1. febrúar 2024: 3,25% 1. janúar 2025: 3,50% 1. janúar 2026: 3,50% 1. janúar 2027: 3,50% 1.9 Hluti fastrar greiðslu fer inn í grunnlaun Fastar persónubundnar greiðslur sem starfsfólk hefur notið lækka um samtals kr. 40.000 í tveimur jöfnum áföngum á samningstímabilinu, þ.e. um"
vm,VM - Félag vélstjóra og málmtæknimanna,vm/Uppfaerdur-heildarsamningur-milli-VM-og-OR-vegna-malmidnadarmanna-2024-loka.pdf,VM félags vélstjóra,málmtæknimanna,aðilar úr skjali,2008-05-01,2010-12-31,2027-01-01,krónutala,,20000,kauptaxtar,grunsamlegt,"r greiðslu fer inn í grunnlaun Fastar persónubundnar greiðslur sem starfsfólk hefur notið lækka um samtals kr. 40.000 í tveimur jöfnum áföngum á samningstímabilinu, þ.e. um kr. 20.000 1. janúar 2025 og um kr. 20.000 1. janúar 2027 en á móti hækka launataxtar sérstaklega. Sjá nánar bókun með samningi þessum.]6 5 Samningur RSÍ, VM og SA vegna OR"
vm,VM - Félag vélstjóra og málmtæknimanna,vm/Uppfaerdur-heildarsamningur-milli-VM-og-OR-vegna-velfraedinga-2024-loka.pdf,VM félags vélstjóra,málmtæknimanna,aðilar úr skjali,2008-05-01,2010-12-31,2027-01-01,prósenta eða krónutala,3.5,23750,launatafla,grunsamlegt,"amningi þessum. Með mánaðarlaunum er átt við föst mánaðarlaun fyrir dagvinnu. 1. febrúar 2024: 3,25% eða 23.750 kr. 1. janúar 2025: 3,50% eða 23.750 kr. 1. janúar 2026: 3,50% eða 23.750 kr. 1. janúar 2027: 3,50% eða 23.750 kr. Kjarasamningi þessum fylgja launatöflur vegna áranna 2024 – 2027, sem eru hluti samningsins. 1.9 Kjaratengdir liðir kjarasamninga Kjaratengdir liðir kjarasamninga hækka sem "
vm,VM - Félag vélstjóra og málmtæknimanna,vm/Uppfaerdur-heildarsamningur-milli-VM-og-OR-vegna-velfraedinga-2024-loka.pdf,VM félags vélstjóra,málmtæknimanna,aðilar úr skjali,2008-05-01,2010-12-31,2027-01-01,prósenta,3.5,,almenn laun,grunsamlegt,"amninga hækka sem hér segir, nema um annað hafi verið samið: 5 Samningur RSÍ, VM og SA vegna OR dags. 14.6.24, 4. gr. 10 1. febrúar 2024: 3,25% 1. janúar 2025: 3,50% 1. janúar 2026: 3,50% 1. janúar 2027: 3,50% 1.10 Hluti fastrar greiðslu fer inn í grunnlaun Fastar persónubundnar greiðslur sem starfsfólk hefur notið lækka um samtals kr. 40.000 í tveimur jöfnum áföngum á samningstímabilinu, þ.e. um "
vm,VM - Félag vélstjóra og málmtæknimanna,vm/Uppfaerdur-heildarsamningur-milli-VM-og-OR-vegna-velfraedinga-2024-loka.pdf,VM félags vélstjóra,málmtæknimanna,aðilar úr skjali,2008-05-01,2010-12-31,2027-01-01,krónutala,,20000,kauptaxtar,grunsamlegt,"r greiðslu fer inn í grunnlaun Fastar persónubundnar greiðslur sem starfsfólk hefur notið lækka um samtals kr. 40.000 í tveimur jöfnum áföngum á samningstímabilinu, þ.e. um kr. 20.000 1. janúar 2025 og um kr. 20.000 1. janúar 2027 en á móti hækka launataxtar sérstaklega. Sjá nánar bókun með samningi þessum.]6 6 Samningur RSÍ, VM og SA vegna O"
vr,VR,vr/kjarasamningur-fa-2024-fin100.pdf,VR/LÍV,FÉLAGS ATVINNUREKENDA,aðilar úr skjali,2024-02-01,2028-02-01,2027-01-01,prósenta,3.5,,kauptaxtar,úr texta,"026 og 1. janúar 2027. Kjaratengdir liðir Kjaratengdir liðir kjarasamninga hækka sem hér segir, nema um annað hafi verið samið: 1. febrúar 2024: 3,25% 1. janúar 2025: 3,50% 1. janúar 2026: 3,50% 1. janúar 2027: 3,50% Kauptaxtaauki Haldi kjarasamningar gildi sínu skal launa- og forsendunefnd í mars 2025, 2026 og 2027 úrskurða um sérstakan kauptaxtaauka, sýni launavísitala Hagstofu Íslands fyrir alm"
vr,VR,vr/kjarasamningur-sa-2024-fin101.pdf,MILLI VR,SAMTAKA ATVINNULÍFSINS,aðilar úr skjali,2024-02-01,2028-02-01,2027-01-01,prósenta eða krónutala,3.5,23750,kauptaxtar,úr texta,"arasamningi þessum. Með mánaðarlaunum er átt við föst mánaðarlaun fyrir dagvinnu. 1. febrúar 2024: 3,25% eða 23.750 kr. 1. janúar 2025: 3,50% eða 23.750 kr. 1. janúar 2026: 3,50% eða 23.750 kr. 1. janúar 2027: 3,50% eða 23.750 kr. Ofangreind hækkun á kauptaxta er reiknuð í útgefnum töxtum í gr. 1.1. og útgefnum kauptöxtum í fylgiskjali bls. 62-65. Kjaratengdir liðir Kjaratengdir liðir kjarasamning"
vr,VR,vr/kjarasamningur-sa-2024-fin101.pdf,MILLI VR,SAMTAKA ATVINNULÍFSINS,aðilar úr skjali,2024-02-01,2028-02-01,2027-01-01,prósenta,3.5,,kauptaxtar,úr texta,"giskjali bls. 62-65. Kjaratengdir liðir Kjaratengdir liðir kjarasamninga hækka sem hér segir, nema um annað hafi verið samið: 1. febrúar 2024: 3,25% 1. janúar 2025: 3,50% 1. janúar 2026: 3,50% 1. janúar 2027: 3,50% Kauptaxtaauki Haldi kjarasamningar gildi sínu skal launa- og forsendunefnd í mars 2025, 2026 og 2027 úrskurða um sérstakan kauptaxtaauka, sýni launavísitala Hagstofu Íslands fyrir almen"
vr,VR,vr/kjarasamningur-sa-og-vr-lív-2024.pdf,VR og Landssambands íslenzkra verzlunarmanna,Samtaka atvinnulífsins,aðilar úr skjali,,,2027-01-01,prósenta eða krónutala,3.5,23750,launatafla,úr texta,"ningi þessum. Með mánaðarlaunum er átt við föst mánaðarlaun fyrir dagvinnu. 1. febrúar 2024: 3,25% eða 23.750 kr. 1. janúar 2025: 3,50% eða 23.750 kr. 1. janúar 2026: 3,50% eða 23.750 kr. 1. janúar 2027: 3,50% eða 23.750 kr. Kjarasamningi þessum fylgja launatöflur vegna áranna 2024 – 2027, sem eru hluti samningsins. Kjaratengdir liðir kjarasamninga Kjaratengdir liðir kjarasamninga hækka sem hér se"
vr,VR,vr/sa-saf-og-leidsogn-samningur-2024-2028-uppfaert-1342026-fix.pdf,MILLI: SAMTAKA ATVINNULÍFSINS,SAMTAKA FERÐAÞJÓNUSTUNNAR,aðilar úr skjali,2024-01-01,2028-12-31,2027-01-01,prósenta eða krónutala,3.5,23750,almenn laun,úr texta,"ingi þessum. Með mánaðarlaunum er átt við föst mánaðarlaun fyrir dagvinnu. 1. febrúar 2024: 3,25% eða 23.750 kr. 1. janúar 2025: 3,50% eða 23.750 kr. 1. janúar 2026: 3,50% eða 23.750 kr. 1. janúar 2027: 3,50% eða 23.750 kr. Kjaratengdir liðir Kjaratengdir liðir kjarasamninga hækka sem hér segir, nema um annað hafi verið samið: 1. febrúar 2024: 3,25% 1. janúar 2025: 3,50% 1. janúar 2026: 3,50% 1."
vr,VR,vr/sa-saf-og-leidsogn-samningur-2024-2028-uppfaert-1342026-fix.pdf,MILLI: SAMTAKA ATVINNULÍFSINS,SAMTAKA FERÐAÞJÓNUSTUNNAR,aðilar úr skjali,2024-01-01,2028-12-31,2027-01-01,prósenta,3.5,,kauptaxtar,úr texta,"0% eða 23.750 kr. Kjaratengdir liðir Kjaratengdir liðir kjarasamninga hækka sem hér segir, nema um annað hafi verið samið: 1. febrúar 2024: 3,25% 1. janúar 2025: 3,50% 1. janúar 2026: 3,50% 1. janúar 2027: 3,50% Kauptaxtaauki Haldi kjarasamningar gildi sínu skal launa- og forsendunefnd í mars 2025, 2026 og 2027 úrskurða um sérstakan kauptaxtaauka, sýni launavísitala Hagstofu Íslands fyrir almennan"
afl,AFL Starfsgreinafélag,afl/2025_Kjaras_Alcoa_Fjardaals_AFLs_og_RSI.pdf,"Alcoa Fjarðaáls sf., AFLs Starfsgreinafélags",Rafiðnaðarsambands,aðilar úr skjali,2025-03-01,2029-02-28,2027-03-01,prósenta,4.4,,almenn laun,úr texta,",610 790,602 804,595 Alcoa Fjarðaál sf. 8 Kjarasamningur Gildir frá 1. mars 2025 2.2 Hækkun launa 2.2.1 Laun framleiðslustarfsmanna, iðnaðarmanna og framleiðslutækna. 1. mars 2026 - 4.60% 1. mars 2027 - 4.40% 1. mars 2028 - 4.20% Ef launavísitala hækkar umfram launahækkanir á árunum 2024-2027 hækka laun aukalega samkvæmt efti"
rafis,rafis,rafis/2025-Kjarasamningur-Alcoa-Fjardaals-AFLs-og-RSI-hreint-yfirlestur.pdf,"Alcoa Fjarðaáls sf., AFLs Starfsgreinafélags",Rafiðnaðarsambands,aðilar úr skjali,2025-03-01,2029-02-28,2027-03-01,prósenta,4.4,,almenn laun,úr texta,",610 790,602 804,595 Alcoa Fjarðaál sf. 8 Kjarasamningur Gildir frá 1. mars 2025 2.2 Hækkun launa 2.2.1 Laun framleiðslustarfsmanna, iðnaðarmanna og framleiðslutækna. 1. mars 2026 - 4.60% 1. mars 2027 - 4.40% 1. mars 2028 - 4.20% Ef launavísitala hækkar umfram launahækkanir á árunum 2024-2027 hækka laun aukalega samkvæmt efti"
rafis,rafis,rafis/2025-Kjarasamningur-Alcoa-Fjardaals-AFLs-og-RSI.pdf,"Alcoa Fjarðaáls sf., AFLs Starfsgreinafélags",Rafiðnaðarsambands,aðilar úr skjali,2025-03-01,2029-02-28,2027-03-01,prósenta,4.4,,almenn laun,úr texta,",610 790,602 804,595 Alcoa Fjarðaál sf. 8 Kjarasamningur Gildir frá 1. mars 2025 2.2 Hækkun launa 2.2.1 Laun framleiðslustarfsmanna, iðnaðarmanna og framleiðslutækna. 1. mars 2026 - 4.60% 1. mars 2027 - 4.40% 1. mars 2028 - 4.20% Ef launavísitala hækkar umfram launahækkanir á árunum 2024-2027 hækka laun aukalega samkvæmt efti"
efling,Efling stéttarfélag,efling/Kjarasamningur-Efling-og-Reykjavikurborg_loka.20.6.pdf,aðila ásamt bókunum,fylgiskjöl,aðilar úr skjali,,,2027-04-01,prósenta eða krónutala,3.5,23750,almenn laun,úr texta,"ágmarki á samningstímanum. Með mánaðarlaunum er átt við föst mánaðarlaun fyrir dagvinnu. 1.apríl 2024 3,25% eða 23.750 kr. 1.apríl 2025 3,50% eða 23.750 kr. 1.apríl 2026 3,50% eða 23.750 kr. 1.apríl 2027 3,50% eða 23.750 kr. Persónuálag tekur eftirfarandi breytingum á samningstímanum: Frá 1. apríl 2024 – 1,6% Frá 1. apríl 2025 – 1,7% Frá 1. apríl 2026 – 1,75% Frá 1. apríl 2027 – 1,8% 3. gr. Pers"
efling,Efling stéttarfélag,efling/Kjarasamningur-Efling-og-Reykjavikurborg_loka.20.6.pdf,aðila ásamt bókunum,fylgiskjöl,aðilar úr skjali,,,2027-04-01,prósenta,3.5,,óskilgreint,úr texta,"ngum, að efni og umfangi. Þrátt fyrir ofangreint eru aðilar sammála um að á samningstímanum taki önnur laun skv. gr. 1.1.3 hækkun um 3,25% þann 1. apríl 2024, 3,5% 1. apríl 2025, 3,5% 1. apríl 2026 og 3,5% 1. apríl 2027. Bókun 5 Starfsmatskerfið SAMSTARF Samningsaðilar eru sammála um það langtímamarkmið að greiða sömu laun fyrir jafn"
hjukrun,Félag íslenskra hjúkrunarfræðinga,hjukrun/Z0WYlq8jQArT1TuY_2024-11-14fíhkálfurLOK.pdf,"aðila , framlengist frá 1. apríl 2024 til 31. mars 2028 með þeim breytingum",fyrirvör,aðilar úr skjali,,,2027-04-01,prósenta,3.5,,óskilgreint,úr texta,"tingum að efni og umfangi. Þrátt fyrir ofangreint eru aðilar sammála um að á samningstímanum taki önnur laun skv. gr. 1.1.1 hækkun um 3,25% þann 1. apríl 2024, 3,5% 1. apríl 2025, 3,5% 1. apríl 2026 og 3,5% 1. apríl 2027. Bókun 9 Sérfræðiráðgjöf á bakvakt Samningsaðilar eru sammála um að auk þeirrar vinnu sem farið verður í á samningst"
hjukrun,Félag íslenskra hjúkrunarfræðinga,hjukrun/Z1ljF5bqstJ98TMw_Kjarasamningur_SNS_Fíhj_2024-2028_LOK.pdf,SAMBANDS ÍSLENSKRA SVEITARFÉLAGA F.H. ÞEIRRA SVEITARFÉLAGA,ANNARRA AÐILA,aðilar úr skjali,2024-04-01,2025-03-31,2027-04-01,prósenta,3.5,,óskilgreint,grunsamlegt,"reiðslu annarra launa byggi á málefnalegum sjónarmiðum og feli ekki í sér kynbundna mismunun. Á samningstímanum hækka önnur laun um 3,25% þann 1. apríl 2024, 3,5% 1. apríl 2025, 3,5% 1. apríl 2026 og 3,5% 1. apríl 2027. Heimildarákvæðinu um önnur laun er t.d ætlað að styðja við framþróun í starfi, umfram starfsmatsröðun. Tímabundnir"
hjukrun,Félag íslenskra hjúkrunarfræðinga,hjukrun/Z2FUwpbqstJ98l0R_2024-12-05fíh_sfvkálfur_loka.pdf,"aðila , framlengist frá 1. apríl 2024 til 31. mars 2028 með þeim breytingum",fyrirvör,aðilar úr skjali,,,2027-04-01,prósenta,3.5,,óskilgreint,úr texta,"tingum að efni og umfangi. Þrátt fyrir ofangreint eru aðilar sammála um að á samningstímanum taki önnur laun skv. gr. 1.1.1 hækkun um 3,25% þann 1. apríl 2024, 3,5% 1. apríl 2025, 3,5% 1. apríl 2026 og 3,5% 1. apríl 2027. Bókun 9 Sérfræðiráðgjöf á bakvakt Samningsaðilar eru sammála um að auk þeirrar vinnu sem farið verður í á samningst"
reykjavik,Reykjavíkurborg,reykjavik/heildarkjarasamningur-fih-og-rvk_2024-2028.pdf,Félags íslenskra hjúkrunarfræðinga,Reykjavíkurborgar,aðilar úr skjali,2024-04-01,2028-03-31,2027-04-01,prósenta eða krónutala,3.5,23750,almenn laun,úr texta,"arki á samningstímanum. Með mánaðarlaunum er átt við föst mánaðarlaun fyrir dagvinnu. 1. apríl 2024: 3,25% eða 23.750 kr. 1. apríl 2025: 3,50% eða 23.750 kr. 1. apríl 2026: 3,50% eða 23.750 kr. 1. apríl 2027: 3,50% eða 23.750 kr. Persónuálag tekur eftirfarandi breytingum á samningstímanum: Frá 1. apríl 2024 – 1,6% Frá 1. apríl 2025 – 1,7% Frá 1. apríl 2026 – 1,75% Frá 1. apríl 2027 – 1,8% 1.1.2 Þe"
reykjavik,Reykjavíkurborg,reykjavik/heildarkjarasamningur-fih-og-rvk_2024-2028.pdf,Félags íslenskra hjúkrunarfræðinga,Reykjavíkurborgar,aðilar úr skjali,2024-04-01,2028-03-31,2027-04-01,prósenta,3.5,,óskilgreint,úr texta,"ngum, að efni og umfangi. Þrátt fyrir ofangreint eru aðilar sammála um að á samningstímanum taki önnur laun skv. gr. 1.1.3 hækkun um 3,25% þann 1. apríl 2024, 3,5% 1. apríl 2025, 3,5% 1. apríl 2026 og 3,5% 1. apríl 2027. Bókun 5 Viðmið um vinnuskil í vaktavinnu Fulltrúar Reykjavíkurborgar og Félags íslenskra hjúkrunarfræðinga munu le"
reykjavik,Reykjavíkurborg,reykjavik/kalfur-rvk-og-fin-14.1.2025_loka.pdf,aðila ásamt bókunum,fylgiskjöl,aðilar úr skjali,,,2027-04-01,prósenta eða krónutala,3.5,23750,almenn laun,úr texta,"ágmarki á samningstímanum. Með mánaðarlaunum er átt við föst mánaðarlaun fyrir dagvinnu. 1.apríl 2024 3,25% eða 23.750 kr. 1.apríl 2025 3,50% eða 23.750 kr. 1.apríl 2026 3,50% eða 23.750 kr. 1.apríl 2027 3,50% eða 23.750 kr. Persónuálag tekur eftirfarandi breytingum á samningstímanum: Frá 1. apríl 2024 – 1,6% Frá 1. apríl 2025 – 1,7% Frá 1. apríl 2026 – 1,75% Frá 1. apríl 2027 – 1,8% 3. gr."
reykjavik,Reykjavíkurborg,reykjavik/kalfur-rvk-og-fin-14.1.2025_loka.pdf,aðila ásamt bókunum,fylgiskjöl,aðilar úr skjali,,,2027-04-01,prósenta,3.5,,óskilgreint,úr texta,"ngum, að efni og umfangi. Þrátt fyrir ofangreint eru aðilar sammála um að á samningstímanum taki önnur laun skv. gr. 1.1.3 hækkun um 3,25% þann 1. apríl 2024, 3,5% 1. apríl 2025, 3,5% 1. apríl 2026 og 3,5% 1. apríl 2027. Bókun 5 Starfsmatskerfið SAMSTARF Samningsaðilar eru sammála um það langtímamarkmið að greiða sömu laun fyrir jafn"
reykjavik,Reykjavíkurborg,reykjavik/kalfur-rvk-rafidn-loka.pdf,aðila ásamt bókunum,fylgiskjöl,aðilar úr skjali,,,2027-04-01,prósenta eða krónutala,3.5,23750,almenn laun,úr texta,"ágmarki á samningstímanum. Með mánaðarlaunum er átt við föst mánaðarlaun fyrir dagvinnu. 1.apríl 2024 3,25% eða 23.750 kr. 1.apríl 2025 3,50% eða 23.750 kr. 1.apríl 2026 3,50% eða 23.750 kr. 1.apríl 2027 3,50% eða 23.750 kr. Persónuálag tekur eftirfarandi breytingum á samningstímanum: Frá 1. apríl 2024 – 1,6% Frá 1. apríl 2025 – 1,7% Frá 1. apríl 2026 – 1,75% Frá 1. apríl 2027 – 1,8% 3. gr."
reykjavik,Reykjavíkurborg,reykjavik/kalfur-rvk-rafidn-loka.pdf,aðila ásamt bókunum,fylgiskjöl,aðilar úr skjali,,,2027-04-01,prósenta,3.5,,óskilgreint,úr texta,"ngum, að efni og umfangi. Þrátt fyrir ofangreint eru aðilar sammála um að á samningstímanum taki önnur laun skv. gr. 1.1.3 hækkun um 3,25% þann 1. apríl 2024, 3,5% 1. apríl 2025, 3,5% 1. apríl 2026 og 3,5% 1. apríl 2027. Bókun 5 Starfsmatskerfið SAMSTARF Samningsaðilar eru sammála um það langtímamarkmið að greiða sömu laun fyrir jafn"
reykjavik,Reykjavíkurborg,reykjavik/kalfur-rvk-samband-stjornendafelaga_loka.pdf,aðila ásamt bókunum,fylgiskjöl,aðilar úr skjali,,,2027-04-01,prósenta eða krónutala,3.5,23750,almenn laun,úr texta,"ágmarki á samningstímanum. Með mánaðarlaunum er átt við föst mánaðarlaun fyrir dagvinnu. 1.apríl 2024 3,25% eða 23.750 kr. 1.apríl 2025 3,50% eða 23.750 kr. 1.apríl 2026 3,50% eða 23.750 kr. 1.apríl 2027 3,50% eða 23.750 kr. Persónuálag tekur eftirfarandi breytingum á samningstímanum: Frá 1. apríl 2024 – 1,6% Frá 1. apríl 2025 – 1,7% Frá 1. apríl 2026 – 1,75% Frá 1. apríl 2027 – 1,8% 3. gr."
reykjavik,Reykjavíkurborg,reykjavik/kalfur-rvk-samband-stjornendafelaga_loka.pdf,aðila ásamt bókunum,fylgiskjöl,aðilar úr skjali,,,2027-04-01,prósenta,3.5,,óskilgreint,úr texta,"ngum, að efni og umfangi. Þrátt fyrir ofangreint eru aðilar sammála um að á samningstímanum taki önnur laun skv. gr. 1.1.3 hækkun um 3,25% þann 1. apríl 2024, 3,5% 1. apríl 2025, 3,5% 1. apríl 2026 og 3,5% 1. apríl 2027. Bókun 5 Starfsmatskerfið SAMSTARF Samningsaðilar eru sammála um það langtímamarkmið að greiða sömu laun fyrir jafn"
reykjavik,Reykjavíkurborg,reykjavik/kalfur-rvk-sameyki-loka.pdf,aðila ásamt bókunum,fylgiskjöl,aðilar úr skjali,,,2027-04-01,prósenta eða krónutala,3.5,23750,almenn laun,úr texta,"ágmarki á samningstímanum. Með mánaðarlaunum er átt við föst mánaðarlaun fyrir dagvinnu. 1.apríl 2024 3,25% eða 23.750 kr. 1.apríl 2025 3,50% eða 23.750 kr. 1.apríl 2026 3,50% eða 23.750 kr. 1.apríl 2027 3,50% eða 23.750 kr. Persónuálag tekur eftirfarandi breytingum á samningstímanum: Frá 1. apríl 2024 – 1,6% Frá 1. apríl 2025 – 1,7% Frá 1. apríl 2026 – 1,75% Frá 1. apríl 2027 – 1,8% 3. gr. Pers"
reykjavik,Reykjavíkurborg,reykjavik/kalfur-rvk-sameyki-loka.pdf,aðila ásamt bókunum,fylgiskjöl,aðilar úr skjali,,,2027-04-01,prósenta,3.5,,óskilgreint,úr texta,"ingum, að efni og umfangi. Þrátt fyrir ofangreint eru aðilar sammála um að á samningstímanum taki önnur laun skv. gr. 1.1.3 hækkun um 3,25% þann 1. apríl 2024, 3,5% 1. apríl 2025, 3,5% 1. apríl 2026 og 3,5% 1. apríl 2027. Bókun 5 Viðmið um vinnuskil í vaktavinnu Fulltrúar Reykjavíkurborgar og BSRB munu leggja áherslu á við stýrihóp að"
reykjavik,Reykjavíkurborg,reykjavik/kalfur-rvk-samidn-til-undirritunar.pdf,aðila ásamt bókunum,fylgiskjöl,aðilar úr skjali,,,2027-04-01,prósenta eða krónutala,3.5,23750,almenn laun,úr texta,"ágmarki á samningstímanum. Með mánaðarlaunum er átt við föst mánaðarlaun fyrir dagvinnu. 1.apríl 2024 3,25% eða 23.750 kr. 1.apríl 2025 3,50% eða 23.750 kr. 1.apríl 2026 3,50% eða 23.750 kr. 1.apríl 2027 3,50% eða 23.750 kr. Persónuálag tekur eftirfarandi breytingum á samningstímanum: Frá 1. apríl 2024 – 1,6% Frá 1. apríl 2025 – 1,7% Frá 1. apríl 2026 – 1,75% Frá 1. apríl 2027 – 1,8% 3. gr."
reykjavik,Reykjavíkurborg,reykjavik/kalfur-rvk-samidn-til-undirritunar.pdf,aðila ásamt bókunum,fylgiskjöl,aðilar úr skjali,,,2027-04-01,prósenta,3.5,,óskilgreint,úr texta,"ngum, að efni og umfangi. Þrátt fyrir ofangreint eru aðilar sammála um að á samningstímanum taki önnur laun skv. gr. 1.1.3 hækkun um 3,25% þann 1. apríl 2024, 3,5% 1. apríl 2025, 3,5% 1. apríl 2026 og 3,5% 1. apríl 2027. Bókun 5 Starfsmatskerfið SAMSTARF Samningsaðilar eru sammála um það langtímamarkmið að greiða sömu laun fyrir jafn"
reykjavik,Reykjavíkurborg,reykjavik/kalfur-st-rvk-loka.pdf,aðila ásamt bókunum,fylgiskjöl,aðilar úr skjali,,,2027-04-01,prósenta eða krónutala,3.5,23750,almenn laun,úr texta,"ágmarki á samningstímanum. Með mánaðarlaunum er átt við föst mánaðarlaun fyrir dagvinnu. 1.apríl 2024 3,25% eða 23.750 kr. 1.apríl 2025 3,50% eða 23.750 kr. 1.apríl 2026 3,50% eða 23.750 kr. 1.apríl 2027 3,50% eða 23.750 kr. Persónuálag tekur eftirfarandi breytingum á samningstímanum: Frá 1. apríl 2024 – 1,6% Frá 1. apríl 2025 – 1,7% Frá 1. apríl 2026 – 1,75% Frá 1. apríl 2027 – 1,8% 3. gr. Pers"
reykjavik,Reykjavíkurborg,reykjavik/kalfur-st-rvk-loka.pdf,aðila ásamt bókunum,fylgiskjöl,aðilar úr skjali,,,2027-04-01,prósenta,3.5,,óskilgreint,úr texta,"ngum, að efni og umfangi. Þrátt fyrir ofangreint eru aðilar sammála um að á samningstímanum taki önnur laun skv. gr. 1.1.3 hækkun um 3,25% þann 1. apríl 2024, 3,5% 1. apríl 2025, 3,5% 1. apríl 2026 og 3,5% 1. apríl 2027. Bókun 5 Starfsmatskerfið SAMSTARF Samningsaðilar eru sammála um það langtímamarkmið að greiða sömu laun fyrir jafn"
reykjavik,Reykjavíkurborg,reykjavik/kalfur_-_rvk_og_fi_10.1.2025_loka.pdf,aðila ásamt bókunum,fylgiskjöl,aðilar úr skjali,,,2027-04-01,prósenta eða krónutala,3.5,23750,almenn laun,úr texta,"ágmarki á samningstímanum. Með mánaðarlaunum er átt við föst mánaðarlaun fyrir dagvinnu. 1.apríl 2024 3,25% eða 23.750 kr. 1.apríl 2025 3,50% eða 23.750 kr. 1.apríl 2026 3,50% eða 23.750 kr. 1.apríl 2027 3,50% eða 23.750 kr. Persónuálag tekur eftirfarandi breytingum á samningstímanum: Frá 1. apríl 2024 – 1,6% Frá 1. apríl 2025 – 1,7% Frá 1. apríl 2026 – 1,75% Frá 1. apríl 2027 – 1,8% 3. gr. Pers"
reykjavik,Reykjavíkurborg,reykjavik/kalfur_-_rvk_og_fi_10.1.2025_loka.pdf,aðila ásamt bókunum,fylgiskjöl,aðilar úr skjali,,,2027-04-01,prósenta,3.5,,óskilgreint,úr texta,"ngum, að efni og umfangi. Þrátt fyrir ofangreint eru aðilar sammála um að á samningstímanum taki önnur laun skv. gr. 1.1.3 hækkun um 3,25% þann 1. apríl 2024, 3,5% 1. apríl 2025, 3,5% 1. apríl 2026 og 3,5% 1. apríl 2027. Bókun 5 Starfsmatskerfið SAMSTARF Samningsaðilar eru sammála um það langtímamarkmið að greiða sömu laun fyrir jafn"
reykjavik,Reykjavíkurborg,reykjavik/kalfur_-_rvk_og_ii_10.1.2025_loka.pdf,aðila ásamt bókunum,fylgiskjöl,aðilar úr skjali,,,2027-04-01,prósenta eða krónutala,3.5,23750,almenn laun,úr texta,"ágmarki á samningstímanum. Með mánaðarlaunum er átt við föst mánaðarlaun fyrir dagvinnu. 1.apríl 2024 3,25% eða 23.750 kr. 1.apríl 2025 3,50% eða 23.750 kr. 1.apríl 2026 3,50% eða 23.750 kr. 1.apríl 2027 3,50% eða 23.750 kr. Persónuálag tekur eftirfarandi breytingum á samningstímanum: Frá 1. apríl 2024 – 1,6% Frá 1. apríl 2025 – 1,7% Frá 1. apríl 2026 – 1,75% Frá 1. apríl 2027 – 1,8% 3. gr. Pers"
reykjavik,Reykjavíkurborg,reykjavik/kalfur_-_rvk_og_ii_10.1.2025_loka.pdf,aðila ásamt bókunum,fylgiskjöl,aðilar úr skjali,,,2027-04-01,prósenta,3.5,,óskilgreint,úr texta,"ngum, að efni og umfangi. Þrátt fyrir ofangreint eru aðilar sammála um að á samningstímanum taki önnur laun skv. gr. 1.1.3 hækkun um 3,25% þann 1. apríl 2024, 3,5% 1. apríl 2025, 3,5% 1. apríl 2026 og 3,5% 1. apríl 2027. Bókun 5 Starfsmatskerfið SAMSTARF Samningsaðilar eru sammála um það langtímamarkmið að greiða sömu laun fyrir jafn"
reykjavik,Reykjavíkurborg,reykjavik/kalfur_-_rvk_og_si_10.1.2025_loka.pdf,aðila ásamt bókunum,fylgiskjöl,aðilar úr skjali,,,2027-04-01,prósenta eða krónutala,3.5,23750,almenn laun,úr texta,"ágmarki á samningstímanum. Með mánaðarlaunum er átt við föst mánaðarlaun fyrir dagvinnu. 1.apríl 2024 3,25% eða 23.750 kr. 1.apríl 2025 3,50% eða 23.750 kr. 1.apríl 2026 3,50% eða 23.750 kr. 1.apríl 2027 3,50% eða 23.750 kr. Persónuálag tekur eftirfarandi breytingum á samningstímanum: Frá 1. apríl 2024 – 1,6% Frá 1. apríl 2025 – 1,7% Frá 1. apríl 2026 – 1,75% Frá 1. apríl 2027 – 1,8% 3. gr. Persó"
reykjavik,Reykjavíkurborg,reykjavik/kalfur_-_rvk_og_si_10.1.2025_loka.pdf,aðila ásamt bókunum,fylgiskjöl,aðilar úr skjali,,,2027-04-01,prósenta,3.5,,óskilgreint,úr texta,"ngum, að efni og umfangi. Þrátt fyrir ofangreint eru aðilar sammála um að á samningstímanum taki önnur laun skv. gr. 1.1.3 hækkun um 3,25% þann 1. apríl 2024, 3,5% 1. apríl 2025, 3,5% 1. apríl 2026 og 3,5% 1. apríl 2027. Bókun 5 Starfsmatskerfið SAMSTARF Samningsaðilar eru sammála um það langtímamarkmið að greiða sömu laun fyrir jafn"
reykjavik,Reykjavíkurborg,reykjavik/kalfur_-_rvk_og_stettarfelag_logfraedinga_loka_13.1.2025.pdf,aðila ásamt bókunum,fylgiskjöl,aðilar úr skjali,,,2027-04-01,prósenta eða krónutala,3.5,23750,almenn laun,úr texta,"ágmarki á samningstímanum. Með mánaðarlaunum er átt við föst mánaðarlaun fyrir dagvinnu. 1.apríl 2024 3,25% eða 23.750 kr. 1.apríl 2025 3,50% eða 23.750 kr. 1.apríl 2026 3,50% eða 23.750 kr. 1.apríl 2027 3,50% eða 23.750 kr. Persónuálag tekur eftirfarandi breytingum á samningstímanum: Frá 1. apríl 2024 – 1,6% Frá 1. apríl 2025 – 1,7% Frá 1. apríl 2026 – 1,75% Frá 1. apríl 2027 – 1,8% 3. gr."
reykjavik,Reykjavíkurborg,reykjavik/kalfur_-_rvk_og_stettarfelag_logfraedinga_loka_13.1.2025.pdf,aðila ásamt bókunum,fylgiskjöl,aðilar úr skjali,,,2027-04-01,prósenta,3.5,,óskilgreint,úr texta,"ngum, að efni og umfangi. Þrátt fyrir ofangreint eru aðilar sammála um að á samningstímanum taki önnur laun skv. gr. 1.1.3 hækkun um 3,25% þann 1. apríl 2024, 3,5% 1. apríl 2025, 3,5% 1. apríl 2026 og 3,5% 1. apríl 2027. Bókun 5 Starfsmatskerfið SAMSTARF Samningsaðilar eru sammála um það langtímamarkmið að greiða sömu laun fyrir jafn"
reykjavik,Reykjavíkurborg,reykjavik/kalfur_-_rvk_og_thi_10.1.2025_loka.pdf,aðila ásamt bókunum,fylgiskjöl,aðilar úr skjali,,,2027-04-01,prósenta eða krónutala,3.5,23750,almenn laun,úr texta,"ágmarki á samningstímanum. Með mánaðarlaunum er átt við föst mánaðarlaun fyrir dagvinnu. 1.apríl 2024 3,25% eða 23.750 kr. 1.apríl 2025 3,50% eða 23.750 kr. 1.apríl 2026 3,50% eða 23.750 kr. 1.apríl 2027 3,50% eða 23.750 kr. Persónuálag tekur eftirfarandi breytingum á samningstímanum: Frá 1. apríl 2024 – 1,6% Frá 1. apríl 2025 – 1,7% Frá 1. apríl 2026 – 1,75% Frá 1. apríl 2027 – 1,8% 3. gr. Pers"
reykjavik,Reykjavíkurborg,reykjavik/kalfur_-_rvk_og_thi_10.1.2025_loka.pdf,aðila ásamt bókunum,fylgiskjöl,aðilar úr skjali,,,2027-04-01,prósenta,3.5,,óskilgreint,úr texta,"ngum, að efni og umfangi. Þrátt fyrir ofangreint eru aðilar sammála um að á samningstímanum taki önnur laun skv. gr. 1.1.3 hækkun um 3,25% þann 1. apríl 2024, 3,5% 1. apríl 2025, 3,5% 1. apríl 2026 og 3,5% 1. apríl 2027. Bókun 5 Starfsmatskerfið SAMSTARF Samningsaðilar eru sammála um það langtímamarkmið að greiða sömu laun fyrir jafn"
sameyki,Sameyki stéttarfélag í almannaþjónustu,sameyki/''2025-02-28-Heildarkjarasamningur-Sameyki-gildistími 1. nóv 2024-LOK.pdf,Sameykis – stéttarfélags í almannaþjónustu,fjármála- og efnahagsráðherra f.h. ríkissjóðs,aðilar úr skjali,,,2027-04-01,prósenta,3.5,,óskilgreint,úr texta,"gum, að efni og umfangi Þrátt fyrir ofangreint eru aðilar sam mála um að á samningstímanum taki önnur laun skv. gr. 1.1.3 hækkun um 3,25% þann 1. apríl 2024, 3,5% 1. apríl 2025, 3,5% 1. apríl 2026 og 3,5% 1. apríl 2027. Síða 48 af 60 Bókanir með samkomulagi fjármála- og efnahagsráðherra f.h. ríkissjóðs og Sameykis – stéttarfélag"
samidn,Samiðn,samidn/Heildarkjarasamningur-Samidnar-og-Reykjavikurborgar-2024-2028.pdf,Reykjavíkurborgar,Samiðnar – sambands iðnfélaga,aðilar úr skjali,2024-01-01,2028-12-31,2027-04-01,prósenta eða krónutala,3.5,23750,almenn laun,úr texta,"marki á samningstímanum. Með mánaðarlaunum er átt við föst mánaðarlaun fyrir dagvinnu.: 1.apríl 2024 3,25% eða 23.750 kr. 1.apríl 2025 3,50% eða 23.750 kr. 1.apríl 2026 3,50% eða 23.750 kr. 1.apríl 2027 3,50% eða 23.750 kr. Persónuálag tekur eftirfarandi breytingum á samningstímanum: Frá 1. apríl 2024 – 1,6% Frá 1. apríl 2025 – 1,7% Frá 1. apríl 2026 – 1,75% Frá 1. apríl 2027 – 1,8% 1.1.2 Brot úr "
samidn,Samiðn,samidn/Heildarkjarasamningur-Samidnar-og-Reykjavikurborgar-2024-2028.pdf,Reykjavíkurborgar,Samiðnar – sambands iðnfélaga,aðilar úr skjali,2024-01-01,2028-12-31,2027-04-01,prósenta,3.5,,óskilgreint,úr texta,"ngum, að efni og umfangi. Þrátt fyrir ofangreint eru aðilar sammála um að á samningstímanum taki önnur laun skv. gr. 1.1.3 hækkun um 3,25% þann 1. apríl 2024, 3,5% 1. apríl 2025, 3,5% 1. apríl 2026 og 3,5% 1. apríl 2027. Bókun 5 Starfsmatskerfið SAMSTARF Samningsaðilar eru sammála um það langtímamarkmið að greiða sömu laun fyrir jafn"
samidn,Samiðn,samidn/Kjarasamningur_SAMIDN-SNS-V-STRAETO_LOK.pdf,SAMBANDS ÍSLENSKRA SVEITARFÉLAGA,SAMIÐNAR,aðilar úr skjali,,,2027-04-01,prósenta,3.5,,óskilgreint,úr texta,"eiðslu annarra launa byggi á málefnalegum sjónarmiðum og feli ekki í sér kynbundna mismunun. Á samningstímanum hækka önnur laun um 3,25% þann 1. apríl 2024, 3,5% 1. apríl 2025, 3,5% 1. apríl 2026 og 3,5% 1. apríl 2027. Heimildarákvæðinu er ætlað að styðja við þær breytingar sem leiða af betra skipulagi vinnutíma. Ákvörðun um önnur la"
sgs,Starfsgreinasamband Íslands,sgs/glaerukynning-um-nyjan-kjarasamning-sgs-og-rikisins.pdf,,,aðeins heimild,2024-04-01,2028-03-31,2027-04-01,prósenta með krónutölulágmarki,3.5,23750,launatafla,úr texta,"kanir Gildistími hækkunar Hækkun grunnþreps í launatöflu 1. apríl 2024 26.900 kr. þó að lágmarki 3,25% 1. apríl 2025 23.750 kr. þó að lágmarki 3,50% 1. apríl 2026 23.750 kr. þó að lágmarki 3,50% 1. apríl 2027 23.750 kr. þó að lágmarki 3,50% • Kjarasamningnum fylgja nýjar launatöflur þar sem krónutöluhækkun leggst á grunnþrep í hverjum launaflokki. • Laun í grunnþrepi hækka um 98.150 kr. á samnings"
sgs,Starfsgreinasamband Íslands,sgs/glaerukynning-um-nyjan-kjarasamning-sgs-og-rikisins.pdf,,,aðeins heimild,2024-04-01,2028-03-31,2027-04-01,prósenta,2.5,,óskilgreint,úr texta,"% 4,65% 4,65% 4,65% 4,65% 12 4,57% 4,57% 4,57% 4,57% 4,57% 4,57% 4,57% 4,57% 4,57% 13 4,49% 4,49% 4,49% 4,49% 4,49% 4,49% 4,49% 4,49% 4,49% Laun eftir hækkun Hækkun í kr. Hækkun í % Launahækkanir frá 1. apríl 2027 2,5% 5,0% 7,5% 10,0% 12,5% 15,0% 17,5% 20,0% 0 1 2 3 4 5 6 7 8 7 525.511 538.649 551.787 564.925 578.063 591.199 604.337 617.475 630.613 8 533.497 546.835 560.172 573.510 586.847 600.184"
sgs,Starfsgreinasamband Íslands,sgs/helstu-atridi-um-kjarasamning-sgs-og-rikisins-2024-2028.pdf,,,aðeins heimild,2024-04-01,2028-03-31,2027-04-01,prósenta með krónutölulágmarki,3.5,23750,launatafla,úr texta,"Gildistími hækkunar Hækkun grunnþreps í launatöflu 1. apríl 2024 26.900 kr. þó að lágmarki 3,25% 1. apríl 2025 23.750 kr. þó að lágmarki 3,50% 1. apríl 2026 23.750 kr. þó að lágmarki 3,50% 1. apríl 2027 23.750 kr. þó að lágmarki 3,50% kjarasamning SGS og ríkisins Samningurinn gildir frá 1. apríl 2024 til 31. mars 2028. Með kjarasamningnum fylgja nýjar launatöflur sem gilda afturvirkt frá 1. apríl "
sgs,Starfsgreinasamband Íslands,sgs/helstu-atridi-um-kjarasamning-sgs-og-sveitarfelaganna-2024-2028.pdf,,,aðeins heimild,2024-04-01,2028-03-31,2027-04-01,prósenta með krónutölulágmarki,3.5,23750,launatafla,úr texta,"Gildistími hækkunar Hækkun grunnþreps í launatöflu 1. apríl 2024 23.750 kr. þó að lágmarki 3,25% 1. apríl 2025 23.750 kr. þó að lágmarki 3,50% 1. apríl 2026 23.750 kr. þó að lágmarki 3,50% 1. apríl 2027 23.750 kr. þó að lágmarki 3,50% kjarasamning SGS og Sambands íslenskra sveitarfélaga Samningurinn gildir frá 1. apríl 2024 til 31. mars 2028. Með kjarasamningnum fylgja nýjar launatöflur sem gilda "
vfi,Verkfræðingafélag Íslands / Stéttarfélag verkfræðinga,vfi/Kjarasamningur_VFI_sveitarfelog.pdf,SAMBANDS ÍSLENSKRA SVEITARFÉLAGA F.H. ÞEIRRA SVEITARFÉLAGA,ANNARRA AÐILA,aðilar úr skjali,2024-04-01,2025-03-31,2027-04-01,prósenta,3.5,,óskilgreint,grunsamlegt,"reiðslu annarra launa byggi á málefnalegum sjónarmiðum og feli ekki í sér kynbundna mismunun. Á samningstímanum hækka önnur laun um 3,25% þann 1. apríl 2024, 3,5% 1. apríl 2025, 3,5% 1. apríl 2026 og 3,5% 1. apríl 2027. Heimildarákvæðinu um önnur laun er t.d ætlað að styðja við framþróun í starfi, umfram starfsmatsröðun. Tímabundnir"
vm,VM - Félag vélstjóra og málmtæknimanna,vm/Kalfur-RVK_VM.pdf,aðila ásamt bókunum,fylgiskjöl,aðilar úr skjali,,,2027-04-01,prósenta eða krónutala,3.5,23750,almenn laun,úr texta,"ágmarki á samningstímanum. Með mánaðarlaunum er átt við föst mánaðarlaun fyrir dagvinnu. 1.apríl 2024 3,25% eða 23.750 kr. 1.apríl 2025 3,50% eða 23.750 kr. 1.apríl 2026 3,50% eða 23.750 kr. 1.apríl 2027 3,50% eða 23.750 kr. Persónuálag tekur eftirfarandi breytingum á samningstímanum: Frá 1. apríl 2024 – 1,6% Frá 1. apríl 2025 – 1,7% Frá 1. apríl 2026 – 1,75% Frá 1. apríl 2027 – 1,8% 3. gr."
vm,VM - Félag vélstjóra og málmtæknimanna,vm/Kalfur-RVK_VM.pdf,aðila ásamt bókunum,fylgiskjöl,aðilar úr skjali,,,2027-04-01,prósenta,3.5,,óskilgreint,úr texta,"ngum, að efni og umfangi. Þrátt fyrir ofangreint eru aðilar sammála um að á samningstímanum taki önnur laun skv. gr. 1.1.3 hækkun um 3,25% þann 1. apríl 2024, 3,5% 1. apríl 2025, 3,5% 1. apríl 2026 og 3,5% 1. apríl 2027. Bókun 5 Starfsmatskerfið SAMSTARF Samningsaðilar eru sammála um það langtímamarkmið að greiða sömu laun fyrir jafn"
sgs,Starfsgreinasamband Íslands,sgs/kjarasamningur-sgs-og-sveitarfelaganna-2024-2028.pdf,SAMBANDS ÍSLENSKRA SVEITARFÉLAGA F.H. ÞEIRRA SVEITARFÉLAGA,ANNARRA AÐILA,aðilar úr skjali,2024-04-01,2025-03-31,2027-05-01,krónutala,,64000,óskilgreint,grunsamlegt,erður sem hér segir: 1. maí 2024 kr. 57.500 1. desember 2024 kr. 135.500 1. maí 2025 kr. 59.500 1. desember 2025 kr. 140.000 1. maí 2026 kr. 62.000 1. desember 2026 kr. 145.000 1. maí 2027 kr. 64.000 1. desember 2027 kr. 150.000 1.8.1.3 Laun (Breytist frá 1. nóvember 2024) Fyrir virkan vinnutíma í ákvæðisvinnu g
vm,VM - Félag vélstjóra og málmtæknimanna,vm/Nyr-heildarsamningur-Bjorgun-yfirlesinn-af-SA.pdf,Björgunar ehf,VM Félags vélstjóra og málmtæknimanna,aðilar úr skjali,2024-02-01,2028-12-31,2028-01-01,prósenta,2.5,,almenn laun,úr texta,"ir liðir taka sömu hlutfallshækkun. • 1. febrúar 2024: 3,25% eða 23.750 kr. • 1. janúar 2025: 3,50% eða 23.750 kr. • 1. janúar 2026: 3,50% eða 23.750 kr. • 1. janúar 2027: 3,50% eða 23.750 kr. • 1. janúar 2028: 2,50% Verði samið á almennum vinnumarkaði um launahækkanir umfram 2,5% árið 2028 munu grunnlaun samkvæmt samningnum taka samsvarandi hækkun. Ef greitt er dagkaup skal við útreikning launahæ"
afl,AFL Starfsgreinafélag,afl/2025_Kjaras_Alcoa_Fjardaals_AFLs_og_RSI.pdf,"Alcoa Fjarðaáls sf., AFLs Starfsgreinafélags",Rafiðnaðarsambands,aðilar úr skjali,2025-03-01,2029-02-28,2028-03-01,prósenta,4.2,,almenn laun,úr texta,"Alcoa Fjarðaál sf. 8 Kjarasamningur Gildir frá 1. mars 2025 2.2 Hækkun launa 2.2.1 Laun framleiðslustarfsmanna, iðnaðarmanna og framleiðslutækna. 1. mars 2026 - 4.60% 1. mars 2027 - 4.40% 1. mars 2028 - 4.20% Ef launavísitala hækkar umfram launahækkanir á árunum 2024-2027 hækka laun aukalega samkvæmt eftirfarandi útreikningi: Launaþróunar hækkun = (LVT - árshækkun) * 0.65 Miðað er við launavísitöl"
rafis,rafis,rafis/2025-Kjarasamningur-Alcoa-Fjardaals-AFLs-og-RSI-hreint-yfirlestur.pdf,"Alcoa Fjarðaáls sf., AFLs Starfsgreinafélags",Rafiðnaðarsambands,aðilar úr skjali,2025-03-01,2029-02-28,2028-03-01,prósenta,4.2,,almenn laun,úr texta,"Alcoa Fjarðaál sf. 8 Kjarasamningur Gildir frá 1. mars 2025 2.2 Hækkun launa 2.2.1 Laun framleiðslustarfsmanna, iðnaðarmanna og framleiðslutækna. 1. mars 2026 - 4.60% 1. mars 2027 - 4.40% 1. mars 2028 - 4.20% Ef launavísitala hækkar umfram launahækkanir á árunum 2024-2027 hækka laun aukalega samkvæmt eftirfarandi útreikningi: Launaþróunar hækkun = (LVT - árshækkun) * 0.65 Miðað er við launavísitöl"
rafis,rafis,rafis/2025-Kjarasamningur-Alcoa-Fjardaals-AFLs-og-RSI.pdf,"Alcoa Fjarðaáls sf., AFLs Starfsgreinafélags",Rafiðnaðarsambands,aðilar úr skjali,2025-03-01,2029-02-28,2028-03-01,prósenta,4.2,,almenn laun,úr texta,"Alcoa Fjarðaál sf. 8 Kjarasamningur Gildir frá 1. mars 2025 2.2 Hækkun launa 2.2.1 Laun framleiðslustarfsmanna, iðnaðarmanna og framleiðslutækna. 1. mars 2026 - 4.60% 1. mars 2027 - 4.40% 1. mars 2028 - 4.20% Ef launavísitala hækkar umfram launahækkanir á árunum 2024-2027 hækka laun aukalega samkvæmt eftirfarandi útreikningi: Launaþróunar hækkun = (LVT - árshækkun) * 0.65 Miðað er við launavísitöl"
