felag_lykill,felag_id,felag,markadur,heildarsamtok,dagsetning,a_vid,prosenta,kronur,tegund,visitala,bil_manudir,visitala_athugasemd,heimildir,olik_gildi,skjal
nafn:afl,15,AFL - Starfsgreinafélag,opinber,ASÍ,2008-12-01,launatafla,,20300,krónutala,100.0,,grunnur,1,0,SKM_C554e23100414340.txt
nafn:afl,15,AFL - Starfsgreinafélag,opinber,ASÍ,2015-05-01,launatafla,7.7,25000,prósenta eða krónutala,107.7,77,löng eyða á undan,1,1,samningur_1053.txt
nafn:afl,15,AFL - Starfsgreinafélag,almennur,ASÍ,2016-03-01,almenn laun,5.5,,prósenta,113.62,10,,2,2,alcoa.txt
nafn:afl,15,AFL - Starfsgreinafélag,opinber,ASÍ,2016-06-01,launatafla,5.5,15000,prósenta eða krónutala,119.87,3,,1,1,samningur_1053.txt
nafn:afl,15,AFL - Starfsgreinafélag,almennur,ASÍ,2017-03-01,almenn laun,4.5,,prósenta,125.27,9,,1,1,alcoa.txt
nafn:afl,15,AFL - Starfsgreinafélag,opinber,ASÍ,2017-06-01,launatafla,2.5,,prósenta,128.4,3,,1,1,samningur_1053.txt
nafn:afl,15,AFL - Starfsgreinafélag,almennur,ASÍ,2018-03-01,almenn laun,3.0,,prósenta,132.25,9,,1,1,alcoa.txt
nafn:afl,15,AFL - Starfsgreinafélag,opinber,ASÍ,2019-02-01,launatafla,,42500,krónutala,132.25,11,krónutöluhækkun - vísitala stendur í stað,1,0,samningur_1053.txt
nafn:afl,15,AFL - Starfsgreinafélag,almennur,ASÍ,2019-03-01,almenn laun,3.0,,prósenta,136.22,1,,1,1,alcoa.txt
nafn:afl,,AFL - Starfsgreinafélag,almennur,ASÍ,2019-04-01,kauptaxtar,,17000,krónutala,136.22,1,krónutöluhækkun - vísitala stendur í stað,2,0,samningur_1303.txt
nafn:afl,,AFL - Starfsgreinafélag,almennur,ASÍ,2020-04-01,kauptaxtar,,21000,krónutala,136.22,12,krónutöluhækkun - vísitala stendur í stað,3,0,samningur_1303.txt
nafn:afl,,AFL - Starfsgreinafélag,almennur,ASÍ,2021-01-01,kauptaxtar,,19875,krónutala,136.22,9,krónutöluhækkun - vísitala stendur í stað,2,0,samningur_1303.txt
nafn:afl,15,AFL - Starfsgreinafélag,almennur,ASÍ,2021-04-01,óskilgreint,7.0,24000,prósenta eða krónutala,145.75,3,,1,1,samningur_532.txt
nafn:afl,,AFL - Starfsgreinafélag,almennur,ASÍ,2022-01-01,kauptaxtar,2.5,21125,krónutala,149.4,9,,3,1,samningur_1303.txt
nafn:afl,15,AFL - Starfsgreinafélag,almennur,ASÍ,2024-02-01,kauptaxtar,3.25,23750,prósenta eða krónutala,154.25,25,löng eyða á undan,1,1,samningur_1693.txt
nafn:afl,15,AFL - Starfsgreinafélag,almennur,ASÍ,2025-01-01,kauptaxtar,3.5,23750,prósenta eða krónutala,159.65,11,,1,1,samningur_1693.txt
nafn:afl,15,AFL - Starfsgreinafélag,almennur,ASÍ,2026-01-01,kauptaxtar,3.5,23750,prósenta eða krónutala,165.24,12,,1,1,samningur_1693.txt
nafn:afl,15,AFL - Starfsgreinafélag,almennur,ASÍ,2027-01-01,kauptaxtar,3.5,23750,prósenta eða krónutala,171.02,12,,1,1,samningur_1693.txt
nafn:así,38,ASÍ,almennur,,2009-11-01,kauptaxtar,3.5,,prósenta,100.0,,grunnur,1,1,SKM_C554e23091915340.txt
nafn:aldan,,Aldan stéttarfélag,almennur,ASÍ,1995-06-09,almenn laun,3.2,,prósenta,100.0,,grunnur,1,1,SKM_C554e23091414100.txt
nafn:aldan,76,Aldan stéttarfélag,almennur,ASÍ,2019-05-01,kauptaxtar,,17000,krónutala,100.0,287,krónutöluhækkun - vísitala stendur í stað,1,0,samningur_363.txt
nafn:aldan,76,Aldan stéttarfélag,almennur,ASÍ,2020-05-01,kauptaxtar,,24000,krónutala,100.0,12,krónutöluhækkun - vísitala stendur í stað,1,0,samningur_363.txt
nafn:aldan,76,Aldan stéttarfélag,almennur,ASÍ,2022-02-01,kauptaxtar,2.5,25000,prósenta og krónutala,102.5,21,,1,1,samningur_363.txt
nafn:aldan,76,Aldan stéttarfélag,almennur,Sérfélög,2024-04-01,kauptaxtar,3.38,23750,prósenta eða krónutala,105.96,26,löng eyða á undan,2,2,Kjarasamningur_SGS_og_Steinullar_hf_2024-2028.txt
nafn:aldan,76,Aldan stéttarfélag,almennur,Sérfélög,2025-01-01,kauptaxtar,3.5,23750,prósenta eða krónutala,109.67,9,,1,1,Kjarasamningur_SGS_og_Steinullar_hf_2024-2028.txt
nafn:aldan,76,Aldan stéttarfélag,almennur,Sérfélög,2026-01-01,kauptaxtar,3.5,23750,prósenta eða krónutala,113.51,12,,1,1,Kjarasamningur_SGS_og_Steinullar_hf_2024-2028.txt
nafn:aldan,76,Aldan stéttarfélag,almennur,Sérfélög,2027-01-01,kauptaxtar,3.5,23750,prósenta eða krónutala,117.48,12,,1,1,Kjarasamningur_SGS_og_Steinullar_hf_2024-2028.txt
nafn:alþýðusamband íslands,,Alþýðusamband Íslands,almennur,,1990-02-01,almenn laun,1.5,,prósenta,100.0,,grunnur,1,1,SKM_C554e23091115020.txt
nafn:alþýðusamband íslands,,Alþýðusamband Íslands,almennur,,1990-12-01,almenn laun,2.0,,prósenta,102.0,10,,1,1,SKM_C554e23091115020.txt
nafn:alþýðusamband íslands,,Alþýðusamband Íslands,almennur,,1991-03-01,almenn laun,2.5,,prósenta,104.55,3,,1,1,SKM_C554e23091115020.txt
nafn:alþýðusamband íslands,,Alþýðusamband Íslands,almennur,,1991-04-30,óskilgreint,,57000,krónutala,104.55,1,krónutöluhækkun - vísitala stendur í stað,3,0,SKM_C554e23091115020.txt
nafn:alþýðusamband íslands,,Alþýðusamband Íslands,almennur,,1991-06-01,almenn laun,2.0,,prósenta,106.64,2,,1,1,SKM_C554e23091115020.txt
nafn:alþýðusamband íslands,,Alþýðusamband Íslands,almennur,,1993-11-30,óskilgreint,,80000,krónutala,106.64,29,krónutöluhækkun - vísitala stendur í stað,1,0,SKM_C554e23091115060.txt
nafn:alþýðusamband íslands,,Alþýðusamband Íslands,almennur,,1998-01-01,kauptaxtar,4.0,,prósenta,110.91,50,löng eyða á undan,1,1,SKM_C554e23091915510.txt
nafn:alþýðusamband íslands,,Alþýðusamband Íslands,almennur,,1999-01-01,kauptaxtar,4.0,,prósenta,115.34,12,,1,1,SKM_C554e23091915510.txt
nafn:alþýðusambands íslands verkamannasambands íslands samiðnar rafiðnaðarsambands íslands,,"Alþýðusambands Íslands, Verkamannasambands Íslands, Samiðnar, Rafiðnaðarsambands Íslands",opinber,ASÍ,2000-05-01,almenn laun,3.9,,prósenta,100.0,,grunnur,1,1,SKM_C554e23090714170.txt
nafn:alþýðusambands íslands verkamannasambands íslands samiðnar rafiðnaðarsambands íslands,,"Alþýðusambands Íslands, Verkamannasambands Íslands, Samiðnar, Rafiðnaðarsambands Íslands",opinber,ASÍ,2001-01-01,almenn laun,3.0,,prósenta,103.0,8,,1,1,SKM_C554e23090714170.txt
nafn:arkitektafélag íslands,9,Arkitektafélag Íslands,opinber,BHM,2011-06-01,launatafla,4.6,12000,prósenta með krónutölulágmarki,100.0,,grunnur,1,1,samningur_691.txt
nafn:arkitektafélag íslands,9,Arkitektafélag Íslands,opinber,BHM,2012-03-01,launatafla,3.5,11000,prósenta með krónutölulágmarki,103.5,9,,1,1,samningur_691.txt
nafn:arkitektafélag íslands,9,Arkitektafélag Íslands,opinber,BHM,2013-03-01,launatafla,3.5,11000,prósenta með krónutölulágmarki,107.12,12,,1,1,samningur_691.txt
nafn:arkitektafélag íslands,9,Arkitektafélag Íslands,opinber,BHM,2023-04-01,óskilgreint,6.75,,prósenta,114.35,121,löng eyða á undan,1,1,samningur_1026.txt
nafn:bhm,98,BHM,opinber,BHM,2007-01-01,launatafla,2.25,,prósenta,100.0,,grunnur,1,1,samningur_250.txt
nafn:bhm,98,BHM,opinber,BHM,2008-01-01,launatafla,2.0,,prósenta,102.0,12,,1,1,samningur_250.txt
nafn:bhm,98,BHM,almennur,BHM,2008-05-01,launatafla,2.95,,prósenta,105.01,4,,2,2,samningur_708.txt
nafn:bhm,98,BHM,almennur,BHM,2009-03-01,launatafla,3.5,,prósenta,108.68,10,,1,1,samningur_708.txt
nafn:bhm,98,BHM,almennur,BHM,2010-01-01,launatafla,2.5,,prósenta,111.4,10,,1,1,samningur_708.txt
nafn:bhm,98,BHM,almennur,BHM,2011-12-01,launatafla,4.25,,prósenta,116.14,23,,1,1,samningur_712.txt
nafn:bhm,98,BHM,almennur,BHM,2012-01-01,óskilgreint,2.5,,prósenta,119.04,1,,1,1,samningur_712.txt
nafn:bhm,98,BHM,almennur,BHM,2012-05-15,óskilgreint,2.5,,prósenta,122.02,4,,1,1,samningur_712.txt
nafn:bsrb,,BSRB,opinber,,1990-02-01,almenn laun,1.5,,prósenta,100.0,,grunnur,1,1,SNR_og_Reykjavik.txt
nafn:bsrb,,BSRB,opinber,,1990-06-01,almenn laun,1.5,,prósenta,101.5,4,,1,1,SNR_og_Reykjavik.txt
nafn:bsrb,,BSRB,opinber,,1990-12-01,almenn laun,2.0,,prósenta,103.53,6,,1,1,SNR_og_Reykjavik.txt
nafn:bsrb,,BSRB,opinber,,1991-03-01,almenn laun,2.5,,prósenta,106.12,3,,1,1,SNR_og_Reykjavik.txt
nafn:bsrb,,BSRB,opinber,,1991-06-01,almenn laun,2.0,,prósenta,108.24,3,,1,1,SNR_og_Reykjavik.txt
nafn:bsrb,,BSRB,opinber,,2009-11-01,kauptaxtar,,6790,krónutala,108.24,221,krónutöluhækkun - vísitala stendur í stað,1,0,samningur_148.txt
nafn:bsrb,,BSRB,opinber,,2010-06-01,almenn laun,,6500,krónutala,108.24,7,krónutöluhækkun - vísitala stendur í stað,1,0,samningur_148.txt
nafn:byggiðn,,BYGGIÐN - Félag byggingamanna,opinber,ASÍ,1983-09-01,almenn laun,3.5,,prósenta,100.0,,grunnur,3,1,SKM_C554e23092514480.txt
nafn:byggiðn,,BYGGIÐN - Félag byggingamanna,opinber,ASÍ,1984-02-21,kauptaxtar,5.0,,prósenta,105.0,5,,1,1,SKM_C554e23092514490.txt
nafn:byggiðn,,BYGGIÐN - Félag byggingamanna,,ASÍ,1989-01-01,kauptaxtar,4.0,,prósenta,109.2,59,löng eyða á undan,1,1,BygginamennEyjafirdi_Hyrna.txt
nafn:byggiðn,,BYGGIÐN - Félag byggingamanna,,ASÍ,1999-01-01,kauptaxtar,4.0,,prósenta,113.57,120,löng eyða á undan,1,1,BygginamennEyjafirdi_Hyrna.txt
nafn:bakarasveinafélags íslands,,Bakarasveinafélags Íslands,opinber,,1980-10-30,kauptaxtar,,16300,krónutala,100.0,,grunnur,1,0,SKM_C554e23091214370.txt
nafn:bakarasveinafélags íslands félags framreiðslumanna félags íslenskra kjötiðnaðarmanna og félags matreiðslumanna,,"Bakarasveinafélags Íslands, Félags framreiðslumanna, Félags íslenskra kjötiðnaðarmanna og Félags matreiðslumanna",almennur,,2005-01-01,almenn laun,3.0,,prósenta,100.0,,grunnur,1,1,SKM_C554e23090615040.txt
nafn:bakarasveinafélags íslands félags framreiðslumanna félags íslenskra kjötiðnaðarmanna og félags matreiðslumanna,,"Bakarasveinafélags Íslands, Félags framreiðslumanna, Félags íslenskra kjötiðnaðarmanna og Félags matreiðslumanna",almennur,,2006-01-01,almenn laun,2.5,,prósenta,102.5,12,,1,1,SKM_C554e23090615040.txt
nafn:bakarasveinafélags íslands félags framreiðslumanna félags íslenskra kjötiðnaðarmanna og félags matreiðslumanna,,"Bakarasveinafélags Íslands, Félags framreiðslumanna, Félags íslenskra kjötiðnaðarmanna og Félags matreiðslumanna",almennur,,2007-01-01,launatafla,2.25,,prósenta,104.81,12,,1,1,SKM_C554e23090615040.txt
nafn:bifreiðastjórafélagið sleipnir,74,Bifreiðastjórafélagið Sleipnir,almennur,Sérfélög,2002-01-01,launatafla,3.0,,prósenta,100.0,,grunnur,1,1,samningur_283.txt
nafn:bifreiðastjórafélagið sleipnir,74,Bifreiðastjórafélagið Sleipnir,almennur,Sérfélög,2003-01-01,almenn laun,3.0,,prósenta,103.0,12,,1,1,samningur_283.txt
nafn:bifreiðastjórafélagið sleipnir,74,Bifreiðastjórafélagið Sleipnir,almennur,Sérfélög,2004-01-01,almenn laun,3.0,,prósenta,106.09,12,,1,1,samningur_283.txt
nafn:bifreiðastjórafélagið sleipnir,74,Bifreiðastjórafélagið Sleipnir,almennur,Sérfélög,2004-12-01,almenn laun,0.25,,prósenta,106.36,11,,1,1,samningur_282.txt
nafn:bifreiðastjórafélagið sleipnir,74,Bifreiðastjórafélagið Sleipnir,almennur,Sérfélög,2005-01-01,almenn laun,3.0,,prósenta,109.55,1,,1,1,samningur_282.txt
nafn:bifreiðastjórafélagið sleipnir,74,Bifreiðastjórafélagið Sleipnir,almennur,Sérfélög,2006-01-01,almenn laun,2.5,,prósenta,112.28,12,,1,1,samningur_282.txt
nafn:bifreiðastjórafélagið sleipnir,74,Bifreiðastjórafélagið Sleipnir,almennur,Sérfélög,2007-01-01,almenn laun,2.25,41800,prósenta eða krónutala,114.81,12,,1,1,samningur_282.txt
nafn:bifreiðastjórafélagið sleipnir,74,Bifreiðastjórafélagið Sleipnir,almennur,Sérfélög,2011-05-05,almenn laun,4.25,,prósenta,119.69,52,löng eyða á undan,1,1,samningur_284.txt
nafn:bifreiðastjórafélagið sleipnir,74,Bifreiðastjórafélagið Sleipnir,almennur,Sérfélög,2011-07-01,óskilgreint,,10000,krónutala,119.69,2,krónutöluhækkun - vísitala stendur í stað,1,0,samningur_284.txt
nafn:bifreiðastjórafélagið sleipnir,74,Bifreiðastjórafélagið Sleipnir,almennur,Sérfélög,2011-12-01,óskilgreint,,15000,krónutala,119.69,5,krónutöluhækkun - vísitala stendur í stað,1,0,samningur_284.txt
nafn:bifreiðastjórafélagið sleipnir,74,Bifreiðastjórafélagið Sleipnir,almennur,Sérfélög,2015-05-01,óskilgreint,7.2,,prósenta,128.31,41,löng eyða á undan,1,1,samningur_285.txt
nafn:bifreiðastjórafélagið sleipnir,74,Bifreiðastjórafélagið Sleipnir,almennur,Sérfélög,2016-01-01,launatafla,7.7,25000,prósenta eða krónutala,138.19,8,,1,1,samningur_278.txt
nafn:bifreiðastjórafélagið sleipnir,74,Bifreiðastjórafélagið Sleipnir,almennur,Sérfélög,2016-05-01,almenn laun,4.35,,prósenta,144.2,4,,3,2,samningur_285.txt
nafn:bifreiðastjórafélagið sleipnir,74,Bifreiðastjórafélagið Sleipnir,almennur,Sérfélög,2016-06-01,launatafla,5.5,15000,prósenta eða krónutala,152.13,1,,1,1,samningur_278.txt
nafn:bifreiðastjórafélagið sleipnir,74,Bifreiðastjórafélagið Sleipnir,almennur,Sérfélög,2017-05-01,kauptaxtar,3.0,,prósenta,156.69,11,,1,1,samningur_285.txt
nafn:bifreiðastjórafélagið sleipnir,74,Bifreiðastjórafélagið Sleipnir,almennur,Sérfélög,2017-06-01,launatafla,2.5,,prósenta,160.61,1,,1,1,samningur_278.txt
nafn:bifreiðastjórafélagið sleipnir,74,Bifreiðastjórafélagið Sleipnir,almennur,Sérfélög,2018-05-01,kauptaxtar,4.5,,prósenta,167.84,11,,1,1,samningur_285.txt
nafn:bifreiðastjórafélagið sleipnir,74,Bifreiðastjórafélagið Sleipnir,almennur,Sérfélög,2024-02-01,kauptaxtar,3.25,23750,prósenta eða krónutala,173.29,69,löng eyða á undan,1,1,samningur_43.txt
nafn:bifreiðastjórafélagið sleipnir,74,Bifreiðastjórafélagið Sleipnir,almennur,Sérfélög,2025-01-01,kauptaxtar,3.5,23750,prósenta eða krónutala,179.36,11,,1,1,samningur_43.txt
nafn:bifreiðastjórafélagið sleipnir,74,Bifreiðastjórafélagið Sleipnir,almennur,Sérfélög,2026-01-01,kauptaxtar,3.5,23750,prósenta eða krónutala,185.64,12,,1,1,samningur_43.txt
nafn:bifreiðastjórafélagið sleipnir,74,Bifreiðastjórafélagið Sleipnir,almennur,Sérfélög,2027-01-01,kauptaxtar,3.5,23750,prósenta eða krónutala,192.13,12,,1,1,samningur_43.txt
nafn:blaðamannafélag íslands,21,Blaðamannafélag Íslands,almennur,Sérfélög,2015-05-01,almenn laun,,15000,krónutala,100.0,,grunnur,3,0,samningur_512.txt
nafn:blaðamannafélag íslands,21,Blaðamannafélag Íslands,almennur,Sérfélög,2016-05-01,almenn laun,4.35,,prósenta,104.35,12,,4,2,samningur_512.txt
nafn:blaðamannafélag íslands,21,Blaðamannafélag Íslands,almennur,Sérfélög,2017-05-01,launatafla,4.5,,prósenta,109.05,12,,3,1,samningur_512.txt
nafn:blaðamannafélag íslands,21,Blaðamannafélag Íslands,almennur,Sérfélög,2018-05-01,launatafla,3.0,,prósenta,112.32,12,,3,1,samningur_512.txt
nafn:blaðamannafélag íslands,21,Blaðamannafélag Íslands,,Sérfélög,2019-12-01,launatafla,,17000,krónutala,112.32,19,krónutöluhækkun - vísitala stendur í stað,1,0,samningur_118.txt
nafn:blaðamannafélag íslands,21,Blaðamannafélag Íslands,almennur,Sérfélög,2020-03-01,kauptaxtar,,17000,krónutala,112.32,3,krónutöluhækkun - vísitala stendur í stað,1,0,samningur_510.txt
nafn:blaðamannafélag íslands,21,Blaðamannafélag Íslands,almennur,Sérfélög,2020-04-01,launatafla,,24000,krónutala,112.32,1,krónutöluhækkun - vísitala stendur í stað,3,0,samningur_510.txt
nafn:blaðamannafélag íslands,21,Blaðamannafélag Íslands,almennur,Sérfélög,2021-01-01,launatafla,,24000,krónutala,112.32,9,krónutöluhækkun - vísitala stendur í stað,3,0,samningur_510.txt
nafn:blaðamannafélag íslands,21,Blaðamannafélag Íslands,almennur,Sérfélög,2022-01-01,launatafla,,25000,krónutala,112.32,12,krónutöluhækkun - vísitala stendur í stað,3,0,samningur_510.txt
nafn:blaðamannafélag íslands,21,Blaðamannafélag Íslands,almennur,Sérfélög,2022-11-01,kauptaxtar,6.75,66000,prósenta og krónutala,119.9,10,,2,1,samningur_228.txt
nafn:blaðamannafélag íslands,21,Blaðamannafélag Íslands,almennur,Sérfélög,2024-01-01,launatafla,3.25,23750,prósenta eða krónutala,123.8,14,,1,1,samningur_1458.txt
nafn:blaðamannafélag íslands,21,Blaðamannafélag Íslands,almennur,Sérfélög,2024-02-01,launatafla,3.25,23750,prósenta eða krónutala,127.82,1,,2,1,samningur_121.txt
nafn:blaðamannafélag íslands,21,Blaðamannafélag Íslands,almennur,Sérfélög,2025-01-01,launatafla,3.5,23750,prósenta eða krónutala,132.29,11,,3,1,samningur_1458.txt
nafn:blaðamannafélag íslands,21,Blaðamannafélag Íslands,almennur,Sérfélög,2027-01-01,launatafla,3.5,23750,prósenta eða krónutala,136.92,24,,4,2,samningur_1623.txt
nafn:báran,23,Báran stéttarfélag,opinber,ASÍ,2015-05-01,almenn laun,,25000,krónutala,100.0,,grunnur,2,0,samningur_549.txt
nafn:báran,23,Báran stéttarfélag,,ASÍ,2016-06-01,launatafla,5.5,15000,prósenta eða krónutala,105.5,13,,1,1,7549fd521a865e038d9612fceecfe4c8.txt
nafn:báran,23,Báran stéttarfélag,,ASÍ,2017-06-01,launatafla,2.5,,prósenta,108.14,12,,1,1,7549fd521a865e038d9612fceecfe4c8.txt
nafn:dagsbrún,,Dagsbrún,opinber,,1996-01-01,almenn laun,,2700,krónutala,100.0,,grunnur,1,0,SKM_C554e23092817470.txt
nafn:dagsbrún,,Dagsbrún,opinber,,1998-01-01,kauptaxtar,4.0,,prósenta,104.0,24,,2,1,SKM_C554e23100315181.txt
nafn:dagsbrún,,Dagsbrún,opinber,,1999-01-01,kauptaxtar,4.0,,prósenta,108.16,12,,1,1,SKM_C554e23100315181.txt
nafn:drífandi stéttarfélag verkalýðsfélag þórshafnar,45,"Drífandi stéttarfélag, Verkalýðsfélag Þórshafnar",almennur,ASÍ,2020-04-01,óskilgreint,2.5,,prósenta,100.0,,grunnur,1,1,samningur_67.txt
nafn:drífandi stéttarfélag verkalýðsfélag þórshafnar,45,"Drífandi stéttarfélag, Verkalýðsfélag Þórshafnar",almennur,ASÍ,2021-01-01,óskilgreint,2.5,,prósenta,102.5,9,,1,1,samningur_67.txt
nafn:drífandi stéttarfélag verkalýðsfélag þórshafnar,45,"Drífandi stéttarfélag, Verkalýðsfélag Þórshafnar",almennur,ASÍ,2022-01-01,óskilgreint,2.5,,prósenta,105.06,12,,1,1,samningur_67.txt
nafn:dýralæknafélag íslands,24,Dýralæknafélag Íslands,opinber,BHM,2015-03-01,launatafla,5.0,,prósenta,100.0,,grunnur,1,1,77ab286c27aac3d93997fdd31a37e5b6.txt
nafn:dýralæknafélag íslands,24,Dýralæknafélag Íslands,opinber,BHM,2021-01-01,óskilgreint,2.5,,prósenta,102.5,70,löng eyða á undan,1,1,samningur_1043.txt
nafn:dýralæknafélag íslands,24,Dýralæknafélag Íslands,opinber,BHM,2022-01-01,launatafla,,17000,krónutala,102.5,12,krónutöluhækkun - vísitala stendur í stað,1,0,samningur_734.txt
nafn:dýralæknafélag íslands,24,Dýralæknafélag Íslands,opinber,BHM,2023-03-31,almenn laun,0.85,,prósenta,103.37,14,,1,1,samningur_1043.txt
nafn:dýralæknafélag íslands,24,Dýralæknafélag Íslands,opinber,BHM,2023-04-01,óskilgreint,5.0,,prósenta,108.54,1,,1,1,samningur_1618.txt
nafn:dýralæknafélag íslands,24,Dýralæknafélag Íslands,opinber,BHM,2024-04-01,launatafla,3.25,23750,prósenta eða krónutala,112.07,12,,2,1,samningur_1618.txt
nafn:dýralæknafélag íslands,24,Dýralæknafélag Íslands,opinber,BHM,2024-10-31,launatafla,15.0,,prósenta,128.88,6,,1,1,samningur_1618.txt
nafn:dýralæknafélag íslands,24,Dýralæknafélag Íslands,opinber,BHM,2025-04-01,launatafla,3.5,23750,prósenta eða krónutala,133.39,6,,2,1,samningur_1618.txt
nafn:dýralæknafélag íslands,24,Dýralæknafélag Íslands,opinber,BHM,2026-04-01,launatafla,3.5,23750,prósenta eða krónutala,138.06,12,,2,1,samningur_1618.txt
nafn:dýralæknafélag íslands,24,Dýralæknafélag Íslands,opinber,BHM,2027-04-01,óskilgreint,3.5,,prósenta,142.89,12,,1,1,samningur_1618.txt
nafn:efling,5,Efling,almennur,ASÍ,1984-06-01,kauptaxtar,3.0,,prósenta,100.0,,grunnur,1,1,SKM_C554e23092816450.txt
nafn:efling,5,Efling,almennur,ASÍ,1985-01-01,kauptaxtar,3.0,,prósenta,103.0,7,,1,1,SKM_C554e23092816450.txt
nafn:efling,5,Efling,almennur,ASÍ,1989-04-30,óskilgreint,15.0,,prósenta,118.45,51,löng eyða á undan,1,1,SKM_C554e23092816500.txt
nafn:efling,28,Efling,almennur,ASÍ,1995-06-09,almenn laun,3.2,,prósenta,122.24,74,löng eyða á undan,1,1,alfelagid.txt
nafn:efling,28,Efling,almennur,ASÍ,1996-01-01,launatafla,3.0,,prósenta,125.91,7,,1,1,alfelagid.txt
nafn:efling,5,Efling,almennur,ASÍ,1998-01-01,kauptaxtar,4.0,,prósenta,130.94,24,,2,1,SKM_C554e23092915100.txt
nafn:efling,5,Efling,almennur,ASÍ,1999-01-01,kauptaxtar,4.0,,prósenta,136.18,12,,1,1,SKM_C554e23092915100.txt
nafn:efling,5,Efling,opinber,ASÍ,2000-01-01,kauptaxtar,3.0,,prósenta,140.27,12,,1,1,SKM_C554e23100315471.txt
nafn:efling,5,Efling,almennur,ASÍ,2000-03-01,kauptaxtar,3.9,,prósenta,145.74,2,,2,1,SKM_C554e23100515250.txt
nafn:efling,5,Efling,almennur,ASÍ,2001-01-01,kauptaxtar,3.0,,prósenta,150.11,10,,2,1,SKM_C554e23100515250.txt
nafn:efling,5,Efling,almennur,ASÍ,2002-01-01,kauptaxtar,3.0,,prósenta,154.61,12,,3,1,SKM_C554e23100515250.txt
nafn:efling,5,Efling,almennur,ASÍ,2003-01-01,kauptaxtar,2.25,70000,krónutala,158.09,12,,3,1,SKM_C554e23100515250.txt
nafn:efling,5,Efling,opinber,ASÍ,2006-01-01,launatafla,3.0,,prósenta,162.83,36,löng eyða á undan,1,1,SKM_C554e23100216451.txt
nafn:efling,5,Efling,almennur,ASÍ,2007-01-01,kauptaxtar,5.5,,prósenta,171.79,12,,1,1,SKM_C554e23100216040.txt
nafn:efling,5,Efling,opinber,ASÍ,2008-01-01,launatafla,3.0,,prósenta,176.94,12,,1,1,SKM_C554e23100216451.txt
nafn:efling,5,Efling,opinber,ASÍ,2009-03-01,kauptaxtar,3.5,,prósenta,183.14,14,,2,1,SKM_C554e23100216030.txt
nafn:efling,5,Efling,opinber,ASÍ,2009-07-01,óskilgreint,,1043,krónutala,183.14,4,krónutöluhækkun - vísitala stendur í stað,1,0,SKM_C554e23100314580.txt
nafn:efling,5,Efling,almennur,ASÍ,2009-11-01,kauptaxtar,,6750,krónutala,183.14,4,krónutöluhækkun - vísitala stendur í stað,2,0,SKM_C554e23100314590.txt
nafn:efling,5,Efling,almennur,ASÍ,2010-01-01,kauptaxtar,2.5,,prósenta,187.72,2,,1,1,SKM_C554e23100216040.txt
nafn:efling,5,Efling,almennur,ASÍ,2010-06-01,almenn laun,,6500,krónutala,187.72,5,krónutöluhækkun - vísitala stendur í stað,1,0,SKM_C554e23100314590.txt
nafn:efling,5,Efling,opinber,ASÍ,2015-05-01,almenn laun,,25000,krónutala,187.72,59,krónutöluhækkun - vísitala stendur í stað,1,0,samningur_143.txt
nafn:efling,5,Efling,opinber,ASÍ,2019-04-01,launatafla,,17000,krónutala,187.72,47,krónutöluhækkun - vísitala stendur í stað,3,0,samningur_839.txt
nafn:efling,5,Efling,opinber,ASÍ,2020-04-01,launatafla,,24000,krónutala,187.72,12,krónutöluhækkun - vísitala stendur í stað,4,0,samningur_839.txt
nafn:efling,5,Efling,opinber,ASÍ,2021-01-01,launatafla,,24000,krónutala,187.72,9,krónutöluhækkun - vísitala stendur í stað,5,0,samningur_839.txt
nafn:efling,5,Efling,opinber,ASÍ,2022-01-01,launatafla,,21125,krónutala,187.72,12,krónutöluhækkun - vísitala stendur í stað,3,0,samningur_839.txt
nafn:efling,5,Efling,opinber,ASÍ,2022-11-01,kauptaxtar,5.88,49500,prósenta og krónutala,198.75,10,,3,2,samningur_139.txt
nafn:efling,5,Efling,almennur,ASÍ,2023-04-01,óskilgreint,5.0,,prósenta,208.69,5,,2,1,samningur_76.txt
nafn:efling,5,Efling,opinber,ASÍ,2023-09-01,kauptaxtar,3.5,,prósenta,216.0,5,,1,1,samningur_775.txt
nafn:efling,5,Efling,almennur,ASÍ,2024-02-01,kauptaxtar,3.25,23750,prósenta eða krónutala,223.01,5,,2,1,samningur_1780.txt
nafn:efling,5,Efling,opinber,ASÍ,2024-04-01,launatafla,3.25,23750,prósenta eða krónutala,230.26,2,,8,1,samningur_1783.txt
nafn:efling,5,Efling,opinber,ASÍ,2024-05-01,launatafla,3.25,23750,prósenta eða krónutala,237.75,1,,1,1,samningur_1786.txt
nafn:efling,5,Efling,almennur,ASÍ,2025-01-01,kauptaxtar,3.5,23750,prósenta eða krónutala,246.07,8,,2,1,samningur_1780.txt
nafn:efling,5,Efling,opinber,ASÍ,2025-04-01,almenn laun,3.5,23750,prósenta eða krónutala,254.68,3,,5,1,samningur_752.txt
nafn:efling,5,Efling,opinber,ASÍ,2025-05-01,launatafla,3.5,23750,prósenta eða krónutala,263.59,1,,1,1,samningur_1786.txt
nafn:efling,5,Efling,almennur,ASÍ,2025-09-15,almenn laun,1.14,,prósenta,266.6,4,,1,1,samningur_1606.txt
nafn:efling,5,Efling,almennur,ASÍ,2026-01-01,kauptaxtar,3.5,23750,prósenta eða krónutala,275.93,4,,2,1,samningur_1780.txt
nafn:efling,5,Efling,almennur,ASÍ,2026-03-01,almenn laun,4.6,,prósenta,288.62,2,,1,1,samningur_1606.txt
nafn:efling,5,Efling,opinber,ASÍ,2026-04-01,almenn laun,3.5,23750,prósenta eða krónutala,298.72,1,,3,1,samningur_752.txt
nafn:efling,5,Efling,opinber,ASÍ,2026-05-01,launatafla,3.5,23750,prósenta eða krónutala,309.18,1,,1,1,samningur_1786.txt
nafn:efling,5,Efling,almennur,ASÍ,2026-05-15,almenn laun,1.14,,prósenta,312.7,0,,1,1,samningur_1606.txt
nafn:efling,5,Efling,almennur,ASÍ,2027-01-01,kauptaxtar,3.5,23750,prósenta eða krónutala,323.65,8,,2,1,samningur_1780.txt
nafn:efling,5,Efling,almennur,ASÍ,2027-03-01,almenn laun,4.4,,prósenta,337.89,2,,1,1,samningur_1606.txt
nafn:efling,5,Efling,opinber,ASÍ,2027-04-01,almenn laun,3.5,23750,prósenta eða krónutala,349.72,1,,2,1,samningur_752.txt
nafn:efling,5,Efling,opinber,ASÍ,2027-05-01,launatafla,3.5,23750,prósenta eða krónutala,361.96,1,,1,1,samningur_1786.txt
nafn:efling,5,Efling,almennur,ASÍ,2028-03-01,almenn laun,4.2,,prósenta,377.16,10,,1,1,samningur_1606.txt
nafn:efling verkalýðsfélagið boðinn verkalýðs- og sjómannafélag bolungarvíkur verkalýðsfélagið vaka verkalýðsfélag raufarhafnar,43,"Efling, Verkalýðsfélagið Boðinn, Verkalýðs- og sjómannafélag Bolungarvíkur, Verkalýðsfélagið Vaka, Verkalýðsfélag Raufarhafnar",almennur,ASÍ,2004-06-20,óskilgreint,10.0,,prósenta,100.0,,grunnur,1,1,SKM_C554e23100215360.txt
nafn:eining-iðja,42,Eining-Iðja,opinber,ASÍ,1989-04-30,launatafla,,2000,krónutala,100.0,,grunnur,1,0,SKM_C554e23100414471.txt
nafn:eining-iðja,42,Eining-Iðja,opinber,ASÍ,1989-07-01,almenn laun,0.5,,prósenta,100.5,3,,1,1,SKM_C554e23100414471.txt
nafn:eining-iðja,42,Eining-Iðja,opinber,ASÍ,1989-09-01,almenn laun,0.5,,prósenta,101.0,2,,1,1,SKM_C554e23100414471.txt
nafn:eining-iðja,42,Eining-Iðja,almennur,ASÍ,1997-03-09,kauptaxtar,,70000,krónutala,101.0,90,krónutöluhækkun - vísitala stendur í stað,1,0,SKM_C554e23092913490.txt
nafn:eining-iðja,42,Eining-Iðja,almennur,ASÍ,1997-04-01,kauptaxtar,4.7,,prósenta,105.75,1,,1,1,SKM_C554e23092913490.txt
nafn:eining-iðja,42,Eining-Iðja,almennur,ASÍ,1998-01-01,kauptaxtar,3.83,,prósenta,109.8,9,,3,2,SKM_C554e23092913490.txt
nafn:eining-iðja,42,Eining-Iðja,almennur,ASÍ,1999-01-01,kauptaxtar,3.83,,prósenta,114.01,12,,2,2,SKM_C554e23092913490.txt
nafn:eining-iðja,42,Eining-Iðja,almennur,ASÍ,2000-06-01,óskilgreint,3.0,,prósenta,117.43,17,,1,1,SKM_C554e23100415120.txt
nafn:eining-iðja,42,Eining-Iðja,almennur,ASÍ,2001-01-01,óskilgreint,3.0,,prósenta,120.95,7,,1,1,SKM_C554e23100415120.txt
nafn:eining-iðja,42,Eining-Iðja,almennur,ASÍ,2002-01-01,óskilgreint,2.75,,prósenta,124.27,12,,1,1,SKM_C554e23100415120.txt
nafn:eining-iðja,42,Eining-Iðja,almennur,ASÍ,2003-01-01,óskilgreint,0.5,,prósenta,124.9,12,,1,1,SKM_C554e23100415120.txt
nafn:eining-iðja,42,Eining-Iðja,almennur,ASÍ,2004-01-01,óskilgreint,0.5,,prósenta,125.52,12,,1,1,SKM_C554e23100415120.txt
nafn:eining-iðja,42,Eining-Iðja,almennur,ASÍ,2006-01-01,launatafla,3.5,,prósenta,129.91,24,,1,1,SKM_C554e23100414530.txt
nafn:eining-iðja,42,Eining-Iðja,almennur,ASÍ,2007-01-01,launatafla,2.5,,prósenta,133.16,12,,1,1,SKM_C554e23100414530.txt
nafn:eining-iðja,42,Eining-Iðja,almennur,ASÍ,2007-02-01,launatafla,1.2,,prósenta,134.76,1,,1,1,SKM_C554e23100414530.txt
nafn:eining-iðja,42,Eining-Iðja,almennur,ASÍ,2008-01-01,launatafla,2.25,,prósenta,137.79,11,,1,1,SKM_C554e23100414530.txt
nafn:eining-iðja,42,Eining-Iðja,almennur,ASÍ,2010-01-01,almenn laun,2.0,,prósenta,140.55,24,,1,1,SKM_C554e23100415300.txt
nafn:eining-iðja,42,Eining-Iðja,almennur,ASÍ,2021-01-01,almenn laun,,24000,krónutala,140.55,132,krónutöluhækkun - vísitala stendur í stað,1,0,samningur_75.txt
nafn:eining-iðja,42,Eining-Iðja,almennur,ASÍ,2021-05-01,óskilgreint,2.5,,prósenta,144.06,4,,1,1,samningur_75.txt
nafn:eining-iðja,42,Eining-Iðja,almennur,ASÍ,2022-01-01,almenn laun,,25000,krónutala,144.06,8,krónutöluhækkun - vísitala stendur í stað,2,0,samningur_75.txt
nafn:eining-iðja,42,Eining-Iðja,almennur,ASÍ,2022-11-01,kauptaxtar,6.75,66000,prósenta og krónutala,153.78,10,,1,1,samningur_426.txt
nafn:eining-iðja,42,Eining-Iðja,almennur,ASÍ,2023-01-01,almenn laun,,12000,krónutala,153.78,2,krónutöluhækkun - vísitala stendur í stað,1,0,samningur_75.txt
nafn:eining-iðja,42,Eining-Iðja,almennur,ASÍ,2025-01-01,launatafla,3.5,23750,prósenta eða krónutala,159.17,24,,1,1,samningur_1711.txt
nafn:eining-iðja,42,Eining-Iðja,almennur,ASÍ,2026-01-01,launatafla,3.5,23750,prósenta eða krónutala,164.74,12,,1,1,samningur_1711.txt
nafn:foss stéttarfélag í almannaþjónustu,77,FOSS stéttarfélag í almannaþjónustu,opinber,BSRB,2024-04-01,launatafla,3.25,23750,prósenta eða krónutala,100.0,,grunnur,1,1,samningur_1833.txt
nafn:foss stéttarfélag í almannaþjónustu,77,FOSS stéttarfélag í almannaþjónustu,opinber,BSRB,2024-10-31,launatafla,15.0,,prósenta,115.0,6,,1,1,samningur_1833.txt
nafn:foss stéttarfélag í almannaþjónustu,77,FOSS stéttarfélag í almannaþjónustu,opinber,BSRB,2025-01-01,launatafla,3.5,23750,prósenta eða krónutala,119.02,3,,1,1,samningur_1833.txt
nafn:foss stéttarfélag í almannaþjónustu,77,FOSS stéttarfélag í almannaþjónustu,opinber,BSRB,2026-01-01,launatafla,3.5,23750,prósenta eða krónutala,123.19,12,,1,1,samningur_1833.txt
nafn:frf iþf þf fín,,"FRF, IÞF, ÞF, FÍN",almennur,BHM,2024-04-01,óskilgreint,3.5,,prósenta,100.0,,grunnur,1,1,samningur_1500.txt
nafn:frf iþf þf fín,,"FRF, IÞF, ÞF, FÍN",almennur,BHM,2025-04-01,óskilgreint,3.5,,prósenta,103.5,12,,1,1,samningur_1500.txt
nafn:frf iþf þf fín,,"FRF, IÞF, ÞF, FÍN",almennur,BHM,2026-04-01,óskilgreint,3.5,,prósenta,107.12,12,,1,1,samningur_1500.txt
nafn:frf iþf þf fín,,"FRF, IÞF, ÞF, FÍN",almennur,BHM,2027-04-01,óskilgreint,3.5,,prósenta,110.87,12,,1,1,samningur_1500.txt
nafn:flugfreyjufélag íslands,,Flugfreyjufélag Íslands,almennur,,1999-05-01,kauptaxtar,4.7,,prósenta,100.0,,grunnur,1,1,SKM_C554e23092616230.txt
nafn:flugfreyjufélag íslands,,Flugfreyjufélag Íslands,almennur,,2003-01-01,óskilgreint,,2000,krónutala,100.0,44,krónutöluhækkun - vísitala stendur í stað,1,0,SKM_C554e23092616280.txt
nafn:flugfreyjufélag íslands,,Flugfreyjufélag Íslands,almennur,,2003-12-01,óskilgreint,0.75,,prósenta,100.75,11,,1,1,SKM_C554e23092616300.txt
nafn:flugfreyjufélag íslands,,Flugfreyjufélag Íslands,,,2004-01-01,óskilgreint,,75000,krónutala,100.75,1,krónutöluhækkun - vísitala stendur í stað,1,0,SKM_C554e23092616310.txt
nafn:flugfreyjufélag íslands,,Flugfreyjufélag Íslands,,,2004-01-26,óskilgreint,,75000,krónutala,100.75,0,krónutöluhækkun - vísitala stendur í stað,1,0,SKM_C554e23092616310.txt
nafn:flugfreyjufélag íslands,,Flugfreyjufélag Íslands,almennur,,2004-12-01,kauptaxtar,3.25,,prósenta,104.02,11,,1,1,SKM_C554e23092616311.txt
nafn:flugfreyjufélag íslands,,Flugfreyjufélag Íslands,almennur,,2005-01-01,kauptaxtar,3.0,,prósenta,107.15,1,,1,1,SKM_C554e23092616311.txt
nafn:flugfreyjufélag íslands,,Flugfreyjufélag Íslands,almennur,,2006-01-01,kauptaxtar,2.5,,prósenta,109.82,12,,1,1,SKM_C554e23092616311.txt
nafn:flugfreyjufélag íslands,,Flugfreyjufélag Íslands,almennur,,2007-01-01,kauptaxtar,2.25,,prósenta,112.29,12,,1,1,SKM_C554e23092616311.txt
nafn:flugfreyjufélag íslands,40,Flugfreyjufélag Íslands,almennur,ASÍ,2008-05-01,kauptaxtar,3.3,,prósenta,116.0,16,,1,1,SKM_C554e23092616361.txt
nafn:flugfreyjufélag íslands,40,Flugfreyjufélag Íslands,almennur,ASÍ,2009-11-01,kauptaxtar,2.8,,prósenta,119.25,18,,1,1,SKM_C554e23092616190.txt
nafn:flugfreyjufélag íslands,40,Flugfreyjufélag Íslands,almennur,ASÍ,2011-10-01,kauptaxtar,3.88,,prósenta,123.88,23,,2,2,samningur_256.txt
nafn:flugfreyjufélag íslands,40,Flugfreyjufélag Íslands,almennur,ASÍ,2012-02-01,kauptaxtar,3.25,,prósenta,127.9,4,,1,1,samningur_256.txt
nafn:flugfreyjufélag íslands,40,Flugfreyjufélag Íslands,almennur,ASÍ,2013-02-01,kauptaxtar,3.25,,prósenta,132.06,12,,1,1,samningur_256.txt
nafn:flugfreyjufélag íslands,40,Flugfreyjufélag Íslands,almennur,ASÍ,2014-06-01,kauptaxtar,1.4,,prósenta,133.91,16,,1,1,samningur_257.txt
nafn:flugfreyjufélag íslands,40,Flugfreyjufélag Íslands,almennur,ASÍ,2015-01-01,kauptaxtar,1.4,,prósenta,135.78,7,,1,1,samningur_257.txt
nafn:flugfreyjufélag íslands,40,Flugfreyjufélag Íslands,almennur,ASÍ,2015-09-01,óskilgreint,2.1,,prósenta,138.63,8,,1,1,samningur_199.txt
nafn:flugfreyjufélag íslands,40,Flugfreyjufélag Íslands,almennur,ASÍ,2016-01-01,óskilgreint,6.2,,prósenta,147.23,4,,1,1,samningur_199.txt
nafn:flugfreyjufélag íslands,40,Flugfreyjufélag Íslands,almennur,ASÍ,2016-06-01,kauptaxtar,4.5,,prósenta,153.85,5,,1,1,samningur_199.txt
nafn:flugfreyjufélag íslands,40,Flugfreyjufélag Íslands,almennur,ASÍ,2016-06-08,óskilgreint,6.2,,prósenta,163.39,0,,1,1,samningur_199.txt
nafn:flugfreyjufélag íslands,40,Flugfreyjufélag Íslands,almennur,ASÍ,2017-01-01,kauptaxtar,5.35,,prósenta,172.13,7,,2,2,samningur_259.txt
nafn:flugfreyjufélag íslands,40,Flugfreyjufélag Íslands,almennur,ASÍ,2017-05-01,kauptaxtar,3.0,,prósenta,177.3,4,,2,1,samningur_259.txt
nafn:flugfreyjufélag íslands,40,Flugfreyjufélag Íslands,almennur,ASÍ,2018-05-01,kauptaxtar,3.0,,prósenta,182.62,12,,2,1,samningur_259.txt
nafn:flugfreyjufélag íslands,,Flugfreyjufélag Íslands,almennur,,2021-02-01,kauptaxtar,6.2,,prósenta,193.94,33,löng eyða á undan,1,1,samningur_258.txt
nafn:flugfreyjufélag íslands,,Flugfreyjufélag Íslands,almennur,,2021-10-01,óskilgreint,1.5,,prósenta,196.85,8,,2,1,samningur_258.txt
nafn:flugvirkjafélag íslands,58,Flugvirkjafélag Íslands,almennur,Sérfélög,2011-06-01,byrjunarlaun,,2001,krónutala,100.0,,grunnur,1,0,samningur_544.txt
nafn:flugvirkjafélag íslands,58,Flugvirkjafélag Íslands,almennur,Sérfélög,2014-07-01,almenn laun,2.8,,prósenta,102.8,37,löng eyða á undan,1,1,samningur_182.txt
nafn:flugvirkjafélag íslands,58,Flugvirkjafélag Íslands,almennur,Sérfélög,2015-02-01,almenn laun,3.0,,prósenta,105.88,7,,2,1,samningur_182.txt
nafn:flugvirkjafélag íslands,58,Flugvirkjafélag Íslands,almennur,Sérfélög,2015-11-20,óskilgreint,2.5,,prósenta,108.53,9,,1,1,samningur_546.txt
nafn:flugvirkjafélag íslands,58,Flugvirkjafélag Íslands,almennur,Sérfélög,2016-02-01,almenn laun,3.0,,prósenta,111.79,3,,3,1,samningur_546.txt
nafn:flugvirkjafélag íslands,58,Flugvirkjafélag Íslands,almennur,Sérfélög,2017-02-01,almenn laun,3.0,,prósenta,115.14,12,,2,1,samningur_546.txt
nafn:flugvirkjafélag íslands,58,Flugvirkjafélag Íslands,almennur,Sérfélög,2017-08-31,óskilgreint,2.5,,prósenta,118.02,6,,1,1,samningur_182.txt
nafn:flugvirkjafélag íslands,58,Flugvirkjafélag Íslands,almennur,Sérfélög,2018-04-09,óskilgreint,4.5,,prósenta,123.33,8,,1,1,samningur_22.txt
nafn:flugvirkjafélag íslands,58,Flugvirkjafélag Íslands,almennur,Sérfélög,2019-01-01,óskilgreint,4.5,,prósenta,128.88,9,,1,1,samningur_22.txt
nafn:flugvirkjafélag íslands,58,Flugvirkjafélag Íslands,almennur,Sérfélög,2019-02-01,almenn laun,4.0,,prósenta,134.04,1,,3,1,samningur_147.txt
nafn:flugvirkjafélag íslands,58,Flugvirkjafélag Íslands,almennur,Sérfélög,2020-02-01,almenn laun,4.0,,prósenta,139.4,12,,2,1,samningur_147.txt
nafn:flugvirkjafélag íslands,58,Flugvirkjafélag Íslands,opinber,Sérfélög,2022-01-01,launatafla,,17250,krónutala,139.4,23,krónutöluhækkun - vísitala stendur í stað,1,0,samningur_185.txt
nafn:flugvirkjafélag íslands,58,Flugvirkjafélag Íslands,opinber,Sérfélög,2023-01-01,launatafla,,17000,krónutala,139.4,12,krónutöluhækkun - vísitala stendur í stað,2,0,samningur_185.txt
nafn:flugvirkjafélag íslands,58,Flugvirkjafélag Íslands,,Sérfélög,2023-03-03,almenn laun,6.0,,prósenta,147.76,2,,1,1,samningur_176.txt
nafn:flugvirkjafélag íslands,58,Flugvirkjafélag Íslands,,Sérfélög,2024-01-01,almenn laun,6.0,,prósenta,156.63,10,,2,1,samningur_176.txt
nafn:flugvirkjafélag íslands,58,Flugvirkjafélag Íslands,opinber,Sérfélög,2024-04-01,óskilgreint,3.5,,prósenta,162.11,3,,1,1,samningur_1364.txt
nafn:flugvirkjafélag íslands,58,Flugvirkjafélag Íslands,opinber,Sérfélög,2025-04-01,óskilgreint,3.5,,prósenta,167.78,12,,1,1,samningur_1364.txt
nafn:flugvirkjafélag íslands,58,Flugvirkjafélag Íslands,opinber,Sérfélög,2026-04-01,óskilgreint,3.5,,prósenta,173.65,12,,1,1,samningur_1364.txt
nafn:flugvirkjafélag íslands,58,Flugvirkjafélag Íslands,opinber,Sérfélög,2027-04-01,óskilgreint,3.5,,prósenta,179.73,12,,1,1,samningur_1364.txt
nafn:félag byggingariðnaðarmanna árnessýslu,,Félag byggingariðnaðarmanna Árnessýslu,,,1987-10-01,kauptaxtar,1.5,,prósenta,100.0,,grunnur,1,1,SKM_C554e23092516270.txt
nafn:félag bókagerðarmanna,,Félag bókagerðarmanna,opinber,,2010-06-01,kauptaxtar,2.5,,prósenta,100.0,,grunnur,1,1,25c6fb4044b59a6a565094554a285821.txt
nafn:félag flugmálastarfsmanna,86,Félag flugmálastarfsmanna,opinber,BSRB,2005-03-01,launatafla,1.5,,prósenta,100.0,,grunnur,1,1,samningur_822.txt
nafn:félag flugmálastarfsmanna,86,Félag flugmálastarfsmanna,opinber,BSRB,2006-01-01,launatafla,2.5,,prósenta,102.5,10,,1,1,samningur_822.txt
nafn:félag flugmálastarfsmanna,86,Félag flugmálastarfsmanna,opinber,BSRB,2006-05-01,launatafla,2.5,,prósenta,105.06,4,,1,1,samningur_822.txt
nafn:félag flugmálastarfsmanna,86,Félag flugmálastarfsmanna,opinber,BSRB,2007-01-01,launatafla,2.25,,prósenta,107.43,8,,1,1,samningur_822.txt
nafn:félag flugmálastarfsmanna,86,Félag flugmálastarfsmanna,opinber,BSRB,2008-01-01,launatafla,2.0,,prósenta,109.57,12,,1,1,samningur_822.txt
nafn:félag flugmálastarfsmanna,,Félag flugmálastarfsmanna,opinber,,2011-06-01,launatafla,4.25,12000,prósenta eða krónutala,114.23,41,löng eyða á undan,1,1,samningur_824.txt
nafn:félag flugmálastarfsmanna,,Félag flugmálastarfsmanna,opinber,,2012-03-01,launatafla,3.5,11000,prósenta eða krónutala,118.23,9,,1,1,samningur_824.txt
nafn:félag flugmálastarfsmanna,,Félag flugmálastarfsmanna,opinber,,2013-03-01,launatafla,3.25,11000,prósenta eða krónutala,122.07,12,,1,1,samningur_824.txt
nafn:félag flugmálastarfsmanna,86,Félag flugmálastarfsmanna,almennur,BSRB,2014-04-01,kauptaxtar,2.8,8000,prósenta með krónutölulágmarki,125.49,13,,1,1,samningur_608.txt
nafn:félag flugmálastarfsmanna,86,Félag flugmálastarfsmanna,almennur,BSRB,2015-04-01,kauptaxtar,2.25,,prósenta,128.31,12,,1,1,samningur_608.txt
nafn:félag flugmálastarfsmanna,86,Félag flugmálastarfsmanna,almennur,BSRB,2015-07-01,kauptaxtar,2.25,,prósenta,131.2,3,,1,1,samningur_608.txt
nafn:félag flugmálastarfsmanna,86,Félag flugmálastarfsmanna,almennur,BSRB,2016-01-01,óskilgreint,1.75,,prósenta,133.5,6,,1,1,samningur_41.txt
nafn:félag flugmálastarfsmanna,86,Félag flugmálastarfsmanna,almennur,BSRB,2016-04-01,kauptaxtar,2.25,,prósenta,136.5,3,,1,1,samningur_608.txt
nafn:félag flugmálastarfsmanna,86,Félag flugmálastarfsmanna,almennur,BSRB,2017-05-01,launatafla,4.5,,prósenta,142.64,13,,1,1,samningur_507.txt
nafn:félag flugmálastarfsmanna,86,Félag flugmálastarfsmanna,almennur,BSRB,2018-05-01,launatafla,3.0,,prósenta,146.92,12,,1,1,samningur_507.txt
nafn:félag flugmálastarfsmanna,86,Félag flugmálastarfsmanna,almennur,BSRB,2019-01-01,launatafla,1.5,,prósenta,149.13,8,,1,1,samningur_507.txt
nafn:félag flugmálastarfsmanna,,Félag flugmálastarfsmanna,opinber,,2019-04-01,launatafla,,17000,krónutala,149.13,3,krónutöluhækkun - vísitala stendur í stað,1,0,samningur_825.txt
nafn:félag flugmálastarfsmanna,86,Félag flugmálastarfsmanna,almennur,BSRB,2020-01-01,kauptaxtar,,17000,krónutala,149.13,9,krónutöluhækkun - vísitala stendur í stað,1,0,samningur_508.txt
nafn:félag flugmálastarfsmanna,86,Félag flugmálastarfsmanna,almennur,BSRB,2020-04-01,almenn laun,,18000,krónutala,149.13,3,krónutöluhækkun - vísitala stendur í stað,2,0,samningur_508.txt
nafn:félag flugmálastarfsmanna,86,Félag flugmálastarfsmanna,almennur,BSRB,2021-01-01,almenn laun,,15750,krónutala,149.13,9,krónutöluhækkun - vísitala stendur í stað,2,0,samningur_508.txt
nafn:félag flugmálastarfsmanna,86,Félag flugmálastarfsmanna,almennur,BSRB,2022-01-01,almenn laun,2.5,17250,prósenta og krónutala,152.85,12,,3,1,samningur_508.txt
nafn:félag flugmálastarfsmanna,,Félag flugmálastarfsmanna,almennur,,2022-11-01,kauptaxtar,6.75,66000,prósenta og krónutala,163.17,10,,1,1,ffr_isavia_2023.txt
nafn:félag flugmálastarfsmanna,86,Félag flugmálastarfsmanna,almennur,BSRB,2024-02-01,launatafla,3.25,23750,prósenta eða krónutala,168.48,15,,2,1,samningur_1664.txt
nafn:félag flugmálastarfsmanna,86,Félag flugmálastarfsmanna,almennur,BSRB,2025-01-01,launatafla,3.5,23750,prósenta eða krónutala,174.37,11,,2,1,samningur_1664.txt
nafn:félag flugmálastarfsmanna,86,Félag flugmálastarfsmanna,almennur,BSRB,2027-01-01,launatafla,3.5,23750,prósenta eða krónutala,180.48,24,,2,1,samningur_1664.txt
nafn:félag framhaldsskólakennara,17,Félag framhaldsskólakennara,opinber,KÍ,2025-08-01,launatafla,2.0,,prósenta,100.0,,grunnur,1,1,ki_taekniskoli_2024.txt
nafn:félag fréttamanna,,Félag fréttamanna,,,2009-03-01,kauptaxtar,3.5,21000,krónutala,100.0,,grunnur,2,1,samningur_656.txt
nafn:félag fréttamanna,,Félag fréttamanna,,,2010-01-01,kauptaxtar,2.5,,prósenta,102.5,10,,1,1,samningur_656.txt
nafn:félag fréttamanna,61,Félag fréttamanna,opinber,Sérfélög,2014-12-31,kauptaxtar,3.2,,prósenta,105.78,59,löng eyða á undan,1,1,samningur_658.txt
nafn:félag fréttamanna,61,Félag fréttamanna,opinber,Sérfélög,2015-12-31,kauptaxtar,3.2,,prósenta,109.16,12,,1,1,samningur_658.txt
nafn:félag fréttamanna,61,Félag fréttamanna,opinber,Sérfélög,2016-05-01,kauptaxtar,3.2,,prósenta,112.66,5,,1,1,samningur_658.txt
nafn:félag fréttamanna,61,Félag fréttamanna,opinber,Sérfélög,2017-05-01,kauptaxtar,4.5,,prósenta,117.73,12,,1,1,samningur_658.txt
nafn:félag fréttamanna,61,Félag fréttamanna,opinber,Sérfélög,2019-04-01,kauptaxtar,,17000,krónutala,117.73,23,krónutöluhækkun - vísitala stendur í stað,1,0,samningur_661.txt
nafn:félag fréttamanna,61,Félag fréttamanna,opinber,Sérfélög,2020-04-01,kauptaxtar,,21000,krónutala,117.73,12,krónutöluhækkun - vísitala stendur í stað,2,0,samningur_661.txt
nafn:félag fréttamanna,61,Félag fréttamanna,opinber,Sérfélög,2021-01-01,kauptaxtar,,19875,krónutala,117.73,9,krónutöluhækkun - vísitala stendur í stað,2,0,samningur_661.txt
nafn:félag fréttamanna,61,Félag fréttamanna,opinber,Sérfélög,2022-01-01,kauptaxtar,2.5,21125,krónutala,120.67,12,,2,1,samningur_661.txt
nafn:félag fréttamanna,61,Félag fréttamanna,opinber,Sérfélög,2022-11-01,kauptaxtar,6.75,66000,prósenta og krónutala,128.82,10,,1,1,samningur_659.txt
nafn:félag fréttamanna,61,Félag fréttamanna,opinber,Sérfélög,2024-02-01,launatafla,3.25,23750,prósenta eða krónutala,133.0,15,,1,1,samningur_16.txt
nafn:félag fréttamanna,61,Félag fréttamanna,opinber,Sérfélög,2025-01-01,launatafla,3.5,23750,prósenta eða krónutala,137.66,11,,1,1,samningur_16.txt
nafn:félag fréttamanna,61,Félag fréttamanna,opinber,Sérfélög,2027-01-01,launatafla,3.5,23750,prósenta eða krónutala,142.48,24,,1,1,samningur_16.txt
nafn:félag geislafræðinga,57,Félag geislafræðinga,opinber,BHM,2019-04-01,almenn laun,,17000,krónutala,100.0,,grunnur,1,0,samningur_729.txt
nafn:félag geislafræðinga,57,Félag geislafræðinga,opinber,BHM,2020-04-01,launatafla,,18000,krónutala,100.0,12,krónutöluhækkun - vísitala stendur í stað,1,0,samningur_729.txt
nafn:félag geislafræðinga,57,Félag geislafræðinga,opinber,BHM,2021-01-01,launatafla,,15750,krónutala,100.0,9,krónutöluhækkun - vísitala stendur í stað,1,0,samningur_729.txt
nafn:félag geislafræðinga,57,Félag geislafræðinga,opinber,BHM,2022-01-01,launatafla,,17250,krónutala,100.0,12,krónutöluhækkun - vísitala stendur í stað,1,0,samningur_729.txt
nafn:félag geislafræðinga,57,Félag geislafræðinga,opinber,BHM,2024-04-01,óskilgreint,3.5,,prósenta,103.5,27,löng eyða á undan,2,1,Kjarasamningur_Felag_geislafrae_og_Rikissjodur_SNR.txt
nafn:félag geislafræðinga,57,Félag geislafræðinga,opinber,BHM,2025-04-01,óskilgreint,3.5,,prósenta,107.12,12,,2,1,Kjarasamningur_Felag_geislafrae_og_Rikissjodur_SNR.txt
nafn:félag geislafræðinga,57,Félag geislafræðinga,opinber,BHM,2026-04-01,óskilgreint,3.5,,prósenta,110.87,12,,2,1,Kjarasamningur_Felag_geislafrae_og_Rikissjodur_SNR.txt
nafn:félag geislafræðinga,57,Félag geislafræðinga,opinber,BHM,2027-04-01,óskilgreint,3.5,,prósenta,114.75,12,,2,1,Kjarasamningur_Felag_geislafrae_og_Rikissjodur_SNR.txt
nafn:félag grunnskólakennara,130,Félag grunnskólakennara,opinber,KÍ,2021-01-01,óskilgreint,2.5,,prósenta,100.0,,grunnur,1,1,samningur_757.txt
nafn:félag hársnyrtisveina,,Félag hársnyrtisveina,almennur,,2019-04-01,almenn laun,,17000,krónutala,100.0,,grunnur,1,0,samningur_1457.txt
nafn:félag hársnyrtisveina,,Félag hársnyrtisveina,almennur,,2020-04-01,almenn laun,,18000,krónutala,100.0,12,krónutöluhækkun - vísitala stendur í stað,1,0,samningur_1457.txt
nafn:félag hársnyrtisveina,,Félag hársnyrtisveina,almennur,,2021-01-01,almenn laun,,15750,krónutala,100.0,9,krónutöluhækkun - vísitala stendur í stað,1,0,samningur_1457.txt
nafn:félag hársnyrtisveina,,Félag hársnyrtisveina,almennur,,2022-01-01,almenn laun,,17250,krónutala,100.0,12,krónutöluhækkun - vísitala stendur í stað,1,0,samningur_1457.txt
nafn:félag háskólakennara,48,Félag háskólakennara,opinber,BHM,2019-04-01,launatafla,,17000,krónutala,100.0,,grunnur,1,0,samningur_502.txt
nafn:félag háskólakennara,48,Félag háskólakennara,opinber,BHM,2020-04-01,launatafla,,18000,krónutala,100.0,12,krónutöluhækkun - vísitala stendur í stað,1,0,samningur_502.txt
nafn:félag háskólakennara,48,Félag háskólakennara,opinber,BHM,2020-09-01,launatafla,,17000,krónutala,100.0,5,krónutöluhækkun - vísitala stendur í stað,1,0,samningur_502.txt
nafn:félag háskólakennara,48,Félag háskólakennara,opinber,BHM,2021-01-01,launatafla,,15750,krónutala,100.0,4,krónutöluhækkun - vísitala stendur í stað,1,0,samningur_502.txt
nafn:félag háskólakennara,48,Félag háskólakennara,opinber,BHM,2022-01-01,launatafla,,17250,krónutala,100.0,12,krónutöluhækkun - vísitala stendur í stað,1,0,samningur_502.txt
nafn:félag háskólakennara,48,Félag háskólakennara,opinber,Sérfélög,2024-04-01,óskilgreint,3.5,,prósenta,103.5,27,löng eyða á undan,1,1,samningur_1628.txt
nafn:félag háskólakennara,48,Félag háskólakennara,opinber,Sérfélög,2025-04-01,óskilgreint,3.5,,prósenta,107.12,12,,1,1,samningur_1628.txt
nafn:félag háskólakennara,48,Félag háskólakennara,opinber,Sérfélög,2026-04-01,óskilgreint,3.5,,prósenta,110.87,12,,1,1,samningur_1628.txt
nafn:félag háskólakennara,48,Félag háskólakennara,opinber,Sérfélög,2027-04-01,óskilgreint,3.5,,prósenta,114.75,12,,1,1,samningur_1628.txt
nafn:félag háskólamenntaðra starfsmanna stjórnarráðsins,56,Félag háskólamenntaðra starfsmanna Stjórnarráðsins,opinber,BHM,2019-04-01,almenn laun,,17000,krónutala,100.0,,grunnur,1,0,samningur_724.txt
nafn:félag háskólamenntaðra starfsmanna stjórnarráðsins,56,Félag háskólamenntaðra starfsmanna Stjórnarráðsins,opinber,BHM,2020-04-01,launatafla,,18000,krónutala,100.0,12,krónutöluhækkun - vísitala stendur í stað,1,0,samningur_724.txt
nafn:félag háskólamenntaðra starfsmanna stjórnarráðsins,56,Félag háskólamenntaðra starfsmanna Stjórnarráðsins,opinber,BHM,2021-01-01,launatafla,,15750,krónutala,100.0,9,krónutöluhækkun - vísitala stendur í stað,1,0,samningur_724.txt
nafn:félag háskólamenntaðra starfsmanna stjórnarráðsins,56,Félag háskólamenntaðra starfsmanna Stjórnarráðsins,opinber,BHM,2022-01-01,launatafla,,17250,krónutala,100.0,12,krónutöluhækkun - vísitala stendur í stað,1,0,samningur_724.txt
nafn:félag háskólamenntaðra starfsmanna stjórnarráðsins,56,Félag háskólamenntaðra starfsmanna Stjórnarráðsins,opinber,BHM,2024-04-01,óskilgreint,3.5,,prósenta,103.5,27,löng eyða á undan,1,1,samningur_1342.txt
nafn:félag háskólamenntaðra starfsmanna stjórnarráðsins,56,Félag háskólamenntaðra starfsmanna Stjórnarráðsins,opinber,BHM,2025-04-01,óskilgreint,3.5,,prósenta,107.12,12,,1,1,samningur_1342.txt
nafn:félag háskólamenntaðra starfsmanna stjórnarráðsins,56,Félag háskólamenntaðra starfsmanna Stjórnarráðsins,opinber,BHM,2026-04-01,óskilgreint,3.5,,prósenta,110.87,12,,1,1,samningur_1342.txt
nafn:félag háskólamenntaðra starfsmanna stjórnarráðsins,56,Félag háskólamenntaðra starfsmanna Stjórnarráðsins,opinber,BHM,2027-04-01,óskilgreint,3.5,,prósenta,114.75,12,,1,1,samningur_1342.txt
nafn:félag iðn- og tæknigreina,39,Félag iðn- og tæknigreina,opinber,ASÍ,2002-01-01,almenn laun,3.0,,prósenta,100.0,,grunnur,1,1,SKM_C554e23092516000.txt
nafn:félag iðn- og tæknigreina,39,Félag iðn- og tæknigreina,opinber,ASÍ,2003-01-01,almenn laun,3.0,,prósenta,103.0,12,,1,1,SKM_C554e23092516000.txt
nafn:félag iðn- og tæknigreina,28,Félag iðn- og tæknigreina,almennur,ASÍ,2004-04-26,kauptaxtar,3.25,,prósenta,106.35,15,,1,1,SKM_C554e23090617150.txt
nafn:félag iðn- og tæknigreina,28,Félag iðn- og tæknigreina,almennur,ASÍ,2004-06-28,kauptaxtar,3.25,,prósenta,109.8,2,,2,1,SKM_C554e23092614300.txt
nafn:félag iðn- og tæknigreina,28,Félag iðn- og tæknigreina,,ASÍ,2004-12-01,kauptaxtar,2.25,,prósenta,112.27,6,,1,1,samningur_122.txt
nafn:félag iðn- og tæknigreina,28,Félag iðn- og tæknigreina,almennur,ASÍ,2005-01-01,kauptaxtar,3.0,,prósenta,115.64,1,,3,1,SKM_C554e23092614300.txt
nafn:félag iðn- og tæknigreina,28,Félag iðn- og tæknigreina,,ASÍ,2006-01-01,kauptaxtar,2.5,,prósenta,118.53,12,,4,2,samningur_122.txt
nafn:félag iðn- og tæknigreina,28,Félag iðn- og tæknigreina,,ASÍ,2007-01-01,kauptaxtar,2.25,,prósenta,121.2,12,,4,2,samningur_122.txt
nafn:félag iðn- og tæknigreina,28,Félag iðn- og tæknigreina,,ASÍ,2008-01-01,kauptaxtar,2.25,,prósenta,123.93,12,,1,1,samningur_122.txt
nafn:félag iðn- og tæknigreina,28,Félag iðn- og tæknigreina,,ASÍ,2009-02-01,kauptaxtar,3.25,,prósenta,127.96,13,,1,1,Sementsverksmidjan.txt
nafn:félag iðn- og tæknigreina,28,Félag iðn- og tæknigreina,,ASÍ,2009-08-01,kauptaxtar,3.25,,prósenta,132.11,6,,1,1,Sementsverksmidjan.txt
nafn:félag iðn- og tæknigreina,28,Félag iðn- og tæknigreina,almennur,ASÍ,2013-02-01,launatafla,3.0,,prósenta,136.08,42,löng eyða á undan,1,1,ELKEM.txt
nafn:félag iðn- og tæknigreina,28,Félag iðn- og tæknigreina,almennur,ASÍ,2014-12-31,kauptaxtar,,78000,krónutala,136.08,22,krónutöluhækkun - vísitala stendur í stað,1,0,samningur_214.txt
nafn:félag iðn- og tæknigreina,28,Félag iðn- og tæknigreina,almennur,ASÍ,2017-01-01,óskilgreint,5.0,,prósenta,142.88,25,löng eyða á undan,2,1,fit_taekniteiknarar_2016.txt
nafn:félag iðn- og tæknigreina,28,Félag iðn- og tæknigreina,almennur,ASÍ,2017-02-01,kauptaxtar,4.5,,prósenta,149.31,1,,1,1,samningur_217.txt
nafn:félag iðn- og tæknigreina,28,Félag iðn- og tæknigreina,almennur,ASÍ,2017-05-01,óskilgreint,4.5,,prósenta,156.03,3,,2,1,fit_taekniteiknarar_2016.txt
nafn:félag iðn- og tæknigreina,28,Félag iðn- og tæknigreina,almennur,ASÍ,2017-06-01,kauptaxtar,4.5,,prósenta,163.05,1,,1,1,samningur_217.txt
nafn:félag iðn- og tæknigreina,28,Félag iðn- og tæknigreina,almennur,ASÍ,2018-01-01,launatafla,3.0,,prósenta,167.94,7,,1,1,samningur_217.txt
nafn:félag iðn- og tæknigreina,28,Félag iðn- og tæknigreina,,ASÍ,2018-05-01,óskilgreint,4.5,,prósenta,175.5,4,,1,1,samningur_1875.txt
nafn:félag iðn- og tæknigreina,,Félag iðn- og tæknigreina,almennur,ASÍ,2019-04-01,almenn laun,,17000,krónutala,175.5,11,krónutöluhækkun - vísitala stendur í stað,1,0,samningur_186.txt
nafn:félag iðn- og tæknigreina,,Félag iðn- og tæknigreina,almennur,ASÍ,2020-04-01,almenn laun,,18000,krónutala,175.5,12,krónutöluhækkun - vísitala stendur í stað,1,0,samningur_186.txt
nafn:félag iðn- og tæknigreina,,Félag iðn- og tæknigreina,almennur,ASÍ,2021-01-01,almenn laun,,15750,krónutala,175.5,9,krónutöluhækkun - vísitala stendur í stað,1,0,samningur_186.txt
nafn:félag iðn- og tæknigreina,,Félag iðn- og tæknigreina,almennur,ASÍ,2022-01-01,kauptaxtar,2.5,17250,prósenta og krónutala,179.89,12,,1,1,samningur_186.txt
nafn:félag járniðnaðarmanna félag byggingariðnaðarmanna,,"Félag járniðnaðarmanna, Félag byggingariðnaðarmanna",,,2001-01-01,almenn laun,3.0,,prósenta,100.0,,grunnur,1,1,SKM_C554e23100515240.txt
nafn:félag járniðnaðarmanna félag byggingariðnaðarmanna,,"Félag járniðnaðarmanna, Félag byggingariðnaðarmanna",,,2002-01-01,almenn laun,3.0,,prósenta,103.0,12,,1,1,SKM_C554e23100515240.txt
nafn:félag járniðnaðarmanna félag byggingariðnaðarmanna,,"Félag járniðnaðarmanna, Félag byggingariðnaðarmanna",,,2003-01-01,almenn laun,3.0,,prósenta,106.09,12,,1,1,SKM_C554e23100515240.txt
nafn:félag kennara og stjórnenda í tónlistarskólum,132,Félag kennara og stjórnenda í tónlistarskólum,opinber,KÍ,2017-06-01,almenn laun,,50000,krónutala,100.0,,grunnur,1,0,samningur_297.txt
nafn:félag kennara og stjórnenda í tónlistarskólum,132,Félag kennara og stjórnenda í tónlistarskólum,opinber,KÍ,2021-01-01,launatafla,2.5,,prósenta,102.5,43,löng eyða á undan,1,1,samningur_294.txt
nafn:félag kennara og stjórnenda í tónlistarskólum,132,Félag kennara og stjórnenda í tónlistarskólum,opinber,KÍ,2022-01-01,almenn laun,2.5,,prósenta,105.06,12,,1,1,samningur_291.txt
nafn:félag kennara og stjórnenda í tónlistarskólum,132,Félag kennara og stjórnenda í tónlistarskólum,opinber,KÍ,2024-01-01,launatafla,5.0,,prósenta,110.32,24,,1,1,samningur_292.txt
nafn:félag leikskólakennara,131,Félag leikskólakennara,opinber,KÍ,2021-01-01,launatafla,2.5,,prósenta,100.0,,grunnur,1,1,samningur_807.txt
nafn:félag leikskólakennara,131,Félag leikskólakennara,opinber,KÍ,2022-01-01,launatafla,2.5,,prósenta,102.5,12,,1,1,samningur_806.txt
nafn:félag leikstjóra á íslandi,65,Félag leikstjóra á Íslandi,almennur,BHM,2020-01-01,kauptaxtar,,17125,krónutala,100.0,,grunnur,2,0,samningur_6.txt
nafn:félag leikstjóra á íslandi,65,Félag leikstjóra á Íslandi,almennur,BHM,2020-04-01,kauptaxtar,,18000,krónutala,100.0,3,krónutöluhækkun - vísitala stendur í stað,1,0,samningur_6.txt
nafn:félag leikstjóra á íslandi,65,Félag leikstjóra á Íslandi,almennur,BHM,2021-01-01,kauptaxtar,,15750,krónutala,100.0,9,krónutöluhækkun - vísitala stendur í stað,1,0,samningur_6.txt
nafn:félag leikstjóra á íslandi,65,Félag leikstjóra á Íslandi,almennur,BHM,2022-01-01,kauptaxtar,,17250,krónutala,100.0,12,krónutöluhækkun - vísitala stendur í stað,1,0,samningur_6.txt
nafn:félag leikstjóra á íslandi,65,Félag leikstjóra á Íslandi,almennur,BHM,2024-04-01,óskilgreint,3.5,,prósenta,103.5,27,löng eyða á undan,1,1,Kjarasamningur_Felags_leikstjora_a_Islandi_2025.txt
nafn:félag leikstjóra á íslandi,65,Félag leikstjóra á Íslandi,almennur,BHM,2025-04-01,óskilgreint,3.5,,prósenta,107.12,12,,1,1,Kjarasamningur_Felags_leikstjora_a_Islandi_2025.txt
nafn:félag leikstjóra á íslandi,65,Félag leikstjóra á Íslandi,almennur,BHM,2026-04-01,óskilgreint,3.5,,prósenta,110.87,12,,1,1,Kjarasamningur_Felags_leikstjora_a_Islandi_2025.txt
nafn:félag leikstjóra á íslandi,65,Félag leikstjóra á Íslandi,almennur,BHM,2027-04-01,óskilgreint,3.5,,prósenta,114.75,12,,1,1,Kjarasamningur_Felags_leikstjora_a_Islandi_2025.txt
nafn:félag lífeindafræðinga,62,Félag lífeindafræðinga,opinber,BHM,2019-04-01,almenn laun,,17000,krónutala,100.0,,grunnur,1,0,samningur_701.txt
nafn:félag lífeindafræðinga,62,Félag lífeindafræðinga,opinber,BHM,2020-04-01,launatafla,,18000,krónutala,100.0,12,krónutöluhækkun - vísitala stendur í stað,1,0,samningur_701.txt
nafn:félag lífeindafræðinga,62,Félag lífeindafræðinga,opinber,BHM,2021-01-01,launatafla,,15750,krónutala,100.0,9,krónutöluhækkun - vísitala stendur í stað,1,0,samningur_701.txt
nafn:félag lífeindafræðinga,62,Félag lífeindafræðinga,opinber,BHM,2022-01-01,launatafla,,17250,krónutala,100.0,12,krónutöluhækkun - vísitala stendur í stað,1,0,samningur_701.txt
nafn:félag lífeindafræðinga,62,Félag lífeindafræðinga,opinber,BHM,2024-04-01,óskilgreint,3.5,,prósenta,103.5,27,löng eyða á undan,1,1,Kjarasamningur_Felag_lifeindaf_og_Rikissjodur_SNR.txt
nafn:félag lífeindafræðinga,62,Félag lífeindafræðinga,opinber,BHM,2025-04-01,óskilgreint,3.5,,prósenta,107.12,12,,1,1,Kjarasamningur_Felag_lifeindaf_og_Rikissjodur_SNR.txt
nafn:félag lífeindafræðinga,62,Félag lífeindafræðinga,opinber,BHM,2026-04-01,óskilgreint,3.5,,prósenta,110.87,12,,1,1,Kjarasamningur_Felag_lifeindaf_og_Rikissjodur_SNR.txt
nafn:félag lífeindafræðinga,62,Félag lífeindafræðinga,opinber,BHM,2027-04-01,óskilgreint,3.5,,prósenta,114.75,12,,1,1,Kjarasamningur_Felag_lifeindaf_og_Rikissjodur_SNR.txt
nafn:félag matreiðslumanna,,Félag matreiðslumanna,almennur,,1976-07-01,óskilgreint,6.0,,prósenta,100.0,,grunnur,1,1,SKM_C554e23091214510.txt
nafn:félag matreiðslumanna,,Félag matreiðslumanna,almennur,,1976-10-01,óskilgreint,6.0,,prósenta,106.0,3,,1,1,SKM_C554e23091214510.txt
nafn:félag matreiðslumanna,,Félag matreiðslumanna,almennur,,1977-02-01,óskilgreint,6.0,,prósenta,112.36,4,,1,1,SKM_C554e23091214510.txt
nafn:félag matreiðslumanna,,Félag matreiðslumanna,opinber,,1980-12-01,byrjunarlaun,5.0,,prósenta,117.98,46,löng eyða á undan,1,1,SKM_C554e23091214550.txt
nafn:félag matreiðslumanna,,Félag matreiðslumanna,almennur,,1983-01-01,almenn laun,2.0,,prósenta,120.34,25,löng eyða á undan,1,1,SKM_C554e23091214560.txt
nafn:félag prófessora við ríkisháskóla,82,Félag prófessora við ríkisháskóla,opinber,BHM,2019-04-01,launatafla,,17000,krónutala,100.0,,grunnur,1,0,samningur_699.txt
nafn:félag prófessora við ríkisháskóla,82,Félag prófessora við ríkisháskóla,opinber,BHM,2020-09-01,launatafla,,17000,krónutala,100.0,17,krónutöluhækkun - vísitala stendur í stað,1,0,samningur_699.txt
nafn:félag prófessora við ríkisháskóla,82,Félag prófessora við ríkisháskóla,opinber,BHM,2024-04-01,óskilgreint,3.5,,prósenta,103.5,43,löng eyða á undan,1,1,samningur_fpr_2024.txt
nafn:félag prófessora við ríkisháskóla,82,Félag prófessora við ríkisháskóla,opinber,BHM,2025-04-01,óskilgreint,3.5,,prósenta,107.12,12,,1,1,samningur_fpr_2024.txt
nafn:félag prófessora við ríkisháskóla,82,Félag prófessora við ríkisháskóla,opinber,BHM,2026-04-01,óskilgreint,3.5,,prósenta,110.87,12,,1,1,samningur_fpr_2024.txt
nafn:félag prófessora við ríkisháskóla,82,Félag prófessora við ríkisháskóla,opinber,BHM,2027-04-01,óskilgreint,3.5,,prósenta,114.75,12,,1,1,samningur_fpr_2024.txt
nafn:félag rafiðnaðarmanna,,Félag rafiðnaðarmanna,almennur,,2011-06-01,kauptaxtar,4.25,,prósenta,100.0,,grunnur,1,1,1fd323ac2d3820a17418cc0ffe01b62a.txt
nafn:félag rafiðnaðarmanna,,Félag rafiðnaðarmanna,almennur,,2012-02-01,kauptaxtar,3.5,,prósenta,103.5,8,,1,1,1fd323ac2d3820a17418cc0ffe01b62a.txt
nafn:félag rafiðnaðarmanna,,Félag rafiðnaðarmanna,almennur,,2013-02-01,kauptaxtar,3.25,,prósenta,106.86,12,,1,1,1fd323ac2d3820a17418cc0ffe01b62a.txt
nafn:félag sjúkraþjálfara,50,Félag sjúkraþjálfara,opinber,BHM,2019-04-01,launatafla,,17000,krónutala,100.0,,grunnur,1,0,samningur_996.txt
nafn:félag sjúkraþjálfara,50,Félag sjúkraþjálfara,opinber,BHM,2020-04-01,launatafla,,24000,krónutala,100.0,12,krónutöluhækkun - vísitala stendur í stað,1,0,samningur_996.txt
nafn:félag sjúkraþjálfara,50,Félag sjúkraþjálfara,opinber,BHM,2020-07-01,óskilgreint,0.75,,prósenta,100.75,3,,1,1,samningur_996.txt
nafn:félag sjúkraþjálfara,50,Félag sjúkraþjálfara,opinber,BHM,2021-01-01,launatafla,,24000,krónutala,100.75,6,krónutöluhækkun - vísitala stendur í stað,2,0,samningur_996.txt
nafn:félag sjúkraþjálfara,50,Félag sjúkraþjálfara,opinber,BHM,2022-01-01,launatafla,,17000,krónutala,100.75,12,krónutöluhækkun - vísitala stendur í stað,1,0,samningur_414.txt
nafn:félag sjúkraþjálfara,50,Félag sjúkraþjálfara,opinber,BHM,2024-04-01,launatafla,3.25,23750,prósenta eða krónutala,104.02,27,löng eyða á undan,4,1,Kjarasamningur_Felag_sjukrathja_og_Reykjavikurborg.txt
nafn:félag sjúkraþjálfara,50,Félag sjúkraþjálfara,opinber,BHM,2025-04-01,almenn laun,3.5,23750,prósenta eða krónutala,107.67,12,,4,1,Kjarasamningur_Felag_sjukrathja_og_Reykjavikurborg.txt
nafn:félag sjúkraþjálfara,50,Félag sjúkraþjálfara,opinber,BHM,2026-04-01,almenn laun,3.5,23750,prósenta eða krónutala,111.43,12,,4,1,Kjarasamningur_Felag_sjukrathja_og_Reykjavikurborg.txt
nafn:félag sjúkraþjálfara,50,Félag sjúkraþjálfara,opinber,BHM,2027-04-01,almenn laun,3.5,23750,prósenta eða krónutala,115.33,12,,4,1,Kjarasamningur_Felag_sjukrathja_og_Reykjavikurborg.txt
nafn:félag skipstjórnarmanna,27,Félag skipstjórnarmanna,opinber,Sérfélög,2011-06-01,launatafla,4.6,12000,prósenta með krónutölulágmarki,100.0,,grunnur,1,1,samningur_774.txt
nafn:félag skipstjórnarmanna,34,Félag skipstjórnarmanna,almennur,BHM,2011-12-13,kauptaxtar,4.25,,prósenta,104.25,6,,1,1,samningur_791.txt
nafn:félag skipstjórnarmanna,34,Félag skipstjórnarmanna,almennur,BHM,2012-01-01,kauptaxtar,4.25,,prósenta,108.68,1,,1,1,samningur_791.txt
nafn:félag skipstjórnarmanna,27,Félag skipstjórnarmanna,opinber,Sérfélög,2012-03-01,launatafla,3.3,11000,prósenta með krónutölulágmarki,112.27,2,,2,1,samningur_774.txt
nafn:félag skipstjórnarmanna,34,Félag skipstjórnarmanna,almennur,BHM,2012-12-13,launatafla,,50000,krónutala,112.27,9,krónutöluhækkun - vísitala stendur í stað,1,0,samningur_791.txt
nafn:félag skipstjórnarmanna,27,Félag skipstjórnarmanna,opinber,Sérfélög,2015-11-01,launatafla,,25000,krónutala,112.27,35,krónutöluhækkun - vísitala stendur í stað,1,0,samningur_288.txt
nafn:félag skipstjórnarmanna,27,Félag skipstjórnarmanna,opinber,Sérfélög,2016-06-01,launatafla,5.5,15000,prósenta eða krónutala,118.44,7,,1,1,samningur_288.txt
nafn:félag skipstjórnarmanna,27,Félag skipstjórnarmanna,opinber,Sérfélög,2017-02-01,óskilgreint,2.0,,prósenta,120.81,8,,1,1,samningur_288.txt
nafn:félag skipstjórnarmanna,27,Félag skipstjórnarmanna,opinber,Sérfélög,2017-06-01,launatafla,2.5,,prósenta,123.83,4,,1,1,samningur_288.txt
nafn:félag skipstjórnarmanna,27,Félag skipstjórnarmanna,opinber,Sérfélög,2018-06-01,launatafla,2.0,,prósenta,126.31,12,,1,1,samningur_288.txt
nafn:félag skipstjórnarmanna,27,Félag skipstjórnarmanna,opinber,Sérfélög,2019-02-01,launatafla,,49000,krónutala,126.31,8,krónutöluhækkun - vísitala stendur í stað,1,0,samningur_288.txt
nafn:félag skipstjórnarmanna,,Félag skipstjórnarmanna,opinber,Sérfélög,2019-04-01,almenn laun,,17000,krónutala,126.31,2,krónutöluhækkun - vísitala stendur í stað,1,0,samningur_382.txt
nafn:félag skipstjórnarmanna,,Félag skipstjórnarmanna,opinber,Sérfélög,2020-04-01,launatafla,,18000,krónutala,126.31,12,krónutöluhækkun - vísitala stendur í stað,2,0,samningur_382.txt
nafn:félag skipstjórnarmanna,,Félag skipstjórnarmanna,opinber,Sérfélög,2021-01-01,launatafla,,15750,krónutala,126.31,9,krónutöluhækkun - vísitala stendur í stað,1,0,samningur_382.txt
nafn:félag skipstjórnarmanna,,Félag skipstjórnarmanna,opinber,Sérfélög,2022-01-01,launatafla,,17250,krónutala,126.31,12,krónutöluhækkun - vísitala stendur í stað,1,0,samningur_382.txt
nafn:félag skipstjórnarmanna,27,Félag skipstjórnarmanna,almennur,Sérfélög,2022-11-01,kauptaxtar,6.75,66000,prósenta og krónutala,134.83,10,,1,1,samningur_82.txt
nafn:félag skipstjórnarmanna,27,Félag skipstjórnarmanna,opinber,Sérfélög,2024-02-01,launatafla,3.25,23750,prósenta eða krónutala,139.22,15,,3,1,Kjarasamningur_FS_og_VM_og_Faxafloahafna.txt
nafn:félag skipstjórnarmanna,,Félag skipstjórnarmanna,opinber,Sérfélög,2024-04-01,launatafla,3.25,23750,prósenta eða krónutala,143.74,2,,2,1,Félag skipstjórnarmanna og SNS_24.1.2025 (1).txt
nafn:félag skipstjórnarmanna,,Félag skipstjórnarmanna,opinber,Sérfélög,2024-10-31,launatafla,15.0,,prósenta,165.3,6,,2,1,Félag skipstjórnarmanna og SNS_24.1.2025 (1).txt
nafn:félag skipstjórnarmanna,27,Félag skipstjórnarmanna,opinber,Sérfélög,2025-01-01,launatafla,3.5,23750,prósenta eða krónutala,171.09,3,,2,1,Kjarasamningur_FS_og_VM_og_Faxafloahafna.txt
nafn:félag skipstjórnarmanna,,Félag skipstjórnarmanna,opinber,Sérfélög,2025-04-01,launatafla,3.5,23750,prósenta eða krónutala,177.07,3,,4,1,Félag skipstjórnarmanna og SNS_24.1.2025 (1).txt
nafn:félag skipstjórnarmanna,27,Félag skipstjórnarmanna,opinber,Sérfélög,2025-05-01,launatafla,3.5,23750,prósenta eða krónutala,183.27,1,,1,1,Kjarasamningur_FS_og_VM_og_Faxafloahafna.txt
nafn:félag skipstjórnarmanna,27,Félag skipstjórnarmanna,opinber,Sérfélög,2026-01-01,launatafla,3.5,23750,prósenta eða krónutala,189.69,8,,2,1,Kjarasamningur_FS_og_VM_og_Faxafloahafna.txt
nafn:félag skipstjórnarmanna,,Félag skipstjórnarmanna,opinber,Sérfélög,2026-04-01,launatafla,3.5,23750,prósenta eða krónutala,196.33,3,,2,1,Félag skipstjórnarmanna og SNS_24.1.2025 (1).txt
nafn:félag skipstjórnarmanna,27,Félag skipstjórnarmanna,opinber,Sérfélög,2027-01-01,launatafla,3.5,23750,prósenta eða krónutala,203.2,9,,3,2,Kjarasamningur_FS_og_VM_og_Faxafloahafna.txt
nafn:félag skipstjórnarmanna,27,Félag skipstjórnarmanna,almennur,Sérfélög,2028-01-01,almenn laun,2.5,,prósenta,208.28,12,,1,1,Kjarasamningur milli félags skipstjórnarmanna v-félagsmanna FS hjá Björgun ehf. og SA 1.04.2025.txt
nafn:félag skipstjórnarmanna skipstjóra- og stýrimannafélagið verðandi skipstjóra- og stýrimannafélagið vísir,,"Félag skipstjórnarmanna, Skipstjóra- og stýrimannafélagið Verðandi, Skipstjóra- og stýrimannafélagið Vísir",almennur,ASÍ,2024-02-01,óskilgreint,13.1,,prósenta,100.0,,grunnur,1,1,visir_fss_2023.txt
nafn:félag starfsmanna stjórnarráðsins,63,Félag starfsmanna stjórnarráðsins,opinber,BSRB,2019-04-01,launatafla,,17000,krónutala,100.0,,grunnur,1,0,samningur_410.txt
nafn:félag starfsmanna stjórnarráðsins,63,Félag starfsmanna stjórnarráðsins,opinber,BSRB,2020-04-01,launatafla,,24000,krónutala,100.0,12,krónutöluhækkun - vísitala stendur í stað,1,0,samningur_410.txt
nafn:félag starfsmanna stjórnarráðsins,63,Félag starfsmanna stjórnarráðsins,opinber,BSRB,2021-01-01,launatafla,,24000,krónutala,100.0,9,krónutöluhækkun - vísitala stendur í stað,1,0,samningur_410.txt
nafn:félag starfsmanna stjórnarráðsins,63,Félag starfsmanna stjórnarráðsins,opinber,BSRB,2022-01-01,launatafla,,25000,krónutala,100.0,12,krónutöluhækkun - vísitala stendur í stað,1,0,samningur_410.txt
nafn:félag tanntækna og aðstoðarfólks tannlækna,,Félag tanntækna og aðstoðarfólks tannlækna,almennur,Sérfélög,2024-04-01,lágmarkstekjur,3.25,23750,prósenta eða krónutala,100.0,,grunnur,2,1,ftat_tfi_2024.txt
nafn:félag tanntækna og aðstoðarfólks tannlækna,,Félag tanntækna og aðstoðarfólks tannlækna,almennur,Sérfélög,2025-01-01,byrjunarlaun,3.5,23750,prósenta eða krónutala,103.5,9,,2,1,samningur_1369.txt
nafn:félag tanntækna og aðstoðarfólks tannlækna,,Félag tanntækna og aðstoðarfólks tannlækna,almennur,Sérfélög,2026-01-01,byrjunarlaun,3.5,23750,prósenta eða krónutala,107.12,12,,2,1,samningur_1369.txt
nafn:félag tæknifólks hjá landsvirkjun,,Félag tæknifólks hjá Landsvirkjun,opinber,,2006-01-01,launatafla,3.5,,prósenta,100.0,,grunnur,1,1,samningur_233.txt
nafn:félag tæknifólks hjá landsvirkjun,,Félag tæknifólks hjá Landsvirkjun,opinber,,2007-01-01,launatafla,2.75,,prósenta,102.75,12,,1,1,samningur_233.txt
nafn:félag tæknifólks hjá landsvirkjun,,Félag tæknifólks hjá Landsvirkjun,opinber,,2008-01-01,launatafla,2.25,,prósenta,105.06,12,,1,1,samningur_233.txt
nafn:félag tæknifólks hjá landsvirkjun,,Félag tæknifólks hjá Landsvirkjun,opinber,,2011-06-01,launatafla,4.25,,prósenta,109.53,41,löng eyða á undan,1,1,samningur_231.txt
nafn:félag tæknifólks hjá landsvirkjun,,Félag tæknifólks hjá Landsvirkjun,opinber,,2012-02-01,launatafla,3.5,,prósenta,113.36,8,,1,1,samningur_231.txt
nafn:félag tæknifólks hjá landsvirkjun,,Félag tæknifólks hjá Landsvirkjun,opinber,,2013-02-01,launatafla,3.25,,prósenta,117.04,12,,1,1,samningur_231.txt
nafn:félag tækniteiknara,7,Félag tækniteiknara,almennur,,2012-01-01,óskilgreint,3.95,,prósenta,100.0,,grunnur,1,1,2012_01_samningur_felag_radgjafarverkfraedinga_og_fit.txt
nafn:félag íslenskra atvinnuflugmanna,18,Félag íslenskra atvinnuflugmanna,opinber,Sérfélög,2018-02-10,óskilgreint,10.0,,prósenta,100.0,,grunnur,1,1,samningur_334.txt
nafn:félag íslenskra atvinnuflugmanna,18,Félag íslenskra atvinnuflugmanna,opinber,Sérfélög,2023-04-01,launatafla,3.0,,prósenta,103.0,62,löng eyða á undan,1,1,samningur_48.txt
nafn:félag íslenskra flugumferðarstjóra,,Félag íslenskra flugumferðarstjóra,opinber,BSRB,2003-01-01,launatafla,3.0,,prósenta,100.0,,grunnur,1,1,samningur_397.txt
nafn:félag íslenskra flugumferðarstjóra,,Félag íslenskra flugumferðarstjóra,opinber,BSRB,2004-01-01,launatafla,3.0,,prósenta,103.0,12,,1,1,samningur_397.txt
nafn:félag íslenskra flugumferðarstjóra,,Félag íslenskra flugumferðarstjóra,opinber,BSRB,2005-01-01,launatafla,1.5,,prósenta,104.54,12,,1,1,samningur_397.txt
nafn:félag íslenskra flugumferðarstjóra,,Félag íslenskra flugumferðarstjóra,opinber,BSRB,2005-07-01,launatafla,4.85,,prósenta,109.62,6,,1,1,samningur_398.txt
nafn:félag íslenskra flugumferðarstjóra,,Félag íslenskra flugumferðarstjóra,opinber,BSRB,2006-05-01,launatafla,7.43,,prósenta,117.76,10,,1,1,samningur_398.txt
nafn:félag íslenskra flugumferðarstjóra,,Félag íslenskra flugumferðarstjóra,opinber,BSRB,2007-01-01,launatafla,2.25,,prósenta,120.41,8,,1,1,samningur_398.txt
nafn:félag íslenskra flugumferðarstjóra,,Félag íslenskra flugumferðarstjóra,opinber,BSRB,2007-05-01,launatafla,2.0,,prósenta,122.82,4,,1,1,samningur_398.txt
nafn:félag íslenskra flugumferðarstjóra,51,Félag íslenskra flugumferðarstjóra,almennur,BSRB,2007-10-01,óskilgreint,5.5,,prósenta,129.57,5,,1,1,samningur_683.txt
nafn:félag íslenskra flugumferðarstjóra,51,Félag íslenskra flugumferðarstjóra,almennur,BSRB,2008-01-01,kauptaxtar,5.5,,prósenta,136.7,3,,1,1,samningur_683.txt
nafn:félag íslenskra flugumferðarstjóra,51,Félag íslenskra flugumferðarstjóra,almennur,BSRB,2009-03-01,kauptaxtar,3.5,,prósenta,141.48,14,,1,1,samningur_683.txt
nafn:félag íslenskra flugumferðarstjóra,51,Félag íslenskra flugumferðarstjóra,almennur,BSRB,2010-01-01,kauptaxtar,2.5,,prósenta,145.02,10,,1,1,samningur_683.txt
nafn:félag íslenskra flugumferðarstjóra,51,Félag íslenskra flugumferðarstjóra,almennur,BSRB,2010-04-15,almenn laun,1.3,,prósenta,146.91,3,,1,1,samningur_102.txt
nafn:félag íslenskra flugumferðarstjóra,51,Félag íslenskra flugumferðarstjóra,almennur,Sérfélög,2011-06-01,almenn laun,4.25,,prósenta,153.15,14,,2,1,samningur_137.txt
nafn:félag íslenskra flugumferðarstjóra,51,Félag íslenskra flugumferðarstjóra,almennur,Sérfélög,2011-10-01,almenn laun,3.0,,prósenta,157.74,4,,1,1,samningur_137.txt
nafn:félag íslenskra flugumferðarstjóra,51,Félag íslenskra flugumferðarstjóra,almennur,Sérfélög,2012-02-01,almenn laun,3.5,,prósenta,163.26,4,,1,1,samningur_137.txt
nafn:félag íslenskra flugumferðarstjóra,18,Félag íslenskra flugumferðarstjóra,almennur,BHM,2012-04-01,almenn laun,3.5,,prósenta,168.98,2,,1,1,samningur_218.txt
nafn:félag íslenskra flugumferðarstjóra,51,Félag íslenskra flugumferðarstjóra,almennur,Sérfélög,2013-02-01,almenn laun,3.25,,prósenta,174.47,10,,1,1,samningur_137.txt
nafn:félag íslenskra flugumferðarstjóra,18,Félag íslenskra flugumferðarstjóra,almennur,BHM,2013-04-01,almenn laun,3.25,,prósenta,180.14,2,,1,1,samningur_218.txt
nafn:félag íslenskra flugumferðarstjóra,51,Félag íslenskra flugumferðarstjóra,almennur,Sérfélög,2014-08-31,óskilgreint,2.8,,prósenta,185.19,16,,1,1,samningur_126.txt
nafn:félag íslenskra flugumferðarstjóra,51,Félag íslenskra flugumferðarstjóra,almennur,Sérfélög,2016-01-01,óskilgreint,1.75,,prósenta,188.43,17,,1,1,samningur_153.txt
nafn:félag íslenskra flugumferðarstjóra,51,Félag íslenskra flugumferðarstjóra,,Sérfélög,2017-02-01,kauptaxtar,3.0,,prósenta,194.08,13,,1,1,samningur_262.txt
nafn:félag íslenskra flugumferðarstjóra,51,Félag íslenskra flugumferðarstjóra,almennur,BSRB,2017-10-01,launatafla,1.6,,prósenta,197.18,8,,1,1,samningur_220.txt
nafn:félag íslenskra flugumferðarstjóra,51,Félag íslenskra flugumferðarstjóra,almennur,BSRB,2018-10-01,launatafla,2.5,,prósenta,202.11,12,,1,1,samningur_220.txt
nafn:félag íslenskra flugumferðarstjóra,,Félag íslenskra flugumferðarstjóra,almennur,BSRB,2022-01-01,kauptaxtar,2.0,,prósenta,206.16,39,löng eyða á undan,2,1,samningur_221.txt
nafn:félag íslenskra flugumferðarstjóra,,Félag íslenskra flugumferðarstjóra,almennur,BSRB,2022-09-01,kauptaxtar,1.0,,prósenta,208.22,8,,1,1,samningur_221.txt
nafn:félag íslenskra flugumferðarstjóra,,Félag íslenskra flugumferðarstjóra,almennur,BSRB,2023-01-01,kauptaxtar,1.0,,prósenta,210.3,4,,2,1,samningur_221.txt
nafn:félag íslenskra hjúkrunarfræðinga,,Félag íslenskra hjúkrunarfræðinga,opinber,,2015-05-01,launatafla,5.0,,prósenta,100.0,,grunnur,1,1,samningur_245.txt
nafn:félag íslenskra hjúkrunarfræðinga,10,Félag íslenskra hjúkrunarfræðinga,opinber,Sérfélög,2019-04-01,almenn laun,,17000,krónutala,100.0,47,krónutöluhækkun - vísitala stendur í stað,3,0,samningur_369.txt
nafn:félag íslenskra hjúkrunarfræðinga,10,Félag íslenskra hjúkrunarfræðinga,opinber,Sérfélög,2020-04-01,launatafla,,18000,krónutala,100.0,12,krónutöluhækkun - vísitala stendur í stað,3,0,samningur_993.txt
nafn:félag íslenskra hjúkrunarfræðinga,10,Félag íslenskra hjúkrunarfræðinga,opinber,Sérfélög,2020-08-01,óskilgreint,0.75,,prósenta,100.75,4,,1,1,samningur_993.txt
nafn:félag íslenskra hjúkrunarfræðinga,10,Félag íslenskra hjúkrunarfræðinga,opinber,Sérfélög,2020-10-01,launatafla,0.95,,prósenta,101.71,2,,1,1,samningur_993.txt
nafn:félag íslenskra hjúkrunarfræðinga,10,Félag íslenskra hjúkrunarfræðinga,opinber,Sérfélög,2021-01-01,launatafla,,15750,krónutala,101.71,3,krónutöluhækkun - vísitala stendur í stað,3,0,samningur_993.txt
nafn:félag íslenskra hjúkrunarfræðinga,10,Félag íslenskra hjúkrunarfræðinga,opinber,Sérfélög,2022-01-01,launatafla,,17250,krónutala,101.71,12,krónutöluhækkun - vísitala stendur í stað,2,0,samningur_369.txt
nafn:félag íslenskra hjúkrunarfræðinga,10,Félag íslenskra hjúkrunarfræðinga,opinber,Sérfélög,2023-04-01,óskilgreint,5.0,,prósenta,106.79,15,,1,1,samningur_994.txt
nafn:félag íslenskra hjúkrunarfræðinga,10,Félag íslenskra hjúkrunarfræðinga,opinber,Sérfélög,2024-04-01,launatafla,3.25,23750,prósenta eða krónutala,110.26,12,,5,1,samningur_1368.txt
nafn:félag íslenskra hjúkrunarfræðinga,10,Félag íslenskra hjúkrunarfræðinga,opinber,Sérfélög,2025-04-01,almenn laun,3.5,23750,prósenta eða krónutala,114.12,12,,5,1,samningur_1368.txt
nafn:félag íslenskra hjúkrunarfræðinga,10,Félag íslenskra hjúkrunarfræðinga,opinber,Sérfélög,2026-04-01,almenn laun,2.62,23750,prósenta eða krónutala,117.11,12,,6,2,samningur_1368.txt
nafn:félag íslenskra hjúkrunarfræðinga,10,Félag íslenskra hjúkrunarfræðinga,opinber,Sérfélög,2027-04-01,almenn laun,3.5,23750,prósenta eða krónutala,121.21,12,,5,1,samningur_1368.txt
nafn:félag íslenskra hljómlistarmanna,20,Félag íslenskra hljómlistarmanna,almennur,BHM,2003-11-01,óskilgreint,3.0,,prósenta,100.0,,grunnur,1,1,SKM_C554e23092615440.txt
nafn:félag íslenskra hljómlistarmanna,20,Félag íslenskra hljómlistarmanna,opinber,BHM,2022-01-01,launatafla,2.5,,prósenta,102.5,218,löng eyða á undan,1,1,samningur_1038.txt
nafn:félag íslenskra hljómlistarmanna,20,Félag íslenskra hljómlistarmanna,opinber,BHM,2024-01-01,launatafla,5.0,,prósenta,107.62,24,,1,1,samningur_37.txt
nafn:félag íslenskra hljómlistarmanna,,Félag íslenskra hljómlistarmanna,opinber,,2024-04-01,launatafla,3.25,23750,prósenta eða krónutala,111.12,3,,1,1,samningur_matvis_sns.txt
nafn:félag íslenskra hljómlistarmanna,20,Félag íslenskra hljómlistarmanna,opinber,BHM,2024-06-01,launatafla,3.38,23750,prósenta eða krónutala,114.88,2,,3,2,samningur_1285.txt
nafn:félag íslenskra hljómlistarmanna,,Félag íslenskra hljómlistarmanna,opinber,,2024-10-31,launatafla,15.0,,prósenta,132.11,4,,1,1,samningur_matvis_sns.txt
nafn:félag íslenskra hljómlistarmanna,20,Félag íslenskra hljómlistarmanna,opinber,BHM,2025-04-01,launatafla,3.5,23750,prósenta eða krónutala,136.73,6,,3,1,samningur_1285.txt
nafn:félag íslenskra hljómlistarmanna,20,Félag íslenskra hljómlistarmanna,opinber,BHM,2026-04-01,launatafla,3.5,23750,prósenta eða krónutala,141.52,12,,3,1,samningur_1285.txt
nafn:félag íslenskra hljómlistarmanna,20,Félag íslenskra hljómlistarmanna,opinber,BHM,2027-04-01,launatafla,3.5,23750,prósenta eða krónutala,146.47,12,,2,1,samningur_1285.txt
nafn:félag íslenskra listamanna í sviðlistum og kvikmyndum,18,Félag íslenskra listamanna í sviðlistum og kvikmyndum,opinber,BHM,2022-11-01,kauptaxtar,6.75,66000,prósenta og krónutala,100.0,,grunnur,1,1,9e55d202647387980485af8463e0799d.txt
nafn:félag íslenskra náttúrufræðinga,18,Félag íslenskra náttúrufræðinga,opinber,BHM,2012-03-01,launatafla,3.5,11000,prósenta með krónutölulágmarki,100.0,,grunnur,1,1,samningur_1012.txt
nafn:félag íslenskra náttúrufræðinga,18,Félag íslenskra náttúrufræðinga,opinber,BHM,2013-03-01,launatafla,3.5,11000,prósenta með krónutölulágmarki,103.5,12,,1,1,samningur_1012.txt
nafn:félag íslenskra náttúrufræðinga,18,Félag íslenskra náttúrufræðinga,opinber,BHM,2016-01-01,almenn laun,1.6,,prósenta,105.16,34,löng eyða á undan,1,1,samningur_1014.txt
nafn:félag íslenskra náttúrufræðinga,18,Félag íslenskra náttúrufræðinga,opinber,BHM,2019-04-01,launatafla,,17000,krónutala,105.16,39,krónutöluhækkun - vísitala stendur í stað,1,0,samningur_1010.txt
nafn:félag íslenskra náttúrufræðinga,18,Félag íslenskra náttúrufræðinga,opinber,BHM,2020-04-01,launatafla,,24000,krónutala,105.16,12,krónutöluhækkun - vísitala stendur í stað,1,0,samningur_1010.txt
nafn:félag íslenskra náttúrufræðinga,18,Félag íslenskra náttúrufræðinga,opinber,BHM,2020-07-01,óskilgreint,0.75,,prósenta,105.94,3,,1,1,samningur_1010.txt
nafn:félag íslenskra náttúrufræðinga,18,Félag íslenskra náttúrufræðinga,opinber,BHM,2021-01-01,launatafla,,24000,krónutala,105.94,6,krónutöluhækkun - vísitala stendur í stað,2,0,samningur_1010.txt
nafn:félag íslenskra náttúrufræðinga,18,Félag íslenskra náttúrufræðinga,opinber,BHM,2022-01-01,launatafla,,21000,krónutala,105.94,12,krónutöluhækkun - vísitala stendur í stað,2,0,samningur_714.txt
nafn:félag íslenskra náttúrufræðinga,18,Félag íslenskra náttúrufræðinga,,BHM,2022-07-01,launatafla,2.8,,prósenta,108.91,6,,1,1,samningur_261.txt
nafn:félag íslenskra náttúrufræðinga,18,Félag íslenskra náttúrufræðinga,opinber,BHM,2023-04-01,óskilgreint,5.0,,prósenta,114.36,9,,3,1,Kjarasamningur_FÍN_SNS_2024 til 2028_23.12.2024_LOK.txt
nafn:félag íslenskra náttúrufræðinga,18,Félag íslenskra náttúrufræðinga,,BHM,2023-10-01,launatafla,2.8,18000,prósenta og krónutala,117.56,6,,1,1,samningur_261.txt
nafn:félag íslenskra náttúrufræðinga,18,Félag íslenskra náttúrufræðinga,opinber,BHM,2024-04-01,launatafla,3.25,23750,prósenta eða krónutala,121.38,6,,6,2,samningur_1378.txt
nafn:félag íslenskra náttúrufræðinga,18,Félag íslenskra náttúrufræðinga,opinber,BHM,2024-10-31,launatafla,15.0,,prósenta,139.59,6,,1,1,Kjarasamningur_FÍN_SNS_2024 til 2028_23.12.2024_LOK.txt
nafn:félag íslenskra náttúrufræðinga,18,Félag íslenskra náttúrufræðinga,opinber,BHM,2025-04-01,almenn laun,3.5,23750,prósenta eða krónutala,144.47,6,,5,1,samningur_1378.txt
nafn:félag íslenskra náttúrufræðinga,18,Félag íslenskra náttúrufræðinga,opinber,BHM,2026-04-01,almenn laun,3.5,23750,prósenta eða krónutala,149.53,12,,5,1,samningur_1378.txt
nafn:félag íslenskra náttúrufræðinga,18,Félag íslenskra náttúrufræðinga,opinber,BHM,2027-04-01,almenn laun,3.5,23750,prósenta eða krónutala,154.76,12,,4,1,samningur_1378.txt
nafn:félag íslenskra náttúrufræðinga iðjuþjálfafélag íslands þroskaþjálfafélag íslands,2,"Félag íslenskra náttúrufræðinga, Iðjuþjálfafélag Íslands, Þroskaþjálfafélag Íslands",almennur,BHM,2024-04-01,óskilgreint,3.5,,prósenta,100.0,,grunnur,1,1,samningur_1753.txt
nafn:félag íslenskra náttúrufræðinga iðjuþjálfafélag íslands þroskaþjálfafélag íslands,2,"Félag íslenskra náttúrufræðinga, Iðjuþjálfafélag Íslands, Þroskaþjálfafélag Íslands",almennur,BHM,2025-04-01,óskilgreint,3.5,,prósenta,103.5,12,,1,1,samningur_1753.txt
nafn:félag íslenskra náttúrufræðinga iðjuþjálfafélag íslands þroskaþjálfafélag íslands,2,"Félag íslenskra náttúrufræðinga, Iðjuþjálfafélag Íslands, Þroskaþjálfafélag Íslands",almennur,BHM,2026-04-01,óskilgreint,3.5,,prósenta,107.12,12,,1,1,samningur_1753.txt
nafn:félag íslenskra náttúrufræðinga iðjuþjálfafélag íslands þroskaþjálfafélag íslands,2,"Félag íslenskra náttúrufræðinga, Iðjuþjálfafélag Íslands, Þroskaþjálfafélag Íslands",almennur,BHM,2027-04-01,óskilgreint,3.5,,prósenta,110.87,12,,1,1,samningur_1753.txt
nafn:félag íslenskra stórverslunarfélaga,16,Félag íslenskra stórverslunarfélaga,,Sérfélög,2004-05-01,almenn laun,,10000,krónutala,100.0,,grunnur,1,0,SKM_C554e23091314501.txt
nafn:félag íslenskra símamanna,32,Félag íslenskra símamanna,,,2002-01-01,almenn laun,3.0,,prósenta,100.0,,grunnur,1,1,Landssimi_Islands2.txt
nafn:félag íslenskra símamanna,32,Félag íslenskra símamanna,,,2003-01-01,almenn laun,3.0,,prósenta,103.0,12,,1,1,Landssimi_Islands2.txt
nafn:félag íslenskra símamanna,32,Félag íslenskra símamanna,,,2004-01-01,almenn laun,2.75,,prósenta,105.83,12,,1,1,Landssimi_Islands2.txt
nafn:félag íslenskra símamanna,32,Félag íslenskra símamanna,almennur,,2004-12-01,lágmarkstekjur,3.25,,prósenta,109.27,11,,1,1,Siminn.txt
nafn:félag íslenskra símamanna,32,Félag íslenskra símamanna,almennur,,2006-01-01,lágmarkstekjur,3.0,,prósenta,112.55,13,,1,1,Siminn.txt
nafn:félag íslenskra símamanna,32,Félag íslenskra símamanna,almennur,,2007-01-01,launatafla,2.5,,prósenta,115.36,12,,1,1,Siminn.txt
nafn:félag íslenskra símamanna,32,Félag íslenskra símamanna,,,2009-02-01,kauptaxtar,4.0,,prósenta,119.98,25,löng eyða á undan,1,1,Sena_og_kvikmyndahusid.txt
nafn:félag íslenskra símamanna,32,Félag íslenskra símamanna,almennur,,2014-03-01,óskilgreint,11.59,,prósenta,133.88,61,löng eyða á undan,2,1,Siminn_Mila.txt
nafn:félag íslenskra símamanna,32,Félag íslenskra símamanna,,,2014-12-01,almenn laun,3.25,,prósenta,138.24,9,,1,1,samningur_941.txt
nafn:félag íslenskra símamanna,32,Félag íslenskra símamanna,almennur,,2019-04-01,kauptaxtar,,17000,krónutala,138.24,52,krónutöluhækkun - vísitala stendur í stað,3,0,samningur_940.txt
nafn:félag íslenskra símamanna,32,Félag íslenskra símamanna,almennur,,2020-01-01,kauptaxtar,,15750,krónutala,138.24,9,krónutöluhækkun - vísitala stendur í stað,1,0,Siminn_og_dotturfyrirtaeki.txt
nafn:félag íslenskra símamanna,32,Félag íslenskra símamanna,almennur,,2020-04-01,almenn laun,,18000,krónutala,138.24,3,krónutöluhækkun - vísitala stendur í stað,2,0,samningur_940.txt
nafn:félag íslenskra símamanna,32,Félag íslenskra símamanna,almennur,,2021-01-01,almenn laun,,15750,krónutala,138.24,9,krónutöluhækkun - vísitala stendur í stað,2,0,samningur_940.txt
nafn:félag íslenskra símamanna,32,Félag íslenskra símamanna,almennur,,2022-01-01,kauptaxtar,,90000,krónutala,138.24,12,krónutöluhækkun - vísitala stendur í stað,2,0,samningur_940.txt
nafn:félag íslenskra símamanna,32,Félag íslenskra símamanna,almennur,,2022-11-01,kauptaxtar,6.75,66000,prósenta og krónutala,147.57,10,,1,1,samningur_629.txt
nafn:félagsráðgjafafélag íslands,1,Félagsráðgjafafélag Íslands,opinber,BHM,2019-04-01,launatafla,,17000,krónutala,100.0,,grunnur,1,0,samningur_995.txt
nafn:félagsráðgjafafélag íslands,1,Félagsráðgjafafélag Íslands,opinber,BHM,2020-01-01,óskilgreint,0.55,,prósenta,100.55,9,,1,1,samningur_1433.txt
nafn:félagsráðgjafafélag íslands,1,Félagsráðgjafafélag Íslands,opinber,BHM,2020-04-01,launatafla,,24000,krónutala,100.55,3,krónutöluhækkun - vísitala stendur í stað,1,0,samningur_995.txt
nafn:félagsráðgjafafélag íslands,1,Félagsráðgjafafélag Íslands,opinber,BHM,2020-07-01,óskilgreint,0.75,,prósenta,101.3,3,,1,1,samningur_995.txt
nafn:félagsráðgjafafélag íslands,1,Félagsráðgjafafélag Íslands,opinber,BHM,2021-01-01,launatafla,,24000,krónutala,101.3,6,krónutöluhækkun - vísitala stendur í stað,3,0,samningur_995.txt
nafn:félagsráðgjafafélag íslands,1,Félagsráðgjafafélag Íslands,opinber,BHM,2022-01-01,launatafla,,17000,krónutala,101.3,12,krónutöluhækkun - vísitala stendur í stað,2,0,samningur_679.txt
nafn:félagsráðgjafafélag íslands,1,Félagsráðgjafafélag Íslands,opinber,BHM,2023-03-31,almenn laun,0.85,,prósenta,102.17,14,,2,1,samningur_1433.txt
nafn:félagsráðgjafafélag íslands,1,Félagsráðgjafafélag Íslands,opinber,BHM,2024-04-01,launatafla,2.42,23750,prósenta eða krónutala,104.64,13,,5,2,samningur_1161.txt
nafn:félagsráðgjafafélag íslands,1,Félagsráðgjafafélag Íslands,opinber,BHM,2025-04-01,almenn laun,3.5,23750,prósenta eða krónutala,108.3,12,,4,1,samningur_1161.txt
nafn:félagsráðgjafafélag íslands,1,Félagsráðgjafafélag Íslands,opinber,BHM,2026-04-01,almenn laun,3.5,23750,prósenta eða krónutala,112.09,12,,4,1,samningur_1161.txt
nafn:félagsráðgjafafélag íslands,1,Félagsráðgjafafélag Íslands,opinber,BHM,2027-04-01,almenn laun,3.5,23750,prósenta eða krónutala,116.01,12,,4,1,samningur_1161.txt
nafn:grafía,55,Grafía - stéttarfélag í prent- og miðlunargreinum,almennur,ASÍ,2015-05-01,kauptaxtar,6.2,,prósenta,100.0,,grunnur,1,1,samningur_435.txt
nafn:grafía,55,Grafía - stéttarfélag í prent- og miðlunargreinum,almennur,ASÍ,2016-01-01,almenn laun,6.2,15000,prósenta með krónutölulágmarki,106.2,8,,3,1,samningur_435.txt
nafn:grafía,55,Grafía - stéttarfélag í prent- og miðlunargreinum,almennur,ASÍ,2017-05-01,kauptaxtar,3.0,,prósenta,109.39,16,,3,3,samningur_435.txt
nafn:grafía,55,Grafía - stéttarfélag í prent- og miðlunargreinum,almennur,ASÍ,2018-05-01,kauptaxtar,3.75,78000,prósenta,113.49,12,,3,2,samningur_435.txt
nafn:grafía,55,Grafía - stéttarfélag í prent- og miðlunargreinum,almennur,ASÍ,2019-04-01,almenn laun,,17000,krónutala,113.49,11,krónutöluhækkun - vísitala stendur í stað,1,0,samningur_433.txt
nafn:grafía,55,Grafía - stéttarfélag í prent- og miðlunargreinum,almennur,ASÍ,2020-03-31,almenn laun,2.5,,prósenta,116.33,11,,1,1,samningur_433.txt
nafn:grafía,55,Grafía - stéttarfélag í prent- og miðlunargreinum,almennur,ASÍ,2020-04-01,almenn laun,,18000,krónutala,116.33,1,krónutöluhækkun - vísitala stendur í stað,1,0,samningur_433.txt
nafn:grafía,55,Grafía - stéttarfélag í prent- og miðlunargreinum,almennur,ASÍ,2021-01-01,almenn laun,,15750,krónutala,116.33,9,krónutöluhækkun - vísitala stendur í stað,1,0,samningur_433.txt
nafn:grafía,55,Grafía - stéttarfélag í prent- og miðlunargreinum,almennur,ASÍ,2022-01-01,almenn laun,2.5,17250,prósenta og krónutala,119.23,12,,1,1,samningur_433.txt
nafn:grafía,55,Grafía - stéttarfélag í prent- og miðlunargreinum,almennur,ASÍ,2022-11-01,kauptaxtar,6.75,66000,prósenta og krónutala,127.28,10,,5,2,samningur_437.txt
nafn:iðjuþjálfafélag íslands,22,Iðjuþjálfafélag Íslands,almennur,BHM,2006-01-01,launatafla,2.5,,prósenta,100.0,,grunnur,1,1,samningur_341.txt
nafn:iðjuþjálfafélag íslands,22,Iðjuþjálfafélag Íslands,almennur,BHM,2006-05-01,launatafla,2.5,,prósenta,102.5,4,,1,1,samningur_341.txt
nafn:iðjuþjálfafélag íslands,22,Iðjuþjálfafélag Íslands,almennur,BHM,2007-01-01,launatafla,2.25,,prósenta,104.81,8,,1,1,samningur_341.txt
nafn:iðjuþjálfafélag íslands,22,Iðjuþjálfafélag Íslands,almennur,BHM,2008-01-01,launatafla,2.0,,prósenta,106.9,12,,1,1,samningur_341.txt
nafn:iðjuþjálfafélag íslands,22,Iðjuþjálfafélag Íslands,opinber,BHM,2019-04-01,launatafla,,17000,krónutala,106.9,135,krónutöluhækkun - vísitala stendur í stað,1,0,samningur_1002.txt
nafn:iðjuþjálfafélag íslands,22,Iðjuþjálfafélag Íslands,opinber,BHM,2020-01-01,óskilgreint,0.55,,prósenta,107.49,9,,1,1,samningur_319.txt
nafn:iðjuþjálfafélag íslands,22,Iðjuþjálfafélag Íslands,opinber,BHM,2020-04-01,launatafla,,24000,krónutala,107.49,3,krónutöluhækkun - vísitala stendur í stað,1,0,samningur_1002.txt
nafn:iðjuþjálfafélag íslands,22,Iðjuþjálfafélag Íslands,opinber,BHM,2020-07-01,óskilgreint,0.75,,prósenta,108.3,3,,1,1,samningur_1002.txt
nafn:iðjuþjálfafélag íslands,22,Iðjuþjálfafélag Íslands,opinber,BHM,2021-01-01,launatafla,,24000,krónutala,108.3,6,krónutöluhækkun - vísitala stendur í stað,3,0,samningur_1002.txt
nafn:iðjuþjálfafélag íslands,22,Iðjuþjálfafélag Íslands,opinber,BHM,2022-01-01,launatafla,,17000,krónutala,108.3,12,krónutöluhækkun - vísitala stendur í stað,1,0,samningur_695.txt
nafn:iðjuþjálfafélag íslands,22,Iðjuþjálfafélag Íslands,opinber,BHM,2023-03-31,almenn laun,0.85,,prósenta,109.22,14,,1,1,samningur_319.txt
nafn:iðjuþjálfafélag íslands,22,Iðjuþjálfafélag Íslands,opinber,BHM,2023-04-01,óskilgreint,5.0,,prósenta,114.68,1,,1,1,Kjarasamningur_SNS_IÍ_2024-2028_LOK.txt
nafn:iðjuþjálfafélag íslands,22,Iðjuþjálfafélag Íslands,opinber,BHM,2024-04-01,launatafla,3.25,23750,prósenta eða krónutala,118.4,12,,5,1,samningur_1373.txt
nafn:iðjuþjálfafélag íslands,22,Iðjuþjálfafélag Íslands,opinber,BHM,2024-10-31,launatafla,15.0,,prósenta,136.17,6,,1,1,Kjarasamningur_SNS_IÍ_2024-2028_LOK.txt
nafn:iðjuþjálfafélag íslands,22,Iðjuþjálfafélag Íslands,opinber,BHM,2025-04-01,almenn laun,3.5,23750,prósenta eða krónutala,140.93,6,,5,1,samningur_1373.txt
nafn:iðjuþjálfafélag íslands,22,Iðjuþjálfafélag Íslands,opinber,BHM,2026-04-01,almenn laun,3.5,23750,prósenta eða krónutala,145.86,12,,5,1,samningur_1373.txt
nafn:iðjuþjálfafélag íslands,22,Iðjuþjálfafélag Íslands,opinber,BHM,2027-04-01,almenn laun,3.5,23750,prósenta eða krónutala,150.97,12,,4,1,samningur_1373.txt
nafn:kennarasamband íslands,17,Kennarasamband Íslands,opinber,KÍ,2010-06-01,launatafla,0.13,,prósenta,100.0,,grunnur,1,1,samningur_816.txt
nafn:kennarasamband íslands,17,Kennarasamband Íslands,opinber,KÍ,2011-10-01,launatafla,2.5,,prósenta,102.5,16,,1,1,samningur_817.txt
nafn:kennarasamband íslands,17,Kennarasamband Íslands,opinber,KÍ,2014-03-01,almenn laun,1.3,,prósenta,103.83,29,löng eyða á undan,6,1,samningur_642.txt
nafn:kennarasamband íslands,17,Kennarasamband Íslands,opinber,KÍ,2014-04-01,launatafla,2.8,,prósenta,106.74,1,,1,1,samningur_818.txt
nafn:kennarasamband íslands,17,Kennarasamband Íslands,opinber,KÍ,2014-04-04,launatafla,1.2,,prósenta,108.02,0,,1,1,samningur_818.txt
nafn:kennarasamband íslands,17,Kennarasamband Íslands,opinber,KÍ,2014-08-01,launatafla,5.5,,prósenta,113.96,4,,2,2,samningur_818.txt
nafn:kennarasamband íslands,17,Kennarasamband Íslands,opinber,KÍ,2015-01-01,launatafla,2.0,,prósenta,116.24,5,,2,1,samningur_818.txt
nafn:kennarasamband íslands,17,Kennarasamband Íslands,opinber,KÍ,2015-05-01,launatafla,8.0,,prósenta,125.54,4,,2,1,samningur_642.txt
nafn:kennarasamband íslands,17,Kennarasamband Íslands,opinber,KÍ,2015-06-01,launatafla,1.3,,prósenta,127.17,1,,1,1,samningur_643.txt
nafn:kennarasamband íslands,17,Kennarasamband Íslands,opinber,KÍ,2016-01-01,launatafla,2.0,,prósenta,129.72,7,,1,1,samningur_642.txt
nafn:kennarasamband íslands,,Kennarasamband Íslands,opinber,KÍ,2019-04-01,launatafla,2.4,17000,prósenta og krónutala,132.83,39,löng eyða á undan,1,1,samningur_830.txt
nafn:kennarasamband íslands,,Kennarasamband Íslands,opinber,KÍ,2020-04-01,launatafla,2.4,18000,prósenta með krónutölulágmarki,136.02,12,,1,1,samningur_830.txt
nafn:kennarasamband íslands,17,Kennarasamband Íslands,opinber,KÍ,2024-11-29,almenn laun,3.95,23750,prósenta eða krónutala,141.39,55,löng eyða á undan,3,1,samningur_1552.txt
nafn:kennarasamband íslands,17,Kennarasamband Íslands,opinber,KÍ,2025-02-25,óskilgreint,2.0,,prósenta,144.22,3,,1,1,samningur_1647.txt
nafn:kennarasamband íslands,17,Kennarasamband Íslands,opinber,KÍ,2025-08-01,launatafla,2.0,,prósenta,147.1,6,,3,1,samningur_1650.txt
nafn:kjarafélag viðskiptafræðinga og hagfræðinga,8,Kjarafélag viðskiptafræðinga og hagfræðinga,opinber,BHM,2011-06-01,launatafla,4.6,12000,prósenta með krónutölulágmarki,100.0,,grunnur,1,1,samningur_1007.txt
nafn:kjarafélag viðskiptafræðinga og hagfræðinga,8,Kjarafélag viðskiptafræðinga og hagfræðinga,,BHM,2011-07-01,launatafla,4.25,,prósenta,104.25,1,,1,1,samningur_685.txt
nafn:kjarafélag viðskiptafræðinga og hagfræðinga,8,Kjarafélag viðskiptafræðinga og hagfræðinga,opinber,BHM,2012-03-01,launatafla,3.5,11000,prósenta með krónutölulágmarki,107.9,8,,1,1,samningur_1007.txt
nafn:kjarafélag viðskiptafræðinga og hagfræðinga,8,Kjarafélag viðskiptafræðinga og hagfræðinga,opinber,BHM,2013-03-01,launatafla,3.5,11000,prósenta með krónutölulágmarki,111.68,12,,1,1,samningur_1007.txt
nafn:kjarafélag viðskiptafræðinga og hagfræðinga,8,Kjarafélag viðskiptafræðinga og hagfræðinga,opinber,BHM,2015-09-01,launatafla,7.7,,prósenta,120.27,30,löng eyða á undan,1,1,d6910c6d28d3504839b10b349e5f3728.txt
nafn:kjarafélag viðskiptafræðinga og hagfræðinga,8,Kjarafélag viðskiptafræðinga og hagfræðinga,opinber,BHM,2016-06-01,launatafla,6.0,,prósenta,127.49,9,,1,1,d6910c6d28d3504839b10b349e5f3728.txt
nafn:kjarafélag viðskiptafræðinga og hagfræðinga,8,Kjarafélag viðskiptafræðinga og hagfræðinga,opinber,BHM,2017-06-01,launatafla,3.0,,prósenta,131.32,12,,1,1,d6910c6d28d3504839b10b349e5f3728.txt
nafn:kjarafélag viðskiptafræðinga og hagfræðinga,8,Kjarafélag viðskiptafræðinga og hagfræðinga,opinber,BHM,2018-06-01,launatafla,3.0,,prósenta,135.25,12,,1,1,d6910c6d28d3504839b10b349e5f3728.txt
nafn:kjarafélag viðskiptafræðinga og hagfræðinga,8,Kjarafélag viðskiptafræðinga og hagfræðinga,almennur,BHM,2019-04-01,almenn laun,,17000,krónutala,135.25,10,krónutöluhækkun - vísitala stendur í stað,2,0,samningur_439.txt
nafn:kjarafélag viðskiptafræðinga og hagfræðinga,8,Kjarafélag viðskiptafræðinga og hagfræðinga,,BHM,2020-04-01,almenn laun,,18000,krónutala,135.25,12,krónutöluhækkun - vísitala stendur í stað,3,0,samningur_687.txt
nafn:kjarafélag viðskiptafræðinga og hagfræðinga,8,Kjarafélag viðskiptafræðinga og hagfræðinga,opinber,BHM,2020-07-01,óskilgreint,0.75,,prósenta,136.27,3,,1,1,samningur_1006.txt
nafn:kjarafélag viðskiptafræðinga og hagfræðinga,8,Kjarafélag viðskiptafræðinga og hagfræðinga,,BHM,2020-11-01,kauptaxtar,,29500,krónutala,136.27,4,krónutöluhækkun - vísitala stendur í stað,2,0,samningur_687.txt
nafn:kjarafélag viðskiptafræðinga og hagfræðinga,8,Kjarafélag viðskiptafræðinga og hagfræðinga,almennur,BHM,2021-01-01,launatafla,,19875,krónutala,136.27,2,krónutöluhækkun - vísitala stendur í stað,5,0,samningur_439.txt
nafn:kjarafélag viðskiptafræðinga og hagfræðinga,8,Kjarafélag viðskiptafræðinga og hagfræðinga,almennur,BHM,2022-01-01,launatafla,,17125,krónutala,136.27,12,krónutöluhækkun - vísitala stendur í stað,3,0,samningur_439.txt
nafn:kjarafélag viðskiptafræðinga og hagfræðinga,,Kjarafélag viðskiptafræðinga og hagfræðinga,opinber,BHM,2023-04-01,óskilgreint,5.0,,prósenta,143.08,15,,1,1,kvh_sns_2024.txt
nafn:kjarafélag viðskiptafræðinga og hagfræðinga,,Kjarafélag viðskiptafræðinga og hagfræðinga,opinber,Sérfélög,2024-04-01,launatafla,3.25,23750,prósenta eða krónutala,147.73,12,,5,1,kvh_rvk_2024.txt
nafn:kjarafélag viðskiptafræðinga og hagfræðinga,,Kjarafélag viðskiptafræðinga og hagfræðinga,opinber,BHM,2024-10-31,launatafla,15.0,,prósenta,169.89,6,,1,1,kvh_sns_2024.txt
nafn:kjarafélag viðskiptafræðinga og hagfræðinga,,Kjarafélag viðskiptafræðinga og hagfræðinga,opinber,Sérfélög,2025-04-01,almenn laun,3.5,23750,prósenta eða krónutala,175.84,6,,5,1,kvh_rvk_2024.txt
nafn:kjarafélag viðskiptafræðinga og hagfræðinga,,Kjarafélag viðskiptafræðinga og hagfræðinga,opinber,Sérfélög,2026-04-01,almenn laun,3.5,23750,prósenta eða krónutala,181.99,12,,5,1,kvh_rvk_2024.txt
nafn:kjarafélag viðskiptafræðinga og hagfræðinga,,Kjarafélag viðskiptafræðinga og hagfræðinga,almennur,BHM,2027-01-01,launatafla,3.25,23750,prósenta eða krónutala,187.91,9,,1,1,kvh_or_2025.txt
nafn:kjarafélag viðskiptafræðinga og hagfræðinga,,Kjarafélag viðskiptafræðinga og hagfræðinga,opinber,Sérfélög,2027-04-01,almenn laun,3.5,23750,prósenta eða krónutala,194.49,3,,5,1,kvh_rvk_2024.txt
nafn:kjölur,68,Kjölur,opinber,BSRB,2011-06-01,launatafla,4.25,12000,prósenta eða krónutala,100.0,,grunnur,1,1,samningur_61.txt
nafn:kjölur,68,Kjölur,opinber,BSRB,2011-07-15,almenn laun,4.25,,prósenta,104.25,1,,1,1,samningur_40.txt
nafn:kjölur,68,Kjölur,opinber,BSRB,2012-03-01,launatafla,3.5,11000,prósenta eða krónutala,107.9,8,,1,1,samningur_61.txt
nafn:kjölur,68,Kjölur,opinber,BSRB,2013-03-01,launatafla,3.25,11000,prósenta eða krónutala,111.41,12,,1,1,samningur_61.txt
nafn:kjölur,68,Kjölur,opinber,BSRB,2015-05-01,launatafla,7.7,25000,prósenta eða krónutala,119.98,26,löng eyða á undan,1,1,samningur_345.txt
nafn:kjölur,68,Kjölur,opinber,BSRB,2016-06-01,launatafla,5.5,15000,prósenta eða krónutala,126.58,13,,1,1,samningur_345.txt
nafn:kjölur,68,Kjölur,opinber,BSRB,2017-06-01,launatafla,2.5,,prósenta,129.75,12,,1,1,samningur_345.txt
nafn:kjölur,68,Kjölur,opinber,BSRB,2019-02-01,launatafla,,42500,krónutala,129.75,20,krónutöluhækkun - vísitala stendur í stað,1,0,samningur_345.txt
nafn:kjölur,68,Kjölur,opinber,BSRB,2020-01-01,óskilgreint,0.9,,prósenta,130.92,11,,1,1,samningur_346.txt
nafn:kjölur,68,Kjölur,opinber,BSRB,2022-01-01,launatafla,,17000,krónutala,130.92,24,krónutöluhækkun - vísitala stendur í stað,1,0,samningur_471.txt
nafn:kjölur,68,Kjölur,opinber,BSRB,2023-03-31,almenn laun,0.85,,prósenta,132.03,14,,1,1,samningur_346.txt
nafn:kjölur,68,Kjölur,opinber,BSRB,2024-04-01,launatafla,3.25,23750,prósenta eða krónutala,136.32,13,,2,1,2025.03.21 Kjölur_tónlistarkennnarar_kjarasamningur_2024-2028_LOK.txt
nafn:kjölur,,Kjölur,opinber,BSRB,2024-10-31,launatafla,15.0,,prósenta,156.77,6,,1,1,samningur_1824.txt
nafn:kjölur,68,Kjölur,opinber,BSRB,2025-02-01,launatafla,8.0,,prósenta,169.31,4,,1,1,2025.03.21 Kjölur_tónlistarkennnarar_kjarasamningur_2024-2028_LOK.txt
nafn:kjölur,68,Kjölur,opinber,BSRB,2025-04-01,launatafla,3.5,23750,prósenta eða krónutala,175.23,2,,2,1,2025.03.21 Kjölur_tónlistarkennnarar_kjarasamningur_2024-2028_LOK.txt
nafn:kjölur,,Kjölur,opinber,BSRB,2026-04-01,launatafla,3.5,23750,prósenta eða krónutala,181.37,12,,1,1,samningur_1824.txt
nafn:kjölur,68,Kjölur,almennur,BSRB,2027-01-01,launatafla,3.25,23750,prósenta eða krónutala,187.26,9,,1,1,samningur_1251.txt
nafn:landssamband lögreglumanna,11,Landssamband lögreglumanna,opinber,BSRB,1989-04-30,óskilgreint,0.5,,prósenta,100.0,,grunnur,1,1,SKM_C554e23092914240.txt
nafn:landssamband lögreglumanna,11,Landssamband lögreglumanna,opinber,BSRB,2011-06-01,launatafla,4.25,,prósenta,104.25,266,löng eyða á undan,1,1,samningur_665.txt
nafn:landssamband lögreglumanna,11,Landssamband lögreglumanna,opinber,BSRB,2012-03-01,launatafla,3.5,,prósenta,107.9,9,,1,1,samningur_665.txt
nafn:landssamband lögreglumanna,11,Landssamband lögreglumanna,opinber,BSRB,2013-03-01,launatafla,3.25,,prósenta,111.41,12,,1,1,samningur_665.txt
nafn:landssamband lögreglumanna,11,Landssamband lögreglumanna,opinber,BSRB,2019-04-01,launatafla,,17000,krónutala,111.41,73,krónutöluhækkun - vísitala stendur í stað,1,0,samningur_663.txt
nafn:landssamband lögreglumanna,11,Landssamband lögreglumanna,opinber,BSRB,2020-04-01,launatafla,,18000,krónutala,111.41,12,krónutöluhækkun - vísitala stendur í stað,1,0,samningur_663.txt
nafn:landssamband lögreglumanna,11,Landssamband lögreglumanna,opinber,BSRB,2021-01-01,launatafla,,18000,krónutala,111.41,9,krónutöluhækkun - vísitala stendur í stað,1,0,samningur_663.txt
nafn:landssamband lögreglumanna,11,Landssamband lögreglumanna,opinber,BSRB,2025-02-01,launatafla,15.0,,prósenta,128.12,49,löng eyða á undan,1,1,samningur_1145.txt
nafn:landssamband slökkviliðs- og sjúkraflutningamanna,89,Landssamband slökkviliðs- og sjúkraflutningamanna,almennur,BSRB,2018-05-01,launatafla,3.0,,prósenta,100.0,,grunnur,1,1,samningur_1081.txt
nafn:landssamband slökkviliðs- og sjúkraflutningamanna,89,Landssamband slökkviliðs- og sjúkraflutningamanna,almennur,BSRB,2019-01-01,launatafla,1.5,,prósenta,101.5,8,,1,1,samningur_1081.txt
nafn:landssamband slökkviliðs- og sjúkraflutningamanna,89,Landssamband slökkviliðs- og sjúkraflutningamanna,opinber,BSRB,2020-01-01,almenn laun,,16475,krónutala,101.5,12,krónutöluhækkun - vísitala stendur í stað,2,0,samningur_1050.txt
nafn:landssamband slökkviliðs- og sjúkraflutningamanna,89,Landssamband slökkviliðs- og sjúkraflutningamanna,almennur,BSRB,2020-04-01,almenn laun,,18000,krónutala,101.5,3,krónutöluhækkun - vísitala stendur í stað,3,0,samningur_1078.txt
nafn:landssamband slökkviliðs- og sjúkraflutningamanna,89,Landssamband slökkviliðs- og sjúkraflutningamanna,almennur,BSRB,2021-01-01,almenn laun,,15750,krónutala,101.5,9,krónutöluhækkun - vísitala stendur í stað,3,0,samningur_1078.txt
nafn:landssamband slökkviliðs- og sjúkraflutningamanna,89,Landssamband slökkviliðs- og sjúkraflutningamanna,opinber,BSRB,2021-10-01,óskilgreint,,19377,krónutala,101.5,9,krónutöluhækkun - vísitala stendur í stað,1,0,samningur_1050.txt
nafn:landssamband slökkviliðs- og sjúkraflutningamanna,89,Landssamband slökkviliðs- og sjúkraflutningamanna,almennur,BSRB,2022-01-01,almenn laun,2.5,17250,prósenta og krónutala,104.04,3,,3,1,samningur_1078.txt
nafn:landssamband slökkviliðs- og sjúkraflutningamanna,89,Landssamband slökkviliðs- og sjúkraflutningamanna,opinber,BSRB,2023-01-01,launatafla,,18094,krónutala,104.04,12,krónutöluhækkun - vísitala stendur í stað,1,0,samningur_1050.txt
nafn:landssamband slökkviliðs- og sjúkraflutningamanna,89,Landssamband slökkviliðs- og sjúkraflutningamanna,opinber,BSRB,2023-09-30,almenn laun,0.85,,prósenta,104.92,8,,1,1,samningur_1050.txt
nafn:landssamband slökkviliðs- og sjúkraflutningamanna,89,Landssamband slökkviliðs- og sjúkraflutningamanna,almennur,BSRB,2024-02-01,launatafla,3.25,23750,prósenta eða krónutala,108.33,5,,2,1,Kjarasamningur_LSS_og_SA_vegna_Isavia_2024-2028.txt
nafn:landssamband slökkviliðs- og sjúkraflutningamanna,89,Landssamband slökkviliðs- og sjúkraflutningamanna,opinber,BSRB,2024-04-01,óskilgreint,3.5,,prósenta,112.12,2,,1,1,Kjarasamningur_LSS_og_SNR_adalstarf_2025.txt
nafn:landssamband slökkviliðs- og sjúkraflutningamanna,89,Landssamband slökkviliðs- og sjúkraflutningamanna,almennur,BSRB,2025-01-01,launatafla,3.5,23750,prósenta eða krónutala,116.05,9,,1,1,Kjarasamningur_LSS_og_SA_vegna_Isavia_2024-2028.txt
nafn:landssamband slökkviliðs- og sjúkraflutningamanna,89,Landssamband slökkviliðs- og sjúkraflutningamanna,opinber,BSRB,2025-04-01,óskilgreint,3.5,,prósenta,120.11,3,,1,1,Kjarasamningur_LSS_og_SNR_adalstarf_2025.txt
nafn:landssamband slökkviliðs- og sjúkraflutningamanna,89,Landssamband slökkviliðs- og sjúkraflutningamanna,opinber,BSRB,2026-04-01,óskilgreint,3.5,,prósenta,124.31,12,,1,1,Kjarasamningur_LSS_og_SNR_adalstarf_2025.txt
nafn:landssamband slökkviliðs- og sjúkraflutningamanna,89,Landssamband slökkviliðs- og sjúkraflutningamanna,almennur,BSRB,2027-01-01,launatafla,3.5,23750,prósenta eða krónutala,128.66,9,,1,1,Kjarasamningur_LSS_og_SA_vegna_Isavia_2024-2028.txt
nafn:landssamband slökkviliðs- og sjúkraflutningamanna,89,Landssamband slökkviliðs- og sjúkraflutningamanna,opinber,BSRB,2027-04-01,óskilgreint,3.5,,prósenta,133.17,3,,1,1,Kjarasamningur_LSS_og_SNR_adalstarf_2025.txt
nafn:landssamband íslenskra verzlunarmanna,11,Landssamband íslenskra verzlunarmanna,almennur,BSRB,2019-04-01,kauptaxtar,,17000,krónutala,100.0,,grunnur,1,0,samningur_1114.txt
nafn:landssamband íslenskra verzlunarmanna,11,Landssamband íslenskra verzlunarmanna,almennur,BSRB,2020-04-01,kauptaxtar,,21000,krónutala,100.0,12,krónutöluhækkun - vísitala stendur í stað,2,0,samningur_1114.txt
nafn:landssamband íslenskra verzlunarmanna,11,Landssamband íslenskra verzlunarmanna,almennur,BSRB,2021-01-01,kauptaxtar,,19875,krónutala,100.0,9,krónutöluhækkun - vísitala stendur í stað,2,0,samningur_1114.txt
nafn:landssamband íslenskra verzlunarmanna,11,Landssamband íslenskra verzlunarmanna,almennur,BSRB,2022-01-01,kauptaxtar,,21125,krónutala,100.0,12,krónutöluhækkun - vísitala stendur í stað,2,0,samningur_1114.txt
nafn:leikarafélag íslands,14,Leikarafélag Íslands,almennur,BHM,2008-06-01,almenn laun,3.0,,prósenta,100.0,,grunnur,1,1,samningur_92.txt
nafn:leikarafélag íslands,14,Leikarafélag Íslands,almennur,BHM,2009-02-01,almenn laun,3.0,,prósenta,103.0,8,,1,1,samningur_92.txt
nafn:leikarafélag íslands,14,Leikarafélag Íslands,almennur,BHM,2009-10-31,almenn laun,4.75,,prósenta,107.89,8,,1,1,samningur_92.txt
nafn:leikarafélag íslands,14,Leikarafélag Íslands,opinber,,2013-03-01,almenn laun,3.25,,prósenta,111.4,41,löng eyða á undan,1,1,samningur_420.txt
nafn:leikarafélag íslands,14,Leikarafélag Íslands,opinber,,2014-08-01,almenn laun,,50000,krónutala,111.4,17,krónutöluhækkun - vísitala stendur í stað,1,0,samningur_420.txt
nafn:leikarafélag íslands,14,Leikarafélag Íslands,opinber,,2019-04-01,almenn laun,,17000,krónutala,111.4,56,krónutöluhækkun - vísitala stendur í stað,1,0,samningur_108.txt
nafn:leikarafélag íslands,14,Leikarafélag Íslands,almennur,,2019-05-23,almenn laun,4.5,,prósenta,116.41,1,,1,1,samningur_650.txt
nafn:leikarafélag íslands,14,Leikarafélag Íslands,almennur,,2020-01-01,kauptaxtar,,17000,krónutala,116.41,8,krónutöluhækkun - vísitala stendur í stað,1,0,samningur_650.txt
nafn:leikarafélag íslands,14,Leikarafélag Íslands,opinber,,2020-04-01,launatafla,,18000,krónutala,116.41,3,krónutöluhækkun - vísitala stendur í stað,2,0,samningur_108.txt
nafn:leikarafélag íslands,14,Leikarafélag Íslands,opinber,,2020-08-01,óskilgreint,,9100,krónutala,116.41,4,krónutöluhækkun - vísitala stendur í stað,1,0,samningur_108.txt
nafn:leikarafélag íslands,14,Leikarafélag Íslands,opinber,,2021-01-01,almenn laun,2.5,,prósenta,119.32,5,,3,1,samningur_108.txt
nafn:leikarafélag íslands,14,Leikarafélag Íslands,opinber,,2022-01-01,almenn laun,2.5,,prósenta,122.31,12,,3,1,samningur_108.txt
nafn:leikarafélag íslands,14,Leikarafélag Íslands,almennur,BHM,2022-11-01,kauptaxtar,6.75,66000,prósenta og krónutala,130.56,10,,1,1,samningur_648.txt
nafn:leikarafélag íslands,14,Leikarafélag Íslands,opinber,Sérfélög,2024-04-01,óskilgreint,3.5,,prósenta,135.13,17,,1,1,samningur_1794.txt
nafn:leikarafélag íslands,14,Leikarafélag Íslands,opinber,Sérfélög,2025-04-01,óskilgreint,3.5,,prósenta,139.86,12,,1,1,samningur_1794.txt
nafn:leikarafélag íslands,14,Leikarafélag Íslands,opinber,Sérfélög,2026-04-01,óskilgreint,3.5,,prósenta,144.76,12,,1,1,samningur_1794.txt
nafn:leikarafélag íslands,14,Leikarafélag Íslands,opinber,Sérfélög,2027-04-01,óskilgreint,3.5,,prósenta,149.82,12,,1,1,samningur_1794.txt
nafn:leiðsögnin,16,Leiðsögnin,almennur,ASÍ,2024-02-01,launatafla,3.25,23750,prósenta eða krónutala,100.0,,grunnur,2,1,samningur_2024.txt
nafn:leiðsögnin,16,Leiðsögnin,almennur,ASÍ,2025-01-01,launatafla,3.5,23750,prósenta eða krónutala,103.5,11,,2,1,samningur_2024.txt
nafn:leiðsögnin,16,Leiðsögnin,almennur,ASÍ,2026-01-01,launatafla,3.5,23750,prósenta eða krónutala,107.12,12,,2,1,samningur_2024.txt
nafn:leiðsögnin,16,Leiðsögnin,almennur,ASÍ,2027-01-01,almenn laun,3.5,23750,prósenta eða krónutala,110.87,12,,2,1,samningur_2024.txt
nafn:ljósmæðrafélag íslands,66,Ljósmæðrafélag Íslands,opinber,BHM,2022-01-01,launatafla,,17000,krónutala,100.0,,grunnur,1,0,samningur_561.txt
nafn:ljósmæðrafélag íslands,66,Ljósmæðrafélag Íslands,opinber,,2024-04-01,óskilgreint,3.5,,prósenta,103.5,27,löng eyða á undan,1,1,samningur_559.txt
nafn:ljósmæðrafélag íslands,66,Ljósmæðrafélag Íslands,opinber,,2025-04-01,óskilgreint,3.5,,prósenta,107.12,12,,1,1,samningur_559.txt
nafn:ljósmæðrafélag íslands,66,Ljósmæðrafélag Íslands,opinber,,2026-04-01,óskilgreint,3.5,,prósenta,110.87,12,,1,1,samningur_559.txt
nafn:ljósmæðrafélag íslands,66,Ljósmæðrafélag Íslands,opinber,,2027-04-01,óskilgreint,3.5,,prósenta,114.75,12,,1,1,samningur_559.txt
nafn:lyfjafræðingafélag íslands,79,Lyfjafræðingafélag Íslands,opinber,Sérfélög,2016-06-01,launatafla,5.5,,prósenta,100.0,,grunnur,1,1,samningur_496.txt
nafn:lyfjafræðingafélag íslands,79,Lyfjafræðingafélag Íslands,opinber,Sérfélög,2017-06-01,launatafla,3.0,,prósenta,103.0,12,,1,1,samningur_496.txt
nafn:lyfjafræðingafélag íslands,79,Lyfjafræðingafélag Íslands,opinber,Sérfélög,2018-06-01,launatafla,3.0,,prósenta,106.09,12,,1,1,samningur_496.txt
nafn:lyfjafræðingafélag íslands,79,Lyfjafræðingafélag Íslands,opinber,Sérfélög,2019-04-01,almenn laun,,17000,krónutala,106.09,10,krónutöluhækkun - vísitala stendur í stað,1,0,samningur_498.txt
nafn:lyfjafræðingafélag íslands,79,Lyfjafræðingafélag Íslands,opinber,Sérfélög,2020-04-01,launatafla,,18000,krónutala,106.09,12,krónutöluhækkun - vísitala stendur í stað,1,0,samningur_498.txt
nafn:lyfjafræðingafélag íslands,79,Lyfjafræðingafélag Íslands,opinber,Sérfélög,2021-01-01,launatafla,,15750,krónutala,106.09,9,krónutöluhækkun - vísitala stendur í stað,1,0,samningur_498.txt
nafn:lyfjafræðingafélag íslands,79,Lyfjafræðingafélag Íslands,opinber,Sérfélög,2022-01-01,launatafla,,17250,krónutala,106.09,12,krónutöluhækkun - vísitala stendur í stað,1,0,samningur_498.txt
nafn:lív,11,LÍV,opinber,BSRB,1998-01-01,kauptaxtar,4.0,70000,prósenta,100.0,,grunnur,2,1,SKM_C554e23091216200.txt
nafn:lív,11,LÍV,opinber,BSRB,1999-01-01,kauptaxtar,4.0,,prósenta,104.0,12,,1,1,SKM_C554e23091216200.txt
nafn:lív,99,LÍV,almennur,ASÍ,2024-02-01,launatafla,3.25,23750,prósenta eða krónutala,107.38,301,löng eyða á undan,4,1,Kjarasamningur_Thorungaverksmidjunnar_a_Reykholum_2024-2028.txt
nafn:lív,99,LÍV,almennur,ASÍ,2025-01-01,launatafla,3.5,23750,prósenta eða krónutala,111.14,11,,3,1,Kjarasamningur_LIV_og_SA_vegna_Verkvest_2024-2028.txt
nafn:lív,99,LÍV,almennur,ASÍ,2026-01-01,kauptaxtar,3.5,23750,prósenta,115.03,12,,3,1,Kjarasamningur_Thorungaverksmidjunnar_a_Reykholum_2024-2028.txt
nafn:lív,99,LÍV,almennur,ASÍ,2027-01-01,kauptaxtar,3.5,23750,prósenta,119.05,12,,3,1,Kjarasamningur_Thorungaverksmidjunnar_a_Reykholum_2024-2028.txt
nafn:læknafélag íslands,54,Læknafélag Íslands,opinber,Sérfélög,2015-01-01,launatafla,,5716,krónutala,100.0,,grunnur,3,0,samningur_530.txt
nafn:læknafélag íslands,54,Læknafélag Íslands,opinber,Sérfélög,2015-06-01,launatafla,4.5,,prósenta,104.5,5,,1,1,samningur_530.txt
nafn:læknafélag íslands,54,Læknafélag Íslands,opinber,Sérfélög,2016-01-01,launatafla,8.75,6358,prósenta,113.64,7,,6,2,samningur_530.txt
nafn:læknafélag íslands,54,Læknafélag Íslands,opinber,Sérfélög,2017-01-01,launatafla,1.5,,prósenta,115.35,12,,1,1,samningur_530.txt
nafn:læknafélag íslands,54,Læknafélag Íslands,opinber,BHM,2018-06-01,launatafla,2.0,,prósenta,117.66,17,,1,1,samningur_527.txt
nafn:læknafélag íslands,54,Læknafélag Íslands,opinber,ASÍ,2019-03-01,almenn laun,,17000,krónutala,117.66,9,krónutöluhækkun - vísitala stendur í stað,1,0,samningur_529.txt
nafn:læknafélag íslands,54,Læknafélag Íslands,opinber,ASÍ,2020-04-01,launatafla,,18000,krónutala,117.66,13,krónutöluhækkun - vísitala stendur í stað,1,0,samningur_529.txt
nafn:læknafélag íslands,54,Læknafélag Íslands,opinber,ASÍ,2021-01-01,launatafla,,15750,krónutala,117.66,9,krónutöluhækkun - vísitala stendur í stað,1,0,samningur_529.txt
nafn:matvís,36,MATVÍS,almennur,ASÍ,2005-01-01,almenn laun,3.0,,prósenta,100.0,,grunnur,1,1,SKM_C554e23090615050.txt
nafn:matvís,36,MATVÍS,almennur,ASÍ,2006-01-01,almenn laun,2.5,,prósenta,102.5,12,,2,1,SKM_C554e23090615050.txt
nafn:matvís,36,MATVÍS,almennur,ASÍ,2007-01-01,kauptaxtar,5.5,,prósenta,108.14,12,,2,1,SKM_C554e23090616351.txt
nafn:matvís,36,MATVÍS,almennur,ASÍ,2009-03-01,kauptaxtar,3.5,,prósenta,111.92,26,löng eyða á undan,1,1,SKM_C554e23090616351.txt
nafn:matvís,36,MATVÍS,almennur,ASÍ,2010-01-01,kauptaxtar,2.5,,prósenta,114.72,10,,1,1,SKM_C554e23090616351.txt
nafn:matvís,36,MATVÍS,opinber,ASÍ,2014-04-30,óskilgreint,,50000,krónutala,114.72,51,krónutöluhækkun - vísitala stendur í stað,2,0,samningur_856.txt
nafn:matvís,36,MATVÍS,opinber,ASÍ,2015-05-01,kauptaxtar,6.2,,prósenta,121.83,13,,1,1,samningur_578.txt
nafn:matvís,36,MATVÍS,opinber,ASÍ,2016-01-01,almenn laun,6.2,15000,prósenta með krónutölulágmarki,129.39,8,,3,1,samningur_578.txt
nafn:matvís,36,MATVÍS,opinber,ASÍ,2016-01-21,kauptaxtar,3.0,,prósenta,133.27,0,,1,1,samningur_578.txt
nafn:matvís,36,MATVÍS,opinber,ASÍ,2016-05-01,almenn laun,6.2,,prósenta,141.53,4,,1,1,samningur_578.txt
nafn:matvís,36,MATVÍS,opinber,ASÍ,2017-05-01,kauptaxtar,3.0,,prósenta,145.78,12,,3,3,samningur_578.txt
nafn:matvís,36,MATVÍS,opinber,ASÍ,2018-05-01,kauptaxtar,3.75,,prósenta,151.24,12,,2,2,samningur_578.txt
nafn:matvís,36,MATVÍS,almennur,ASÍ,2019-04-01,almenn laun,,17000,krónutala,151.24,11,krónutöluhækkun - vísitala stendur í stað,2,0,samningur_580.txt
nafn:matvís,36,MATVÍS,almennur,ASÍ,2020-04-01,almenn laun,1.02,18000,krónutala,152.79,12,,3,1,samningur_580.txt
nafn:matvís,36,MATVÍS,almennur,ASÍ,2021-01-01,almenn laun,,15750,krónutala,152.79,9,krónutöluhækkun - vísitala stendur í stað,2,0,samningur_580.txt
nafn:matvís,36,MATVÍS,opinber,ASÍ,2022-01-01,launatafla,,17250,krónutala,152.79,12,krónutöluhækkun - vísitala stendur í stað,2,0,samningur_853.txt
nafn:matvís,,MATVÍS,almennur,,2024-02-01,óskilgreint,13.1,,prósenta,172.8,25,löng eyða á undan,1,1,samningur_58.txt
nafn:matvís,36,MATVÍS,opinber,,2024-04-01,launatafla,3.25,23750,prósenta eða krónutala,178.42,2,,2,1,samningur_1872.txt
nafn:matvís,36,MATVÍS,opinber,,2025-04-01,almenn laun,3.5,23750,prósenta eða krónutala,184.66,12,,2,1,samningur_1872.txt
nafn:matvís,36,MATVÍS,opinber,,2026-04-01,almenn laun,3.5,23750,prósenta eða krónutala,191.12,12,,2,1,samningur_1872.txt
nafn:matvís,36,MATVÍS,opinber,,2027-04-01,almenn laun,3.5,23750,prósenta eða krónutala,197.81,12,,2,1,samningur_1872.txt
nafn:matvís rafiðnaðarsamband íslands félag vélstjóra og málmtæknimanna,8,"MATVÍS, Rafiðnaðarsamband Íslands, Félag vélstjóra og málmtæknimanna",opinber,BHM,2024-04-01,launatafla,3.25,23750,prósenta eða krónutala,100.0,,grunnur,1,1,samningur_1732.txt
nafn:matvís rafiðnaðarsamband íslands félag vélstjóra og málmtæknimanna,8,"MATVÍS, Rafiðnaðarsamband Íslands, Félag vélstjóra og málmtæknimanna",opinber,BHM,2025-04-01,launatafla,3.5,23750,prósenta eða krónutala,103.5,12,,1,1,samningur_1732.txt
nafn:matvís rafiðnaðarsamband íslands félag vélstjóra og málmtæknimanna,8,"MATVÍS, Rafiðnaðarsamband Íslands, Félag vélstjóra og málmtæknimanna",opinber,BHM,2026-04-01,launatafla,3.5,23750,prósenta eða krónutala,107.12,12,,1,1,samningur_1732.txt
nafn:mjólkurfræðingafélag íslands,41,Mjólkurfræðingafélag Íslands,almennur,ASÍ,1999-01-01,kauptaxtar,3.5,,prósenta,100.0,,grunnur,1,1,SKM_C554e23092617090.txt
nafn:mjólkurfræðingafélag íslands,41,Mjólkurfræðingafélag Íslands,almennur,ASÍ,2002-01-01,kauptaxtar,3.0,,prósenta,103.0,36,löng eyða á undan,1,1,SKM_C554e23092617100.txt
nafn:mjólkurfræðingafélag íslands,41,Mjólkurfræðingafélag Íslands,almennur,ASÍ,2003-01-01,kauptaxtar,3.0,,prósenta,106.09,12,,1,1,SKM_C554e23092617100.txt
nafn:mjólkurfræðingafélag íslands,41,Mjólkurfræðingafélag Íslands,almennur,ASÍ,2005-01-01,almenn laun,3.0,,prósenta,109.27,24,,1,1,SKM_C554e23092617111.txt
nafn:mjólkurfræðingafélag íslands,41,Mjólkurfræðingafélag Íslands,almennur,ASÍ,2006-01-01,almenn laun,2.5,,prósenta,112.0,12,,1,1,SKM_C554e23092617111.txt
nafn:mjólkurfræðingafélag íslands,41,Mjólkurfræðingafélag Íslands,almennur,ASÍ,2007-01-01,launatafla,2.25,,prósenta,114.52,12,,1,1,SKM_C554e23092617111.txt
nafn:mjólkurfræðingafélag íslands,41,Mjólkurfræðingafélag Íslands,almennur,ASÍ,2009-03-01,kauptaxtar,3.5,,prósenta,118.53,26,löng eyða á undan,1,1,samningur_270.txt
nafn:mjólkurfræðingafélag íslands,41,Mjólkurfræðingafélag Íslands,almennur,ASÍ,2011-06-01,almenn laun,4.25,,prósenta,123.57,27,löng eyða á undan,1,1,samningur_354.txt
nafn:mjólkurfræðingafélag íslands,41,Mjólkurfræðingafélag Íslands,almennur,ASÍ,2012-02-01,almenn laun,3.5,,prósenta,127.9,8,,1,1,samningur_354.txt
nafn:mjólkurfræðingafélag íslands,41,Mjólkurfræðingafélag Íslands,almennur,ASÍ,2013-02-01,almenn laun,3.25,,prósenta,132.05,12,,1,1,samningur_354.txt
nafn:mjólkurfræðingafélag íslands,41,Mjólkurfræðingafélag Íslands,almennur,ASÍ,2015-05-01,óskilgreint,7.2,,prósenta,141.56,27,löng eyða á undan,1,1,samningur_357.txt
nafn:mjólkurfræðingafélag íslands,41,Mjólkurfræðingafélag Íslands,almennur,ASÍ,2015-05-02,kauptaxtar,5.5,,prósenta,149.35,0,,1,1,samningur_357.txt
nafn:mjólkurfræðingafélag íslands,41,Mjólkurfræðingafélag Íslands,almennur,ASÍ,2016-04-30,kauptaxtar,,15000,krónutala,149.35,11,krónutöluhækkun - vísitala stendur í stað,1,0,samningur_357.txt
nafn:mjólkurfræðingafélag íslands,41,Mjólkurfræðingafélag Íslands,almennur,ASÍ,2016-05-01,almenn laun,3.2,,prósenta,154.12,1,,2,1,samningur_357.txt
nafn:mjólkurfræðingafélag íslands,41,Mjólkurfræðingafélag Íslands,almennur,ASÍ,2017-05-01,kauptaxtar,3.0,,prósenta,158.75,12,,1,1,samningur_357.txt
nafn:mjólkurfræðingafélag íslands,41,Mjólkurfræðingafélag Íslands,almennur,ASÍ,2018-05-01,kauptaxtar,2.5,,prósenta,162.72,12,,2,2,samningur_357.txt
nafn:mjólkurfræðingafélag íslands,41,Mjólkurfræðingafélag Íslands,almennur,ASÍ,2019-04-01,almenn laun,,17000,krónutala,162.72,11,krónutöluhækkun - vísitala stendur í stað,1,0,samningur_359.txt
nafn:mjólkurfræðingafélag íslands,41,Mjólkurfræðingafélag Íslands,almennur,ASÍ,2020-04-01,almenn laun,,18000,krónutala,162.72,12,krónutöluhækkun - vísitala stendur í stað,1,0,samningur_359.txt
nafn:mjólkurfræðingafélag íslands,41,Mjólkurfræðingafélag Íslands,almennur,ASÍ,2021-01-01,almenn laun,,15750,krónutala,162.72,9,krónutöluhækkun - vísitala stendur í stað,1,0,samningur_359.txt
nafn:mjólkurfræðingafélag íslands,41,Mjólkurfræðingafélag Íslands,almennur,ASÍ,2022-01-01,kauptaxtar,2.5,17250,prósenta og krónutala,166.79,12,,1,1,samningur_359.txt
nafn:mjólkurfræðingafélag íslands,41,Mjólkurfræðingafélag Íslands,almennur,ASÍ,2022-11-01,kauptaxtar,6.75,66000,prósenta og krónutala,178.04,10,,1,1,samningur_355.txt
nafn:málarafélag reykjavíkur,,Málarafélag Reykjavíkur,almennur,,1981-11-01,lágmarkstekjur,3.25,,prósenta,100.0,,grunnur,1,1,SKM_C554e23092516511.txt
nafn:múrarafélag reykjavíkur,39,Múrarafélag Reykjavíkur,almennur,ASÍ,1987-10-01,kauptaxtar,1.5,36800,prósenta,100.0,,grunnur,2,1,SKM_C554e23092614131.txt
nafn:múrarafélag reykjavíkur,,Múrarafélag Reykjavíkur,almennur,,1993-11-30,óskilgreint,,68000,krónutala,100.0,73,krónutöluhækkun - vísitala stendur í stað,3,0,SKM_C554e23092516540.txt
nafn:múrarafélag reykjavíkur,39,Múrarafélag Reykjavíkur,opinber,ASÍ,1997-06-20,kauptaxtar,4.7,,prósenta,104.7,43,löng eyða á undan,2,1,SKM_C554e23092515510.txt
nafn:múrarafélag reykjavíkur,39,Múrarafélag Reykjavíkur,opinber,ASÍ,1998-01-01,kauptaxtar,4.0,,prósenta,108.89,7,,1,1,SKM_C554e23092515510.txt
nafn:múrarafélag reykjavíkur,39,Múrarafélag Reykjavíkur,opinber,ASÍ,2000-01-01,kauptaxtar,4.0,,prósenta,113.24,24,,1,1,SKM_C554e23092515510.txt
nafn:múrarafélag reykjavíkur,39,Múrarafélag Reykjavíkur,almennur,ASÍ,2001-04-01,almenn laun,3.0,,prósenta,116.64,15,,1,1,SKM_C554e23092515540.txt
nafn:múrarafélag reykjavíkur,39,Múrarafélag Reykjavíkur,almennur,ASÍ,2002-01-01,almenn laun,3.0,,prósenta,120.14,9,,1,1,SKM_C554e23092515540.txt
nafn:múrarafélag reykjavíkur,39,Múrarafélag Reykjavíkur,almennur,ASÍ,2003-01-01,almenn laun,3.0,,prósenta,123.74,12,,1,1,SKM_C554e23092515540.txt
nafn:múrarafélag reykjavíkur og sveinafélag pípulagningamanna,,Múrarafélag Reykjavíkur og Sveinafélag pípulagningamanna,opinber,,2005-01-01,launatafla,3.0,,prósenta,100.0,,grunnur,1,1,SKM_C554e23092517070.txt
nafn:múrarafélag reykjavíkur sveinafélag pípulagningamanna,,"Múrarafélag Reykjavíkur, Sveinafélag pípulagningamanna",opinber,,2002-01-01,almenn laun,3.0,,prósenta,100.0,,grunnur,1,1,SKM_C554e23092516590.txt
nafn:múrarafélag reykjavíkur sveinafélag pípulagningamanna,,"Múrarafélag Reykjavíkur, Sveinafélag pípulagningamanna",opinber,,2003-01-01,almenn laun,3.0,,prósenta,103.0,12,,1,1,SKM_C554e23092516590.txt
nafn:múrarasamband íslands,,Múrarasamband Íslands,almennur,,1985-09-01,kauptaxtar,3.0,,prósenta,100.0,,grunnur,1,1,SKM_C554e23092614290.txt
nafn:múrarasamband íslands,,Múrarasamband Íslands,almennur,,1985-12-01,kauptaxtar,2.5,,prósenta,102.5,3,,1,1,SKM_C554e23092614290.txt
nafn:múrarasamband íslands,,Múrarasamband Íslands,almennur,,1986-06-01,kauptaxtar,2.5,,prósenta,105.06,6,,1,1,SKM_C554e23092614290.txt
nafn:múrarasamband íslands,,Múrarasamband Íslands,almennur,,1987-10-01,kauptaxtar,1.5,36800,prósenta,106.64,16,,2,1,SKM_C554e23092515260.txt
nafn:múrarasamband íslands,,Múrarasamband Íslands,almennur,,1997-06-20,kauptaxtar,4.7,,prósenta,111.65,116,löng eyða á undan,2,1,SKM_C554e23092614280.txt
nafn:múrarasamband íslands,,Múrarasamband Íslands,almennur,,1998-01-01,kauptaxtar,4.0,,prósenta,116.12,7,,1,1,SKM_C554e23092614280.txt
nafn:múrarasamband íslands,,Múrarasamband Íslands,almennur,,2000-01-01,kauptaxtar,4.0,,prósenta,120.76,24,,1,1,SKM_C554e23092614280.txt
nafn:múrarasamband íslands,,Múrarasamband Íslands,almennur,,2001-04-01,almenn laun,3.0,,prósenta,124.38,15,,1,1,SKM_C554e23092614291.txt
nafn:múrarasamband íslands,,Múrarasamband Íslands,almennur,,2002-01-01,almenn laun,3.0,,prósenta,128.12,9,,1,1,SKM_C554e23092614291.txt
nafn:múrarasamband íslands,,Múrarasamband Íslands,almennur,,2003-01-01,almenn laun,3.0,,prósenta,131.96,12,,1,1,SKM_C554e23092614291.txt
nafn:prestafélag íslands,69,Prestafélag Íslands,,BHM,2022-04-01,almenn laun,3.0,,prósenta,100.0,,grunnur,1,1,samningur_260.txt
nafn:póstmannafélag íslands,53,Póstmannafélag Íslands,opinber,BSRB,2015-05-01,almenn laun,,15000,krónutala,100.0,,grunnur,1,0,samningur_1112.txt
nafn:póstmannafélag íslands,53,Póstmannafélag Íslands,opinber,BSRB,2016-01-01,kauptaxtar,7.2,,prósenta,107.2,8,,1,1,samningur_1112.txt
nafn:póstmannafélag íslands,53,Póstmannafélag Íslands,opinber,BSRB,2016-05-01,almenn laun,6.2,,prósenta,113.85,4,,1,1,samningur_1112.txt
nafn:póstmannafélag íslands,53,Póstmannafélag Íslands,opinber,BSRB,2017-05-01,kauptaxtar,4.5,,prósenta,118.97,12,,1,1,samningur_1112.txt
nafn:póstmannafélag íslands,53,Póstmannafélag Íslands,opinber,BSRB,2018-05-01,kauptaxtar,4.0,,prósenta,123.73,12,,2,2,samningur_1112.txt
nafn:póstmannafélag íslands,,Póstmannafélag Íslands,,,2019-04-01,kauptaxtar,,17000,krónutala,123.73,11,krónutöluhækkun - vísitala stendur í stað,1,0,bd37fe4e44a050b74c0fee6a8b0b0e55.txt
nafn:póstmannafélag íslands,,Póstmannafélag Íslands,,,2020-01-01,launatafla,15.0,,prósenta,142.29,9,,1,1,bd37fe4e44a050b74c0fee6a8b0b0e55.txt
nafn:póstmannafélag íslands,,Póstmannafélag Íslands,,,2020-04-01,kauptaxtar,,21000,krónutala,142.29,3,krónutöluhækkun - vísitala stendur í stað,2,0,bd37fe4e44a050b74c0fee6a8b0b0e55.txt
nafn:póstmannafélag íslands,,Póstmannafélag Íslands,,,2021-01-01,kauptaxtar,,19875,krónutala,142.29,9,krónutöluhækkun - vísitala stendur í stað,2,0,bd37fe4e44a050b74c0fee6a8b0b0e55.txt
nafn:póstmannafélag íslands,,Póstmannafélag Íslands,,,2022-01-01,kauptaxtar,2.5,21125,krónutala,145.84,12,,2,1,bd37fe4e44a050b74c0fee6a8b0b0e55.txt
nafn:póstmannafélag íslands,,Póstmannafélag Íslands,opinber,BSRB,2022-11-01,launatafla,5.0,35000,prósenta og krónutala,153.14,10,,2,1,samningur_1111.txt
nafn:póstmannafélag íslands,53,Póstmannafélag Íslands,opinber,BSRB,2024-02-01,launatafla,3.25,23750,prósenta eða krónutala,158.11,15,,2,1,samningur_1578.txt
nafn:póstmannafélag íslands,53,Póstmannafélag Íslands,opinber,BSRB,2025-01-01,launatafla,3.5,23750,prósenta eða krónutala,163.65,11,,2,1,samningur_1578.txt
nafn:póstmannafélag íslands,53,Póstmannafélag Íslands,opinber,BSRB,2026-01-01,launatafla,3.5,23750,prósenta eða krónutala,169.38,12,,2,1,samningur_1578.txt
nafn:póstmannafélag íslands,53,Póstmannafélag Íslands,opinber,BSRB,2027-01-01,almenn laun,3.5,23750,prósenta eða krónutala,175.3,12,,2,1,samningur_1578.txt
nafn:rsí,13,RSÍ,almennur,ASÍ,1987-02-01,byrjunarlaun,2.0,,prósenta,100.0,,grunnur,1,1,SA_v_veitna.txt
nafn:rsí,13,RSÍ,almennur,ASÍ,1998-01-01,launatafla,4.0,,prósenta,104.0,131,löng eyða á undan,1,1,SA_v_kvikmyndahusa.txt
nafn:rsí,13,RSÍ,almennur,ASÍ,2000-01-01,launatafla,1.2,,prósenta,105.25,24,,1,1,SA_v_kvikmyndahusa.txt
nafn:rsí,13,RSÍ,,ASÍ,2000-03-01,almenn laun,,4000,krónutala,105.25,2,krónutöluhækkun - vísitala stendur í stað,1,0,Islenska_utvarpsfelagid2.txt
nafn:rsí,13,RSÍ,,ASÍ,2001-01-01,almenn laun,,3000,krónutala,105.25,10,krónutöluhækkun - vísitala stendur í stað,2,0,Islenska_utvarpsfelagid2.txt
nafn:rsí,13,RSÍ,,ASÍ,2002-01-01,launatafla,3.0,,prósenta,108.41,12,,2,1,Ratsjarstofnun2.txt
nafn:rsí,13,RSÍ,almennur,ASÍ,2003-01-01,almenn laun,3.8,,prósenta,112.52,12,,4,1,Samtok_verslunarinnar.txt
nafn:rsí,13,RSÍ,almennur,ASÍ,2004-01-01,launatafla,3.0,,prósenta,115.9,12,,4,1,samningur_888.txt
nafn:rsí,13,RSÍ,almennur,ASÍ,2004-12-01,almenn laun,3.25,,prósenta,119.67,11,,2,1,samningur_628.txt
nafn:rsí,13,RSÍ,,ASÍ,2005-01-01,almenn laun,1.5,,prósenta,121.46,1,,3,1,Ratsjarstofnun2.txt
nafn:rsí,13,RSÍ,almennur,ASÍ,2006-01-01,almenn laun,3.0,,prósenta,125.11,12,,6,1,samningur_628.txt
nafn:rsí,13,RSÍ,almennur,ASÍ,2007-01-01,almenn laun,2.5,,prósenta,128.23,12,,5,1,samningur_628.txt
nafn:rsí,13,RSÍ,almennur,ASÍ,2008-01-01,almenn laun,2.25,,prósenta,131.12,12,,4,1,samningur_628.txt
nafn:rsí,13,RSÍ,almennur,ASÍ,2008-02-01,kauptaxtar,5.5,,prósenta,138.33,1,,1,1,samningur_1076.txt
nafn:rsí,13,RSÍ,almennur,ASÍ,2008-11-30,almenn laun,2.0,,prósenta,141.1,9,,1,1,samningur_874.txt
nafn:rsí,13,RSÍ,,ASÍ,2009-01-01,kauptaxtar,3.25,,prósenta,145.68,2,,3,1,Kögun.txt
nafn:rsí,13,RSÍ,,ASÍ,2009-02-01,kauptaxtar,4.0,,prósenta,151.51,1,,1,1,Sam_felagid.txt
nafn:rsí,13,RSÍ,,ASÍ,2009-03-01,kauptaxtar,3.5,,prósenta,156.81,1,,3,1,Kögun.txt
nafn:rsí,13,RSÍ,almennur,ASÍ,2009-07-01,óskilgreint,3.5,,prósenta,162.3,4,,1,1,samningur_877.txt
nafn:rsí,13,RSÍ,almennur,ASÍ,2009-11-01,kauptaxtar,3.5,,prósenta,167.98,4,,1,1,samningur_1076.txt
nafn:rsí,13,RSÍ,almennur,ASÍ,2010-01-01,óskilgreint,2.5,,prósenta,172.18,2,,1,1,samningur_877.txt
nafn:rsí,13,RSÍ,almennur,ASÍ,2010-06-01,kauptaxtar,2.5,,prósenta,176.49,5,,1,1,samningur_1076.txt
nafn:rsí,13,RSÍ,almennur,ASÍ,2010-12-31,óskilgreint,4.25,,prósenta,183.99,6,,1,1,samningur_885.txt
nafn:rsí,13,RSÍ,opinber,ASÍ,2011-06-01,launatafla,4.6,12000,prósenta með krónutölulágmarki,192.45,6,,1,1,samningur_1034.txt
nafn:rsí,20,RSÍ,almennur,BHM,2011-07-01,launatafla,4.25,,prósenta,200.63,1,,1,1,samningur_875.txt
nafn:rsí,13,RSÍ,opinber,ASÍ,2011-10-31,launatafla,4.25,,prósenta,209.16,3,,1,1,samningur_918.txt
nafn:rsí,20,RSÍ,,BHM,2011-12-01,launatafla,9.0,,prósenta,227.98,2,,1,1,samningur_871.txt
nafn:rsí,13,RSÍ,opinber,ASÍ,2012-03-01,launatafla,3.5,11000,prósenta með krónutölulágmarki,235.96,3,,1,1,samningur_1034.txt
nafn:rsí,13,RSÍ,opinber,ASÍ,2013-03-01,launatafla,3.5,11000,prósenta með krónutölulágmarki,244.22,12,,1,1,samningur_1034.txt
nafn:rsí,13,RSÍ,almennur,ASÍ,2014-01-01,kauptaxtar,,14600,krónutala,244.22,10,krónutöluhækkun - vísitala stendur í stað,1,0,Felag_atvinnurekenda.txt
nafn:rsí,20,RSÍ,,BHM,2014-02-01,almenn laun,2.8,,prósenta,251.06,1,,8,1,samningur_872.txt
nafn:rsí,13,RSÍ,,ASÍ,2014-08-01,launatafla,7.52,,prósenta,269.94,6,,1,1,samningur_117.txt
nafn:rsí,13,RSÍ,,ASÍ,2014-09-17,launatafla,7.52,,prósenta,290.23,1,,1,1,samningur_117.txt
nafn:rsí,13,RSÍ,almennur,ASÍ,2014-12-31,kauptaxtar,3.2,,prósenta,299.52,3,,3,1,samningur_876.txt
nafn:rsí,13,RSÍ,opinber,ASÍ,2015-01-01,launatafla,3.5,,prósenta,310.01,1,,2,2,RARIK.txt
nafn:rsí,30,RSÍ,opinber,ASÍ,2015-03-01,almenn laun,6.1,,prósenta,328.92,2,,7,2,samningur_926.txt
nafn:rsí,13,RSÍ,opinber,ASÍ,2015-04-01,óskilgreint,,3000,krónutala,328.92,1,krónutöluhækkun - vísitala stendur í stað,1,0,RUV.txt
nafn:rsí,13,RSÍ,almennur,ASÍ,2015-05-01,kauptaxtar,5.5,,prósenta,347.01,1,,1,1,348a43ad44e293613cf9a715267ba2e1.txt
nafn:rsí,13,RSÍ,almennur,ASÍ,2015-05-02,kauptaxtar,5.5,,prósenta,366.09,0,,1,1,348a43ad44e293613cf9a715267ba2e1.txt
nafn:rsí,13,RSÍ,opinber,ASÍ,2015-05-31,launatafla,0.75,,prósenta,368.84,0,,1,1,RARIK.txt
nafn:rsí,20,RSÍ,,BHM,2015-11-01,almenn laun,3.8,,prósenta,382.85,6,,4,2,samningur_872.txt
nafn:rsí,13,RSÍ,opinber,ASÍ,2015-12-31,launatafla,0.5,,prósenta,384.77,1,,4,1,RARIK.txt
nafn:rsí,13,RSÍ,almennur,ASÍ,2016-01-01,almenn laun,6.2,15000,prósenta með krónutölulágmarki,408.62,1,,4,1,samningur_1072.txt
nafn:rsí,13,RSÍ,almennur,ASÍ,2016-01-21,kauptaxtar,3.0,,prósenta,420.88,0,,1,1,samningur_1072.txt
nafn:rsí,13,RSÍ,almennur,ASÍ,2016-04-30,kauptaxtar,,15000,krónutala,420.88,3,krónutöluhækkun - vísitala stendur í stað,1,0,348a43ad44e293613cf9a715267ba2e1.txt
nafn:rsí,30,RSÍ,opinber,ASÍ,2016-05-01,almenn laun,5.5,,prósenta,444.03,1,,14,4,samningur_926.txt
nafn:rsí,20,RSÍ,,BHM,2017-01-01,almenn laun,1.5,,prósenta,450.69,8,,2,1,samningur_872.txt
nafn:rsí,13,RSÍ,opinber,ASÍ,2017-05-01,almenn laun,3.75,,prósenta,467.59,4,,18,5,samningur_961.txt
nafn:rsí,13,RSÍ,opinber,ASÍ,2018-05-01,almenn laun,3.0,,prósenta,481.62,12,,12,2,samningur_961.txt
nafn:rsí,20,RSÍ,,BHM,2019-01-01,almenn laun,2.0,,prósenta,491.25,8,,4,1,samningur_872.txt
nafn:rsí,13,RSÍ,opinber,ASÍ,2019-04-01,almenn laun,,17000,krónutala,491.25,3,krónutöluhækkun - vísitala stendur í stað,9,0,samningur_962.txt
nafn:rsí,13,RSÍ,,ASÍ,2019-04-03,almenn laun,,17250,krónutala,491.25,0,krónutöluhækkun - vísitala stendur í stað,1,0,samningur_162.txt
nafn:rsí,13,RSÍ,opinber,ASÍ,2019-07-01,launatafla,,17000,krónutala,491.25,3,krónutöluhækkun - vísitala stendur í stað,1,0,samningur_879.txt
nafn:rsí,13,RSÍ,opinber,ASÍ,2020-04-01,almenn laun,1.01,18000,krónutala,496.21,9,,12,2,samningur_962.txt
nafn:rsí,13,RSÍ,opinber,ASÍ,2021-01-01,almenn laun,,15750,krónutala,496.21,9,krónutöluhækkun - vísitala stendur í stað,7,0,samningur_962.txt
nafn:rsí,20,RSÍ,,BHM,2021-07-01,óskilgreint,2.0,,prósenta,506.14,6,,1,1,samningur_869.txt
nafn:rsí,13,RSÍ,,ASÍ,2022-01-01,almenn laun,,17250,krónutala,506.14,6,krónutöluhækkun - vísitala stendur í stað,6,0,samningur_162.txt
nafn:rsí,13,RSÍ,almennur,ASÍ,2022-11-01,kauptaxtar,6.75,66000,prósenta og krónutala,540.3,10,,2,1,samningur_42.txt
nafn:rsí,13,RSÍ,almennur,ASÍ,2022-12-01,almenn laun,2.0,,prósenta,551.11,1,,1,1,samningur_131.txt
nafn:rsí,13,RSÍ,opinber,ASÍ,2023-03-31,almenn laun,0.85,,prósenta,555.79,3,,2,1,samningur_970.txt
nafn:rsí,13,RSÍ,opinber,ASÍ,2023-04-01,óskilgreint,5.0,,prósenta,583.58,1,,1,1,samningur_1033.txt
nafn:rsí,13,RSÍ,opinber,ASÍ,2024-02-01,almenn laun,3.25,,prósenta,602.55,10,,6,1,samningur_1599.txt
nafn:rsí,13,RSÍ,opinber,ASÍ,2024-04-01,launatafla,3.25,23750,prósenta eða krónutala,622.13,2,,3,1,samningur_1400.txt
nafn:rsí,13,RSÍ,opinber,ASÍ,2025-01-01,launatafla,3.5,23750,prósenta eða krónutala,643.91,9,,6,1,samningur_1600.txt
nafn:rsí,13,RSÍ,opinber,ASÍ,2025-04-01,almenn laun,3.5,23750,prósenta eða krónutala,666.44,3,,3,1,samningur_1400.txt
nafn:rsí,13,RSÍ,opinber,ASÍ,2026-01-01,almenn laun,3.5,,prósenta,689.77,9,,4,1,samningur_1599.txt
nafn:rsí,13,RSÍ,opinber,ASÍ,2026-04-01,almenn laun,3.5,23750,prósenta eða krónutala,713.91,3,,3,1,samningur_1400.txt
nafn:rsí,13,RSÍ,opinber,ASÍ,2027-01-01,almenn laun,3.5,23750,prósenta eða krónutala,738.9,9,,5,1,samningur_1599.txt
nafn:rsí,13,RSÍ,opinber,ASÍ,2027-04-01,almenn laun,3.5,23750,prósenta eða krónutala,764.76,3,,3,1,samningur_1400.txt
nafn:rsí samiðnar,,"RSÍ, Samiðnar",almennur,,1995-06-09,almenn laun,3.2,,prósenta,100.0,,grunnur,1,1,SKM_C554e23092516370.txt
nafn:rsí samiðnar,,"RSÍ, Samiðnar",almennur,,1996-01-01,launatafla,3.0,,prósenta,103.0,7,,1,1,SKM_C554e23092516370.txt
nafn:rafiðnaðarsamband íslands,,Rafiðnaðarsamband Íslands,opinber,,1996-01-01,byrjunarlaun,,2700,krónutala,100.0,,grunnur,1,0,Steinull.txt
nafn:rafiðnaðarsamband íslands,78,Rafiðnaðarsamband Íslands,opinber,,2000-03-01,óskilgreint,,40000,krónutala,100.0,50,krónutöluhækkun - vísitala stendur í stað,1,0,samtok_verzlunarinnar.txt
nafn:rafiðnaðarsamband íslands,78,Rafiðnaðarsamband Íslands,opinber,,2000-07-01,óskilgreint,4.2,,prósenta,104.2,4,,1,1,samtok_verzlunarinnar.txt
nafn:rafiðnaðarsamband íslands,78,Rafiðnaðarsamband Íslands,opinber,,2000-08-01,óskilgreint,,40000,krónutala,104.2,1,krónutöluhækkun - vísitala stendur í stað,1,0,samtok_verzlunarinnar.txt
nafn:rafiðnaðarsamband íslands,59,Rafiðnaðarsamband Íslands,almennur,ASÍ,2014-01-01,kauptaxtar,,14600,krónutala,104.2,161,krónutöluhækkun - vísitala stendur í stað,1,0,samningur_959.txt
nafn:rafiðnaðarsamband íslands,59,Rafiðnaðarsamband Íslands,almennur,ASÍ,2014-02-01,kauptaxtar,2.8,11300,krónutala,107.12,1,,2,1,samningur_959.txt
nafn:rafiðnaðarsamband íslands,13,Rafiðnaðarsamband Íslands,almennur,ASÍ,2027-01-01,launatafla,3.25,23750,prósenta eða krónutala,110.6,155,löng eyða á undan,2,1,rsi_sa_idngreinar_2024_2028.txt
nafn:rafiðnaðarsamband íslands vm félag vélstjóra og málmtæknimanna,13,"Rafiðnaðarsamband Íslands, VM, Félag vélstjóra og málmtæknimanna",almennur,ASÍ,2024-02-01,launatafla,3.25,23750,prósenta eða krónutala,100.0,,grunnur,1,1,samningur_1602.txt
nafn:rafiðnaðarsamband íslands vm félag vélstjóra og málmtæknimanna,13,"Rafiðnaðarsamband Íslands, VM, Félag vélstjóra og málmtæknimanna",almennur,ASÍ,2025-01-01,launatafla,3.5,23750,prósenta eða krónutala,103.5,11,,1,1,samningur_1602.txt
nafn:rafiðnaðarsamband íslands vm félag vélstjóra og málmtæknimanna,13,"Rafiðnaðarsamband Íslands, VM, Félag vélstjóra og málmtæknimanna",almennur,ASÍ,2027-01-01,launatafla,3.5,23750,prósenta eða krónutala,107.12,24,,1,1,samningur_1602.txt
nafn:rafmagnsveitur,,Rafmagnsveitur,,,1984-06-01,kauptaxtar,3.0,,prósenta,100.0,,grunnur,1,1,Rafmagnsveitur.txt
nafn:rafmagnsveitur,,Rafmagnsveitur,,,1984-09-01,kauptaxtar,3.0,,prósenta,103.0,3,,1,1,Rafmagnsveitur.txt
nafn:rafmagnsveitur,,Rafmagnsveitur,,,1985-01-01,óskilgreint,3.0,,prósenta,106.09,4,,1,1,Rafmagnsveitur.txt
nafn:sfr,3,SFR - Stéttarfélag í almannaþjónustu,opinber,BSRB,2015-05-01,launatafla,7.7,25000,prósenta með krónutölulágmarki,100.0,,grunnur,1,1,samningur_624.txt
nafn:sfr,3,SFR - Stéttarfélag í almannaþjónustu,opinber,BSRB,2016-06-01,launatafla,6.0,,prósenta,106.0,13,,1,1,samningur_624.txt
nafn:sfr,3,SFR - Stéttarfélag í almannaþjónustu,opinber,BSRB,2017-06-01,launatafla,6.0,,prósenta,112.36,12,,1,1,samningur_624.txt
nafn:sfr,3,SFR - Stéttarfélag í almannaþjónustu,opinber,BSRB,2018-06-01,launatafla,3.0,,prósenta,115.73,12,,1,1,samningur_624.txt
nafn:sfr,3,SFR - Stéttarfélag í almannaþjónustu,opinber,BSRB,2019-02-01,launatafla,,47000,krónutala,115.73,8,krónutöluhækkun - vísitala stendur í stað,1,0,samningur_624.txt
nafn:sgs,25,SGS,almennur,ASÍ,2004-04-19,almenn laun,3.25,,prósenta,100.0,,grunnur,1,1,samningur_787.txt
nafn:sgs,25,SGS,almennur,ASÍ,2005-01-01,almenn laun,3.0,,prósenta,103.0,9,,1,1,samningur_787.txt
nafn:sgs,25,SGS,almennur,ASÍ,2006-01-01,almenn laun,2.5,,prósenta,105.57,12,,1,1,samningur_787.txt
nafn:sgs,25,SGS,almennur,ASÍ,2007-01-01,almenn laun,2.25,,prósenta,107.95,12,,1,1,samningur_787.txt
nafn:sgs,25,SGS,opinber,ASÍ,2009-07-01,kauptaxtar,0.7,,prósenta,108.71,30,löng eyða á undan,1,1,samningur_850.txt
nafn:sgs,25,SGS,opinber,ASÍ,2009-11-01,kauptaxtar,0.6,6790,krónutala,109.36,4,,2,1,samningur_850.txt
nafn:sgs,25,SGS,opinber,ASÍ,2010-06-01,almenn laun,,6500,krónutala,109.36,7,krónutöluhækkun - vísitala stendur í stað,2,0,samningur_850.txt
nafn:sgs,25,SGS,almennur,ASÍ,2011-06-01,almenn laun,4.25,,prósenta,114.01,12,,1,1,samningur_1122.txt
nafn:sgs,25,SGS,almennur,ASÍ,2012-02-01,almenn laun,3.5,,prósenta,118.0,8,,1,1,samningur_1122.txt
nafn:sgs,25,SGS,almennur,ASÍ,2013-02-01,kauptaxtar,3.25,,prósenta,121.83,12,,1,1,samningur_1122.txt
nafn:sgs,25,SGS,almennur,ASÍ,2014-01-01,lágmarkstekjur,,14600,krónutala,121.83,11,krónutöluhækkun - vísitala stendur í stað,1,0,samningur_1121.txt
nafn:sgs,25,SGS,almennur,ASÍ,2014-02-01,lágmarkstekjur,,14600,krónutala,121.83,1,krónutöluhækkun - vísitala stendur í stað,1,0,samningur_1121.txt
nafn:sgs,25,SGS,opinber,ASÍ,2015-05-01,almenn laun,,20000,krónutala,121.83,15,krónutöluhækkun - vísitala stendur í stað,2,0,samningur_844.txt
nafn:sgs,25,SGS,almennur,ASÍ,2016-01-01,kauptaxtar,7.2,,prósenta,130.6,8,,2,1,samningur_1120.txt
nafn:sgs,25,SGS,almennur,ASÍ,2016-01-21,kauptaxtar,3.0,,prósenta,134.52,0,,1,1,samningur_1120.txt
nafn:sgs,25,SGS,almennur,ASÍ,2016-05-01,launatafla,6.2,,prósenta,142.86,4,,1,1,samningur_1120.txt
nafn:sgs,25,SGS,almennur,ASÍ,2017-05-01,kauptaxtar,4.5,,prósenta,149.29,12,,1,1,samningur_1120.txt
nafn:sgs,25,SGS,almennur,ASÍ,2018-05-01,kauptaxtar,3.75,,prósenta,154.89,12,,2,2,samningur_1120.txt
nafn:sgs,25,SGS,opinber,ASÍ,2019-04-01,launatafla,,17000,krónutala,154.89,11,krónutöluhækkun - vísitala stendur í stað,2,0,samningur_845.txt
nafn:sgs,25,SGS,opinber,ASÍ,2020-04-01,launatafla,,24000,krónutala,154.89,12,krónutöluhækkun - vísitala stendur í stað,3,0,samningur_845.txt
nafn:sgs,25,SGS,opinber,ASÍ,2021-01-01,launatafla,,24000,krónutala,154.89,9,krónutöluhækkun - vísitala stendur í stað,3,0,samningur_845.txt
nafn:sgs,25,SGS,opinber,ASÍ,2022-01-01,launatafla,,17250,krónutala,154.89,12,krónutöluhækkun - vísitala stendur í stað,3,0,samningur_845.txt
nafn:sgs,25,SGS,almennur,ASÍ,2022-11-01,kauptaxtar,,33000,krónutala,154.89,10,krónutöluhækkun - vísitala stendur í stað,1,0,samningur_178.txt
nafn:sgs,25,SGS,almennur,ASÍ,2024-02-01,launatafla,3.25,23750,prósenta með krónutölulágmarki,159.92,15,,4,1,samningur_1587.txt
nafn:sgs,,SGS,opinber,ASÍ,2024-04-01,launatafla,3.25,23750,prósenta eða krónutala,165.12,2,,1,1,samningur_1694.txt
nafn:sgs,25,SGS,almennur,ASÍ,2025-01-01,launatafla,,26465,krónutala,165.12,9,krónutöluhækkun - vísitala stendur í stað,3,0,samningur_1585.txt
nafn:sgs,,SGS,opinber,ASÍ,2025-04-01,launatafla,3.5,23750,prósenta eða krónutala,170.9,3,,1,1,samningur_1694.txt
nafn:sgs,25,SGS,almennur,ASÍ,2026-01-01,kauptaxtar,3.5,23750,prósenta eða krónutala,176.88,9,,3,1,samningur_1582.txt
nafn:sgs,,SGS,opinber,ASÍ,2026-04-01,launatafla,3.5,23750,prósenta eða krónutala,183.07,3,,1,1,samningur_1694.txt
nafn:sgs,25,SGS,almennur,ASÍ,2027-01-01,kauptaxtar,3.5,23750,prósenta eða krónutala,189.48,9,,3,1,samningur_1582.txt
nafn:sns,,SNS,opinber,,2015-05-01,launatafla,7.7,25000,prósenta eða krónutala,100.0,,grunnur,1,1,samningur_790.txt
nafn:sns,,SNS,opinber,,2016-06-01,launatafla,5.5,15000,prósenta eða krónutala,105.5,13,,1,1,samningur_790.txt
nafn:sns,,SNS,opinber,,2017-06-01,launatafla,2.5,,prósenta,108.14,12,,1,1,samningur_790.txt
nafn:sns,,SNS,opinber,,2018-06-01,launatafla,2.0,,prósenta,110.3,12,,1,1,samningur_790.txt
nafn:sns,,SNS,opinber,,2019-02-01,launatafla,,49000,krónutala,110.3,8,krónutöluhækkun - vísitala stendur í stað,1,0,samningur_790.txt
nafn:samband garðyrkjubænda,87,Samband garðyrkjubænda,almennur,,2015-05-02,kauptaxtar,5.0,,prósenta,100.0,,grunnur,1,1,Gardyrkjubaendur2.txt
nafn:samband garðyrkjubænda,87,Samband garðyrkjubænda,almennur,,2016-04-30,kauptaxtar,,15000,krónutala,100.0,11,krónutöluhækkun - vísitala stendur í stað,1,0,Gardyrkjubaendur2.txt
nafn:samband garðyrkjubænda,87,Samband garðyrkjubænda,almennur,,2016-05-01,kauptaxtar,3.0,,prósenta,103.0,1,,2,1,Gardyrkjubaendur2.txt
nafn:samband garðyrkjubænda,87,Samband garðyrkjubænda,almennur,,2017-05-01,kauptaxtar,2.5,,prósenta,105.57,12,,2,2,Gardyrkjubaendur2.txt
nafn:samband garðyrkjubænda,87,Samband garðyrkjubænda,almennur,,2018-05-01,kauptaxtar,2.5,,prósenta,108.21,12,,2,2,Gardyrkjubaendur2.txt
nafn:samband stjórnendafélaga,,Samband stjórnendafélaga,almennur,Sérfélög,2019-04-01,almenn laun,,17000,krónutala,100.0,,grunnur,1,0,samningur_1059.txt
nafn:samband stjórnendafélaga,,Samband stjórnendafélaga,opinber,Sérfélög,2020-01-01,kauptaxtar,,17000,krónutala,100.0,9,krónutöluhækkun - vísitala stendur í stað,1,0,samningur_1042.txt
nafn:samband stjórnendafélaga,,Samband stjórnendafélaga,almennur,Sérfélög,2020-04-01,almenn laun,,18000,krónutala,100.0,3,krónutöluhækkun - vísitala stendur í stað,3,0,samningur_1059.txt
nafn:samband stjórnendafélaga,,Samband stjórnendafélaga,almennur,Sérfélög,2021-01-01,almenn laun,,15750,krónutala,100.0,9,krónutöluhækkun - vísitala stendur í stað,3,0,samningur_1059.txt
nafn:samband stjórnendafélaga,,Samband stjórnendafélaga,opinber,Sérfélög,2022-01-01,launatafla,,25000,krónutala,100.0,12,krónutöluhækkun - vísitala stendur í stað,2,0,samningur_1042.txt
nafn:samband stjórnendafélaga,,Samband stjórnendafélaga,opinber,Sérfélög,2023-01-01,launatafla,,25000,krónutala,100.0,12,krónutöluhækkun - vísitala stendur í stað,1,0,samningur_1042.txt
nafn:samband stjórnendafélaga,67,Samband stjórnendafélaga,opinber,Sérfélög,2023-04-01,óskilgreint,5.0,,prósenta,105.0,3,,1,1,samningur_749.txt
nafn:samband stjórnendafélaga,,Samband stjórnendafélaga,opinber,Sérfélög,2023-09-30,almenn laun,0.85,,prósenta,105.89,5,,1,1,samningur_1042.txt
nafn:samband stjórnendafélaga,67,Samband stjórnendafélaga,almennur,Sérfélög,2024-02-01,almenn laun,3.25,23750,prósenta eða krónutala,109.33,5,,3,1,samningur_1865.txt
nafn:samband stjórnendafélaga,67,Samband stjórnendafélaga,opinber,Sérfélög,2024-04-01,launatafla,3.25,23750,prósenta,112.89,2,,4,2,Samband stjórnendafélaga og SNR_ undirritaður kjarasamningur_okt.2024 (1).txt
nafn:samband stjórnendafélaga,67,Samband stjórnendafélaga,opinber,Sérfélög,2024-10-31,launatafla,15.0,,prósenta,129.82,6,,1,1,samningur_1779.txt
nafn:samband stjórnendafélaga,67,Samband stjórnendafélaga,almennur,Sérfélög,2025-01-01,almenn laun,3.5,23750,prósenta eða krónutala,134.36,3,,3,1,samningur_1865.txt
nafn:samband stjórnendafélaga,67,Samband stjórnendafélaga,opinber,Sérfélög,2025-04-01,almenn laun,3.5,23750,prósenta eða krónutala,139.07,3,,4,1,samningur_1775.txt
nafn:samband stjórnendafélaga,67,Samband stjórnendafélaga,almennur,Sérfélög,2026-01-01,almenn laun,3.5,23750,prósenta eða krónutala,143.93,9,,3,1,samningur_1865.txt
nafn:samband stjórnendafélaga,67,Samband stjórnendafélaga,opinber,Sérfélög,2026-04-01,almenn laun,3.5,23750,prósenta eða krónutala,148.97,3,,4,1,samningur_1775.txt
nafn:samband stjórnendafélaga,67,Samband stjórnendafélaga,almennur,Sérfélög,2027-01-01,almenn laun,3.5,23750,prósenta eða krónutala,154.19,9,,3,1,samningur_1865.txt
nafn:samband stjórnendafélaga,67,Samband stjórnendafélaga,opinber,Sérfélög,2027-04-01,almenn laun,3.5,23750,prósenta eða krónutala,159.58,3,,3,1,samningur_1775.txt
nafn:sameyki,3,Sameyki,opinber,BSRB,1986-06-01,launatafla,3.0,,prósenta,100.0,,grunnur,1,1,BSRB.txt
nafn:sameyki,3,Sameyki,opinber,BSRB,1986-12-01,launatafla,3.0,,prósenta,103.0,6,,1,1,BSRB.txt
nafn:sameyki,3,Sameyki,almennur,BSRB,2011-06-01,launatafla,4.25,12000,prósenta eða krónutala,107.38,294,löng eyða á undan,3,1,samningur_465.txt
nafn:sameyki,3,Sameyki,opinber,BSRB,2012-02-01,almenn laun,3.5,,prósenta,111.14,8,,1,1,samningur_599.txt
nafn:sameyki,3,Sameyki,almennur,BSRB,2012-03-01,launatafla,3.5,11000,prósenta eða krónutala,115.03,1,,2,1,samningur_465.txt
nafn:sameyki,3,Sameyki,opinber,BSRB,2013-02-01,almenn laun,3.25,,prósenta,118.76,11,,1,1,samningur_599.txt
nafn:sameyki,3,Sameyki,almennur,BSRB,2013-03-01,launatafla,3.25,11000,prósenta eða krónutala,122.62,1,,2,1,samningur_465.txt
nafn:sameyki,3,Sameyki,almennur,BSRB,2014-02-01,kauptaxtar,2.8,8000,prósenta með krónutölulágmarki,126.06,11,,1,1,samningur_600.txt
nafn:sameyki,3,Sameyki,almennur,BSRB,2014-03-01,launatafla,,38000,krónutala,126.06,1,krónutöluhækkun - vísitala stendur í stað,1,0,samningur_465.txt
nafn:sameyki,3,Sameyki,opinber,BSRB,2015-05-01,launatafla,7.7,25000,prósenta eða krónutala,135.76,14,,2,1,samningur_477.txt
nafn:sameyki,3,Sameyki,,BSRB,2016-01-01,byrjunarlaun,6.2,,prósenta,144.18,8,,2,1,samningur_615.txt
nafn:sameyki,3,Sameyki,opinber,BSRB,2016-06-01,launatafla,5.5,15000,prósenta eða krónutala,152.11,5,,2,1,samningur_477.txt
nafn:sameyki,3,Sameyki,almennur,BSRB,2017-06-01,launatafla,2.5,,prósenta,155.91,12,,4,2,samningur_609.txt
nafn:sameyki,3,Sameyki,almennur,BSRB,2018-05-01,almenn laun,0.5,,prósenta,156.69,11,,2,1,samningur_609.txt
nafn:sameyki,3,Sameyki,opinber,BSRB,2018-06-01,launatafla,2.0,,prósenta,159.83,1,,1,1,samningur_592.txt
nafn:sameyki,3,Sameyki,almennur,BSRB,2019-01-01,launatafla,1.5,,prósenta,162.22,7,,1,1,samningur_609.txt
nafn:sameyki,3,Sameyki,opinber,BSRB,2019-02-01,launatafla,,42500,krónutala,162.22,1,krónutöluhækkun - vísitala stendur í stað,2,0,samningur_592.txt
nafn:sameyki,3,Sameyki,opinber,BSRB,2019-03-01,launatafla,,17000,krónutala,162.22,1,krónutöluhækkun - vísitala stendur í stað,1,0,samningur_533.txt
nafn:sameyki,3,Sameyki,,BSRB,2019-04-01,almenn laun,,17000,krónutala,162.22,1,krónutöluhækkun - vísitala stendur í stað,9,0,samningur_618.txt
nafn:sameyki,3,Sameyki,opinber,BSRB,2020-01-01,kauptaxtar,,17000,krónutala,162.22,9,krónutöluhækkun - vísitala stendur í stað,2,0,samningur_607.txt
nafn:sameyki,3,Sameyki,almennur,BSRB,2020-03-31,launatafla,,17000,krónutala,162.22,2,krónutöluhækkun - vísitala stendur í stað,1,0,samningur_601.txt
nafn:sameyki,3,Sameyki,opinber,BSRB,2020-04-01,almenn laun,,24000,krónutala,162.22,1,krónutöluhækkun - vísitala stendur í stað,12,0,samningur_607.txt
nafn:sameyki,3,Sameyki,opinber,BSRB,2021-01-01,almenn laun,,19875,krónutala,162.22,9,krónutöluhækkun - vísitala stendur í stað,12,0,samningur_607.txt
nafn:sameyki,3,Sameyki,almennur,BSRB,2021-12-31,launatafla,,24000,krónutala,162.22,11,krónutöluhækkun - vísitala stendur í stað,1,0,samningur_601.txt
nafn:sameyki,3,Sameyki,opinber,BSRB,2022-01-01,almenn laun,2.5,17250,prósenta og krónutala,166.28,1,,14,1,samningur_607.txt
nafn:sameyki,3,Sameyki,almennur,BSRB,2022-11-01,launatafla,,25000,krónutala,166.28,10,krónutöluhækkun - vísitala stendur í stað,5,0,samningur_601.txt
nafn:sameyki,3,Sameyki,,BSRB,2023-01-01,launatafla,,19000,krónutala,166.28,2,krónutöluhækkun - vísitala stendur í stað,2,0,samningur_618.txt
nafn:sameyki,3,Sameyki,opinber,BSRB,2023-04-01,óskilgreint,5.0,,prósenta,174.59,3,,1,1,samningur_597.txt
nafn:sameyki,3,Sameyki,opinber,BSRB,2023-04-19,óskilgreint,5.0,,prósenta,183.32,0,,1,1,samningur_625.txt
nafn:sameyki,3,Sameyki,opinber,BSRB,2023-09-01,kauptaxtar,3.5,,prósenta,189.74,5,,1,1,samningur_623.txt
nafn:sameyki,,Sameyki,opinber,BSRB,2024-02-01,launatafla,3.25,23750,prósenta eða krónutala,195.91,5,,4,1,samningur_1670.txt
nafn:sameyki,3,Sameyki,opinber,BSRB,2024-03-01,kauptaxtar,3.25,23750,prósenta eða krónutala,202.27,1,,1,1,samningur_1669.txt
nafn:sameyki,3,Sameyki,opinber,BSRB,2024-04-01,launatafla,3.25,23750,prósenta eða krónutala,208.85,1,,6,1,Kjarasamningur_Sameykis_og_Felagsbustadir_ohf_2024.txt
nafn:sameyki,,Sameyki,opinber,BSRB,2025-01-01,launatafla,3.5,23750,prósenta eða krónutala,216.16,9,,3,1,samningur_1670.txt
nafn:sameyki,3,Sameyki,opinber,BSRB,2025-02-01,kauptaxtar,3.5,23750,prósenta eða krónutala,223.72,1,,1,1,samningur_1669.txt
nafn:sameyki,3,Sameyki,opinber,BSRB,2025-04-01,almenn laun,3.5,23750,prósenta eða krónutala,231.55,2,,5,1,samningur_1678.txt
nafn:sameyki,,Sameyki,opinber,BSRB,2025-05-01,launatafla,3.5,23750,prósenta eða krónutala,239.66,1,,1,1,samningur_1670.txt
nafn:sameyki,3,Sameyki,opinber,BSRB,2026-01-01,almenn laun,3.5,23750,prósenta eða krónutala,248.05,8,,2,1,samningur_1673.txt
nafn:sameyki,3,Sameyki,opinber,BSRB,2026-02-01,kauptaxtar,3.5,23750,prósenta eða krónutala,256.73,1,,1,1,samningur_1669.txt
nafn:sameyki,3,Sameyki,opinber,BSRB,2026-04-01,almenn laun,3.5,23750,prósenta eða krónutala,265.71,2,,5,1,samningur_1678.txt
nafn:sameyki,3,Sameyki,opinber,BSRB,2027-01-01,almenn laun,3.5,23750,prósenta eða krónutala,275.01,9,,4,1,samningur_1673.txt
nafn:sameyki,3,Sameyki,opinber,BSRB,2027-02-01,kauptaxtar,3.5,23750,prósenta eða krónutala,284.64,1,,1,1,samningur_1669.txt
nafn:sameyki,3,Sameyki,opinber,BSRB,2027-04-01,almenn laun,3.5,23750,prósenta eða krónutala,294.6,2,,3,1,samningur_1678.txt
nafn:samflot bæjarstarfsmannafélag,,Samflot bæjarstarfsmannafélag,opinber,,2015-05-01,launatafla,,25000,krónutala,100.0,,grunnur,1,0,samningur_272.txt
nafn:samflot bæjarstarfsmannafélag,,Samflot bæjarstarfsmannafélag,opinber,,2016-06-01,launatafla,5.5,15000,prósenta eða krónutala,105.5,13,,1,1,samningur_272.txt
nafn:samflot bæjarstarfsmannafélag,,Samflot bæjarstarfsmannafélag,opinber,,2017-06-01,launatafla,2.5,,prósenta,108.14,12,,1,1,samningur_272.txt
nafn:samflot bæjarstarfsmannafélag,,Samflot bæjarstarfsmannafélag,opinber,,2019-02-01,launatafla,,42500,krónutala,108.14,20,krónutöluhækkun - vísitala stendur í stað,1,0,samningur_272.txt
nafn:samiðn,26,Samiðnar,opinber,ASÍ,1997-03-01,byrjunarlaun,4.7,,prósenta,100.0,,grunnur,1,1,SKM_C554e23090617040.txt
nafn:samiðn,28,Samiðnar,almennur,ASÍ,1997-03-18,óskilgreint,,1558,krónutala,100.0,0,krónutöluhækkun - vísitala stendur í stað,1,0,SKM_C554e23090617000.txt
nafn:samiðn,28,Samiðnar,almennur,ASÍ,1998-01-01,kauptaxtar,4.0,,prósenta,104.0,10,,2,1,SKM_C554e23090617000.txt
nafn:samiðn,26,Samiðnar,opinber,ASÍ,1999-01-01,almenn laun,3.65,,prósenta,107.8,12,,1,1,SKM_C554e23090617040.txt
nafn:samiðn,26,Samiðnar,almennur,ASÍ,2000-04-15,óskilgreint,,1745,krónutala,107.8,15,krónutöluhækkun - vísitala stendur í stað,1,0,samningur_896.txt
nafn:samiðn,,Samiðnar,,,2000-05-01,almenn laun,3.9,,prósenta,112.0,1,,1,1,SA_v_Landsvirkjunar.txt
nafn:samiðn,,Samiðnar,,,2001-01-01,almenn laun,3.0,,prósenta,115.36,8,,2,1,SA_v_Landsvirkjunar.txt
nafn:samiðn,26,Samiðnar,opinber,ASÍ,2002-01-01,launatafla,3.0,,prósenta,118.82,12,,5,1,SKM_C554e23090714240.txt
nafn:samiðn,26,Samiðnar,opinber,ASÍ,2002-12-01,óskilgreint,2.0,,prósenta,121.2,11,,2,1,SKM_C554e23090714240.txt
nafn:samiðn,26,Samiðnar,opinber,ASÍ,2003-01-01,launatafla,3.0,,prósenta,124.83,1,,5,1,SKM_C554e23090714240.txt
nafn:samiðn,26,Samiðnar,opinber,ASÍ,2004-01-01,launatafla,3.0,,prósenta,128.58,12,,2,1,SKM_C554e23090714240.txt
nafn:samiðn,26,Samiðnar,almennur,ASÍ,2004-04-26,kauptaxtar,3.25,,prósenta,132.76,3,,3,1,samningur_30.txt
nafn:samiðn,26,Samiðnar,almennur,ASÍ,2004-05-01,kauptaxtar,3.25,,prósenta,137.07,1,,1,1,SKM_C554e23090713560.txt
nafn:samiðn,26,Samiðnar,opinber,ASÍ,2005-01-01,launatafla,3.0,,prósenta,141.18,8,,9,1,samningur_903.txt
nafn:samiðn,26,Samiðnar,opinber,ASÍ,2006-01-01,launatafla,2.5,,prósenta,144.71,12,,8,2,samningur_945.txt
nafn:samiðn,26,Samiðnar,almennur,ASÍ,2007-01-01,launatafla,2.25,,prósenta,147.97,12,,11,3,samningur_240.txt
nafn:samiðn,26,Samiðnar,opinber,ASÍ,2008-01-01,launatafla,1.38,,prósenta,150.01,12,,6,4,samningur_904.txt
nafn:samiðn,26,Samiðnar,almennur,ASÍ,2008-02-01,óskilgreint,5.5,,prósenta,158.26,1,,2,1,samningur_191.txt
nafn:samiðn,26,Samiðnar,opinber,ASÍ,2008-04-01,launatafla,5.5,,prósenta,166.97,2,,1,1,samningur_949.txt
nafn:samiðn,,Samiðnar,almennur,,2008-07-01,kauptaxtar,,25000,krónutala,166.97,3,krónutöluhækkun - vísitala stendur í stað,2,0,Copy of or-samidn-kjarasamningur-04062008.txt
nafn:samiðn,26,Samiðnar,opinber,ASÍ,2008-12-01,launatafla,,20300,krónutala,166.97,5,krónutöluhækkun - vísitala stendur í stað,1,0,samningur_146.txt
nafn:samiðn,26,Samiðnar,opinber,ASÍ,2009-01-01,kauptaxtar,3.5,,prósenta,172.81,1,,3,1,samningur_949.txt
nafn:samiðn,,Samiðnar,almennur,,2009-03-01,kauptaxtar,3.5,,prósenta,178.86,2,,3,1,Copy of or-samidn-kjarasamningur-04062008.txt
nafn:samiðn,26,Samiðnar,almennur,ASÍ,2009-07-01,kauptaxtar,2.75,,prósenta,183.78,4,,1,1,samningur_191.txt
nafn:samiðn,26,Samiðnar,almennur,ASÍ,2009-11-01,kauptaxtar,3.5,,prósenta,190.21,4,,2,1,samningur_894.txt
nafn:samiðn,,Samiðnar,almennur,,2010-01-01,kauptaxtar,2.5,,prósenta,194.96,2,,3,1,Copy of or-samidn-kjarasamningur-04062008.txt
nafn:samiðn,26,Samiðnar,almennur,ASÍ,2010-06-01,kauptaxtar,2.5,,prósenta,199.84,5,,2,1,samningur_191.txt
nafn:samiðn,26,Samiðnar,almennur,ASÍ,2011-06-01,almenn laun,4.25,,prósenta,208.33,12,,5,1,samningur_893.txt
nafn:samiðn,26,Samiðnar,opinber,ASÍ,2011-07-31,launatafla,4.25,,prósenta,217.19,1,,1,1,samningur_46.txt
nafn:samiðn,26,Samiðnar,opinber,ASÍ,2011-10-01,almenn laun,,30000,krónutala,217.19,3,krónutöluhækkun - vísitala stendur í stað,1,0,Meistarasamband.txt
nafn:samiðn,26,Samiðnar,almennur,ASÍ,2012-02-01,almenn laun,3.5,,prósenta,224.79,4,,1,1,samningur_893.txt
nafn:samiðn,26,Samiðnar,opinber,ASÍ,2012-02-29,kauptaxtar,,18000,krónutala,224.79,0,krónutöluhækkun - vísitala stendur í stað,1,0,Meistarasamband.txt
nafn:samiðn,26,Samiðnar,opinber,ASÍ,2012-03-01,launatafla,3.5,11000,prósenta með krónutölulágmarki,232.66,1,,3,1,samningur_905.txt
nafn:samiðn,26,Samiðnar,almennur,ASÍ,2013-02-01,almenn laun,3.25,,prósenta,240.22,11,,1,1,samningur_893.txt
nafn:samiðn,26,Samiðnar,opinber,ASÍ,2013-03-01,launatafla,3.5,11000,prósenta með krónutölulágmarki,248.62,1,,3,2,samningur_905.txt
nafn:samiðn,26,Samiðnar,opinber,ASÍ,2013-12-21,óskilgreint,,14600,krónutala,248.62,9,krónutöluhækkun - vísitala stendur í stað,1,0,samningur_773.txt
nafn:samiðn,26,Samiðnar,opinber,ASÍ,2014-01-01,kauptaxtar,2.8,11300,krónutala,255.59,1,,4,1,samningur_189.txt
nafn:samiðn,26,Samiðnar,opinber,ASÍ,2014-02-01,kauptaxtar,2.8,8000,prósenta með krónutölulágmarki,262.74,1,,5,1,samningur_773.txt
nafn:samiðn,26,Samiðnar,opinber,ASÍ,2014-03-01,launatafla,,38000,krónutala,262.74,1,krónutöluhækkun - vísitala stendur í stað,1,0,samningur_897.txt
nafn:samiðn,26,Samiðnar,opinber,ASÍ,2015-03-01,almenn laun,6.1,,prósenta,278.77,12,,1,1,samningur_49.txt
nafn:samiðn,26,Samiðnar,almennur,ASÍ,2015-05-01,kauptaxtar,5.5,,prósenta,294.1,2,,14,5,samningur_190.txt
nafn:samiðn,26,Samiðnar,almennur,ASÍ,2015-05-02,kauptaxtar,5.5,,prósenta,310.28,0,,5,1,samningur_190.txt
nafn:samiðn,26,Samiðnar,opinber,ASÍ,2015-08-31,launatafla,6.1,,prósenta,329.2,3,,1,1,samningur_908.txt
nafn:samiðn,26,Samiðnar,almennur,ASÍ,2016-01-01,almenn laun,6.2,15000,prósenta með krónutölulágmarki,349.61,5,,2,1,9779ebdf22fe9520d18dae4229192fb1.txt
nafn:samiðn,26,Samiðnar,almennur,ASÍ,2016-04-30,kauptaxtar,,15000,krónutala,349.61,3,krónutöluhækkun - vísitala stendur í stað,5,0,samningur_190.txt
nafn:samiðn,26,Samiðnar,opinber,ASÍ,2016-05-01,almenn laun,5.8,,prósenta,369.89,1,,11,2,samningur_49.txt
nafn:samiðn,26,Samiðnar,opinber,ASÍ,2017-05-01,almenn laun,5.5,,prósenta,390.24,12,,14,1,samningur_49.txt
nafn:samiðn,26,Samiðnar,almennur,ASÍ,2018-05-01,kauptaxtar,3.0,,prósenta,401.94,12,,11,3,samningur_190.txt
nafn:samiðn,26,Samiðnar,almennur,ASÍ,2019-04-01,almenn laun,,17000,krónutala,401.94,11,krónutöluhækkun - vísitala stendur í stað,4,0,ca9c0b2e83decb66a492e046aa34967a.txt
nafn:samiðn,26,Samiðnar,opinber,ASÍ,2019-04-30,kauptaxtar,,15000,krónutala,401.94,0,krónutöluhækkun - vísitala stendur í stað,1,0,samningur_243.txt
nafn:samiðn,26,Samiðnar,opinber,ASÍ,2019-05-01,kauptaxtar,3.0,,prósenta,414.0,1,,4,3,samningur_243.txt
nafn:samiðn,26,Samiðnar,opinber,ASÍ,2019-05-02,kauptaxtar,5.5,,prósenta,436.77,0,,1,1,samningur_243.txt
nafn:samiðn,26,Samiðnar,almennur,ASÍ,2020-04-01,almenn laun,1.02,24000,prósenta,441.23,11,,6,1,samningur_1608.txt
nafn:samiðn,26,Samiðnar,almennur,ASÍ,2021-01-01,almenn laun,,24000,krónutala,441.23,9,krónutöluhækkun - vísitala stendur í stað,4,0,ca9c0b2e83decb66a492e046aa34967a.txt
nafn:samiðn,26,Samiðnar,opinber,ASÍ,2022-01-01,almenn laun,,25000,krónutala,441.23,12,krónutöluhækkun - vísitala stendur í stað,3,0,samningur_832.txt
nafn:samiðn,26,Samiðnar,opinber,ASÍ,2022-11-01,kauptaxtar,6.75,66000,prósenta og krónutala,471.01,10,,5,2,samningur_88.txt
nafn:samiðn,26,Samiðnar,opinber,ASÍ,2023-02-01,almenn laun,,62500,krónutala,471.01,3,krónutöluhækkun - vísitala stendur í stað,2,0,samningur_832.txt
nafn:samiðn,26,Samiðnar,opinber,ASÍ,2023-04-01,launatafla,1.5,,prósenta,478.07,2,,3,1,samningur_951.txt
nafn:samiðn,26,Samiðnar,opinber,ASÍ,2024-02-01,launatafla,3.25,23750,prósenta eða krónutala,493.61,10,,5,1,samningur_1612.txt
nafn:samiðn,26,Samiðnar,opinber,ASÍ,2024-04-01,almenn laun,1.6,,prósenta,501.51,2,,8,1,samningur_1613.txt
nafn:samiðn,26,Samiðnar,opinber,ASÍ,2025-01-01,launatafla,3.5,23750,prósenta eða krónutala,519.06,9,,6,1,samningur_1612.txt
nafn:samiðn,,Samiðnar,opinber,,2025-04-01,almenn laun,3.5,23750,prósenta eða krónutala,537.23,3,,8,2,Copy of kjarasamningur-KGRP-Samidn_2024-LOK.txt
nafn:samiðn,26,Samiðnar,almennur,ASÍ,2026-01-01,launatafla,3.5,23750,prósenta eða krónutala,556.03,9,,1,1,samningur_1611.txt
nafn:samiðn,,Samiðnar,opinber,,2026-04-01,almenn laun,3.5,23750,prósenta eða krónutala,575.49,3,,8,2,Copy of kjarasamningur-KGRP-Samidn_2024-LOK.txt
nafn:samiðn,26,Samiðnar,almennur,ASÍ,2027-01-01,almenn laun,3.5,23750,prósenta eða krónutala,595.64,9,,6,1,samningur_1611.txt
nafn:samiðn,,Samiðnar,opinber,,2027-04-01,almenn laun,3.5,23750,prósenta eða krónutala,616.48,3,,5,1,Copy of kjarasamningur-KGRP-Samidn_2024-LOK.txt
nafn:samtök starfsmanna fjármálafyrirtækja,52,Samtök starfsmanna fjármálafyrirtækja,almennur,Sérfélög,1977-02-01,óskilgreint,5.0,,prósenta,100.0,,grunnur,1,1,samningur_1104.txt
nafn:samtök starfsmanna fjármálafyrirtækja,52,Samtök starfsmanna fjármálafyrirtækja,almennur,Sérfélög,1977-06-01,óskilgreint,4.4,,prósenta,104.4,4,,1,1,samningur_1104.txt
nafn:samtök starfsmanna fjármálafyrirtækja,52,Samtök starfsmanna fjármálafyrirtækja,almennur,Sérfélög,1977-07-01,óskilgreint,5.0,,prósenta,109.62,1,,1,1,samningur_1104.txt
nafn:samtök starfsmanna fjármálafyrirtækja,52,Samtök starfsmanna fjármálafyrirtækja,almennur,ASÍ,1977-12-01,launatafla,,4000,krónutala,109.62,5,krónutöluhækkun - vísitala stendur í stað,2,0,samningur_1103.txt
nafn:samtök starfsmanna fjármálafyrirtækja,52,Samtök starfsmanna fjármálafyrirtækja,almennur,ASÍ,1978-09-01,óskilgreint,,5000,krónutala,109.62,9,krónutöluhækkun - vísitala stendur í stað,1,0,samningur_1103.txt
nafn:samtök starfsmanna fjármálafyrirtækja,52,Samtök starfsmanna fjármálafyrirtækja,almennur,Sérfélög,1982-12-01,launatafla,8.33,,prósenta,118.75,51,löng eyða á undan,1,1,samningur_1100.txt
nafn:samtök starfsmanna fjármálafyrirtækja,52,Samtök starfsmanna fjármálafyrirtækja,almennur,Sérfélög,1984-12-01,launatafla,2.5,,prósenta,121.72,24,,1,1,samningur_1098.txt
nafn:samtök starfsmanna fjármálafyrirtækja,52,Samtök starfsmanna fjármálafyrirtækja,almennur,Sérfélög,1985-01-01,launatafla,3.4,,prósenta,125.86,1,,1,1,samningur_1098.txt
nafn:samtök starfsmanna fjármálafyrirtækja,52,Samtök starfsmanna fjármálafyrirtækja,almennur,Sérfélög,1986-06-01,almenn laun,3.0,,prósenta,129.63,17,,1,1,samningur_1097.txt
nafn:samtök starfsmanna fjármálafyrirtækja,52,Samtök starfsmanna fjármálafyrirtækja,almennur,ASÍ,1989-09-01,launatafla,,25000,krónutala,129.63,39,krónutöluhækkun - vísitala stendur í stað,1,0,samningur_1095.txt
nafn:samtök starfsmanna fjármálafyrirtækja,52,Samtök starfsmanna fjármálafyrirtækja,almennur,Sérfélög,1990-01-01,almenn laun,1.5,,prósenta,131.58,4,,1,1,samningur_1094.txt
nafn:samtök starfsmanna fjármálafyrirtækja,52,Samtök starfsmanna fjármálafyrirtækja,almennur,Sérfélög,1990-06-01,almenn laun,1.5,,prósenta,133.55,5,,1,1,samningur_1094.txt
nafn:samtök starfsmanna fjármálafyrirtækja,52,Samtök starfsmanna fjármálafyrirtækja,almennur,Sérfélög,1990-12-01,almenn laun,2.0,,prósenta,136.22,6,,1,1,samningur_1094.txt
nafn:samtök starfsmanna fjármálafyrirtækja,52,Samtök starfsmanna fjármálafyrirtækja,almennur,Sérfélög,1991-03-01,almenn laun,2.5,,prósenta,139.63,3,,1,1,samningur_1094.txt
nafn:samtök starfsmanna fjármálafyrirtækja,52,Samtök starfsmanna fjármálafyrirtækja,almennur,Sérfélög,1991-06-01,almenn laun,2.0,,prósenta,142.42,3,,1,1,samningur_1094.txt
nafn:samtök starfsmanna fjármálafyrirtækja,52,Samtök starfsmanna fjármálafyrirtækja,almennur,Sérfélög,1992-05-01,launatafla,1.7,,prósenta,144.84,11,,1,1,samningur_1093.txt
nafn:samtök starfsmanna fjármálafyrirtækja,52,Samtök starfsmanna fjármálafyrirtækja,almennur,Sérfélög,1995-04-01,launatafla,1.0,,prósenta,146.29,35,löng eyða á undan,1,1,samningur_1091.txt
nafn:samtök starfsmanna fjármálafyrirtækja,52,Samtök starfsmanna fjármálafyrirtækja,almennur,Sérfélög,1995-06-01,launatafla,4.0,,prósenta,152.14,2,,1,1,samningur_1091.txt
nafn:samtök starfsmanna fjármálafyrirtækja,52,Samtök starfsmanna fjármálafyrirtækja,almennur,Sérfélög,1996-01-01,launatafla,3.7,,prósenta,157.77,7,,1,1,samningur_1091.txt
nafn:samtök starfsmanna fjármálafyrirtækja,52,Samtök starfsmanna fjármálafyrirtækja,almennur,Sérfélög,1996-08-01,launatafla,13.04,,prósenta,178.35,7,,1,1,samningur_1091.txt
nafn:samtök starfsmanna fjármálafyrirtækja,52,Samtök starfsmanna fjármálafyrirtækja,almennur,ASÍ,1998-01-01,launatafla,3.7,,prósenta,184.94,17,,2,2,samningur_1090.txt
nafn:samtök starfsmanna fjármálafyrirtækja,52,Samtök starfsmanna fjármálafyrirtækja,almennur,ASÍ,1999-01-01,launatafla,4.0,,prósenta,192.34,12,,1,1,samningur_1090.txt
nafn:samtök starfsmanna fjármálafyrirtækja,52,Samtök starfsmanna fjármálafyrirtækja,almennur,Sérfélög,1999-07-01,almenn laun,,80000,krónutala,192.34,6,krónutöluhækkun - vísitala stendur í stað,1,0,samningur_1089.txt
nafn:samtök starfsmanna fjármálafyrirtækja,52,Samtök starfsmanna fjármálafyrirtækja,almennur,Sérfélög,2000-01-01,launatafla,3.5,,prósenta,199.07,6,,1,1,samningur_1089.txt
nafn:samtök starfsmanna fjármálafyrirtækja,52,Samtök starfsmanna fjármálafyrirtækja,almennur,Sérfélög,2004-10-01,launatafla,4.0,,prósenta,207.04,57,löng eyða á undan,1,1,samningur_1087.txt
nafn:samtök starfsmanna fjármálafyrirtækja,52,Samtök starfsmanna fjármálafyrirtækja,almennur,ASÍ,2008-11-01,launatafla,,20500,krónutala,207.04,49,krónutöluhækkun - vísitala stendur í stað,1,0,samningur_1086.txt
nafn:samtök starfsmanna fjármálafyrirtækja,52,Samtök starfsmanna fjármálafyrirtækja,almennur,ASÍ,2009-06-01,launatafla,2.5,,prósenta,212.21,7,,1,1,samningur_1086.txt
nafn:samtök starfsmanna fjármálafyrirtækja,52,Samtök starfsmanna fjármálafyrirtækja,almennur,ASÍ,2010-01-01,launatafla,,14000,krónutala,212.21,7,krónutöluhækkun - vísitala stendur í stað,1,0,samningur_1086.txt
nafn:samtök starfsmanna fjármálafyrirtækja,52,Samtök starfsmanna fjármálafyrirtækja,almennur,ASÍ,2010-06-01,launatafla,,14000,krónutala,212.21,5,krónutöluhækkun - vísitala stendur í stað,2,0,samningur_1086.txt
nafn:samtök starfsmanna fjármálafyrirtækja,52,Samtök starfsmanna fjármálafyrirtækja,almennur,Sérfélög,2011-05-05,launatafla,4.25,,prósenta,221.23,11,,1,1,samningur_1085.txt
nafn:samtök starfsmanna fjármálafyrirtækja,52,Samtök starfsmanna fjármálafyrirtækja,almennur,Sérfélög,2015-09-08,kauptaxtar,7.2,,prósenta,237.16,52,löng eyða á undan,1,1,samningur_1084.txt
nafn:samtök starfsmanna fjármálafyrirtækja,52,Samtök starfsmanna fjármálafyrirtækja,almennur,Sérfélög,2015-10-01,almenn laun,3.2,,prósenta,244.75,1,,3,1,samningur_1084.txt
nafn:samtök starfsmanna fjármálafyrirtækja,52,Samtök starfsmanna fjármálafyrirtækja,almennur,Sérfélög,2015-10-02,kauptaxtar,5.5,,prósenta,258.21,0,,1,1,samningur_1084.txt
nafn:samtök starfsmanna fjármálafyrirtækja,52,Samtök starfsmanna fjármálafyrirtækja,almennur,Sérfélög,2016-01-01,kauptaxtar,5.85,,prósenta,273.32,3,,2,2,samningur_1084.txt
nafn:samtök starfsmanna fjármálafyrirtækja,52,Samtök starfsmanna fjármálafyrirtækja,almennur,Sérfélög,2016-04-30,kauptaxtar,,15000,krónutala,273.32,3,krónutöluhækkun - vísitala stendur í stað,1,0,samningur_1084.txt
nafn:samtök starfsmanna fjármálafyrirtækja,52,Samtök starfsmanna fjármálafyrirtækja,almennur,Sérfélög,2016-05-01,almenn laun,3.2,,prósenta,282.06,1,,2,1,samningur_1084.txt
nafn:samtök starfsmanna fjármálafyrirtækja,52,Samtök starfsmanna fjármálafyrirtækja,almennur,Sérfélög,2017-05-01,kauptaxtar,3.75,,prósenta,292.64,12,,1,1,samningur_1084.txt
nafn:samtök starfsmanna fjármálafyrirtækja,52,Samtök starfsmanna fjármálafyrirtækja,almennur,Sérfélög,2018-05-01,kauptaxtar,3.12,,prósenta,301.77,12,,2,2,samningur_1084.txt
nafn:samtök starfsmanna fjármálafyrirtækja,52,Samtök starfsmanna fjármálafyrirtækja,almennur,Sérfélög,2019-04-01,launatafla,,17000,krónutala,301.77,11,krónutöluhækkun - vísitala stendur í stað,1,0,samningur_1082.txt
nafn:samtök starfsmanna fjármálafyrirtækja,52,Samtök starfsmanna fjármálafyrirtækja,almennur,Sérfélög,2019-05-01,launatafla,,79981,krónutala,301.77,1,krónutöluhækkun - vísitala stendur í stað,1,0,samningur_1082.txt
nafn:samtök starfsmanna fjármálafyrirtækja,52,Samtök starfsmanna fjármálafyrirtækja,almennur,Sérfélög,2019-07-01,almenn laun,0.21,,prósenta,302.4,2,,3,3,samningur_1082.txt
nafn:samtök starfsmanna fjármálafyrirtækja,52,Samtök starfsmanna fjármálafyrirtækja,almennur,Sérfélög,2020-01-01,almenn laun,2.0,,prósenta,308.45,6,,1,1,samningur_1082.txt
nafn:samtök starfsmanna fjármálafyrirtækja,52,Samtök starfsmanna fjármálafyrirtækja,almennur,Sérfélög,2020-04-01,almenn laun,,18000,krónutala,308.45,3,krónutöluhækkun - vísitala stendur í stað,1,0,samningur_1082.txt
nafn:samtök starfsmanna fjármálafyrirtækja,52,Samtök starfsmanna fjármálafyrirtækja,almennur,Sérfélög,2021-01-01,almenn laun,,15750,krónutala,308.45,9,krónutöluhækkun - vísitala stendur í stað,3,0,samningur_1082.txt
nafn:samtök starfsmanna fjármálafyrirtækja,52,Samtök starfsmanna fjármálafyrirtækja,almennur,Sérfélög,2022-01-01,óskilgreint,,25000,krónutala,308.45,12,krónutöluhækkun - vísitala stendur í stað,1,0,samningur_1082.txt
nafn:samtök starfsmanna fjármálafyrirtækja,52,Samtök starfsmanna fjármálafyrirtækja,almennur,Sérfélög,2024-02-01,kauptaxtar,3.25,23750,prósenta eða krónutala,318.48,25,löng eyða á undan,2,1,samningur_1083.txt
nafn:samtök starfsmanna fjármálafyrirtækja,52,Samtök starfsmanna fjármálafyrirtækja,almennur,Sérfélög,2025-01-01,launatafla,3.5,23750,prósenta eða krónutala,329.62,11,,2,1,samningur_1083.txt
nafn:samtök starfsmanna fjármálafyrirtækja,52,Samtök starfsmanna fjármálafyrirtækja,almennur,Sérfélög,2026-01-01,launatafla,3.5,23750,prósenta eða krónutala,341.16,12,,1,1,samningur_1083.txt
nafn:samtök starfsmanna fjármálafyrirtækja,52,Samtök starfsmanna fjármálafyrirtækja,almennur,Sérfélög,2027-01-01,launatafla,3.5,23750,prósenta eða krónutala,353.1,12,,1,1,samningur_1083.txt
nafn:sjómannafélag reykjavíkur,27,Sjómannafélag Reykjavíkur,almennur,Sérfélög,1974-12-01,óskilgreint,3.0,,prósenta,100.0,,grunnur,1,1,SKM_C554e23100614110.txt
nafn:sjómannafélag reykjavíkur,27,Sjómannafélag Reykjavíkur,almennur,Sérfélög,1975-06-01,óskilgreint,3.0,,prósenta,103.0,6,,1,1,SKM_C554e23100614110.txt
nafn:sjómannafélag reykjavíkur,,Sjómannafélag Reykjavíkur,opinber,,1982-10-01,launatafla,4.0,,prósenta,107.12,88,löng eyða á undan,1,1,SKM_C554e23100614580.txt
nafn:sjómannafélag reykjavíkur,,Sjómannafélag Reykjavíkur,opinber,,1985-03-01,launatafla,2.4,,prósenta,109.69,29,löng eyða á undan,3,1,SKM_C554e23100615071.txt
nafn:sjómannafélag reykjavíkur,,Sjómannafélag Reykjavíkur,opinber,,1985-05-01,launatafla,2.4,,prósenta,112.32,2,,2,1,SKM_C554e23100615071.txt
nafn:sjómannafélag íslands,75,Sjómannafélag Íslands,almennur,ASÍ,2019-04-01,launatafla,,17000,krónutala,100.0,,grunnur,1,0,samningur_379.txt
nafn:sjómannafélag íslands,75,Sjómannafélag Íslands,almennur,ASÍ,2020-04-01,launatafla,,24000,krónutala,100.0,12,krónutöluhækkun - vísitala stendur í stað,1,0,samningur_379.txt
nafn:sjómannafélag íslands,75,Sjómannafélag Íslands,almennur,ASÍ,2021-01-01,launatafla,,24000,krónutala,100.0,9,krónutöluhækkun - vísitala stendur í stað,1,0,samningur_379.txt
nafn:sjómannafélag íslands,75,Sjómannafélag Íslands,almennur,ASÍ,2022-01-01,launatafla,,25000,krónutala,100.0,12,krónutöluhækkun - vísitala stendur í stað,1,0,samningur_379.txt
nafn:sjómannafélagið jötunn,47,Sjómannafélagið Jötunn,almennur,,2022-11-01,kauptaxtar,6.75,66000,prósenta og krónutala,100.0,,grunnur,1,1,samningur_777.txt
nafn:sjómannafélagið íslands,47,Sjómannafélagið Íslands,opinber,Sérfélög,2019-04-01,launatafla,,17000,krónutala,100.0,,grunnur,1,0,samningur_376.txt
nafn:sjómannafélagið íslands,47,Sjómannafélagið Íslands,almennur,,2020-03-01,óskilgreint,,26000,krónutala,100.0,11,krónutöluhækkun - vísitala stendur í stað,1,0,samningur_86.txt
nafn:sjómannafélagið íslands,47,Sjómannafélagið Íslands,opinber,Sérfélög,2020-04-01,launatafla,,24000,krónutala,100.0,1,krónutöluhækkun - vísitala stendur í stað,1,0,samningur_376.txt
nafn:sjómannafélagið íslands,47,Sjómannafélagið Íslands,opinber,Sérfélög,2021-01-01,launatafla,,24000,krónutala,100.0,9,krónutöluhækkun - vísitala stendur í stað,2,0,samningur_376.txt
nafn:sjómannafélagið íslands,47,Sjómannafélagið Íslands,opinber,Sérfélög,2022-01-01,launatafla,,25000,krónutala,100.0,12,krónutöluhækkun - vísitala stendur í stað,2,0,samningur_376.txt
nafn:sjómannafélagið íslands,47,Sjómannafélagið Íslands,almennur,Sérfélög,2024-02-01,launatafla,3.25,23750,prósenta eða krónutala,103.25,25,löng eyða á undan,2,1,samningur_1379.txt
nafn:sjómannafélagið íslands,47,Sjómannafélagið Íslands,almennur,Sérfélög,2025-01-01,launatafla,3.5,23750,prósenta eða krónutala,106.86,11,,2,1,samningur_1379.txt
nafn:sjómannafélagið íslands,47,Sjómannafélagið Íslands,almennur,Sérfélög,2025-04-08,kauptaxtar,0.58,,prósenta,107.48,3,,1,1,samningur_1470.txt
nafn:sjómannafélagið íslands,47,Sjómannafélagið Íslands,almennur,Sérfélög,2026-01-01,launatafla,3.5,23750,prósenta eða krónutala,111.25,9,,2,1,samningur_1379.txt
nafn:sjómannafélagið íslands,47,Sjómannafélagið Íslands,almennur,Sérfélög,2027-01-01,launatafla,3.5,23750,prósenta eða krónutala,115.14,12,,1,1,samningur_1470.txt
nafn:sjómannafélagið íslands,47,Sjómannafélagið Íslands,almennur,Sérfélög,2028-01-01,almenn laun,2.5,,prósenta,118.02,12,,1,1,samningur_1470.txt
nafn:sjómannasamband íslands,46,Sjómannasamband Íslands,opinber,ASÍ,1984-04-01,óskilgreint,6.0,,prósenta,100.0,,grunnur,1,1,SKM_C554e23100916350.txt
nafn:sjómannasamband íslands,46,Sjómannasamband Íslands,,ASÍ,1984-06-01,óskilgreint,3.0,,prósenta,103.0,2,,1,1,SKM_C554e23100916361.txt
nafn:sjómannasamband íslands,46,Sjómannasamband Íslands,,ASÍ,1984-09-01,óskilgreint,3.0,,prósenta,106.09,3,,2,1,SKM_C554e23100916361.txt
nafn:sjómannasamband íslands,46,Sjómannasamband Íslands,opinber,ASÍ,1985-01-01,óskilgreint,3.0,,prósenta,109.27,4,,1,1,SKM_C554e23100916350.txt
nafn:sjómannasamband íslands,46,Sjómannasamband Íslands,almennur,ASÍ,2005-01-01,óskilgreint,3.0,,prósenta,112.55,240,löng eyða á undan,1,1,SKM_C554e23100517140.txt
nafn:sjómannasamband íslands,46,Sjómannasamband Íslands,almennur,ASÍ,2006-01-01,óskilgreint,3.5,,prósenta,116.49,12,,1,1,SKM_C554e23100517140.txt
nafn:sjómannasamband íslands,46,Sjómannasamband Íslands,almennur,ASÍ,2007-01-01,óskilgreint,2.25,,prósenta,119.11,12,,1,1,SKM_C554e23100517140.txt
nafn:sjúkraliðafélag íslands,4,Sjúkraliðafélag Íslands,opinber,BSRB,2015-05-01,launatafla,7.7,,prósenta,100.0,,grunnur,1,1,samningur_171.txt
nafn:sjúkraliðafélag íslands,4,Sjúkraliðafélag Íslands,opinber,BSRB,2016-06-01,launatafla,5.5,,prósenta,105.5,13,,1,1,samningur_171.txt
nafn:sjúkraliðafélag íslands,4,Sjúkraliðafélag Íslands,opinber,BSRB,2017-06-01,launatafla,4.0,,prósenta,109.72,12,,1,1,samningur_171.txt
nafn:sjúkraliðafélag íslands,4,Sjúkraliðafélag Íslands,opinber,BSRB,2018-06-01,launatafla,2.5,,prósenta,112.46,12,,1,1,samningur_171.txt
nafn:sjúkraliðafélag íslands,4,Sjúkraliðafélag Íslands,opinber,BSRB,2019-04-01,launatafla,,17000,krónutala,112.46,10,krónutöluhækkun - vísitala stendur í stað,3,0,samningur_495.txt
nafn:sjúkraliðafélag íslands,4,Sjúkraliðafélag Íslands,opinber,BSRB,2020-04-01,launatafla,,24000,krónutala,112.46,12,krónutöluhækkun - vísitala stendur í stað,3,0,samningur_495.txt
nafn:sjúkraliðafélag íslands,4,Sjúkraliðafélag Íslands,opinber,BSRB,2021-01-01,launatafla,,24000,krónutala,112.46,9,krónutöluhækkun - vísitala stendur í stað,4,0,samningur_495.txt
nafn:sjúkraliðafélag íslands,4,Sjúkraliðafélag Íslands,opinber,BSRB,2022-01-01,launatafla,,25000,krónutala,112.46,12,krónutöluhækkun - vísitala stendur í stað,2,0,samningur_495.txt
nafn:sjúkraliðafélag íslands,4,Sjúkraliðafélag Íslands,opinber,BSRB,2024-04-01,óskilgreint,3.5,,prósenta,116.4,27,löng eyða á undan,2,1,samningur_1580.txt
nafn:sjúkraliðafélag íslands,4,Sjúkraliðafélag Íslands,opinber,BSRB,2025-04-01,óskilgreint,3.5,,prósenta,120.47,12,,2,1,samningur_1580.txt
nafn:sjúkraliðafélag íslands,4,Sjúkraliðafélag Íslands,opinber,BSRB,2026-04-01,óskilgreint,3.5,,prósenta,124.69,12,,2,1,samningur_1580.txt
nafn:sjúkraliðafélag íslands,4,Sjúkraliðafélag Íslands,opinber,BSRB,2027-04-01,óskilgreint,3.5,,prósenta,129.05,12,,2,1,samningur_1580.txt
nafn:skerpa,6,Skerpa stéttarfélag,opinber,,2015-01-01,óskilgreint,6.0,,prósenta,100.0,,grunnur,1,1,samningur_365.txt
nafn:skerpa,6,Skerpa stéttarfélag,opinber,,2016-05-01,óskilgreint,5.5,,prósenta,105.5,16,,1,1,samningur_365.txt
nafn:skerpa,6,Skerpa stéttarfélag,opinber,,2017-05-01,óskilgreint,3.0,,prósenta,108.67,12,,1,1,samningur_365.txt
nafn:skerpa,6,Skerpa stéttarfélag,opinber,,2018-05-01,óskilgreint,2.0,,prósenta,110.84,12,,1,1,samningur_365.txt
nafn:skerpa,6,Skerpa stéttarfélag,almennur,,2024-02-01,launatafla,3.25,23750,prósenta eða krónutala,114.44,69,löng eyða á undan,1,1,samningur_5.txt
nafn:skerpa,6,Skerpa stéttarfélag,almennur,,2025-01-01,launatafla,3.5,23750,prósenta eða krónutala,118.45,11,,1,1,samningur_5.txt
nafn:skerpa,6,Skerpa stéttarfélag,almennur,,2026-01-01,launatafla,3.5,23750,prósenta eða krónutala,122.59,12,,1,1,samningur_5.txt
nafn:skerpa,6,Skerpa stéttarfélag,almennur,,2027-01-01,almenn laun,3.5,23750,prósenta eða krónutala,126.88,12,,1,1,samningur_5.txt
nafn:skurðlæknafélag íslands,78,Skurðlæknafélag Íslands,opinber,,2014-06-01,launatafla,,6662,krónutala,100.0,,grunnur,4,0,samningur_484.txt
nafn:skurðlæknafélag íslands,78,Skurðlæknafélag Íslands,opinber,,2015-01-01,launatafla,,6662,krónutala,100.0,7,krónutöluhækkun - vísitala stendur í stað,3,0,samningur_484.txt
nafn:skurðlæknafélag íslands,78,Skurðlæknafélag Íslands,opinber,,2015-06-01,launatafla,4.5,,prósenta,104.5,5,,1,1,samningur_484.txt
nafn:skurðlæknafélag íslands,78,Skurðlæknafélag Íslands,opinber,,2016-01-01,launatafla,15.0,,prósenta,120.17,7,,2,1,samningur_484.txt
nafn:skurðlæknafélag íslands,78,Skurðlæknafélag Íslands,opinber,,2017-01-01,launatafla,1.5,,prósenta,121.98,12,,1,1,samningur_484.txt
nafn:skurðlæknafélag íslands,78,Skurðlæknafélag Íslands,opinber,,2018-01-01,launatafla,,7654,krónutala,121.98,12,krónutöluhækkun - vísitala stendur í stað,1,0,samningur_484.txt
nafn:skurðlæknafélag íslands,78,Skurðlæknafélag Íslands,opinber,Sérfélög,2018-06-01,launatafla,2.0,,prósenta,124.42,5,,1,1,samningur_486.txt
nafn:skurðlæknafélag íslands,78,Skurðlæknafélag Íslands,opinber,Sérfélög,2019-05-01,almenn laun,,17000,krónutala,124.42,11,krónutöluhækkun - vísitala stendur í stað,1,0,samningur_487.txt
nafn:skurðlæknafélag íslands,78,Skurðlæknafélag Íslands,opinber,Sérfélög,2020-04-01,launatafla,,18000,krónutala,124.42,11,krónutöluhækkun - vísitala stendur í stað,1,0,samningur_487.txt
nafn:skurðlæknafélag íslands,78,Skurðlæknafélag Íslands,opinber,Sérfélög,2021-01-01,launatafla,,15750,krónutala,124.42,9,krónutöluhækkun - vísitala stendur í stað,1,0,samningur_487.txt
nafn:starfsmannafélag garðabæjar,71,Starfsmannafélag Garðabæjar,opinber,BSRB,2005-03-01,launatafla,0.8,,prósenta,100.0,,grunnur,1,1,samningur_482.txt
nafn:starfsmannafélag garðabæjar,71,Starfsmannafélag Garðabæjar,opinber,BSRB,2006-01-01,launatafla,2.3,,prósenta,102.3,10,,1,1,samningur_482.txt
nafn:starfsmannafélag garðabæjar,71,Starfsmannafélag Garðabæjar,opinber,BSRB,2006-05-01,launatafla,2.3,,prósenta,104.65,4,,1,1,samningur_482.txt
nafn:starfsmannafélag garðabæjar,71,Starfsmannafélag Garðabæjar,opinber,BSRB,2007-01-01,launatafla,2.25,,prósenta,107.01,8,,1,1,samningur_482.txt
nafn:starfsmannafélag garðabæjar,71,Starfsmannafélag Garðabæjar,opinber,BSRB,2007-05-01,launatafla,2.0,,prósenta,109.15,4,,1,1,samningur_482.txt
nafn:starfsmannafélag garðabæjar,71,Starfsmannafélag Garðabæjar,opinber,BSRB,2008-01-01,launatafla,2.0,,prósenta,111.33,8,,1,1,samningur_482.txt
nafn:starfsmannafélag garðabæjar,71,Starfsmannafélag Garðabæjar,opinber,BSRB,2013-03-01,launatafla,3.25,11000,prósenta eða krónutala,114.95,62,löng eyða á undan,1,1,samningur_483.txt
nafn:starfsmannafélag garðabæjar,101,Starfsmannafélag Garðabæjar,opinber,,2015-03-01,launatafla,5.5,,prósenta,121.27,24,,1,1,samningur_716.txt
nafn:starfsmannafélag garðabæjar,71,Starfsmannafélag Garðabæjar,opinber,BSRB,2015-05-01,launatafla,7.7,25000,prósenta eða krónutala,130.61,2,,1,1,samningur_264.txt
nafn:starfsmannafélag garðabæjar,71,Starfsmannafélag Garðabæjar,opinber,BSRB,2016-06-01,launatafla,5.5,15000,prósenta eða krónutala,137.79,13,,1,1,samningur_264.txt
nafn:starfsmannafélag garðabæjar,71,Starfsmannafélag Garðabæjar,opinber,BSRB,2017-06-01,launatafla,2.5,,prósenta,141.24,12,,1,1,samningur_264.txt
nafn:starfsmannafélag garðabæjar,71,Starfsmannafélag Garðabæjar,opinber,BSRB,2019-02-01,launatafla,,42500,krónutala,141.24,20,krónutöluhækkun - vísitala stendur í stað,1,0,samningur_264.txt
nafn:starfsmannafélag garðabæjar,101,Starfsmannafélag Garðabæjar,opinber,,2019-04-01,almenn laun,,17000,krónutala,141.24,2,krónutöluhækkun - vísitala stendur í stað,1,0,samningur_718.txt
nafn:starfsmannafélag garðabæjar,101,Starfsmannafélag Garðabæjar,opinber,,2020-04-01,launatafla,,18000,krónutala,141.24,12,krónutöluhækkun - vísitala stendur í stað,1,0,samningur_718.txt
nafn:starfsmannafélag garðabæjar,101,Starfsmannafélag Garðabæjar,opinber,,2021-01-01,launatafla,,15750,krónutala,141.24,9,krónutöluhækkun - vísitala stendur í stað,1,0,samningur_718.txt
nafn:starfsmannafélag garðabæjar,101,Starfsmannafélag Garðabæjar,opinber,,2022-01-01,launatafla,,17250,krónutala,141.24,12,krónutöluhækkun - vísitala stendur í stað,1,0,samningur_718.txt
nafn:starfsmannafélag hafnarfjarðar,,Starfsmannafélag Hafnarfjarðar,opinber,,2015-05-01,launatafla,7.7,25000,prósenta eða krónutala,100.0,,grunnur,1,1,samningur_269.txt
nafn:starfsmannafélag hafnarfjarðar,,Starfsmannafélag Hafnarfjarðar,opinber,,2016-06-01,launatafla,5.5,15000,prósenta eða krónutala,105.5,13,,1,1,samningur_269.txt
nafn:starfsmannafélag hafnarfjarðar,,Starfsmannafélag Hafnarfjarðar,opinber,,2017-06-01,launatafla,2.5,,prósenta,108.14,12,,1,1,samningur_269.txt
nafn:starfsmannafélag hafnarfjarðar,,Starfsmannafélag Hafnarfjarðar,opinber,,2019-02-01,launatafla,,42500,krónutala,108.14,20,krónutöluhækkun - vísitala stendur í stað,1,0,samningur_269.txt
nafn:starfsmannafélag hafnarfjarðar,,Starfsmannafélag Hafnarfjarðar,opinber,,2023-03-31,almenn laun,0.85,,prósenta,109.06,49,löng eyða á undan,1,1,samningur_268.txt
nafn:starfsmannafélag kópavogs,80,Starfsmannafélag Kópavogs,opinber,BSRB,2013-03-01,launatafla,3.25,11000,prósenta eða krónutala,100.0,,grunnur,1,1,samningur_54.txt
nafn:starfsmannafélag kópavogs,80,Starfsmannafélag Kópavogs,opinber,BSRB,2015-05-01,launatafla,,25000,krónutala,100.0,26,krónutöluhækkun - vísitala stendur í stað,1,0,samningur_479.txt
nafn:starfsmannafélag kópavogs,80,Starfsmannafélag Kópavogs,opinber,BSRB,2016-06-01,launatafla,5.5,15000,prósenta eða krónutala,105.5,13,,1,1,samningur_479.txt
nafn:starfsmannafélag kópavogs,80,Starfsmannafélag Kópavogs,opinber,BSRB,2017-06-01,launatafla,2.5,,prósenta,108.14,12,,1,1,samningur_479.txt
nafn:starfsmannafélag kópavogs,80,Starfsmannafélag Kópavogs,opinber,BSRB,2019-02-01,launatafla,,42500,krónutala,108.14,20,krónutöluhækkun - vísitala stendur í stað,1,0,samningur_479.txt
nafn:starfsmannafélag kópavogs,80,Starfsmannafélag Kópavogs,opinber,BSRB,2024-04-01,launatafla,3.25,23750,prósenta eða krónutala,111.65,62,löng eyða á undan,1,1,samningur_kjolur_sns.txt
nafn:starfsmannafélag kópavogs,80,Starfsmannafélag Kópavogs,opinber,BSRB,2024-10-31,launatafla,15.0,,prósenta,128.4,6,,1,1,samningur_kjolur_sns.txt
nafn:starfsmannafélag kópavogs,80,Starfsmannafélag Kópavogs,opinber,BSRB,2025-04-01,launatafla,3.5,23750,prósenta eða krónutala,132.89,6,,1,1,samningur_kjolur_sns.txt
nafn:starfsmannafélag kópavogs,80,Starfsmannafélag Kópavogs,opinber,BSRB,2026-04-01,launatafla,3.5,23750,prósenta eða krónutala,137.55,12,,1,1,samningur_kjolur_sns.txt
nafn:starfsmannafélag mosfellsbæjar,,Starfsmannafélag Mosfellsbæjar,opinber,,2015-05-01,launatafla,7.7,25000,prósenta eða krónutala,100.0,,grunnur,1,1,samningur_267.txt
nafn:starfsmannafélag mosfellsbæjar,,Starfsmannafélag Mosfellsbæjar,opinber,,2016-06-01,launatafla,5.5,15000,prósenta eða krónutala,105.5,13,,1,1,samningur_267.txt
nafn:starfsmannafélag mosfellsbæjar,,Starfsmannafélag Mosfellsbæjar,opinber,,2017-06-01,launatafla,2.5,,prósenta,108.14,12,,1,1,samningur_267.txt
nafn:starfsmannafélag mosfellsbæjar,,Starfsmannafélag Mosfellsbæjar,opinber,,2019-02-01,launatafla,,42500,krónutala,108.14,20,krónutöluhækkun - vísitala stendur í stað,1,0,samningur_267.txt
nafn:starfsmannafélag reykjavíkurborgar,3,Starfsmannafélag Reykjavíkurborgar,opinber,BSRB,2011-06-01,launatafla,4.6,12000,prósenta með krónutölulágmarki,100.0,,grunnur,1,1,samningur_619.txt
nafn:starfsmannafélag reykjavíkurborgar,3,Starfsmannafélag Reykjavíkurborgar,opinber,BSRB,2012-03-01,launatafla,3.5,11000,prósenta með krónutölulágmarki,103.5,9,,1,1,samningur_619.txt
nafn:starfsmannafélag reykjavíkurborgar,3,Starfsmannafélag Reykjavíkurborgar,opinber,BSRB,2014-02-01,launatafla,0.1,,prósenta,103.6,23,,2,1,samningur_621.txt
nafn:starfsmannafélag reykjavíkurborgar,3,Starfsmannafélag Reykjavíkurborgar,opinber,BSRB,2017-05-01,launatafla,3.0,49000,prósenta og krónutala,106.71,39,löng eyða á undan,1,1,samningur_622.txt
nafn:starfsmannafélag ríkisútvarpsins,,Starfsmannafélag Ríkisútvarpsins,opinber,Sérfélög,2014-12-31,almenn laun,3.2,,prósenta,100.0,,grunnur,1,1,samningur_163.txt
nafn:starfsmannafélag ríkisútvarpsins,,Starfsmannafélag Ríkisútvarpsins,opinber,Sérfélög,2015-05-01,almenn laun,,25000,krónutala,100.0,5,krónutöluhækkun - vísitala stendur í stað,1,0,samningur_163.txt
nafn:starfsmannafélag ríkisútvarpsins,,Starfsmannafélag Ríkisútvarpsins,opinber,Sérfélög,2016-01-01,almenn laun,4.7,,prósenta,104.7,8,,2,2,samningur_163.txt
nafn:starfsmannafélag ríkisútvarpsins,,Starfsmannafélag Ríkisútvarpsins,opinber,Sérfélög,2017-05-01,almenn laun,5.35,,prósenta,110.3,16,,2,2,samningur_163.txt
nafn:starfsmannafélag ríkisútvarpsins,,Starfsmannafélag Ríkisútvarpsins,opinber,Sérfélög,2018-05-01,almenn laun,3.75,,prósenta,114.44,12,,2,2,samningur_163.txt
nafn:starfsmannafélag suðurnesja,96,Starfsmannafélag Suðurnesja,opinber,BSRB,2005-03-01,launatafla,1.2,,prósenta,100.0,,grunnur,1,1,samningur_480.txt
nafn:starfsmannafélag suðurnesja,96,Starfsmannafélag Suðurnesja,opinber,BSRB,2006-01-01,launatafla,2.3,,prósenta,102.3,10,,1,1,samningur_480.txt
nafn:starfsmannafélag suðurnesja,96,Starfsmannafélag Suðurnesja,opinber,BSRB,2006-05-01,launatafla,2.3,,prósenta,104.65,4,,1,1,samningur_480.txt
nafn:starfsmannafélag suðurnesja,96,Starfsmannafélag Suðurnesja,opinber,BSRB,2007-01-01,launatafla,2.25,,prósenta,107.01,8,,1,1,samningur_480.txt
nafn:starfsmannafélag suðurnesja,96,Starfsmannafélag Suðurnesja,opinber,BSRB,2007-05-01,launatafla,2.0,,prósenta,109.15,4,,1,1,samningur_480.txt
nafn:starfsmannafélag suðurnesja,96,Starfsmannafélag Suðurnesja,opinber,BSRB,2008-01-01,launatafla,2.0,,prósenta,111.33,8,,1,1,samningur_480.txt
nafn:starfsmannafélag suðurnesja,96,Starfsmannafélag Suðurnesja,almennur,BSRB,2019-04-01,launatafla,,17000,krónutala,111.33,135,krónutöluhækkun - vísitala stendur í stað,1,0,samningur_18.txt
nafn:starfsmannafélag suðurnesja,96,Starfsmannafélag Suðurnesja,almennur,BSRB,2020-04-01,launatafla,,24000,krónutala,111.33,12,krónutöluhækkun - vísitala stendur í stað,1,0,samningur_18.txt
nafn:starfsmannafélag suðurnesja,96,Starfsmannafélag Suðurnesja,almennur,BSRB,2021-01-01,launatafla,,24000,krónutala,111.33,9,krónutöluhækkun - vísitala stendur í stað,1,0,samningur_18.txt
nafn:starfsmannafélag suðurnesja,96,Starfsmannafélag Suðurnesja,almennur,BSRB,2022-01-01,launatafla,,17250,krónutala,111.33,12,krónutöluhækkun - vísitala stendur í stað,1,0,samningur_18.txt
nafn:stéttarfélag lögfræðinga,12,Stéttarfélag lögfræðinga,opinber,BHM,2011-06-01,launatafla,4.6,12000,prósenta með krónutölulágmarki,100.0,,grunnur,1,1,samningur_999.txt
nafn:stéttarfélag lögfræðinga,12,Stéttarfélag lögfræðinga,opinber,BHM,2012-03-01,launatafla,3.5,11000,prósenta með krónutölulágmarki,103.5,9,,1,1,samningur_999.txt
nafn:stéttarfélag lögfræðinga,12,Stéttarfélag lögfræðinga,opinber,BHM,2013-03-01,launatafla,3.5,11000,prósenta með krónutölulágmarki,107.12,12,,1,1,samningur_999.txt
nafn:stéttarfélag lögfræðinga,12,Stéttarfélag lögfræðinga,opinber,,2015-03-01,launatafla,5.0,,prósenta,112.48,24,,1,1,samningur_255.txt
nafn:stéttarfélag lögfræðinga,12,Stéttarfélag lögfræðinga,opinber,BHM,2019-04-01,launatafla,,17000,krónutala,112.48,49,krónutöluhækkun - vísitala stendur í stað,1,0,samningur_997.txt
nafn:stéttarfélag lögfræðinga,12,Stéttarfélag lögfræðinga,opinber,BHM,2020-01-01,óskilgreint,0.55,,prósenta,113.1,9,,1,1,samningur_720.txt
nafn:stéttarfélag lögfræðinga,12,Stéttarfélag lögfræðinga,opinber,BHM,2020-04-01,launatafla,,24000,krónutala,113.1,3,krónutöluhækkun - vísitala stendur í stað,1,0,samningur_997.txt
nafn:stéttarfélag lögfræðinga,12,Stéttarfélag lögfræðinga,opinber,BHM,2021-01-01,launatafla,,24500,krónutala,113.1,9,krónutöluhækkun - vísitala stendur í stað,4,0,samningur_997.txt
nafn:stéttarfélag lögfræðinga,12,Stéttarfélag lögfræðinga,opinber,BHM,2021-12-31,almenn laun,0.85,,prósenta,114.06,11,,1,1,samningur_720.txt
nafn:stéttarfélag lögfræðinga,12,Stéttarfélag lögfræðinga,opinber,BHM,2022-01-01,launatafla,,25000,krónutala,114.06,1,krónutöluhækkun - vísitala stendur í stað,1,0,samningur_997.txt
nafn:stéttarfélag lögfræðinga,12,Stéttarfélag lögfræðinga,opinber,BHM,2023-04-01,óskilgreint,5.0,,prósenta,119.76,15,,1,1,samningur_1464.txt
nafn:stéttarfélag lögfræðinga,12,Stéttarfélag lögfræðinga,opinber,BHM,2024-04-01,launatafla,3.25,23750,prósenta eða krónutala,123.65,12,,3,1,samningur_1464.txt
nafn:stéttarfélag lögfræðinga,12,Stéttarfélag lögfræðinga,opinber,BHM,2024-10-31,launatafla,15.0,,prósenta,142.2,6,,1,1,samningur_1464.txt
nafn:stéttarfélag lögfræðinga,12,Stéttarfélag lögfræðinga,opinber,BHM,2025-04-01,launatafla,3.5,23750,prósenta eða krónutala,147.18,6,,3,1,samningur_1464.txt
nafn:stéttarfélag lögfræðinga,12,Stéttarfélag lögfræðinga,opinber,BHM,2026-04-01,launatafla,3.5,23750,prósenta eða krónutala,152.33,12,,3,1,samningur_1464.txt
nafn:stéttarfélag lögfræðinga,12,Stéttarfélag lögfræðinga,opinber,BHM,2027-04-01,óskilgreint,3.5,,prósenta,157.66,12,,2,1,samningur_1348.txt
nafn:stéttarfélag starfsmanna reykjavíkurborgar,,Stéttarfélag starfsmanna Reykjavíkurborgar,opinber,,2015-05-01,launatafla,7.7,25000,prósenta eða krónutala,100.0,,grunnur,2,1,samningur_588.txt
nafn:stéttarfélag starfsmanna reykjavíkurborgar,,Stéttarfélag starfsmanna Reykjavíkurborgar,opinber,,2016-06-01,launatafla,5.5,15000,prósenta eða krónutala,105.5,13,,2,1,samningur_588.txt
nafn:stéttarfélag starfsmanna reykjavíkurborgar,,Stéttarfélag starfsmanna Reykjavíkurborgar,opinber,,2017-06-01,launatafla,4.0,,prósenta,109.72,12,,2,1,samningur_588.txt
nafn:stéttarfélag tölvunarfræðinga,60,Stéttarfélag tölvunarfræðinga,opinber,Sérfélög,2019-04-01,almenn laun,,17000,krónutala,100.0,,grunnur,2,0,samningur_525.txt
nafn:stéttarfélag tölvunarfræðinga,60,Stéttarfélag tölvunarfræðinga,opinber,Sérfélög,2020-04-01,launatafla,,21000,krónutala,100.0,12,krónutöluhækkun - vísitala stendur í stað,2,0,samningur_746.txt
nafn:stéttarfélag tölvunarfræðinga,60,Stéttarfélag tölvunarfræðinga,opinber,Sérfélög,2020-06-01,launatafla,,25000,krónutala,100.0,2,krónutöluhækkun - vísitala stendur í stað,1,0,samningur_746.txt
nafn:stéttarfélag tölvunarfræðinga,60,Stéttarfélag tölvunarfræðinga,opinber,Sérfélög,2021-01-01,launatafla,,19875,krónutala,100.0,7,krónutöluhækkun - vísitala stendur í stað,2,0,samningur_746.txt
nafn:stéttarfélag tölvunarfræðinga,60,Stéttarfélag tölvunarfræðinga,opinber,Sérfélög,2022-01-01,launatafla,,21125,krónutala,100.0,12,krónutöluhækkun - vísitala stendur í stað,2,0,samningur_746.txt
nafn:stéttarfélag tölvunarfræðinga,60,Stéttarfélag tölvunarfræðinga,opinber,Sérfélög,2023-04-01,óskilgreint,5.0,,prósenta,105.0,15,,1,1,samningur_747.txt
nafn:stéttarfélag tölvunarfræðinga,60,Stéttarfélag tölvunarfræðinga,opinber,Sérfélög,2024-04-01,launatafla,3.25,23750,prósenta eða krónutala,108.41,12,,2,1,samningur_1468.txt
nafn:stéttarfélag tölvunarfræðinga,60,Stéttarfélag tölvunarfræðinga,opinber,Sérfélög,2025-04-01,almenn laun,3.5,23750,prósenta eða krónutala,112.21,12,,2,1,samningur_1468.txt
nafn:stéttarfélag tölvunarfræðinga,60,Stéttarfélag tölvunarfræðinga,opinber,Sérfélög,2026-04-01,almenn laun,3.5,23750,prósenta eða krónutala,116.13,12,,2,1,samningur_1468.txt
nafn:stéttarfélag tölvunarfræðinga,60,Stéttarfélag tölvunarfræðinga,opinber,Sérfélög,2027-04-01,óskilgreint,3.5,,prósenta,120.2,12,,1,1,samningur_1468.txt
nafn:stéttarfélag verkfræðinga,102,Stéttarfélag verkfræðinga,opinber,ASÍ,2007-01-01,launatafla,2.25,,prósenta,100.0,,grunnur,1,1,samningur_517.txt
nafn:stéttarfélag verkfræðinga,102,Stéttarfélag verkfræðinga,opinber,ASÍ,2008-01-01,launatafla,2.0,,prósenta,102.0,12,,1,1,samningur_517.txt
nafn:sveinafélag pípulagningamanna,,Sveinafélag pípulagningamanna,almennur,,1997-06-30,óskilgreint,,1558,krónutala,100.0,,grunnur,1,0,SKM_C554e23092516570.txt
nafn:sveinafélag pípulagningamanna,,Sveinafélag pípulagningamanna,almennur,,1998-01-01,kauptaxtar,4.0,,prósenta,104.0,7,,1,1,SKM_C554e23092516570.txt
nafn:sveinafélag pípulagningamanna,,Sveinafélag pípulagningamanna,almennur,,1999-01-01,kauptaxtar,3.25,,prósenta,107.38,12,,1,1,SKM_C554e23092516570.txt
nafn:sveinafélag pípulagningamanna,,Sveinafélag pípulagningamanna,opinber,,2000-12-01,almenn laun,3.9,,prósenta,111.57,23,,1,1,SKM_C554e23092517040.txt
nafn:sveinafélag pípulagningamanna,,Sveinafélag pípulagningamanna,opinber,,2001-01-01,almenn laun,3.0,,prósenta,114.91,1,,1,1,SKM_C554e23092517040.txt
nafn:sveinafélag pípulagningamanna,,Sveinafélag pípulagningamanna,almennur,,2001-04-01,almenn laun,5.4,,prósenta,121.12,3,,1,1,SKM_C554e23092517021.txt
nafn:sveinafélag pípulagningamanna,,Sveinafélag pípulagningamanna,almennur,,2002-01-01,almenn laun,3.0,,prósenta,124.75,9,,2,1,SKM_C554e23092517021.txt
nafn:sveinafélag pípulagningamanna,,Sveinafélag pípulagningamanna,almennur,,2003-01-01,almenn laun,3.0,,prósenta,128.5,12,,1,1,SKM_C554e23092517021.txt
nafn:sveinafélag pípulagningamanna,,Sveinafélag pípulagningamanna,almennur,,2004-06-28,kauptaxtar,3.25,,prósenta,132.67,17,,1,1,SKM_C554e23092517050.txt
nafn:sveinafélag pípulagningamanna,,Sveinafélag pípulagningamanna,almennur,,2005-01-01,kauptaxtar,3.0,,prósenta,136.65,7,,1,1,SKM_C554e23092517050.txt
nafn:sveinafélag pípulagningamanna,,Sveinafélag pípulagningamanna,almennur,,2006-01-01,kauptaxtar,2.5,,prósenta,140.07,12,,1,1,SKM_C554e23092517050.txt
nafn:sveinafélag pípulagningamanna,,Sveinafélag pípulagningamanna,almennur,,2007-01-01,kauptaxtar,2.25,,prósenta,143.22,12,,1,1,SKM_C554e23092517050.txt
nafn:sálfræðingafélag íslands,19,Sálfræðingafélag Íslands,opinber,BHM,2011-06-01,launatafla,4.6,12000,prósenta með krónutölulágmarki,100.0,,grunnur,1,1,samningur_1004.txt
nafn:sálfræðingafélag íslands,19,Sálfræðingafélag Íslands,opinber,BHM,2012-03-01,launatafla,3.5,11000,prósenta með krónutölulágmarki,103.5,9,,1,1,samningur_1004.txt
nafn:sálfræðingafélag íslands,19,Sálfræðingafélag Íslands,opinber,BHM,2013-03-01,launatafla,3.5,11000,prósenta með krónutölulágmarki,107.12,12,,1,1,samningur_1004.txt
nafn:sálfræðingafélag íslands,19,Sálfræðingafélag Íslands,opinber,BHM,2019-04-01,launatafla,,17000,krónutala,107.12,73,krónutöluhækkun - vísitala stendur í stað,1,0,samningur_1003.txt
nafn:sálfræðingafélag íslands,19,Sálfræðingafélag Íslands,opinber,BHM,2020-01-01,óskilgreint,0.55,,prósenta,107.71,9,,1,1,samningur_312.txt
nafn:sálfræðingafélag íslands,19,Sálfræðingafélag Íslands,opinber,BHM,2020-04-01,launatafla,,24000,krónutala,107.71,3,krónutöluhækkun - vísitala stendur í stað,1,0,samningur_1003.txt
nafn:sálfræðingafélag íslands,19,Sálfræðingafélag Íslands,opinber,BHM,2020-07-01,óskilgreint,0.75,,prósenta,108.52,3,,1,1,samningur_1003.txt
nafn:sálfræðingafélag íslands,19,Sálfræðingafélag Íslands,opinber,BHM,2021-01-01,launatafla,,24000,krónutala,108.52,6,krónutöluhækkun - vísitala stendur í stað,3,0,samningur_1003.txt
nafn:sálfræðingafélag íslands,19,Sálfræðingafélag Íslands,opinber,BHM,2022-01-01,launatafla,,17000,krónutala,108.52,12,krónutöluhækkun - vísitala stendur í stað,1,0,samningur_401.txt
nafn:sálfræðingafélag íslands,19,Sálfræðingafélag Íslands,opinber,BHM,2023-03-31,almenn laun,0.85,,prósenta,109.44,14,,1,1,samningur_312.txt
nafn:sálfræðingafélag íslands,19,Sálfræðingafélag Íslands,opinber,BHM,2023-04-01,óskilgreint,5.0,,prósenta,114.91,1,,1,1,samningur_1761.txt
nafn:sálfræðingafélag íslands,19,Sálfræðingafélag Íslands,opinber,BHM,2024-04-01,launatafla,3.25,23750,prósenta eða krónutala,118.65,12,,5,2,samningur_1374.txt
nafn:sálfræðingafélag íslands,19,Sálfræðingafélag Íslands,opinber,BHM,2025-04-01,almenn laun,3.5,23750,prósenta eða krónutala,122.8,12,,4,1,samningur_1374.txt
nafn:sálfræðingafélag íslands,19,Sálfræðingafélag Íslands,opinber,BHM,2026-04-01,almenn laun,3.5,23750,prósenta eða krónutala,127.1,12,,4,1,samningur_1374.txt
nafn:sálfræðingafélag íslands,19,Sálfræðingafélag Íslands,opinber,BHM,2027-04-01,almenn laun,3.5,23750,prósenta eða krónutala,131.55,12,,3,1,samningur_1374.txt
nafn:sókn,,Sókn,opinber,,1989-07-01,almenn laun,0.5,,prósenta,100.0,,grunnur,1,1,SKM_C554e23092915421.txt
nafn:sókn,,Sókn,opinber,,1989-09-01,almenn laun,,1500,krónutala,100.0,2,krónutöluhækkun - vísitala stendur í stað,1,0,SKM_C554e23092915421.txt
nafn:sókn,,Sókn,opinber,,1989-11-01,almenn laun,,1000,krónutala,100.0,2,krónutöluhækkun - vísitala stendur í stað,1,0,SKM_C554e23092915421.txt
nafn:tollvarðafélag íslands,81,Tollvarðafélag Íslands,opinber,BSRB,2002-01-01,launatafla,3.0,,prósenta,100.0,,grunnur,1,1,samningur_565.txt
nafn:tollvarðafélag íslands,81,Tollvarðafélag Íslands,opinber,BSRB,2003-01-01,launatafla,3.0,,prósenta,103.0,12,,1,1,samningur_565.txt
nafn:tollvarðafélag íslands,81,Tollvarðafélag Íslands,opinber,BSRB,2005-05-01,launatafla,1.75,,prósenta,104.8,28,löng eyða á undan,1,1,samningur_566.txt
nafn:tollvarðafélag íslands,81,Tollvarðafélag Íslands,opinber,BSRB,2007-01-01,launatafla,2.25,,prósenta,107.16,20,,1,1,samningur_566.txt
nafn:tollvarðafélag íslands,81,Tollvarðafélag Íslands,opinber,BSRB,2008-01-01,launatafla,2.5,,prósenta,109.84,12,,1,1,samningur_566.txt
nafn:tollvarðafélag íslands,81,Tollvarðafélag Íslands,opinber,BSRB,2019-04-01,launatafla,,17000,krónutala,109.84,135,krónutöluhækkun - vísitala stendur í stað,1,0,samningur_569.txt
nafn:tollvarðafélag íslands,81,Tollvarðafélag Íslands,opinber,BSRB,2020-04-01,launatafla,,24000,krónutala,109.84,12,krónutöluhækkun - vísitala stendur í stað,1,0,samningur_569.txt
nafn:tollvarðafélag íslands,81,Tollvarðafélag Íslands,opinber,BSRB,2021-01-01,launatafla,,24000,krónutala,109.84,9,krónutöluhækkun - vísitala stendur í stað,1,0,samningur_569.txt
nafn:tollvarðafélag íslands,81,Tollvarðafélag Íslands,opinber,BSRB,2022-01-01,launatafla,,25000,krónutala,109.84,12,krónutöluhækkun - vísitala stendur í stað,1,0,samningur_569.txt
nafn:tollvarðafélag íslands,81,Tollvarðafélag Íslands,opinber,BSRB,2024-04-01,óskilgreint,3.5,,prósenta,113.68,27,löng eyða á undan,1,1,samningur_1626.txt
nafn:tollvarðafélag íslands,81,Tollvarðafélag Íslands,opinber,BSRB,2025-04-01,óskilgreint,3.5,,prósenta,117.66,12,,1,1,samningur_1626.txt
nafn:tollvarðafélag íslands,81,Tollvarðafélag Íslands,opinber,BSRB,2026-04-01,óskilgreint,3.5,,prósenta,121.78,12,,1,1,samningur_1626.txt
nafn:tollvarðafélag íslands,81,Tollvarðafélag Íslands,opinber,BSRB,2027-04-01,óskilgreint,3.5,,prósenta,126.04,12,,1,1,samningur_1626.txt
nafn:trésmiðafélag reykjavíkur,,Trésmiðafélag Reykjavíkur,opinber,ASÍ,1990-02-01,almenn laun,1.5,,prósenta,100.0,,grunnur,1,1,SKM_C554e23092215060.txt
nafn:trésmiðafélag reykjavíkur,,Trésmiðafélag Reykjavíkur,opinber,ASÍ,1990-12-01,almenn laun,2.0,,prósenta,102.0,10,,1,1,SKM_C554e23092215060.txt
nafn:trésmiðafélag reykjavíkur,,Trésmiðafélag Reykjavíkur,opinber,ASÍ,1991-03-01,almenn laun,2.5,,prósenta,104.55,3,,1,1,SKM_C554e23092215060.txt
nafn:trésmiðafélag reykjavíkur,,Trésmiðafélag Reykjavíkur,opinber,ASÍ,1991-06-01,almenn laun,2.0,,prósenta,106.64,3,,1,1,SKM_C554e23092215060.txt
nafn:vm,30,VM,almennur,ASÍ,1983-01-01,almenn laun,2.0,,prósenta,100.0,,grunnur,1,1,SKM_C554e23092014460.txt
nafn:vm,30,VM,almennur,ASÍ,1983-03-01,almenn laun,1.0,,prósenta,101.0,2,,1,1,SKM_C554e23092014460.txt
nafn:vm,,VM,,,1984-02-21,kauptaxtar,2.0,,prósenta,103.02,11,,1,1,Aburdur.txt
nafn:vm,,VM,,,1984-06-01,kauptaxtar,3.0,,prósenta,106.11,4,,1,1,Aburdur.txt
nafn:vm,30,VM,opinber,ASÍ,1989-11-01,óskilgreint,1.9,1000,prósenta með krónutölulágmarki,108.13,65,löng eyða á undan,1,1,SKM_C554e23091914281.txt
nafn:vm,30,VM,opinber,ASÍ,1990-02-01,launatafla,2.5,,prósenta,110.83,3,,1,1,SKM_C554e23091914290.txt
nafn:vm,31,VM,almennur,ASÍ,1996-01-01,almenn laun,3.0,,prósenta,114.15,71,löng eyða á undan,1,1,HS.txt
nafn:vm,30,VM,almennur,ASÍ,2000-12-01,kauptaxtar,5.4,,prósenta,120.32,59,löng eyða á undan,1,1,SKM_C554e23091914320.txt
nafn:vm,30,VM,almennur,ASÍ,2002-01-01,launatafla,3.0,,prósenta,123.93,13,,2,1,SKM_C554e23091914340.txt
nafn:vm,30,VM,almennur,ASÍ,2003-01-01,launatafla,3.0,,prósenta,127.65,12,,2,1,SKM_C554e23091914340.txt
nafn:vm,30,VM,almennur,ASÍ,2004-01-01,launatafla,3.0,,prósenta,131.48,12,,1,1,SKM_C554e23091914340.txt
nafn:vm,30,VM,opinber,ASÍ,2004-05-17,kauptaxtar,3.25,,prósenta,135.75,4,,1,1,SKM_C554e23091914350.txt
nafn:vm,30,VM,opinber,ASÍ,2004-12-01,launatafla,3.25,,prósenta,140.16,7,,1,1,SKM_C554e23091914400.txt
nafn:vm,30,VM,almennur,ASÍ,2005-01-01,launatafla,1.75,,prósenta,142.61,1,,2,1,SKM_C554e23091914340.txt
nafn:vm,30,VM,opinber,ASÍ,2006-01-01,almenn laun,2.5,,prósenta,146.18,12,,2,1,SKM_C554e23091914390.txt
nafn:vm,30,VM,opinber,ASÍ,2007-01-01,almenn laun,2.25,,prósenta,149.47,12,,4,1,SKM_C554e23091914390.txt
nafn:vm,30,VM,opinber,ASÍ,2007-10-01,óskilgreint,5.5,,prósenta,157.69,9,,1,1,SKM_C554e23091914220.txt
nafn:vm,30,VM,opinber,ASÍ,2008-01-01,launatafla,2.5,,prósenta,161.63,3,,2,2,SKM_C554e23091914560.txt
nafn:vm,30,VM,opinber,ASÍ,2008-06-04,óskilgreint,5.5,,prósenta,170.52,5,,1,1,SKM_C554e23091914220.txt
nafn:vm,30,VM,opinber,ASÍ,2008-07-01,kauptaxtar,,25000,krónutala,170.52,1,krónutöluhækkun - vísitala stendur í stað,1,0,SKM_C554e23091914220.txt
nafn:vm,30,VM,opinber,ASÍ,2009-03-01,kauptaxtar,3.5,,prósenta,176.49,8,,2,1,SKM_C554e23091914220.txt
nafn:vm,30,VM,opinber,ASÍ,2010-01-01,kauptaxtar,2.5,,prósenta,180.9,10,,1,1,SKM_C554e23091914220.txt
nafn:vm,30,VM,opinber,ASÍ,2011-07-31,launatafla,4.25,,prósenta,188.59,18,,1,1,samningur_920.txt
nafn:vm,30,VM,opinber,ASÍ,2019-01-01,kauptaxtar,,17000,krónutala,188.59,90,krónutöluhækkun - vísitala stendur í stað,1,0,samningur_396.txt
nafn:vm,30,VM,almennur,ASÍ,2019-04-01,almenn laun,,17000,krónutala,188.59,3,krónutöluhækkun - vísitala stendur í stað,1,0,samningur_1108.txt
nafn:vm,30,VM,almennur,ASÍ,2019-05-01,óskilgreint,3.0,,prósenta,194.25,1,,1,1,samningur_71.txt
nafn:vm,30,VM,almennur,ASÍ,2019-07-01,kauptaxtar,,17000,krónutala,194.25,2,krónutöluhækkun - vísitala stendur í stað,1,0,samningur_107.txt
nafn:vm,30,VM,almennur,ASÍ,2020-04-01,almenn laun,,18000,krónutala,194.25,9,krónutöluhækkun - vísitala stendur í stað,3,0,samningur_1108.txt
nafn:vm,30,VM,almennur,ASÍ,2021-01-01,almenn laun,,15750,krónutala,194.25,9,krónutöluhækkun - vísitala stendur í stað,3,0,samningur_1108.txt
nafn:vm,30,VM,almennur,ASÍ,2022-01-01,kauptaxtar,2.5,25000,krónutala,199.1,12,,3,1,samningur_107.txt
nafn:vm,30,VM,almennur,ASÍ,2022-11-01,kauptaxtar,6.75,66000,prósenta og krónutala,212.54,10,,1,1,samningur_1109.txt
nafn:vm,30,VM,almennur,ASÍ,2024-02-01,launatafla,3.25,23750,prósenta eða krónutala,219.45,15,,1,1,samningur_1471.txt
nafn:vm,30,VM,opinber,ASÍ,2024-04-01,launatafla,3.25,23750,prósenta eða krónutala,226.58,2,,3,1,samningur_1401.txt
nafn:vm,30,VM,opinber,ASÍ,2024-10-31,launatafla,15.0,,prósenta,260.57,6,,1,1,samningur_1634.txt
nafn:vm,30,VM,almennur,ASÍ,2025-01-01,launatafla,3.5,23750,prósenta eða krónutala,269.69,3,,1,1,samningur_1471.txt
nafn:vm,30,VM,opinber,ASÍ,2025-04-01,almenn laun,3.5,23750,prósenta eða krónutala,279.13,3,,3,1,samningur_1401.txt
nafn:vm,30,VM,almennur,ASÍ,2025-04-09,kauptaxtar,0.58,,prósenta,280.75,0,,1,1,samningur_1471.txt
nafn:vm,30,VM,almennur,ASÍ,2026-01-01,launatafla,3.5,23750,prósenta eða krónutala,290.57,9,,1,1,samningur_1471.txt
nafn:vm,30,VM,opinber,ASÍ,2026-04-01,almenn laun,3.5,23750,prósenta eða krónutala,300.74,3,,3,1,samningur_1401.txt
nafn:vm,30,VM,opinber,ASÍ,2027-01-01,launatafla,3.38,23750,prósenta eða krónutala,310.91,9,,2,2,samningur_1731.txt
nafn:vm,30,VM,opinber,ASÍ,2027-04-01,almenn laun,3.5,23750,prósenta eða krónutala,321.79,3,,2,1,samningur_1401.txt
nafn:vm,30,VM,almennur,ASÍ,2028-01-01,almenn laun,2.5,,prósenta,329.84,9,,1,1,samningur_1471.txt
nafn:vr,16,VR,almennur,ASÍ,1988-06-01,kauptaxtar,3.25,,prósenta,100.0,,grunnur,1,1,SKM_C554e23091414040.txt
nafn:vr,16,VR,almennur,ASÍ,1988-09-01,kauptaxtar,2.5,,prósenta,102.5,3,,1,1,SKM_C554e23091414040.txt
nafn:vr,16,VR,almennur,ASÍ,1988-12-01,kauptaxtar,1.5,,prósenta,104.04,3,,1,1,SKM_C554e23091414040.txt
nafn:vr,16,VR,almennur,ASÍ,1989-03-01,byrjunarlaun,1.25,,prósenta,105.34,3,,1,1,SKM_C554e23091414040.txt
nafn:vr,16,VR,almennur,ASÍ,2005-01-01,almenn laun,,3000,krónutala,105.34,190,krónutöluhækkun - vísitala stendur í stað,1,0,365_ljosvakamidlar.txt
nafn:vr,,VR,,,2015-04-01,almenn laun,5.0,,prósenta,110.6,123,löng eyða á undan,1,1,samningur_863.txt
nafn:vr,16,VR,almennur,ASÍ,2020-01-01,óskilgreint,10.17,,prósenta,121.85,57,löng eyða á undan,1,1,samningur_1022.txt
nafn:vr,16,VR,almennur,ASÍ,2020-04-01,kauptaxtar,,18000,krónutala,121.85,3,krónutöluhækkun - vísitala stendur í stað,3,0,samningur_1022.txt
nafn:vr,16,VR,almennur,ASÍ,2021-06-01,launatafla,5.6,,prósenta,128.68,14,,1,1,Serkjarasamningur_VR_og_ISAL_2021-2026.txt
nafn:vr,16,VR,almennur,ASÍ,2022-01-01,kauptaxtar,,21155,krónutala,128.68,7,krónutöluhækkun - vísitala stendur í stað,2,0,samningur_1022.txt
nafn:vr,16,VR,almennur,ASÍ,2022-06-01,almenn laun,5.6,,prósenta,135.88,5,,1,1,Serkjarasamningur_VR_og_ISAL_2021-2026.txt
nafn:vr,16,VR,almennur,ASÍ,2022-11-01,kauptaxtar,6.75,66000,prósenta og krónutala,145.06,5,,2,1,samningur_1115.txt
nafn:vr,16,VR,almennur,ASÍ,2023-06-01,almenn laun,5.6,,prósenta,153.18,7,,1,1,Serkjarasamningur_VR_og_ISAL_2021-2026.txt
nafn:vr,16,VR,almennur,Sérfélög,2024-02-01,launatafla,3.25,23750,prósenta eða krónutala,158.16,8,,2,1,samningur_1581.txt
nafn:vr,16,VR,almennur,Sérfélög,2025-01-01,launatafla,3.5,23750,prósenta eða krónutala,163.69,11,,2,1,samningur_1581.txt
nafn:vr,,VR,,,2025-04-01,almenn laun,5.0,,prósenta,171.88,3,,1,1,samningur_862.txt
nafn:vr,16,VR,almennur,ASÍ,2026-01-01,kauptaxtar,3.5,,prósenta,177.89,9,,1,1,samningur_1716.txt
nafn:vr,16,VR,almennur,Sérfélög,2027-01-01,launatafla,3.5,23750,prósenta eða krónutala,184.12,12,,2,1,samningur_1581.txt
nafn:veggfóðrarafélag reykjavíkur sveinafélag pípulagningamanna,,"Veggfóðrarafélag Reykjavíkur, Sveinafélag pípulagningamanna",almennur,,1987-10-01,kauptaxtar,,36800,krónutala,100.0,,grunnur,1,0,SKM_C554e23092516520.txt
nafn:verkalýðs- og sjómannafélag fáskrúðsfjarðar,,Verkalýðs- og sjómannafélag Fáskrúðsfjarðar,almennur,,1996-01-01,almenn laun,3.0,,prósenta,100.0,,grunnur,1,1,SKM_C554e23100414280.txt
nafn:verkalýðs- og sjómannafélag fáskrúðsfjarðar,,Verkalýðs- og sjómannafélag Fáskrúðsfjarðar,opinber,,1998-01-01,lágmarkstekjur,4.0,,prósenta,104.0,24,,1,1,SKM_C554e23100414240.txt
nafn:verkalýðs- og sjómannafélag fáskrúðsfjarðar,,Verkalýðs- og sjómannafélag Fáskrúðsfjarðar,opinber,,1999-01-01,lágmarkstekjur,3.65,,prósenta,107.8,12,,1,1,SKM_C554e23100414240.txt
nafn:verkalýðs- og sjómannafélag fáskrúðsfjarðar,,Verkalýðs- og sjómannafélag Fáskrúðsfjarðar,opinber,,2000-01-01,lágmarkstekjur,4.0,,prósenta,112.11,12,,1,1,SKM_C554e23100414240.txt
nafn:verkalýðs- og sjómannafélag fáskrúðsfjarðar,,Verkalýðs- og sjómannafélag Fáskrúðsfjarðar,almennur,,2001-01-01,óskilgreint,3.0,,prósenta,115.47,12,,1,1,SKM_C554e23100414310.txt
nafn:verkalýðs- og sjómannafélag fáskrúðsfjarðar,,Verkalýðs- og sjómannafélag Fáskrúðsfjarðar,almennur,,2002-01-01,óskilgreint,2.75,,prósenta,118.65,12,,1,1,SKM_C554e23100414310.txt
nafn:verkalýðs- og sjómannafélag fáskrúðsfjarðar,,Verkalýðs- og sjómannafélag Fáskrúðsfjarðar,almennur,,2003-01-01,óskilgreint,0.5,,prósenta,119.24,12,,1,1,SKM_C554e23100414310.txt
nafn:verkalýðsfélag akraness,29,Verkalýðsfélag Akraness,,ASÍ,2010-01-01,launatafla,2.5,,prósenta,100.0,,grunnur,1,1,samningur_213.txt
nafn:verkalýðsfélag akraness,29,Verkalýðsfélag Akraness,almennur,ASÍ,2019-11-01,kauptaxtar,,10000,krónutala,100.0,118,krónutöluhækkun - vísitala stendur í stað,1,0,samningur_7.txt
nafn:verkalýðsfélag akraness,29,Verkalýðsfélag Akraness,opinber,ASÍ,2024-05-01,launatafla,3.25,23750,prósenta eða krónutala,103.25,54,löng eyða á undan,1,1,samningur_1737.txt
nafn:verkalýðsfélag akraness,29,Verkalýðsfélag Akraness,almennur,ASÍ,2025-04-01,almenn laun,5.0,,prósenta,108.41,11,,1,1,Copy of Kjarasamningur_Norurals_gildir_2020-2024.txt
nafn:verkalýðsfélag akraness,29,Verkalýðsfélag Akraness,opinber,ASÍ,2025-05-01,launatafla,3.5,23750,prósenta eða krónutala,112.21,1,,2,1,samningur_1737.txt
nafn:verkalýðsfélag akraness,29,Verkalýðsfélag Akraness,opinber,ASÍ,2026-05-01,óskilgreint,,53481,krónutala,112.21,12,krónutöluhækkun - vísitala stendur í stað,1,0,samningur_1737.txt
nafn:verkalýðsfélag fljótsdalshéraðs,,Verkalýðsfélag Fljótsdalshéraðs,opinber,,1989-06-01,launatafla,,6500,krónutala,100.0,,grunnur,1,0,SKM_C554e23100414050.txt
nafn:verkalýðsfélag grindavíkur,75,Verkalýðsfélag Grindavíkur,almennur,ASÍ,2022-11-01,kauptaxtar,,33000,krónutala,100.0,,grunnur,1,0,samningur_64.txt
nafn:verkalýðsfélag vestfjarðinga,,Verkalýðsfélag Vestfjarðinga,almennur,ASÍ,2019-04-01,kauptaxtar,,7000,krónutala,100.0,,grunnur,1,0,samningur_432.txt
nafn:verkalýðsfélag vestfjarðinga,,Verkalýðsfélag Vestfjarðinga,almennur,ASÍ,2020-04-01,kauptaxtar,,19500,krónutala,100.0,12,krónutöluhækkun - vísitala stendur í stað,2,0,samningur_432.txt
nafn:verkalýðsfélag vestfjarðinga,,Verkalýðsfélag Vestfjarðinga,almennur,ASÍ,2021-01-01,kauptaxtar,,19875,krónutala,100.0,9,krónutöluhækkun - vísitala stendur í stað,2,0,samningur_432.txt
nafn:verkalýðsfélag vestfjarðinga,,Verkalýðsfélag Vestfjarðinga,almennur,ASÍ,2022-01-01,launatafla,,25000,krónutala,100.0,12,krónutöluhækkun - vísitala stendur í stað,2,0,samningur_432.txt
nafn:verkalýðsfélagið hlíf,33,Verkalýðsfélagið Hlíf,almennur,ASÍ,1986-12-01,almenn laun,,26500,krónutala,100.0,,grunnur,1,0,SKM_C554e23091114540.txt
nafn:verkalýðsfélagið hlíf,33,Verkalýðsfélagið Hlíf,,ASÍ,1997-04-01,launatafla,4.0,,prósenta,104.0,124,löng eyða á undan,1,1,SKM_C554e23100315310.txt
nafn:verkalýðsfélagið hlíf,33,Verkalýðsfélagið Hlíf,,ASÍ,1998-01-01,launatafla,4.0,,prósenta,108.16,9,,3,1,SKM_C554e23100315330.txt
nafn:verkalýðsfélagið hlíf,33,Verkalýðsfélagið Hlíf,,ASÍ,1999-01-01,launatafla,3.25,,prósenta,111.68,12,,2,1,SKM_C554e23100315330.txt
nafn:verkalýðsfélagið hlíf,33,Verkalýðsfélagið Hlíf,,ASÍ,2000-01-01,lágmarkstekjur,3.15,,prósenta,115.19,12,,1,1,SKM_C554e23100515161.txt
nafn:verkalýðsfélagið hlíf,33,Verkalýðsfélagið Hlíf,,ASÍ,2000-12-01,launatafla,3.0,,prósenta,118.65,11,,1,1,SKM_C554e23100515340.txt
nafn:verkalýðsfélagið hlíf,33,Verkalýðsfélagið Hlíf,,ASÍ,2001-01-01,almenn laun,3.0,,prósenta,122.21,1,,2,1,Kerfodrun.txt
nafn:verkalýðsfélagið hlíf,33,Verkalýðsfélagið Hlíf,,ASÍ,2002-01-01,almenn laun,3.0,,prósenta,125.87,12,,3,1,Kerfodrun.txt
nafn:verkalýðsfélagið hlíf,33,Verkalýðsfélagið Hlíf,,ASÍ,2002-12-01,óskilgreint,2.0,,prósenta,128.39,11,,1,1,SKM_C554e23100515190.txt
nafn:verkalýðsfélagið hlíf,33,Verkalýðsfélagið Hlíf,,ASÍ,2003-01-01,almenn laun,3.0,,prósenta,132.24,1,,3,1,Kerfodrun.txt
nafn:verkalýðsfélagið hlíf,,Verkalýðsfélagið Hlíf,almennur,ASÍ,2006-01-01,almenn laun,3.0,,prósenta,136.21,36,löng eyða á undan,1,1,SKM_C554e23091914200.txt
nafn:verkalýðsfélagið hlíf,33,Verkalýðsfélagið Hlíf,opinber,ASÍ,2007-01-01,launatafla,3.0,,prósenta,140.3,12,,1,1,SKM_C554e23100516200[82].txt
nafn:verkalýðsfélagið hlíf,,Verkalýðsfélagið Hlíf,almennur,ASÍ,2008-01-01,almenn laun,2.25,,prósenta,143.45,12,,2,1,SKM_C554e23091914200.txt
nafn:verkalýðsfélagið hlíf,33,Verkalýðsfélagið Hlíf,opinber,ASÍ,2009-07-01,óskilgreint,,1209,krónutala,143.45,18,krónutöluhækkun - vísitala stendur í stað,2,0,SKM_C554e23100516260.txt
nafn:verkalýðsfélagið hlíf,33,Verkalýðsfélagið Hlíf,opinber,ASÍ,2009-11-01,óskilgreint,,1075,krónutala,143.45,4,krónutöluhækkun - vísitala stendur í stað,1,0,SKM_C554e23100516260.txt
nafn:verkalýðsfélagið hlíf,33,Verkalýðsfélagið Hlíf,opinber,ASÍ,2010-06-01,óskilgreint,,1139,krónutala,143.45,7,krónutöluhækkun - vísitala stendur í stað,1,0,SKM_C554e23100516260.txt
nafn:verkalýðsfélagið hlíf,,Verkalýðsfélagið Hlíf,opinber,ASÍ,2019-04-01,launatafla,,17000,krónutala,143.45,106,krónutöluhækkun - vísitala stendur í stað,1,0,samningur_1811.txt
nafn:verkalýðsfélagið hlíf,33,Verkalýðsfélagið Hlíf,almennur,ASÍ,2020-01-01,almenn laun,,24000,krónutala,143.45,9,krónutöluhækkun - vísitala stendur í stað,2,0,samningur_209.txt
nafn:verkalýðsfélagið hlíf,33,Verkalýðsfélagið Hlíf,almennur,ASÍ,2020-03-01,launatafla,6.11,100000,krónutala,152.22,2,,2,1,samningur_209.txt
nafn:verkalýðsfélagið hlíf,,Verkalýðsfélagið Hlíf,opinber,ASÍ,2020-04-01,launatafla,,24000,krónutala,152.22,1,krónutöluhækkun - vísitala stendur í stað,2,0,samningur_1811.txt
nafn:verkalýðsfélagið hlíf,,Verkalýðsfélagið Hlíf,opinber,ASÍ,2021-01-01,launatafla,,24000,krónutala,152.22,9,krónutöluhækkun - vísitala stendur í stað,2,0,samningur_1811.txt
nafn:verkalýðsfélagið hlíf,33,Verkalýðsfélagið Hlíf,almennur,ASÍ,2021-06-01,launatafla,5.6,,prósenta,160.74,5,,2,1,samningur_763.txt
nafn:verkalýðsfélagið hlíf,33,Verkalýðsfélagið Hlíf,opinber,ASÍ,2022-01-01,launatafla,,25000,krónutala,160.74,7,krónutöluhækkun - vísitala stendur í stað,1,0,samningur_1054.txt
nafn:verkalýðsfélagið hlíf,33,Verkalýðsfélagið Hlíf,almennur,ASÍ,2022-06-01,launatafla,5.6,,prósenta,169.74,5,,2,1,samningur_763.txt
nafn:verkalýðsfélagið hlíf,33,Verkalýðsfélagið Hlíf,opinber,ASÍ,2023-01-01,launatafla,,25000,krónutala,169.74,7,krónutöluhækkun - vísitala stendur í stað,1,0,samningur_1054.txt
nafn:verkalýðsfélagið hlíf,33,Verkalýðsfélagið Hlíf,almennur,ASÍ,2023-06-01,launatafla,5.6,,prósenta,179.25,5,,2,1,samningur_763.txt
nafn:verkalýðsfélagið hlíf efling,,"Verkalýðsfélagið Hlíf, Efling - stéttarfélag",,ASÍ,2002-01-01,almenn laun,4.25,,prósenta,100.0,,grunnur,2,2,SKM_C554e23100515180.txt
nafn:verkalýðsfélagið hlíf efling,,"Verkalýðsfélagið Hlíf, Efling - stéttarfélag",,ASÍ,2003-01-01,almenn laun,3.8,,prósenta,103.8,12,,2,2,SKM_C554e23100515180.txt
nafn:verkalýðsfélagið hlíf samiðnar,,"Verkalýðsfélagið Hlíf, Samiðnar",opinber,ASÍ,2002-01-01,óskilgreint,3.0,,prósenta,100.0,,grunnur,1,1,SKM_C554e23090714200.txt
nafn:verkalýðsfélagið hlíf samiðnar,,"Verkalýðsfélagið Hlíf, Samiðnar",opinber,ASÍ,2004-01-01,óskilgreint,3.0,,prósenta,103.0,24,,1,1,SKM_C554e23090714200.txt
nafn:verkalýðsfélagið hlíf samiðnar,,"Verkalýðsfélagið Hlíf, Samiðnar",opinber,ASÍ,2005-01-01,óskilgreint,3.0,,prósenta,106.09,12,,1,1,SKM_C554e23090714200.txt
nafn:verkalýðsfélög,,Verkalýðsfélög,,,2001-01-01,almenn laun,3.0,,prósenta,100.0,,grunnur,1,1,SKM_C554e23091914190.txt
nafn:verkalýðsfélög,,Verkalýðsfélög,,,2002-01-01,almenn laun,3.0,,prósenta,103.0,12,,1,1,SKM_C554e23091914190.txt
nafn:verkalýðsfélög,,Verkalýðsfélög,,,2003-01-01,almenn laun,3.0,,prósenta,106.09,12,,1,1,SKM_C554e23091914190.txt
nafn:verkamannafélagið fram,,Verkamannafélagið Fram,,,1996-01-01,byrjunarlaun,,2700,krónutala,100.0,,grunnur,1,0,Steinull2.txt
nafn:verkfræðingafélag íslands,,Verkfræðingafélag Íslands,,,2008-08-22,óskilgreint,,30000,krónutala,100.0,,grunnur,1,0,samningur_513.txt
nafn:verkfræðingafélag íslands,,Verkfræðingafélag Íslands,,,2008-10-01,óskilgreint,,30000,krónutala,100.0,2,krónutöluhækkun - vísitala stendur í stað,1,0,samningur_513.txt
nafn:verkfræðingafélag íslands,,Verkfræðingafélag Íslands,,,2009-03-01,almenn laun,3.5,,prósenta,103.5,5,,1,1,samningur_513.txt
nafn:verkfræðingafélag íslands,,Verkfræðingafélag Íslands,opinber,BHM,2021-01-01,óskilgreint,2.5,,prósenta,106.09,142,löng eyða á undan,1,1,samningur_984.txt
nafn:verkfræðingafélag íslands félag íslenskra náttúrufræðinga viska kjarafélag viðskiptafræðinga og hagfræðinga,34,"Verkfræðingafélag Íslands, Félag íslenskra náttúrufræðinga, Viska, Kjarafélag viðskiptafræðinga og hagfræðinga",opinber,,2014-03-01,launatafla,,20000,krónutala,100.0,,grunnur,1,0,samningur_519.txt
nafn:verkfræðingafélag íslands félag íslenskra náttúrufræðinga viska kjarafélag viðskiptafræðinga og hagfræðinga,34,"Verkfræðingafélag Íslands, Félag íslenskra náttúrufræðinga, Viska, Kjarafélag viðskiptafræðinga og hagfræðinga",opinber,Sérfélög,2019-04-01,almenn laun,,17000,krónutala,100.0,61,krónutöluhækkun - vísitala stendur í stað,2,0,samningur_518.txt
nafn:verkfræðingafélag íslands félag íslenskra náttúrufræðinga viska kjarafélag viðskiptafræðinga og hagfræðinga,34,"Verkfræðingafélag Íslands, Félag íslenskra náttúrufræðinga, Viska, Kjarafélag viðskiptafræðinga og hagfræðinga",opinber,Sérfélög,2020-01-01,óskilgreint,0.75,,prósenta,100.75,9,,1,1,samningur_518.txt
nafn:verkfræðingafélag íslands félag íslenskra náttúrufræðinga viska kjarafélag viðskiptafræðinga og hagfræðinga,34,"Verkfræðingafélag Íslands, Félag íslenskra náttúrufræðinga, Viska, Kjarafélag viðskiptafræðinga og hagfræðinga",opinber,Sérfélög,2020-04-01,launatafla,,21000,krónutala,100.75,3,krónutöluhækkun - vísitala stendur í stað,2,0,samningur_744.txt
nafn:verkfræðingafélag íslands félag íslenskra náttúrufræðinga viska kjarafélag viðskiptafræðinga og hagfræðinga,34,"Verkfræðingafélag Íslands, Félag íslenskra náttúrufræðinga, Viska, Kjarafélag viðskiptafræðinga og hagfræðinga",opinber,Sérfélög,2021-01-01,launatafla,,19875,krónutala,100.75,9,krónutöluhækkun - vísitala stendur í stað,2,0,samningur_744.txt
nafn:verkfræðingafélag íslands félag íslenskra náttúrufræðinga viska kjarafélag viðskiptafræðinga og hagfræðinga,34,"Verkfræðingafélag Íslands, Félag íslenskra náttúrufræðinga, Viska, Kjarafélag viðskiptafræðinga og hagfræðinga",opinber,Sérfélög,2022-01-01,launatafla,,21125,krónutala,100.75,12,krónutöluhækkun - vísitala stendur í stað,2,0,samningur_744.txt
nafn:verkfræðingafélag íslands félag íslenskra náttúrufræðinga viska kjarafélag viðskiptafræðinga og hagfræðinga,34,"Verkfræðingafélag Íslands, Félag íslenskra náttúrufræðinga, Viska, Kjarafélag viðskiptafræðinga og hagfræðinga",almennur,BHM,2023-01-01,almenn laun,6.75,,prósenta,107.55,12,,1,1,samningur_177.txt
nafn:verkfræðingafélag íslands félag íslenskra náttúrufræðinga viska kjarafélag viðskiptafræðinga og hagfræðinga,34,"Verkfræðingafélag Íslands, Félag íslenskra náttúrufræðinga, Viska, Kjarafélag viðskiptafræðinga og hagfræðinga",opinber,Sérfélög,2023-04-01,óskilgreint,5.0,,prósenta,112.93,3,,3,1,Kjarasamningur_VFÍ_KBFÍ_18.12.2024_LOK.txt
nafn:verkfræðingafélag íslands félag íslenskra náttúrufræðinga viska kjarafélag viðskiptafræðinga og hagfræðinga,34,"Verkfræðingafélag Íslands, Félag íslenskra náttúrufræðinga, Viska, Kjarafélag viðskiptafræðinga og hagfræðinga",opinber,Sérfélög,2024-04-01,launatafla,3.25,23750,prósenta eða krónutala,116.6,12,,2,1,Kjarasamningur_VFÍ_KBFÍ_18.12.2024_LOK.txt
nafn:verkfræðingafélag íslands félag íslenskra náttúrufræðinga viska kjarafélag viðskiptafræðinga og hagfræðinga,34,"Verkfræðingafélag Íslands, Félag íslenskra náttúrufræðinga, Viska, Kjarafélag viðskiptafræðinga og hagfræðinga",opinber,Sérfélög,2024-10-31,launatafla,15.0,,prósenta,134.09,6,,1,1,Kjarasamningur_VFÍ_KBFÍ_18.12.2024_LOK.txt
nafn:verkfræðingafélag íslands félag íslenskra náttúrufræðinga viska kjarafélag viðskiptafræðinga og hagfræðinga,34,"Verkfræðingafélag Íslands, Félag íslenskra náttúrufræðinga, Viska, Kjarafélag viðskiptafræðinga og hagfræðinga",opinber,Sérfélög,2025-04-01,launatafla,3.5,23750,prósenta eða krónutala,138.78,6,,2,1,Kjarasamningur_VFÍ_KBFÍ_18.12.2024_LOK.txt
nafn:verkfræðingafélag íslands félag íslenskra náttúrufræðinga viska kjarafélag viðskiptafræðinga og hagfræðinga,34,"Verkfræðingafélag Íslands, Félag íslenskra náttúrufræðinga, Viska, Kjarafélag viðskiptafræðinga og hagfræðinga",opinber,Sérfélög,2026-04-01,launatafla,3.5,23750,prósenta eða krónutala,143.64,12,,2,1,Kjarasamningur_VFÍ_KBFÍ_18.12.2024_LOK.txt
nafn:verkfræðingafélag íslands félag íslenskra náttúrufræðinga viska kjarafélag viðskiptafræðinga og hagfræðinga,34,"Verkfræðingafélag Íslands, Félag íslenskra náttúrufræðinga, Viska, Kjarafélag viðskiptafræðinga og hagfræðinga",opinber,Sérfélög,2027-01-01,launatafla,3.25,23750,prósenta eða krónutala,148.31,9,,1,1,samningur_1864.txt
nafn:verkfræðingafélag íslands félag íslenskra náttúrufræðinga viska kjarafélag viðskiptafræðinga og hagfræðinga,34,"Verkfræðingafélag Íslands, Félag íslenskra náttúrufræðinga, Viska, Kjarafélag viðskiptafræðinga og hagfræðinga",opinber,Sérfélög,2027-04-01,óskilgreint,3.5,,prósenta,153.5,3,,1,1,Kjarasamningur_VFÍ_KBFÍ_18.12.2024_LOK.txt
nafn:verkfræðingafélag íslands kjaradeildar byggingafræðingafélags íslands stéttarfélag tölvunarfræðinga,34,"Verkfræðingafélag Íslands, Kjaradeildar Byggingafræðingafélags Íslands, Stéttarfélag tölvunarfræðinga",almennur,Sérfélög,2026-01-01,almenn laun,3.5,23750,prósenta eða krónutala,100.0,,grunnur,2,1,samningur_1881.txt
nafn:verkfræðingafélag íslands kjaradeildar byggingafræðingafélags íslands stéttarfélag tölvunarfræðinga,34,"Verkfræðingafélag Íslands, Kjaradeildar Byggingafræðingafélags Íslands, Stéttarfélag tölvunarfræðinga",almennur,Sérfélög,2027-01-01,almenn laun,3.5,23750,prósenta eða krónutala,103.5,12,,1,1,samningur_1881.txt
nafn:verslunarmannafélag reykjavíkur,,Verslunarmannafélag Reykjavíkur,almennur,,1995-02-21,kauptaxtar,,2700,krónutala,100.0,,grunnur,1,0,SKM_C554e23091315460.txt
nafn:verslunarmannafélag reykjavíkur,,Verslunarmannafélag Reykjavíkur,almennur,,2004-04-16,almenn laun,3.25,,prósenta,103.25,110,löng eyða á undan,1,1,SKM_C554e23091216491.txt
nafn:verslunarmannafélag reykjavíkur,,Verslunarmannafélag Reykjavíkur,almennur,,2005-01-01,almenn laun,3.0,,prósenta,106.35,9,,2,1,SKM_C554e23091216491.txt
nafn:verslunarmannafélag reykjavíkur,,Verslunarmannafélag Reykjavíkur,almennur,,2006-01-01,almenn laun,2.5,,prósenta,109.01,12,,2,1,SKM_C554e23091216491.txt
nafn:verslunarmannafélag reykjavíkur,,Verslunarmannafélag Reykjavíkur,almennur,,2007-01-01,kauptaxtar,2.25,,prósenta,111.46,12,,1,1,SKM_C554e23091314490.txt
nafn:verslunarmannafélag reykjavíkur,,Verslunarmannafélag Reykjavíkur,almennur,,2008-01-01,kauptaxtar,2.25,,prósenta,113.97,12,,1,1,SKM_C554e23091314490.txt
nafn:viska,9,Viska,opinber,BHM,2014-03-01,launatafla,2.0,,prósenta,100.0,,grunnur,1,1,samningur_722.txt
nafn:viska,9,Viska,,BHM,2016-06-01,launatafla,6.5,,prósenta,106.5,27,löng eyða á undan,1,1,samningur_645.txt
nafn:viska,9,Viska,,BHM,2017-06-01,launatafla,4.5,,prósenta,111.29,12,,1,1,samningur_645.txt
nafn:viska,9,Viska,,BHM,2018-06-01,launatafla,3.5,,prósenta,115.19,12,,1,1,samningur_645.txt
nafn:viska,9,Viska,opinber,BHM,2019-04-01,almenn laun,,17000,krónutala,115.19,10,krónutöluhækkun - vísitala stendur í stað,3,0,samningur_251.txt
nafn:viska,9,Viska,opinber,BHM,2020-04-01,launatafla,,18000,krónutala,115.19,12,krónutöluhækkun - vísitala stendur í stað,3,0,samningur_251.txt
nafn:viska,9,Viska,opinber,BHM,2020-07-01,óskilgreint,5.0,,prósenta,120.95,3,,1,1,samningur_1025.txt
nafn:viska,9,Viska,opinber,BHM,2021-01-01,launatafla,,15750,krónutala,120.95,6,krónutöluhækkun - vísitala stendur í stað,4,0,samningur_251.txt
nafn:viska,9,Viska,opinber,BHM,2022-01-01,launatafla,,17250,krónutala,120.95,12,krónutöluhækkun - vísitala stendur í stað,2,0,samningur_251.txt
nafn:viska,9,Viska,opinber,BHM,2023-04-01,óskilgreint,5.0,,prósenta,126.99,15,,1,1,samningur_1657.txt
nafn:viska,9,Viska,opinber,BHM,2024-04-01,launatafla,3.25,23750,prósenta eða krónutala,131.12,12,,3,1,samningur_1657.txt
nafn:viska,9,Viska,opinber,BHM,2025-04-01,launatafla,3.5,23750,prósenta eða krónutala,135.71,12,,3,1,samningur_1657.txt
nafn:viska,9,Viska,opinber,BHM,2026-04-01,launatafla,3.5,23750,prósenta eða krónutala,140.46,12,,3,1,samningur_1657.txt
nafn:viska,9,Viska,opinber,BHM,2027-04-01,óskilgreint,3.5,,prósenta,145.38,12,,2,1,Kjarasamningur_Visku_vid_rikid_2024-2028.txt
nafn:viðkomandi verkalýðsfélög,,Viðkomandi verkalýðsfélög,opinber,,1997-04-01,almenn laun,4.7,,prósenta,100.0,,grunnur,1,1,SA_v_Aburdarverksmidju.txt
nafn:viðkomandi verkalýðsfélög,,Viðkomandi verkalýðsfélög,opinber,,1998-01-01,almenn laun,4.0,,prósenta,104.0,9,,1,1,SA_v_Aburdarverksmidju.txt
nafn:viðkomandi verkalýðsfélög,,Viðkomandi verkalýðsfélög,opinber,,1999-01-01,almenn laun,4.0,,prósenta,108.16,12,,1,1,SA_v_Aburdarverksmidju.txt
nafn:vélstjórafélag suðurnesja,,Vélstjórafélag Suðurnesja,almennur,,1987-03-01,kauptaxtar,2.0,,prósenta,100.0,,grunnur,1,1,Sudurnes.txt
nafn:vélstjórafélag suðurnesja,,Vélstjórafélag Suðurnesja,almennur,,1987-06-01,kauptaxtar,1.5,,prósenta,101.5,3,,1,1,Sudurnes.txt
nafn:vélstjórafélag suðurnesja,,Vélstjórafélag Suðurnesja,almennur,,1987-10-01,kauptaxtar,1.5,,prósenta,103.02,4,,1,1,Sudurnes.txt
nafn:vélstjórafélag íslands,,Vélstjórafélag Íslands,opinber,,2002-01-01,launatafla,3.0,,prósenta,100.0,,grunnur,1,1,Orkubu.txt
nafn:vélstjórafélag íslands,,Vélstjórafélag Íslands,opinber,,2003-01-01,launatafla,3.0,,prósenta,103.0,12,,1,1,Orkubu.txt
nafn:vélstjórafélag íslands,,Vélstjórafélag Íslands,opinber,,2004-01-01,launatafla,2.75,,prósenta,105.83,12,,1,1,Orkubu.txt
nafn:þroskaþjálfafélag íslands,2,Þroskaþjálfafélag Íslands,opinber,BHM,2011-06-01,launatafla,4.6,12000,prósenta með krónutölulágmarki,100.0,,grunnur,1,1,samningur_737.txt
nafn:þroskaþjálfafélag íslands,2,Þroskaþjálfafélag Íslands,opinber,BHM,2012-03-01,launatafla,3.5,11000,prósenta með krónutölulágmarki,103.5,9,,1,1,samningur_737.txt
nafn:þroskaþjálfafélag íslands,2,Þroskaþjálfafélag Íslands,opinber,BHM,2013-03-01,launatafla,3.5,11000,prósenta með krónutölulágmarki,107.12,12,,1,1,samningur_737.txt
nafn:þroskaþjálfafélag íslands,2,Þroskaþjálfafélag Íslands,almennur,BHM,2015-03-01,launatafla,6.35,,prósenta,113.92,24,,2,2,samningur_206.txt
nafn:þroskaþjálfafélag íslands,2,Þroskaþjálfafélag Íslands,almennur,BHM,2016-06-01,launatafla,7.5,,prósenta,122.47,15,,1,1,samningur_206.txt
nafn:þroskaþjálfafélag íslands,2,Þroskaþjálfafélag Íslands,opinber,BHM,2019-04-01,almenn laun,,17000,krónutala,122.47,34,krónutöluhækkun - vísitala stendur í stað,4,0,samningur_406.txt
nafn:þroskaþjálfafélag íslands,2,Þroskaþjálfafélag Íslands,opinber,BHM,2020-01-01,óskilgreint,0.55,,prósenta,123.14,9,,1,1,samningur_301.txt
nafn:þroskaþjálfafélag íslands,2,Þroskaþjálfafélag Íslands,opinber,BHM,2020-04-01,launatafla,,24000,krónutala,123.14,3,krónutöluhækkun - vísitala stendur í stað,4,0,samningur_406.txt
nafn:þroskaþjálfafélag íslands,2,Þroskaþjálfafélag Íslands,opinber,BHM,2020-07-01,óskilgreint,0.75,,prósenta,124.07,3,,3,1,samningur_1017.txt
nafn:þroskaþjálfafélag íslands,2,Þroskaþjálfafélag Íslands,opinber,BHM,2021-01-01,launatafla,,24000,krónutala,124.07,6,krónutöluhækkun - vísitala stendur í stað,8,0,samningur_406.txt
nafn:þroskaþjálfafélag íslands,2,Þroskaþjálfafélag Íslands,opinber,BHM,2022-01-01,launatafla,,17250,krónutala,124.07,12,krónutöluhækkun - vísitala stendur í stað,1,0,samningur_406.txt
nafn:þroskaþjálfafélag íslands,2,Þroskaþjálfafélag Íslands,opinber,BHM,2023-03-31,almenn laun,0.85,,prósenta,125.12,14,,1,1,samningur_301.txt
nafn:þroskaþjálfafélag íslands,2,Þroskaþjálfafélag Íslands,opinber,BHM,2023-04-01,óskilgreint,5.0,,prósenta,131.38,1,,3,1,Kjarasamningur_SNS_ÞÍ_2024-2028 LOK.txt
nafn:þroskaþjálfafélag íslands,2,Þroskaþjálfafélag Íslands,opinber,BHM,2024-04-01,launatafla,3.25,23750,prósenta eða krónutala,135.65,12,,7,1,samningur_1473.txt
nafn:þroskaþjálfafélag íslands,2,Þroskaþjálfafélag Íslands,opinber,BHM,2024-10-31,launatafla,15.0,,prósenta,155.99,6,,1,1,Kjarasamningur_SNS_ÞÍ_2024-2028 LOK.txt
nafn:þroskaþjálfafélag íslands,2,Þroskaþjálfafélag Íslands,opinber,BHM,2025-04-01,almenn laun,3.5,23750,prósenta eða krónutala,161.45,6,,7,1,samningur_1473.txt
nafn:þroskaþjálfafélag íslands,2,Þroskaþjálfafélag Íslands,opinber,BHM,2026-04-01,almenn laun,3.5,23750,prósenta eða krónutala,167.1,12,,7,1,samningur_1473.txt
nafn:þroskaþjálfafélag íslands,2,Þroskaþjálfafélag Íslands,opinber,BHM,2027-04-01,almenn laun,3.5,23750,prósenta eða krónutala,172.95,12,,5,1,samningur_1375.txt
