Mánuður,Vísitala,Launþegahópur,Eining,gildi
2015M01,Launavísitala,Alls,Vísitölugildi,74.3
2015M01,Launavísitala,Starfsmenn á almennum vinnumarkaði,Vísitölugildi,74.3
2015M01,Launavísitala,Opinberir starfsmenn - alls,Vísitölugildi,73.8
2015M01,Launavísitala,Opinberir starfsmenn - ríkisstarfsmenn,Vísitölugildi,73.3
2015M01,Launavísitala,Opinberir starfsmenn - starfsmenn sveitarfélaga,Vísitölugildi,74.5
2015M01,Vísitala grunnlauna,Alls,Vísitölugildi,75
2015M01,Vísitala grunnlauna,Starfsmenn á almennum vinnumarkaði,Vísitölugildi,74.8
2015M01,Vísitala grunnlauna,Opinberir starfsmenn - alls,Vísitölugildi,76
2015M01,Vísitala grunnlauna,Opinberir starfsmenn - ríkisstarfsmenn,Vísitölugildi,74.7
2015M01,Vísitala grunnlauna,Opinberir starfsmenn - starfsmenn sveitarfélaga,Vísitölugildi,77.6
2015M02,Launavísitala,Alls,Vísitölugildi,74.7
2015M02,Launavísitala,Alls,"Mánaðarbreyting, %",0.5
2015M02,Launavísitala,Starfsmenn á almennum vinnumarkaði,Vísitölugildi,74.6
2015M02,Launavísitala,Starfsmenn á almennum vinnumarkaði,"Mánaðarbreyting, %",0.5
2015M02,Launavísitala,Opinberir starfsmenn - alls,Vísitölugildi,74
2015M02,Launavísitala,Opinberir starfsmenn - alls,"Mánaðarbreyting, %",0.2
2015M02,Launavísitala,Opinberir starfsmenn - ríkisstarfsmenn,Vísitölugildi,73.5
2015M02,Launavísitala,Opinberir starfsmenn - ríkisstarfsmenn,"Mánaðarbreyting, %",0.3
2015M02,Launavísitala,Opinberir starfsmenn - starfsmenn sveitarfélaga,Vísitölugildi,74.7
2015M02,Launavísitala,Opinberir starfsmenn - starfsmenn sveitarfélaga,"Mánaðarbreyting, %",0.2
2015M02,Vísitala grunnlauna,Alls,Vísitölugildi,75.3
2015M02,Vísitala grunnlauna,Alls,"Mánaðarbreyting, %",0.4
2015M02,Vísitala grunnlauna,Starfsmenn á almennum vinnumarkaði,Vísitölugildi,75
2015M02,Vísitala grunnlauna,Starfsmenn á almennum vinnumarkaði,"Mánaðarbreyting, %",0.3
2015M02,Vísitala grunnlauna,Opinberir starfsmenn - alls,Vísitölugildi,76.4
2015M02,Vísitala grunnlauna,Opinberir starfsmenn - alls,"Mánaðarbreyting, %",0.6
2015M02,Vísitala grunnlauna,Opinberir starfsmenn - ríkisstarfsmenn,Vísitölugildi,75.4
2015M02,Vísitala grunnlauna,Opinberir starfsmenn - ríkisstarfsmenn,"Mánaðarbreyting, %",1
2015M02,Vísitala grunnlauna,Opinberir starfsmenn - starfsmenn sveitarfélaga,Vísitölugildi,77.7
2015M02,Vísitala grunnlauna,Opinberir starfsmenn - starfsmenn sveitarfélaga,"Mánaðarbreyting, %",0.1
2015M03,Launavísitala,Alls,Vísitölugildi,74.9
2015M03,Launavísitala,Alls,"Mánaðarbreyting, %",0.3
2015M03,Launavísitala,Starfsmenn á almennum vinnumarkaði,Vísitölugildi,74.9
2015M03,Launavísitala,Starfsmenn á almennum vinnumarkaði,"Mánaðarbreyting, %",0.3
2015M03,Launavísitala,Opinberir starfsmenn - alls,Vísitölugildi,74.1
2015M03,Launavísitala,Opinberir starfsmenn - alls,"Mánaðarbreyting, %",0.2
2015M03,Launavísitala,Opinberir starfsmenn - ríkisstarfsmenn,Vísitölugildi,73.6
2015M03,Launavísitala,Opinberir starfsmenn - ríkisstarfsmenn,"Mánaðarbreyting, %",0.1
2015M03,Launavísitala,Opinberir starfsmenn - starfsmenn sveitarfélaga,Vísitölugildi,74.8
2015M03,Launavísitala,Opinberir starfsmenn - starfsmenn sveitarfélaga,"Mánaðarbreyting, %",0.2
2015M03,Vísitala grunnlauna,Alls,Vísitölugildi,75.5
2015M03,Vísitala grunnlauna,Alls,"Mánaðarbreyting, %",0.2
2015M03,Vísitala grunnlauna,Starfsmenn á almennum vinnumarkaði,Vísitölugildi,75.2
2015M03,Vísitala grunnlauna,Starfsmenn á almennum vinnumarkaði,"Mánaðarbreyting, %",0.3
2015M03,Vísitala grunnlauna,Opinberir starfsmenn - alls,Vísitölugildi,76.5
2015M03,Vísitala grunnlauna,Opinberir starfsmenn - alls,"Mánaðarbreyting, %",0
2015M03,Vísitala grunnlauna,Opinberir starfsmenn - ríkisstarfsmenn,Vísitölugildi,75.5
2015M03,Vísitala grunnlauna,Opinberir starfsmenn - ríkisstarfsmenn,"Mánaðarbreyting, %",0.1
2015M03,Vísitala grunnlauna,Opinberir starfsmenn - starfsmenn sveitarfélaga,Vísitölugildi,77.7
2015M03,Vísitala grunnlauna,Opinberir starfsmenn - starfsmenn sveitarfélaga,"Mánaðarbreyting, %",0
2015M04,Launavísitala,Alls,Vísitölugildi,75
2015M04,Launavísitala,Alls,"Mánaðarbreyting, %",0.2
2015M04,Launavísitala,Starfsmenn á almennum vinnumarkaði,Vísitölugildi,75.1
2015M04,Launavísitala,Starfsmenn á almennum vinnumarkaði,"Mánaðarbreyting, %",0.3
2015M04,Launavísitala,Opinberir starfsmenn - alls,Vísitölugildi,74.2
2015M04,Launavísitala,Opinberir starfsmenn - alls,"Mánaðarbreyting, %",0.1
2015M04,Launavísitala,Opinberir starfsmenn - ríkisstarfsmenn,Vísitölugildi,73.6
2015M04,Launavísitala,Opinberir starfsmenn - ríkisstarfsmenn,"Mánaðarbreyting, %",0.1
2015M04,Launavísitala,Opinberir starfsmenn - starfsmenn sveitarfélaga,Vísitölugildi,74.9
2015M04,Launavísitala,Opinberir starfsmenn - starfsmenn sveitarfélaga,"Mánaðarbreyting, %",0.1
2015M04,Vísitala grunnlauna,Alls,Vísitölugildi,75.7
2015M04,Vísitala grunnlauna,Alls,"Mánaðarbreyting, %",0.3
2015M04,Vísitala grunnlauna,Starfsmenn á almennum vinnumarkaði,Vísitölugildi,75.5
2015M04,Vísitala grunnlauna,Starfsmenn á almennum vinnumarkaði,"Mánaðarbreyting, %",0.4
2015M04,Vísitala grunnlauna,Opinberir starfsmenn - alls,Vísitölugildi,76.5
2015M04,Vísitala grunnlauna,Opinberir starfsmenn - alls,"Mánaðarbreyting, %",0.1
2015M04,Vísitala grunnlauna,Opinberir starfsmenn - ríkisstarfsmenn,Vísitölugildi,75.6
2015M04,Vísitala grunnlauna,Opinberir starfsmenn - ríkisstarfsmenn,"Mánaðarbreyting, %",0.1
2015M04,Vísitala grunnlauna,Opinberir starfsmenn - starfsmenn sveitarfélaga,Vísitölugildi,77.7
2015M04,Vísitala grunnlauna,Opinberir starfsmenn - starfsmenn sveitarfélaga,"Mánaðarbreyting, %",0.1
2015M05,Launavísitala,Alls,Vísitölugildi,75.4
2015M05,Launavísitala,Alls,"Mánaðarbreyting, %",0.5
2015M05,Launavísitala,Starfsmenn á almennum vinnumarkaði,Vísitölugildi,75.4
2015M05,Launavísitala,Starfsmenn á almennum vinnumarkaði,"Mánaðarbreyting, %",0.4
2015M05,Launavísitala,Opinberir starfsmenn - alls,Vísitölugildi,74.9
2015M05,Launavísitala,Opinberir starfsmenn - alls,"Mánaðarbreyting, %",1
2015M05,Launavísitala,Opinberir starfsmenn - ríkisstarfsmenn,Vísitölugildi,73.8
2015M05,Launavísitala,Opinberir starfsmenn - ríkisstarfsmenn,"Mánaðarbreyting, %",0.2
2015M05,Launavísitala,Opinberir starfsmenn - starfsmenn sveitarfélaga,Vísitölugildi,76.4
2015M05,Launavísitala,Opinberir starfsmenn - starfsmenn sveitarfélaga,"Mánaðarbreyting, %",2
2015M05,Vísitala grunnlauna,Alls,Vísitölugildi,75.8
2015M05,Vísitala grunnlauna,Alls,"Mánaðarbreyting, %",0.2
2015M05,Vísitala grunnlauna,Starfsmenn á almennum vinnumarkaði,Vísitölugildi,75.7
2015M05,Vísitala grunnlauna,Starfsmenn á almennum vinnumarkaði,"Mánaðarbreyting, %",0.3
2015M05,Vísitala grunnlauna,Opinberir starfsmenn - alls,Vísitölugildi,76.6
2015M05,Vísitala grunnlauna,Opinberir starfsmenn - alls,"Mánaðarbreyting, %",0.1
2015M05,Vísitala grunnlauna,Opinberir starfsmenn - ríkisstarfsmenn,Vísitölugildi,75.6
2015M05,Vísitala grunnlauna,Opinberir starfsmenn - ríkisstarfsmenn,"Mánaðarbreyting, %",0.1
2015M05,Vísitala grunnlauna,Opinberir starfsmenn - starfsmenn sveitarfélaga,Vísitölugildi,77.7
2015M05,Vísitala grunnlauna,Opinberir starfsmenn - starfsmenn sveitarfélaga,"Mánaðarbreyting, %",0
2015M06,Launavísitala,Alls,Vísitölugildi,77.1
2015M06,Launavísitala,Alls,"Mánaðarbreyting, %",2.3
2015M06,Launavísitala,Starfsmenn á almennum vinnumarkaði,Vísitölugildi,77.5
2015M06,Launavísitala,Starfsmenn á almennum vinnumarkaði,"Mánaðarbreyting, %",2.8
2015M06,Launavísitala,Opinberir starfsmenn - alls,Vísitölugildi,75.4
2015M06,Launavísitala,Opinberir starfsmenn - alls,"Mánaðarbreyting, %",0.6
2015M06,Launavísitala,Opinberir starfsmenn - ríkisstarfsmenn,Vísitölugildi,74.6
2015M06,Launavísitala,Opinberir starfsmenn - ríkisstarfsmenn,"Mánaðarbreyting, %",1.1
2015M06,Launavísitala,Opinberir starfsmenn - starfsmenn sveitarfélaga,Vísitölugildi,76.4
2015M06,Launavísitala,Opinberir starfsmenn - starfsmenn sveitarfélaga,"Mánaðarbreyting, %",0.1
2015M06,Vísitala grunnlauna,Alls,Vísitölugildi,77.5
2015M06,Vísitala grunnlauna,Alls,"Mánaðarbreyting, %",2.2
2015M06,Vísitala grunnlauna,Starfsmenn á almennum vinnumarkaði,Vísitölugildi,77.9
2015M06,Vísitala grunnlauna,Starfsmenn á almennum vinnumarkaði,"Mánaðarbreyting, %",2.9
2015M06,Vísitala grunnlauna,Opinberir starfsmenn - alls,Vísitölugildi,76.8
2015M06,Vísitala grunnlauna,Opinberir starfsmenn - alls,"Mánaðarbreyting, %",0.3
2015M06,Vísitala grunnlauna,Opinberir starfsmenn - ríkisstarfsmenn,Vísitölugildi,76
2015M06,Vísitala grunnlauna,Opinberir starfsmenn - ríkisstarfsmenn,"Mánaðarbreyting, %",0.5
2015M06,Vísitala grunnlauna,Opinberir starfsmenn - starfsmenn sveitarfélaga,Vísitölugildi,77.8
2015M06,Vísitala grunnlauna,Opinberir starfsmenn - starfsmenn sveitarfélaga,"Mánaðarbreyting, %",0.1
2015M07,Launavísitala,Alls,Vísitölugildi,78
2015M07,Launavísitala,Alls,"Mánaðarbreyting, %",1.1
2015M07,Launavísitala,Starfsmenn á almennum vinnumarkaði,Vísitölugildi,78.6
2015M07,Launavísitala,Starfsmenn á almennum vinnumarkaði,"Mánaðarbreyting, %",1.4
2015M07,Launavísitala,Opinberir starfsmenn - alls,Vísitölugildi,75.9
2015M07,Launavísitala,Opinberir starfsmenn - alls,"Mánaðarbreyting, %",0.6
2015M07,Launavísitala,Opinberir starfsmenn - ríkisstarfsmenn,Vísitölugildi,75.1
2015M07,Launavísitala,Opinberir starfsmenn - ríkisstarfsmenn,"Mánaðarbreyting, %",0.7
2015M07,Launavísitala,Opinberir starfsmenn - starfsmenn sveitarfélaga,Vísitölugildi,76.8
2015M07,Launavísitala,Opinberir starfsmenn - starfsmenn sveitarfélaga,"Mánaðarbreyting, %",0.5
2015M07,Vísitala grunnlauna,Alls,Vísitölugildi,78.4
2015M07,Vísitala grunnlauna,Alls,"Mánaðarbreyting, %",1.1
2015M07,Vísitala grunnlauna,Starfsmenn á almennum vinnumarkaði,Vísitölugildi,78.9
2015M07,Vísitala grunnlauna,Starfsmenn á almennum vinnumarkaði,"Mánaðarbreyting, %",1.3
2015M07,Vísitala grunnlauna,Opinberir starfsmenn - alls,Vísitölugildi,77.1
2015M07,Vísitala grunnlauna,Opinberir starfsmenn - alls,"Mánaðarbreyting, %",0.3
2015M07,Vísitala grunnlauna,Opinberir starfsmenn - ríkisstarfsmenn,Vísitölugildi,76.1
2015M07,Vísitala grunnlauna,Opinberir starfsmenn - ríkisstarfsmenn,"Mánaðarbreyting, %",0.2
2015M07,Vísitala grunnlauna,Opinberir starfsmenn - starfsmenn sveitarfélaga,Vísitölugildi,78.2
2015M07,Vísitala grunnlauna,Opinberir starfsmenn - starfsmenn sveitarfélaga,"Mánaðarbreyting, %",0.6
2015M08,Launavísitala,Alls,Vísitölugildi,78.2
2015M08,Launavísitala,Alls,"Mánaðarbreyting, %",0.3
2015M08,Launavísitala,Starfsmenn á almennum vinnumarkaði,Vísitölugildi,78.7
2015M08,Launavísitala,Starfsmenn á almennum vinnumarkaði,"Mánaðarbreyting, %",0.1
2015M08,Launavísitala,Opinberir starfsmenn - alls,Vísitölugildi,77
2015M08,Launavísitala,Opinberir starfsmenn - alls,"Mánaðarbreyting, %",1.5
2015M08,Launavísitala,Opinberir starfsmenn - ríkisstarfsmenn,Vísitölugildi,77
2015M08,Launavísitala,Opinberir starfsmenn - ríkisstarfsmenn,"Mánaðarbreyting, %",2.5
2015M08,Launavísitala,Opinberir starfsmenn - starfsmenn sveitarfélaga,Vísitölugildi,77.1
2015M08,Launavísitala,Opinberir starfsmenn - starfsmenn sveitarfélaga,"Mánaðarbreyting, %",0.3
2015M08,Vísitala grunnlauna,Alls,Vísitölugildi,78.9
2015M08,Vísitala grunnlauna,Alls,"Mánaðarbreyting, %",0.7
2015M08,Vísitala grunnlauna,Starfsmenn á almennum vinnumarkaði,Vísitölugildi,79.2
2015M08,Vísitala grunnlauna,Starfsmenn á almennum vinnumarkaði,"Mánaðarbreyting, %",0.4
2015M08,Vísitala grunnlauna,Opinberir starfsmenn - alls,Vísitölugildi,78.2
2015M08,Vísitala grunnlauna,Opinberir starfsmenn - alls,"Mánaðarbreyting, %",1.4
2015M08,Vísitala grunnlauna,Opinberir starfsmenn - ríkisstarfsmenn,Vísitölugildi,78
2015M08,Vísitala grunnlauna,Opinberir starfsmenn - ríkisstarfsmenn,"Mánaðarbreyting, %",2.4
2015M08,Vísitala grunnlauna,Opinberir starfsmenn - starfsmenn sveitarfélaga,Vísitölugildi,78.4
2015M08,Vísitala grunnlauna,Opinberir starfsmenn - starfsmenn sveitarfélaga,"Mánaðarbreyting, %",0.2
2015M09,Launavísitala,Alls,Vísitölugildi,79.2
2015M09,Launavísitala,Alls,"Mánaðarbreyting, %",1.2
2015M09,Launavísitala,Starfsmenn á almennum vinnumarkaði,Vísitölugildi,79.6
2015M09,Launavísitala,Starfsmenn á almennum vinnumarkaði,"Mánaðarbreyting, %",1.2
2015M09,Launavísitala,Opinberir starfsmenn - alls,Vísitölugildi,77.6
2015M09,Launavísitala,Opinberir starfsmenn - alls,"Mánaðarbreyting, %",0.9
2015M09,Launavísitala,Opinberir starfsmenn - ríkisstarfsmenn,Vísitölugildi,77.9
2015M09,Launavísitala,Opinberir starfsmenn - ríkisstarfsmenn,"Mánaðarbreyting, %",1.3
2015M09,Launavísitala,Opinberir starfsmenn - starfsmenn sveitarfélaga,Vísitölugildi,77.4
2015M09,Launavísitala,Opinberir starfsmenn - starfsmenn sveitarfélaga,"Mánaðarbreyting, %",0.4
2015M09,Vísitala grunnlauna,Alls,Vísitölugildi,79.3
2015M09,Vísitala grunnlauna,Alls,"Mánaðarbreyting, %",0.5
2015M09,Vísitala grunnlauna,Starfsmenn á almennum vinnumarkaði,Vísitölugildi,79.6
2015M09,Vísitala grunnlauna,Starfsmenn á almennum vinnumarkaði,"Mánaðarbreyting, %",0.5
2015M09,Vísitala grunnlauna,Opinberir starfsmenn - alls,Vísitölugildi,78.7
2015M09,Vísitala grunnlauna,Opinberir starfsmenn - alls,"Mánaðarbreyting, %",0.7
2015M09,Vísitala grunnlauna,Opinberir starfsmenn - ríkisstarfsmenn,Vísitölugildi,78.8
2015M09,Vísitala grunnlauna,Opinberir starfsmenn - ríkisstarfsmenn,"Mánaðarbreyting, %",1.1
2015M09,Vísitala grunnlauna,Opinberir starfsmenn - starfsmenn sveitarfélaga,Vísitölugildi,78.7
2015M09,Vísitala grunnlauna,Opinberir starfsmenn - starfsmenn sveitarfélaga,"Mánaðarbreyting, %",0.3
2015M10,Launavísitala,Alls,Vísitölugildi,79.5
2015M10,Launavísitala,Alls,"Mánaðarbreyting, %",0.3
2015M10,Launavísitala,Starfsmenn á almennum vinnumarkaði,Vísitölugildi,80.1
2015M10,Launavísitala,Starfsmenn á almennum vinnumarkaði,"Mánaðarbreyting, %",0.6
2015M10,Launavísitala,Opinberir starfsmenn - alls,Vísitölugildi,77.7
2015M10,Launavísitala,Opinberir starfsmenn - alls,"Mánaðarbreyting, %",0.1
2015M10,Launavísitala,Opinberir starfsmenn - ríkisstarfsmenn,Vísitölugildi,77.9
2015M10,Launavísitala,Opinberir starfsmenn - ríkisstarfsmenn,"Mánaðarbreyting, %",0
2015M10,Launavísitala,Opinberir starfsmenn - starfsmenn sveitarfélaga,Vísitölugildi,77.6
2015M10,Launavísitala,Opinberir starfsmenn - starfsmenn sveitarfélaga,"Mánaðarbreyting, %",0.2
2015M10,Vísitala grunnlauna,Alls,Vísitölugildi,79.7
2015M10,Vísitala grunnlauna,Alls,"Mánaðarbreyting, %",0.5
2015M10,Vísitala grunnlauna,Starfsmenn á almennum vinnumarkaði,Vísitölugildi,80.1
2015M10,Vísitala grunnlauna,Starfsmenn á almennum vinnumarkaði,"Mánaðarbreyting, %",0.6
2015M10,Vísitala grunnlauna,Opinberir starfsmenn - alls,Vísitölugildi,78.7
2015M10,Vísitala grunnlauna,Opinberir starfsmenn - alls,"Mánaðarbreyting, %",-0.1
2015M10,Vísitala grunnlauna,Opinberir starfsmenn - ríkisstarfsmenn,Vísitölugildi,78.7
2015M10,Vísitala grunnlauna,Opinberir starfsmenn - ríkisstarfsmenn,"Mánaðarbreyting, %",-0.1
2015M10,Vísitala grunnlauna,Opinberir starfsmenn - starfsmenn sveitarfélaga,Vísitölugildi,78.7
2015M10,Vísitala grunnlauna,Opinberir starfsmenn - starfsmenn sveitarfélaga,"Mánaðarbreyting, %",0
2015M11,Launavísitala,Alls,Vísitölugildi,80.2
2015M11,Launavísitala,Alls,"Mánaðarbreyting, %",0.9
2015M11,Launavísitala,Starfsmenn á almennum vinnumarkaði,Vísitölugildi,80.5
2015M11,Launavísitala,Starfsmenn á almennum vinnumarkaði,"Mánaðarbreyting, %",0.5
2015M11,Launavísitala,Opinberir starfsmenn - alls,Vísitölugildi,79.2
2015M11,Launavísitala,Opinberir starfsmenn - alls,"Mánaðarbreyting, %",1.9
2015M11,Launavísitala,Opinberir starfsmenn - ríkisstarfsmenn,Vísitölugildi,80.4
2015M11,Launavísitala,Opinberir starfsmenn - ríkisstarfsmenn,"Mánaðarbreyting, %",3.2
2015M11,Launavísitala,Opinberir starfsmenn - starfsmenn sveitarfélaga,Vísitölugildi,77.8
2015M11,Launavísitala,Opinberir starfsmenn - starfsmenn sveitarfélaga,"Mánaðarbreyting, %",0.4
2015M11,Vísitala grunnlauna,Alls,Vísitölugildi,80.2
2015M11,Vísitala grunnlauna,Alls,"Mánaðarbreyting, %",0.7
2015M11,Vísitala grunnlauna,Starfsmenn á almennum vinnumarkaði,Vísitölugildi,80.4
2015M11,Vísitala grunnlauna,Starfsmenn á almennum vinnumarkaði,"Mánaðarbreyting, %",0.4
2015M11,Vísitala grunnlauna,Opinberir starfsmenn - alls,Vísitölugildi,79.8
2015M11,Vísitala grunnlauna,Opinberir starfsmenn - alls,"Mánaðarbreyting, %",1.3
2015M11,Vísitala grunnlauna,Opinberir starfsmenn - ríkisstarfsmenn,Vísitölugildi,80.6
2015M11,Vísitala grunnlauna,Opinberir starfsmenn - ríkisstarfsmenn,"Mánaðarbreyting, %",2.4
2015M11,Vísitala grunnlauna,Opinberir starfsmenn - starfsmenn sveitarfélaga,Vísitölugildi,78.8
2015M11,Vísitala grunnlauna,Opinberir starfsmenn - starfsmenn sveitarfélaga,"Mánaðarbreyting, %",0.1
2015M12,Launavísitala,Alls,Vísitölugildi,80.9
2015M12,Launavísitala,Alls,"Mánaðarbreyting, %",0.9
2015M12,Launavísitala,Starfsmenn á almennum vinnumarkaði,Vísitölugildi,80.6
2015M12,Launavísitala,Starfsmenn á almennum vinnumarkaði,"Mánaðarbreyting, %",0.2
2015M12,Launavísitala,Opinberir starfsmenn - alls,Vísitölugildi,81.6
2015M12,Launavísitala,Opinberir starfsmenn - alls,"Mánaðarbreyting, %",3
2015M12,Launavísitala,Opinberir starfsmenn - ríkisstarfsmenn,Vísitölugildi,81.2
2015M12,Launavísitala,Opinberir starfsmenn - ríkisstarfsmenn,"Mánaðarbreyting, %",0.9
2015M12,Launavísitala,Opinberir starfsmenn - starfsmenn sveitarfélaga,Vísitölugildi,82.1
2015M12,Launavísitala,Opinberir starfsmenn - starfsmenn sveitarfélaga,"Mánaðarbreyting, %",5.4
2015M12,Vísitala grunnlauna,Alls,Vísitölugildi,81
2015M12,Vísitala grunnlauna,Alls,"Mánaðarbreyting, %",1
2015M12,Vísitala grunnlauna,Starfsmenn á almennum vinnumarkaði,Vísitölugildi,80.7
2015M12,Vísitala grunnlauna,Starfsmenn á almennum vinnumarkaði,"Mánaðarbreyting, %",0.3
2015M12,Vísitala grunnlauna,Opinberir starfsmenn - alls,Vísitölugildi,81.9
2015M12,Vísitala grunnlauna,Opinberir starfsmenn - alls,"Mánaðarbreyting, %",2.7
2015M12,Vísitala grunnlauna,Opinberir starfsmenn - ríkisstarfsmenn,Vísitölugildi,81.9
2015M12,Vísitala grunnlauna,Opinberir starfsmenn - ríkisstarfsmenn,"Mánaðarbreyting, %",1.6
2015M12,Vísitala grunnlauna,Opinberir starfsmenn - starfsmenn sveitarfélaga,Vísitölugildi,82
2015M12,Vísitala grunnlauna,Opinberir starfsmenn - starfsmenn sveitarfélaga,"Mánaðarbreyting, %",4
2016M01,Launavísitala,Alls,Vísitölugildi,81.3
2016M01,Launavísitala,Alls,"Mánaðarbreyting, %",0.4
2016M01,Launavísitala,Alls,"Ársbreyting, %",9.4
2016M01,Launavísitala,Starfsmenn á almennum vinnumarkaði,Vísitölugildi,81
2016M01,Launavísitala,Starfsmenn á almennum vinnumarkaði,"Mánaðarbreyting, %",0.5
2016M01,Launavísitala,Starfsmenn á almennum vinnumarkaði,"Ársbreyting, %",9
2016M01,Launavísitala,Opinberir starfsmenn - alls,Vísitölugildi,82
2016M01,Launavísitala,Opinberir starfsmenn - alls,"Mánaðarbreyting, %",0.5
2016M01,Launavísitala,Opinberir starfsmenn - alls,"Ársbreyting, %",11.1
2016M01,Launavísitala,Opinberir starfsmenn - ríkisstarfsmenn,Vísitölugildi,81.5
2016M01,Launavísitala,Opinberir starfsmenn - ríkisstarfsmenn,"Mánaðarbreyting, %",0.4
2016M01,Launavísitala,Opinberir starfsmenn - ríkisstarfsmenn,"Ársbreyting, %",11.2
2016M01,Launavísitala,Opinberir starfsmenn - starfsmenn sveitarfélaga,Vísitölugildi,82.6
2016M01,Launavísitala,Opinberir starfsmenn - starfsmenn sveitarfélaga,"Mánaðarbreyting, %",0.6
2016M01,Launavísitala,Opinberir starfsmenn - starfsmenn sveitarfélaga,"Ársbreyting, %",10.8
2016M01,Vísitala grunnlauna,Alls,Vísitölugildi,81.4
2016M01,Vísitala grunnlauna,Alls,"Mánaðarbreyting, %",0.5
2016M01,Vísitala grunnlauna,Alls,"Ársbreyting, %",8.5
2016M01,Vísitala grunnlauna,Starfsmenn á almennum vinnumarkaði,Vísitölugildi,81.1
2016M01,Vísitala grunnlauna,Starfsmenn á almennum vinnumarkaði,"Mánaðarbreyting, %",0.4
2016M01,Vísitala grunnlauna,Starfsmenn á almennum vinnumarkaði,"Ársbreyting, %",8.4
2016M01,Vísitala grunnlauna,Opinberir starfsmenn - alls,Vísitölugildi,82.6
2016M01,Vísitala grunnlauna,Opinberir starfsmenn - alls,"Mánaðarbreyting, %",0.8
2016M01,Vísitala grunnlauna,Opinberir starfsmenn - alls,"Ársbreyting, %",8.6
2016M01,Vísitala grunnlauna,Opinberir starfsmenn - ríkisstarfsmenn,Vísitölugildi,82.5
2016M01,Vísitala grunnlauna,Opinberir starfsmenn - ríkisstarfsmenn,"Mánaðarbreyting, %",0.7
2016M01,Vísitala grunnlauna,Opinberir starfsmenn - ríkisstarfsmenn,"Ársbreyting, %",10.4
2016M01,Vísitala grunnlauna,Opinberir starfsmenn - starfsmenn sveitarfélaga,Vísitölugildi,82.7
2016M01,Vísitala grunnlauna,Opinberir starfsmenn - starfsmenn sveitarfélaga,"Mánaðarbreyting, %",0.9
2016M01,Vísitala grunnlauna,Opinberir starfsmenn - starfsmenn sveitarfélaga,"Ársbreyting, %",6.5
2016M02,Launavísitala,Alls,Vísitölugildi,84.1
2016M02,Launavísitala,Alls,"Mánaðarbreyting, %",3.5
2016M02,Launavísitala,Alls,"Ársbreyting, %",12.6
2016M02,Launavísitala,Starfsmenn á almennum vinnumarkaði,Vísitölugildi,84
2016M02,Launavísitala,Starfsmenn á almennum vinnumarkaði,"Mánaðarbreyting, %",3.8
2016M02,Launavísitala,Starfsmenn á almennum vinnumarkaði,"Ársbreyting, %",12.6
2016M02,Launavísitala,Opinberir starfsmenn - alls,Vísitölugildi,82.7
2016M02,Launavísitala,Opinberir starfsmenn - alls,"Mánaðarbreyting, %",0.8
2016M02,Launavísitala,Opinberir starfsmenn - alls,"Ársbreyting, %",11.7
2016M02,Launavísitala,Opinberir starfsmenn - ríkisstarfsmenn,Vísitölugildi,82.5
2016M02,Launavísitala,Opinberir starfsmenn - ríkisstarfsmenn,"Mánaðarbreyting, %",1.2
2016M02,Launavísitala,Opinberir starfsmenn - ríkisstarfsmenn,"Ársbreyting, %",12.2
2016M02,Launavísitala,Opinberir starfsmenn - starfsmenn sveitarfélaga,Vísitölugildi,82.9
2016M02,Launavísitala,Opinberir starfsmenn - starfsmenn sveitarfélaga,"Mánaðarbreyting, %",0.4
2016M02,Launavísitala,Opinberir starfsmenn - starfsmenn sveitarfélaga,"Ársbreyting, %",11
2016M02,Vísitala grunnlauna,Alls,Vísitölugildi,83.7
2016M02,Vísitala grunnlauna,Alls,"Mánaðarbreyting, %",2.9
2016M02,Vísitala grunnlauna,Alls,"Ársbreyting, %",11.2
2016M02,Vísitala grunnlauna,Starfsmenn á almennum vinnumarkaði,Vísitölugildi,84.1
2016M02,Vísitala grunnlauna,Starfsmenn á almennum vinnumarkaði,"Mánaðarbreyting, %",3.8
2016M02,Vísitala grunnlauna,Starfsmenn á almennum vinnumarkaði,"Ársbreyting, %",12.1
2016M02,Vísitala grunnlauna,Opinberir starfsmenn - alls,Vísitölugildi,82.9
2016M02,Vísitala grunnlauna,Opinberir starfsmenn - alls,"Mánaðarbreyting, %",0.4
2016M02,Vísitala grunnlauna,Opinberir starfsmenn - alls,"Ársbreyting, %",8.5
2016M02,Vísitala grunnlauna,Opinberir starfsmenn - ríkisstarfsmenn,Vísitölugildi,82.8
2016M02,Vísitala grunnlauna,Opinberir starfsmenn - ríkisstarfsmenn,"Mánaðarbreyting, %",0.4
2016M02,Vísitala grunnlauna,Opinberir starfsmenn - ríkisstarfsmenn,"Ársbreyting, %",9.8
2016M02,Vísitala grunnlauna,Opinberir starfsmenn - starfsmenn sveitarfélaga,Vísitölugildi,83.1
2016M02,Vísitala grunnlauna,Opinberir starfsmenn - starfsmenn sveitarfélaga,"Mánaðarbreyting, %",0.4
2016M02,Vísitala grunnlauna,Opinberir starfsmenn - starfsmenn sveitarfélaga,"Ársbreyting, %",6.9
2016M03,Launavísitala,Alls,Vísitölugildi,84.8
2016M03,Launavísitala,Alls,"Mánaðarbreyting, %",0.9
2016M03,Launavísitala,Alls,"Ársbreyting, %",13.3
2016M03,Launavísitala,Starfsmenn á almennum vinnumarkaði,Vísitölugildi,85.3
2016M03,Launavísitala,Starfsmenn á almennum vinnumarkaði,"Mánaðarbreyting, %",1.4
2016M03,Launavísitala,Starfsmenn á almennum vinnumarkaði,"Ársbreyting, %",13.9
2016M03,Launavísitala,Opinberir starfsmenn - alls,Vísitölugildi,82.8
2016M03,Launavísitala,Opinberir starfsmenn - alls,"Mánaðarbreyting, %",0.2
2016M03,Launavísitala,Opinberir starfsmenn - alls,"Ársbreyting, %",11.8
2016M03,Launavísitala,Opinberir starfsmenn - ríkisstarfsmenn,Vísitölugildi,82.7
2016M03,Launavísitala,Opinberir starfsmenn - ríkisstarfsmenn,"Mánaðarbreyting, %",0.3
2016M03,Launavísitala,Opinberir starfsmenn - ríkisstarfsmenn,"Ársbreyting, %",12.4
2016M03,Launavísitala,Opinberir starfsmenn - starfsmenn sveitarfélaga,Vísitölugildi,83
2016M03,Launavísitala,Opinberir starfsmenn - starfsmenn sveitarfélaga,"Mánaðarbreyting, %",0.1
2016M03,Launavísitala,Opinberir starfsmenn - starfsmenn sveitarfélaga,"Ársbreyting, %",11
2016M03,Vísitala grunnlauna,Alls,Vísitölugildi,84.7
2016M03,Vísitala grunnlauna,Alls,"Mánaðarbreyting, %",1.2
2016M03,Vísitala grunnlauna,Alls,"Ársbreyting, %",12.3
2016M03,Vísitala grunnlauna,Starfsmenn á almennum vinnumarkaði,Vísitölugildi,85.4
2016M03,Vísitala grunnlauna,Starfsmenn á almennum vinnumarkaði,"Mánaðarbreyting, %",1.5
2016M03,Vísitala grunnlauna,Starfsmenn á almennum vinnumarkaði,"Ársbreyting, %",13.6
2016M03,Vísitala grunnlauna,Opinberir starfsmenn - alls,Vísitölugildi,83.1
2016M03,Vísitala grunnlauna,Opinberir starfsmenn - alls,"Mánaðarbreyting, %",0.2
2016M03,Vísitala grunnlauna,Opinberir starfsmenn - alls,"Ársbreyting, %",8.6
2016M03,Vísitala grunnlauna,Opinberir starfsmenn - ríkisstarfsmenn,Vísitölugildi,83
2016M03,Vísitala grunnlauna,Opinberir starfsmenn - ríkisstarfsmenn,"Mánaðarbreyting, %",0.3
2016M03,Vísitala grunnlauna,Opinberir starfsmenn - ríkisstarfsmenn,"Ársbreyting, %",9.9
2016M03,Vísitala grunnlauna,Opinberir starfsmenn - starfsmenn sveitarfélaga,Vísitölugildi,83.2
2016M03,Vísitala grunnlauna,Opinberir starfsmenn - starfsmenn sveitarfélaga,"Mánaðarbreyting, %",0.1
2016M03,Vísitala grunnlauna,Opinberir starfsmenn - starfsmenn sveitarfélaga,"Ársbreyting, %",7.1
2016M04,Launavísitala,Alls,Vísitölugildi,85
2016M04,Launavísitala,Alls,"Mánaðarbreyting, %",0.3
2016M04,Launavísitala,Alls,"Ársbreyting, %",13.4
2016M04,Launavísitala,Starfsmenn á almennum vinnumarkaði,Vísitölugildi,85.9
2016M04,Launavísitala,Starfsmenn á almennum vinnumarkaði,"Mánaðarbreyting, %",0.8
2016M04,Launavísitala,Starfsmenn á almennum vinnumarkaði,"Ársbreyting, %",14.4
2016M04,Launavísitala,Opinberir starfsmenn - alls,Vísitölugildi,83.1
2016M04,Launavísitala,Opinberir starfsmenn - alls,"Mánaðarbreyting, %",0.4
2016M04,Launavísitala,Opinberir starfsmenn - alls,"Ársbreyting, %",12.1
2016M04,Launavísitala,Opinberir starfsmenn - ríkisstarfsmenn,Vísitölugildi,82.9
2016M04,Launavísitala,Opinberir starfsmenn - ríkisstarfsmenn,"Mánaðarbreyting, %",0.2
2016M04,Launavísitala,Opinberir starfsmenn - ríkisstarfsmenn,"Ársbreyting, %",12.5
2016M04,Launavísitala,Opinberir starfsmenn - starfsmenn sveitarfélaga,Vísitölugildi,83.5
2016M04,Launavísitala,Opinberir starfsmenn - starfsmenn sveitarfélaga,"Mánaðarbreyting, %",0.6
2016M04,Launavísitala,Opinberir starfsmenn - starfsmenn sveitarfélaga,"Ársbreyting, %",11.5
2016M04,Vísitala grunnlauna,Alls,Vísitölugildi,85.3
2016M04,Vísitala grunnlauna,Alls,"Mánaðarbreyting, %",0.7
2016M04,Vísitala grunnlauna,Alls,"Ársbreyting, %",12.8
2016M04,Vísitala grunnlauna,Starfsmenn á almennum vinnumarkaði,Vísitölugildi,86.1
2016M04,Vísitala grunnlauna,Starfsmenn á almennum vinnumarkaði,"Mánaðarbreyting, %",0.8
2016M04,Vísitala grunnlauna,Starfsmenn á almennum vinnumarkaði,"Ársbreyting, %",14
2016M04,Vísitala grunnlauna,Opinberir starfsmenn - alls,Vísitölugildi,83.5
2016M04,Vísitala grunnlauna,Opinberir starfsmenn - alls,"Mánaðarbreyting, %",0.5
2016M04,Vísitala grunnlauna,Opinberir starfsmenn - alls,"Ársbreyting, %",9.1
2016M04,Vísitala grunnlauna,Opinberir starfsmenn - ríkisstarfsmenn,Vísitölugildi,83.1
2016M04,Vísitala grunnlauna,Opinberir starfsmenn - ríkisstarfsmenn,"Mánaðarbreyting, %",0.2
2016M04,Vísitala grunnlauna,Opinberir starfsmenn - ríkisstarfsmenn,"Ársbreyting, %",10
2016M04,Vísitala grunnlauna,Opinberir starfsmenn - starfsmenn sveitarfélaga,Vísitölugildi,83.9
2016M04,Vísitala grunnlauna,Opinberir starfsmenn - starfsmenn sveitarfélaga,"Mánaðarbreyting, %",0.9
2016M04,Vísitala grunnlauna,Opinberir starfsmenn - starfsmenn sveitarfélaga,"Ársbreyting, %",7.9
2016M05,Launavísitala,Alls,Vísitölugildi,85.4
2016M05,Launavísitala,Alls,"Mánaðarbreyting, %",0.5
2016M05,Launavísitala,Alls,"Ársbreyting, %",13.3
2016M05,Launavísitala,Starfsmenn á almennum vinnumarkaði,Vísitölugildi,86.3
2016M05,Launavísitala,Starfsmenn á almennum vinnumarkaði,"Mánaðarbreyting, %",0.5
2016M05,Launavísitala,Starfsmenn á almennum vinnumarkaði,"Ársbreyting, %",14.5
2016M05,Launavísitala,Opinberir starfsmenn - alls,Vísitölugildi,83.2
2016M05,Launavísitala,Opinberir starfsmenn - alls,"Mánaðarbreyting, %",0.1
2016M05,Launavísitala,Opinberir starfsmenn - alls,"Ársbreyting, %",11.1
2016M05,Launavísitala,Opinberir starfsmenn - ríkisstarfsmenn,Vísitölugildi,83
2016M05,Launavísitala,Opinberir starfsmenn - ríkisstarfsmenn,"Mánaðarbreyting, %",0.1
2016M05,Launavísitala,Opinberir starfsmenn - ríkisstarfsmenn,"Ársbreyting, %",12.4
2016M05,Launavísitala,Opinberir starfsmenn - starfsmenn sveitarfélaga,Vísitölugildi,83.6
2016M05,Launavísitala,Opinberir starfsmenn - starfsmenn sveitarfélaga,"Mánaðarbreyting, %",0.1
2016M05,Launavísitala,Opinberir starfsmenn - starfsmenn sveitarfélaga,"Ársbreyting, %",9.5
2016M05,Vísitala grunnlauna,Alls,Vísitölugildi,85.7
2016M05,Vísitala grunnlauna,Alls,"Mánaðarbreyting, %",0.4
2016M05,Vísitala grunnlauna,Alls,"Ársbreyting, %",13
2016M05,Vísitala grunnlauna,Starfsmenn á almennum vinnumarkaði,Vísitölugildi,86.5
2016M05,Vísitala grunnlauna,Starfsmenn á almennum vinnumarkaði,"Mánaðarbreyting, %",0.5
2016M05,Vísitala grunnlauna,Starfsmenn á almennum vinnumarkaði,"Ársbreyting, %",14.3
2016M05,Vísitala grunnlauna,Opinberir starfsmenn - alls,Vísitölugildi,83.6
2016M05,Vísitala grunnlauna,Opinberir starfsmenn - alls,"Mánaðarbreyting, %",0.2
2016M05,Vísitala grunnlauna,Opinberir starfsmenn - alls,"Ársbreyting, %",9.2
2016M05,Vísitala grunnlauna,Opinberir starfsmenn - ríkisstarfsmenn,Vísitölugildi,83.3
2016M05,Vísitala grunnlauna,Opinberir starfsmenn - ríkisstarfsmenn,"Mánaðarbreyting, %",0.2
2016M05,Vísitala grunnlauna,Opinberir starfsmenn - ríkisstarfsmenn,"Ársbreyting, %",10.1
2016M05,Vísitala grunnlauna,Opinberir starfsmenn - starfsmenn sveitarfélaga,Vísitölugildi,84.1
2016M05,Vísitala grunnlauna,Opinberir starfsmenn - starfsmenn sveitarfélaga,"Mánaðarbreyting, %",0.2
2016M05,Vísitala grunnlauna,Opinberir starfsmenn - starfsmenn sveitarfélaga,"Ársbreyting, %",8.2
2016M06,Launavísitala,Alls,Vísitölugildi,86.7
2016M06,Launavísitala,Alls,"Mánaðarbreyting, %",1.5
2016M06,Launavísitala,Alls,"Ársbreyting, %",12.5
2016M06,Launavísitala,Starfsmenn á almennum vinnumarkaði,Vísitölugildi,86.6
2016M06,Launavísitala,Starfsmenn á almennum vinnumarkaði,"Mánaðarbreyting, %",0.4
2016M06,Launavísitala,Starfsmenn á almennum vinnumarkaði,"Ársbreyting, %",11.8
2016M06,Launavísitala,Opinberir starfsmenn - alls,Vísitölugildi,87.1
2016M06,Launavísitala,Opinberir starfsmenn - alls,"Mánaðarbreyting, %",4.6
2016M06,Launavísitala,Opinberir starfsmenn - alls,"Ársbreyting, %",15.5
2016M06,Launavísitala,Opinberir starfsmenn - ríkisstarfsmenn,Vísitölugildi,87.3
2016M06,Launavísitala,Opinberir starfsmenn - ríkisstarfsmenn,"Mánaðarbreyting, %",5.2
2016M06,Launavísitala,Opinberir starfsmenn - ríkisstarfsmenn,"Ársbreyting, %",17
2016M06,Launavísitala,Opinberir starfsmenn - starfsmenn sveitarfélaga,Vísitölugildi,86.9
2016M06,Launavísitala,Opinberir starfsmenn - starfsmenn sveitarfélaga,"Mánaðarbreyting, %",3.9
2016M06,Launavísitala,Opinberir starfsmenn - starfsmenn sveitarfélaga,"Ársbreyting, %",13.7
2016M06,Vísitala grunnlauna,Alls,Vísitölugildi,86.9
2016M06,Vísitala grunnlauna,Alls,"Mánaðarbreyting, %",1.4
2016M06,Vísitala grunnlauna,Alls,"Ársbreyting, %",12.1
2016M06,Vísitala grunnlauna,Starfsmenn á almennum vinnumarkaði,Vísitölugildi,86.8
2016M06,Vísitala grunnlauna,Starfsmenn á almennum vinnumarkaði,"Mánaðarbreyting, %",0.4
2016M06,Vísitala grunnlauna,Starfsmenn á almennum vinnumarkaði,"Ársbreyting, %",11.4
2016M06,Vísitala grunnlauna,Opinberir starfsmenn - alls,Vísitölugildi,87.4
2016M06,Vísitala grunnlauna,Opinberir starfsmenn - alls,"Mánaðarbreyting, %",4.5
2016M06,Vísitala grunnlauna,Opinberir starfsmenn - alls,"Ársbreyting, %",13.8
2016M06,Vísitala grunnlauna,Opinberir starfsmenn - ríkisstarfsmenn,Vísitölugildi,87.4
2016M06,Vísitala grunnlauna,Opinberir starfsmenn - ríkisstarfsmenn,"Mánaðarbreyting, %",4.9
2016M06,Vísitala grunnlauna,Opinberir starfsmenn - ríkisstarfsmenn,"Ársbreyting, %",14.9
2016M06,Vísitala grunnlauna,Opinberir starfsmenn - starfsmenn sveitarfélaga,Vísitölugildi,87.5
2016M06,Vísitala grunnlauna,Opinberir starfsmenn - starfsmenn sveitarfélaga,"Mánaðarbreyting, %",4.1
2016M06,Vísitala grunnlauna,Opinberir starfsmenn - starfsmenn sveitarfélaga,"Ársbreyting, %",12.5
2016M07,Launavísitala,Alls,Vísitölugildi,86.8
2016M07,Launavísitala,Alls,"Mánaðarbreyting, %",0.1
2016M07,Launavísitala,Alls,"Ársbreyting, %",11.3
2016M07,Launavísitala,Starfsmenn á almennum vinnumarkaði,Vísitölugildi,86.5
2016M07,Launavísitala,Starfsmenn á almennum vinnumarkaði,"Mánaðarbreyting, %",-0.2
2016M07,Launavísitala,Starfsmenn á almennum vinnumarkaði,"Ársbreyting, %",10
2016M07,Launavísitala,Opinberir starfsmenn - alls,Vísitölugildi,87.4
2016M07,Launavísitala,Opinberir starfsmenn - alls,"Mánaðarbreyting, %",0.3
2016M07,Launavísitala,Opinberir starfsmenn - alls,"Ársbreyting, %",15.2
2016M07,Launavísitala,Opinberir starfsmenn - ríkisstarfsmenn,Vísitölugildi,87.7
2016M07,Launavísitala,Opinberir starfsmenn - ríkisstarfsmenn,"Mánaðarbreyting, %",0.5
2016M07,Launavísitala,Opinberir starfsmenn - ríkisstarfsmenn,"Ársbreyting, %",16.8
2016M07,Launavísitala,Opinberir starfsmenn - starfsmenn sveitarfélaga,Vísitölugildi,87
2016M07,Launavísitala,Opinberir starfsmenn - starfsmenn sveitarfélaga,"Mánaðarbreyting, %",0.1
2016M07,Launavísitala,Opinberir starfsmenn - starfsmenn sveitarfélaga,"Ársbreyting, %",13.2
2016M07,Vísitala grunnlauna,Alls,Vísitölugildi,87.1
2016M07,Vísitala grunnlauna,Alls,"Mánaðarbreyting, %",0.2
2016M07,Vísitala grunnlauna,Alls,"Ársbreyting, %",11.2
2016M07,Vísitala grunnlauna,Starfsmenn á almennum vinnumarkaði,Vísitölugildi,87
2016M07,Vísitala grunnlauna,Starfsmenn á almennum vinnumarkaði,"Mánaðarbreyting, %",0.2
2016M07,Vísitala grunnlauna,Starfsmenn á almennum vinnumarkaði,"Ársbreyting, %",10.2
2016M07,Vísitala grunnlauna,Opinberir starfsmenn - alls,Vísitölugildi,87.8
2016M07,Vísitala grunnlauna,Opinberir starfsmenn - alls,"Mánaðarbreyting, %",0.4
2016M07,Vísitala grunnlauna,Opinberir starfsmenn - alls,"Ársbreyting, %",13.9
2016M07,Vísitala grunnlauna,Opinberir starfsmenn - ríkisstarfsmenn,Vísitölugildi,87.9
2016M07,Vísitala grunnlauna,Opinberir starfsmenn - ríkisstarfsmenn,"Mánaðarbreyting, %",0.6
2016M07,Vísitala grunnlauna,Opinberir starfsmenn - ríkisstarfsmenn,"Ársbreyting, %",15.4
2016M07,Vísitala grunnlauna,Opinberir starfsmenn - starfsmenn sveitarfélaga,Vísitölugildi,87.7
2016M07,Vísitala grunnlauna,Opinberir starfsmenn - starfsmenn sveitarfélaga,"Mánaðarbreyting, %",0.2
2016M07,Vísitala grunnlauna,Opinberir starfsmenn - starfsmenn sveitarfélaga,"Ársbreyting, %",12
2016M08,Launavísitala,Alls,Vísitölugildi,87
2016M08,Launavísitala,Alls,"Mánaðarbreyting, %",0.3
2016M08,Launavísitala,Alls,"Ársbreyting, %",11.2
2016M08,Launavísitala,Starfsmenn á almennum vinnumarkaði,Vísitölugildi,86.9
2016M08,Launavísitala,Starfsmenn á almennum vinnumarkaði,"Mánaðarbreyting, %",0.5
2016M08,Launavísitala,Starfsmenn á almennum vinnumarkaði,"Ársbreyting, %",10.4
2016M08,Launavísitala,Opinberir starfsmenn - alls,Vísitölugildi,87.4
2016M08,Launavísitala,Opinberir starfsmenn - alls,"Mánaðarbreyting, %",0.1
2016M08,Launavísitala,Opinberir starfsmenn - alls,"Ársbreyting, %",13.5
2016M08,Launavísitala,Opinberir starfsmenn - ríkisstarfsmenn,Vísitölugildi,87.7
2016M08,Launavísitala,Opinberir starfsmenn - ríkisstarfsmenn,"Mánaðarbreyting, %",0
2016M08,Launavísitala,Opinberir starfsmenn - ríkisstarfsmenn,"Ársbreyting, %",14
2016M08,Launavísitala,Opinberir starfsmenn - starfsmenn sveitarfélaga,Vísitölugildi,87.1
2016M08,Launavísitala,Opinberir starfsmenn - starfsmenn sveitarfélaga,"Mánaðarbreyting, %",0.1
2016M08,Launavísitala,Opinberir starfsmenn - starfsmenn sveitarfélaga,"Ársbreyting, %",12.9
2016M08,Vísitala grunnlauna,Alls,Vísitölugildi,87.3
2016M08,Vísitala grunnlauna,Alls,"Mánaðarbreyting, %",0.1
2016M08,Vísitala grunnlauna,Alls,"Ársbreyting, %",10.6
2016M08,Vísitala grunnlauna,Starfsmenn á almennum vinnumarkaði,Vísitölugildi,87.1
2016M08,Vísitala grunnlauna,Starfsmenn á almennum vinnumarkaði,"Mánaðarbreyting, %",0.1
2016M08,Vísitala grunnlauna,Starfsmenn á almennum vinnumarkaði,"Ársbreyting, %",9.9
2016M08,Vísitala grunnlauna,Opinberir starfsmenn - alls,Vísitölugildi,87.9
2016M08,Vísitala grunnlauna,Opinberir starfsmenn - alls,"Mánaðarbreyting, %",0.1
2016M08,Vísitala grunnlauna,Opinberir starfsmenn - alls,"Ársbreyting, %",12.4
2016M08,Vísitala grunnlauna,Opinberir starfsmenn - ríkisstarfsmenn,Vísitölugildi,88
2016M08,Vísitala grunnlauna,Opinberir starfsmenn - ríkisstarfsmenn,"Mánaðarbreyting, %",0.1
2016M08,Vísitala grunnlauna,Opinberir starfsmenn - ríkisstarfsmenn,"Ársbreyting, %",12.8
2016M08,Vísitala grunnlauna,Opinberir starfsmenn - starfsmenn sveitarfélaga,Vísitölugildi,87.8
2016M08,Vísitala grunnlauna,Opinberir starfsmenn - starfsmenn sveitarfélaga,"Mánaðarbreyting, %",0.1
2016M08,Vísitala grunnlauna,Opinberir starfsmenn - starfsmenn sveitarfélaga,"Ársbreyting, %",11.9
2016M09,Launavísitala,Alls,Vísitölugildi,87.5
2016M09,Launavísitala,Alls,"Mánaðarbreyting, %",0.6
2016M09,Launavísitala,Alls,"Ársbreyting, %",10.5
2016M09,Launavísitala,Starfsmenn á almennum vinnumarkaði,Vísitölugildi,87.5
2016M09,Launavísitala,Starfsmenn á almennum vinnumarkaði,"Mánaðarbreyting, %",0.7
2016M09,Launavísitala,Starfsmenn á almennum vinnumarkaði,"Ársbreyting, %",9.8
2016M09,Launavísitala,Opinberir starfsmenn - alls,Vísitölugildi,87.7
2016M09,Launavísitala,Opinberir starfsmenn - alls,"Mánaðarbreyting, %",0.4
2016M09,Launavísitala,Opinberir starfsmenn - alls,"Ársbreyting, %",13
2016M09,Launavísitala,Opinberir starfsmenn - ríkisstarfsmenn,Vísitölugildi,88.1
2016M09,Launavísitala,Opinberir starfsmenn - ríkisstarfsmenn,"Mánaðarbreyting, %",0.4
2016M09,Launavísitala,Opinberir starfsmenn - ríkisstarfsmenn,"Ársbreyting, %",13
2016M09,Launavísitala,Opinberir starfsmenn - starfsmenn sveitarfélaga,Vísitölugildi,87.3
2016M09,Launavísitala,Opinberir starfsmenn - starfsmenn sveitarfélaga,"Mánaðarbreyting, %",0.3
2016M09,Launavísitala,Opinberir starfsmenn - starfsmenn sveitarfélaga,"Ársbreyting, %",12.9
2016M09,Vísitala grunnlauna,Alls,Vísitölugildi,87.5
2016M09,Vísitala grunnlauna,Alls,"Mánaðarbreyting, %",0.3
2016M09,Vísitala grunnlauna,Alls,"Ársbreyting, %",10.3
2016M09,Vísitala grunnlauna,Starfsmenn á almennum vinnumarkaði,Vísitölugildi,87.4
2016M09,Vísitala grunnlauna,Starfsmenn á almennum vinnumarkaði,"Mánaðarbreyting, %",0.3
2016M09,Vísitala grunnlauna,Starfsmenn á almennum vinnumarkaði,"Ársbreyting, %",9.7
2016M09,Vísitala grunnlauna,Opinberir starfsmenn - alls,Vísitölugildi,88.1
2016M09,Vísitala grunnlauna,Opinberir starfsmenn - alls,"Mánaðarbreyting, %",0.2
2016M09,Vísitala grunnlauna,Opinberir starfsmenn - alls,"Ársbreyting, %",11.9
2016M09,Vísitala grunnlauna,Opinberir starfsmenn - ríkisstarfsmenn,Vísitölugildi,88.2
2016M09,Vísitala grunnlauna,Opinberir starfsmenn - ríkisstarfsmenn,"Mánaðarbreyting, %",0.3
2016M09,Vísitala grunnlauna,Opinberir starfsmenn - ríkisstarfsmenn,"Ársbreyting, %",11.9
2016M09,Vísitala grunnlauna,Opinberir starfsmenn - starfsmenn sveitarfélaga,Vísitölugildi,87.9
2016M09,Vísitala grunnlauna,Opinberir starfsmenn - starfsmenn sveitarfélaga,"Mánaðarbreyting, %",0.2
2016M09,Vísitala grunnlauna,Opinberir starfsmenn - starfsmenn sveitarfélaga,"Ársbreyting, %",11.8
2016M10,Launavísitala,Alls,Vísitölugildi,87.7
2016M10,Launavísitala,Alls,"Mánaðarbreyting, %",0.3
2016M10,Launavísitala,Alls,"Ársbreyting, %",10.4
2016M10,Launavísitala,Starfsmenn á almennum vinnumarkaði,Vísitölugildi,87.6
2016M10,Launavísitala,Starfsmenn á almennum vinnumarkaði,"Mánaðarbreyting, %",0.2
2016M10,Launavísitala,Starfsmenn á almennum vinnumarkaði,"Ársbreyting, %",9.4
2016M10,Launavísitala,Opinberir starfsmenn - alls,Vísitölugildi,88
2016M10,Launavísitala,Opinberir starfsmenn - alls,"Mánaðarbreyting, %",0.3
2016M10,Launavísitala,Opinberir starfsmenn - alls,"Ársbreyting, %",13.1
2016M10,Launavísitala,Opinberir starfsmenn - ríkisstarfsmenn,Vísitölugildi,88.5
2016M10,Launavísitala,Opinberir starfsmenn - ríkisstarfsmenn,"Mánaðarbreyting, %",0.5
2016M10,Launavísitala,Opinberir starfsmenn - ríkisstarfsmenn,"Ársbreyting, %",13.5
2016M10,Launavísitala,Opinberir starfsmenn - starfsmenn sveitarfélaga,Vísitölugildi,87.4
2016M10,Launavísitala,Opinberir starfsmenn - starfsmenn sveitarfélaga,"Mánaðarbreyting, %",0.1
2016M10,Launavísitala,Opinberir starfsmenn - starfsmenn sveitarfélaga,"Ársbreyting, %",12.7
2016M10,Vísitala grunnlauna,Alls,Vísitölugildi,87.7
2016M10,Vísitala grunnlauna,Alls,"Mánaðarbreyting, %",0.3
2016M10,Vísitala grunnlauna,Alls,"Ársbreyting, %",10.1
2016M10,Vísitala grunnlauna,Starfsmenn á almennum vinnumarkaði,Vísitölugildi,87.6
2016M10,Vísitala grunnlauna,Starfsmenn á almennum vinnumarkaði,"Mánaðarbreyting, %",0.3
2016M10,Vísitala grunnlauna,Starfsmenn á almennum vinnumarkaði,"Ársbreyting, %",9.4
2016M10,Vísitala grunnlauna,Opinberir starfsmenn - alls,Vísitölugildi,88.2
2016M10,Vísitala grunnlauna,Opinberir starfsmenn - alls,"Mánaðarbreyting, %",0.1
2016M10,Vísitala grunnlauna,Opinberir starfsmenn - alls,"Ársbreyting, %",12.1
2016M10,Vísitala grunnlauna,Opinberir starfsmenn - ríkisstarfsmenn,Vísitölugildi,88.4
2016M10,Vísitala grunnlauna,Opinberir starfsmenn - ríkisstarfsmenn,"Mánaðarbreyting, %",0.2
2016M10,Vísitala grunnlauna,Opinberir starfsmenn - ríkisstarfsmenn,"Ársbreyting, %",12.2
2016M10,Vísitala grunnlauna,Opinberir starfsmenn - starfsmenn sveitarfélaga,Vísitölugildi,88
2016M10,Vísitala grunnlauna,Opinberir starfsmenn - starfsmenn sveitarfélaga,"Mánaðarbreyting, %",0.1
2016M10,Vísitala grunnlauna,Opinberir starfsmenn - starfsmenn sveitarfélaga,"Ársbreyting, %",11.8
2016M11,Launavísitala,Alls,Vísitölugildi,88
2016M11,Launavísitala,Alls,"Mánaðarbreyting, %",0.3
2016M11,Launavísitala,Alls,"Ársbreyting, %",9.7
2016M11,Launavísitala,Starfsmenn á almennum vinnumarkaði,Vísitölugildi,87.9
2016M11,Launavísitala,Starfsmenn á almennum vinnumarkaði,"Mánaðarbreyting, %",0.3
2016M11,Launavísitala,Starfsmenn á almennum vinnumarkaði,"Ársbreyting, %",9.2
2016M11,Launavísitala,Opinberir starfsmenn - alls,Vísitölugildi,88.1
2016M11,Launavísitala,Opinberir starfsmenn - alls,"Mánaðarbreyting, %",0.1
2016M11,Launavísitala,Opinberir starfsmenn - alls,"Ársbreyting, %",11.2
2016M11,Launavísitala,Opinberir starfsmenn - ríkisstarfsmenn,Vísitölugildi,88.6
2016M11,Launavísitala,Opinberir starfsmenn - ríkisstarfsmenn,"Mánaðarbreyting, %",0.1
2016M11,Launavísitala,Opinberir starfsmenn - ríkisstarfsmenn,"Ársbreyting, %",10.2
2016M11,Launavísitala,Opinberir starfsmenn - starfsmenn sveitarfélaga,Vísitölugildi,87.6
2016M11,Launavísitala,Opinberir starfsmenn - starfsmenn sveitarfélaga,"Mánaðarbreyting, %",0.2
2016M11,Launavísitala,Opinberir starfsmenn - starfsmenn sveitarfélaga,"Ársbreyting, %",12.4
2016M11,Vísitala grunnlauna,Alls,Vísitölugildi,88
2016M11,Vísitala grunnlauna,Alls,"Mánaðarbreyting, %",0.3
2016M11,Vísitala grunnlauna,Alls,"Ársbreyting, %",9.7
2016M11,Vísitala grunnlauna,Starfsmenn á almennum vinnumarkaði,Vísitölugildi,87.9
2016M11,Vísitala grunnlauna,Starfsmenn á almennum vinnumarkaði,"Mánaðarbreyting, %",0.3
2016M11,Vísitala grunnlauna,Starfsmenn á almennum vinnumarkaði,"Ársbreyting, %",9.2
2016M11,Vísitala grunnlauna,Opinberir starfsmenn - alls,Vísitölugildi,88.4
2016M11,Vísitala grunnlauna,Opinberir starfsmenn - alls,"Mánaðarbreyting, %",0.3
2016M11,Vísitala grunnlauna,Opinberir starfsmenn - alls,"Ársbreyting, %",10.9
2016M11,Vísitala grunnlauna,Opinberir starfsmenn - ríkisstarfsmenn,Vísitölugildi,88.8
2016M11,Vísitala grunnlauna,Opinberir starfsmenn - ríkisstarfsmenn,"Mánaðarbreyting, %",0.5
2016M11,Vísitala grunnlauna,Opinberir starfsmenn - ríkisstarfsmenn,"Ársbreyting, %",10.2
2016M11,Vísitala grunnlauna,Opinberir starfsmenn - starfsmenn sveitarfélaga,Vísitölugildi,88
2016M11,Vísitala grunnlauna,Opinberir starfsmenn - starfsmenn sveitarfélaga,"Mánaðarbreyting, %",0
2016M11,Vísitala grunnlauna,Opinberir starfsmenn - starfsmenn sveitarfélaga,"Ársbreyting, %",11.7
2016M12,Launavísitala,Alls,Vísitölugildi,88.3
2016M12,Launavísitala,Alls,"Mánaðarbreyting, %",0.4
2016M12,Launavísitala,Alls,"Ársbreyting, %",9.1
2016M12,Launavísitala,Starfsmenn á almennum vinnumarkaði,Vísitölugildi,88.1
2016M12,Launavísitala,Starfsmenn á almennum vinnumarkaði,"Mánaðarbreyting, %",0.2
2016M12,Launavísitala,Starfsmenn á almennum vinnumarkaði,"Ársbreyting, %",9.2
2016M12,Launavísitala,Opinberir starfsmenn - alls,Vísitölugildi,89
2016M12,Launavísitala,Opinberir starfsmenn - alls,"Mánaðarbreyting, %",1
2016M12,Launavísitala,Opinberir starfsmenn - alls,"Ársbreyting, %",9
2016M12,Launavísitala,Opinberir starfsmenn - ríkisstarfsmenn,Vísitölugildi,89.2
2016M12,Launavísitala,Opinberir starfsmenn - ríkisstarfsmenn,"Mánaðarbreyting, %",0.7
2016M12,Launavísitala,Opinberir starfsmenn - ríkisstarfsmenn,"Ársbreyting, %",9.9
2016M12,Launavísitala,Opinberir starfsmenn - starfsmenn sveitarfélaga,Vísitölugildi,88.7
2016M12,Launavísitala,Opinberir starfsmenn - starfsmenn sveitarfélaga,"Mánaðarbreyting, %",1.3
2016M12,Launavísitala,Opinberir starfsmenn - starfsmenn sveitarfélaga,"Ársbreyting, %",8
2016M12,Vísitala grunnlauna,Alls,Vísitölugildi,88.3
2016M12,Vísitala grunnlauna,Alls,"Mánaðarbreyting, %",0.4
2016M12,Vísitala grunnlauna,Alls,"Ársbreyting, %",9.1
2016M12,Vísitala grunnlauna,Starfsmenn á almennum vinnumarkaði,Vísitölugildi,88
2016M12,Vísitala grunnlauna,Starfsmenn á almennum vinnumarkaði,"Mánaðarbreyting, %",0.2
2016M12,Vísitala grunnlauna,Starfsmenn á almennum vinnumarkaði,"Ársbreyting, %",9
2016M12,Vísitala grunnlauna,Opinberir starfsmenn - alls,Vísitölugildi,89.3
2016M12,Vísitala grunnlauna,Opinberir starfsmenn - alls,"Mánaðarbreyting, %",1
2016M12,Vísitala grunnlauna,Opinberir starfsmenn - alls,"Ársbreyting, %",9
2016M12,Vísitala grunnlauna,Opinberir starfsmenn - ríkisstarfsmenn,Vísitölugildi,89.5
2016M12,Vísitala grunnlauna,Opinberir starfsmenn - ríkisstarfsmenn,"Mánaðarbreyting, %",0.8
2016M12,Vísitala grunnlauna,Opinberir starfsmenn - ríkisstarfsmenn,"Ársbreyting, %",9.3
2016M12,Vísitala grunnlauna,Opinberir starfsmenn - starfsmenn sveitarfélaga,Vísitölugildi,89.1
2016M12,Vísitala grunnlauna,Opinberir starfsmenn - starfsmenn sveitarfélaga,"Mánaðarbreyting, %",1.3
2016M12,Vísitala grunnlauna,Opinberir starfsmenn - starfsmenn sveitarfélaga,"Ársbreyting, %",8.8
2017M01,Launavísitala,Alls,Vísitölugildi,88.3
2017M01,Launavísitala,Alls,"Mánaðarbreyting, %",0.1
2017M01,Launavísitala,Alls,"Ársbreyting, %",8.7
2017M01,Launavísitala,Starfsmenn á almennum vinnumarkaði,Vísitölugildi,88
2017M01,Launavísitala,Starfsmenn á almennum vinnumarkaði,"Mánaðarbreyting, %",-0.1
2017M01,Launavísitala,Starfsmenn á almennum vinnumarkaði,"Ársbreyting, %",8.6
2017M01,Launavísitala,Opinberir starfsmenn - alls,Vísitölugildi,89
2017M01,Launavísitala,Opinberir starfsmenn - alls,"Mánaðarbreyting, %",0.1
2017M01,Launavísitala,Opinberir starfsmenn - alls,"Ársbreyting, %",8.5
2017M01,Launavísitala,Opinberir starfsmenn - ríkisstarfsmenn,Vísitölugildi,89
2017M01,Launavísitala,Opinberir starfsmenn - ríkisstarfsmenn,"Mánaðarbreyting, %",-0.3
2017M01,Launavísitala,Opinberir starfsmenn - ríkisstarfsmenn,"Ársbreyting, %",9.2
2017M01,Launavísitala,Opinberir starfsmenn - starfsmenn sveitarfélaga,Vísitölugildi,89.1
2017M01,Launavísitala,Opinberir starfsmenn - starfsmenn sveitarfélaga,"Mánaðarbreyting, %",0.5
2017M01,Launavísitala,Opinberir starfsmenn - starfsmenn sveitarfélaga,"Ársbreyting, %",7.8
2017M01,Vísitala grunnlauna,Alls,Vísitölugildi,88.6
2017M01,Vísitala grunnlauna,Alls,"Mánaðarbreyting, %",0.4
2017M01,Vísitala grunnlauna,Alls,"Ársbreyting, %",8.9
2017M01,Vísitala grunnlauna,Starfsmenn á almennum vinnumarkaði,Vísitölugildi,88.4
2017M01,Vísitala grunnlauna,Starfsmenn á almennum vinnumarkaði,"Mánaðarbreyting, %",0.4
2017M01,Vísitala grunnlauna,Starfsmenn á almennum vinnumarkaði,"Ársbreyting, %",9
2017M01,Vísitala grunnlauna,Opinberir starfsmenn - alls,Vísitölugildi,89.6
2017M01,Vísitala grunnlauna,Opinberir starfsmenn - alls,"Mánaðarbreyting, %",0.3
2017M01,Vísitala grunnlauna,Opinberir starfsmenn - alls,"Ársbreyting, %",8.5
2017M01,Vísitala grunnlauna,Opinberir starfsmenn - ríkisstarfsmenn,Vísitölugildi,89.4
2017M01,Vísitala grunnlauna,Opinberir starfsmenn - ríkisstarfsmenn,"Mánaðarbreyting, %",-0.1
2017M01,Vísitala grunnlauna,Opinberir starfsmenn - ríkisstarfsmenn,"Ársbreyting, %",8.5
2017M01,Vísitala grunnlauna,Opinberir starfsmenn - starfsmenn sveitarfélaga,Vísitölugildi,89.8
2017M01,Vísitala grunnlauna,Opinberir starfsmenn - starfsmenn sveitarfélaga,"Mánaðarbreyting, %",0.7
2017M01,Vísitala grunnlauna,Opinberir starfsmenn - starfsmenn sveitarfélaga,"Ársbreyting, %",8.6
2017M02,Launavísitala,Alls,Vísitölugildi,88.7
2017M02,Launavísitala,Alls,"Mánaðarbreyting, %",0.4
2017M02,Launavísitala,Alls,"Ársbreyting, %",5.5
2017M02,Launavísitala,Starfsmenn á almennum vinnumarkaði,Vísitölugildi,88.6
2017M02,Launavísitala,Starfsmenn á almennum vinnumarkaði,"Mánaðarbreyting, %",0.7
2017M02,Launavísitala,Starfsmenn á almennum vinnumarkaði,"Ársbreyting, %",5.4
2017M02,Launavísitala,Opinberir starfsmenn - alls,Vísitölugildi,89.4
2017M02,Launavísitala,Opinberir starfsmenn - alls,"Mánaðarbreyting, %",0.5
2017M02,Launavísitala,Opinberir starfsmenn - alls,"Ársbreyting, %",8.2
2017M02,Launavísitala,Opinberir starfsmenn - ríkisstarfsmenn,Vísitölugildi,89.5
2017M02,Launavísitala,Opinberir starfsmenn - ríkisstarfsmenn,"Mánaðarbreyting, %",0.6
2017M02,Launavísitala,Opinberir starfsmenn - ríkisstarfsmenn,"Ársbreyting, %",8.5
2017M02,Launavísitala,Opinberir starfsmenn - starfsmenn sveitarfélaga,Vísitölugildi,89.4
2017M02,Launavísitala,Opinberir starfsmenn - starfsmenn sveitarfélaga,"Mánaðarbreyting, %",0.4
2017M02,Launavísitala,Opinberir starfsmenn - starfsmenn sveitarfélaga,"Ársbreyting, %",7.8
2017M02,Vísitala grunnlauna,Alls,Vísitölugildi,88.9
2017M02,Vísitala grunnlauna,Alls,"Mánaðarbreyting, %",0.3
2017M02,Vísitala grunnlauna,Alls,"Ársbreyting, %",6.2
2017M02,Vísitala grunnlauna,Starfsmenn á almennum vinnumarkaði,Vísitölugildi,88.7
2017M02,Vísitala grunnlauna,Starfsmenn á almennum vinnumarkaði,"Mánaðarbreyting, %",0.3
2017M02,Vísitala grunnlauna,Starfsmenn á almennum vinnumarkaði,"Ársbreyting, %",5.4
2017M02,Vísitala grunnlauna,Opinberir starfsmenn - alls,Vísitölugildi,89.9
2017M02,Vísitala grunnlauna,Opinberir starfsmenn - alls,"Mánaðarbreyting, %",0.3
2017M02,Vísitala grunnlauna,Opinberir starfsmenn - alls,"Ársbreyting, %",8.4
2017M02,Vísitala grunnlauna,Opinberir starfsmenn - ríkisstarfsmenn,Vísitölugildi,89.7
2017M02,Vísitala grunnlauna,Opinberir starfsmenn - ríkisstarfsmenn,"Mánaðarbreyting, %",0.4
2017M02,Vísitala grunnlauna,Opinberir starfsmenn - ríkisstarfsmenn,"Ársbreyting, %",8.4
2017M02,Vísitala grunnlauna,Opinberir starfsmenn - starfsmenn sveitarfélaga,Vísitölugildi,90
2017M02,Vísitala grunnlauna,Opinberir starfsmenn - starfsmenn sveitarfélaga,"Mánaðarbreyting, %",0.2
2017M02,Vísitala grunnlauna,Opinberir starfsmenn - starfsmenn sveitarfélaga,"Ársbreyting, %",8.4
2017M03,Launavísitala,Alls,Vísitölugildi,89
2017M03,Launavísitala,Alls,"Mánaðarbreyting, %",0.4
2017M03,Launavísitala,Alls,"Ársbreyting, %",5
2017M03,Launavísitala,Starfsmenn á almennum vinnumarkaði,Vísitölugildi,88.9
2017M03,Launavísitala,Starfsmenn á almennum vinnumarkaði,"Mánaðarbreyting, %",0.3
2017M03,Launavísitala,Starfsmenn á almennum vinnumarkaði,"Ársbreyting, %",4.2
2017M03,Launavísitala,Opinberir starfsmenn - alls,Vísitölugildi,90
2017M03,Launavísitala,Opinberir starfsmenn - alls,"Mánaðarbreyting, %",0.6
2017M03,Launavísitala,Opinberir starfsmenn - alls,"Ársbreyting, %",8.6
2017M03,Launavísitala,Opinberir starfsmenn - ríkisstarfsmenn,Vísitölugildi,89.6
2017M03,Launavísitala,Opinberir starfsmenn - ríkisstarfsmenn,"Mánaðarbreyting, %",0.1
2017M03,Launavísitala,Opinberir starfsmenn - ríkisstarfsmenn,"Ársbreyting, %",8.3
2017M03,Launavísitala,Opinberir starfsmenn - starfsmenn sveitarfélaga,Vísitölugildi,90.6
2017M03,Launavísitala,Opinberir starfsmenn - starfsmenn sveitarfélaga,"Mánaðarbreyting, %",1.3
2017M03,Launavísitala,Opinberir starfsmenn - starfsmenn sveitarfélaga,"Ársbreyting, %",9
2017M03,Vísitala grunnlauna,Alls,Vísitölugildi,89.3
2017M03,Vísitala grunnlauna,Alls,"Mánaðarbreyting, %",0.4
2017M03,Vísitala grunnlauna,Alls,"Ársbreyting, %",5.4
2017M03,Vísitala grunnlauna,Starfsmenn á almennum vinnumarkaði,Vísitölugildi,88.9
2017M03,Vísitala grunnlauna,Starfsmenn á almennum vinnumarkaði,"Mánaðarbreyting, %",0.3
2017M03,Vísitala grunnlauna,Starfsmenn á almennum vinnumarkaði,"Ársbreyting, %",4.1
2017M03,Vísitala grunnlauna,Opinberir starfsmenn - alls,Vísitölugildi,90.5
2017M03,Vísitala grunnlauna,Opinberir starfsmenn - alls,"Mánaðarbreyting, %",0.7
2017M03,Vísitala grunnlauna,Opinberir starfsmenn - alls,"Ársbreyting, %",8.9
2017M03,Vísitala grunnlauna,Opinberir starfsmenn - ríkisstarfsmenn,Vísitölugildi,89.9
2017M03,Vísitala grunnlauna,Opinberir starfsmenn - ríkisstarfsmenn,"Mánaðarbreyting, %",0.2
2017M03,Vísitala grunnlauna,Opinberir starfsmenn - ríkisstarfsmenn,"Ársbreyting, %",8.3
2017M03,Vísitala grunnlauna,Opinberir starfsmenn - starfsmenn sveitarfélaga,Vísitölugildi,91.1
2017M03,Vísitala grunnlauna,Opinberir starfsmenn - starfsmenn sveitarfélaga,"Mánaðarbreyting, %",1.2
2017M03,Vísitala grunnlauna,Opinberir starfsmenn - starfsmenn sveitarfélaga,"Ársbreyting, %",9.6
2017M04,Launavísitala,Alls,Vísitölugildi,89.2
2017M04,Launavísitala,Alls,"Mánaðarbreyting, %",0.2
2017M04,Launavísitala,Alls,"Ársbreyting, %",4.9
2017M04,Launavísitala,Starfsmenn á almennum vinnumarkaði,Vísitölugildi,88.9
2017M04,Launavísitala,Starfsmenn á almennum vinnumarkaði,"Mánaðarbreyting, %",0
2017M04,Launavísitala,Starfsmenn á almennum vinnumarkaði,"Ársbreyting, %",3.5
2017M04,Launavísitala,Opinberir starfsmenn - alls,Vísitölugildi,90.1
2017M04,Launavísitala,Opinberir starfsmenn - alls,"Mánaðarbreyting, %",0.1
2017M04,Launavísitala,Opinberir starfsmenn - alls,"Ársbreyting, %",8.4
2017M04,Launavísitala,Opinberir starfsmenn - ríkisstarfsmenn,Vísitölugildi,89.7
2017M04,Launavísitala,Opinberir starfsmenn - ríkisstarfsmenn,"Mánaðarbreyting, %",0.2
2017M04,Launavísitala,Opinberir starfsmenn - ríkisstarfsmenn,"Ársbreyting, %",8.3
2017M04,Launavísitala,Opinberir starfsmenn - starfsmenn sveitarfélaga,Vísitölugildi,90.6
2017M04,Launavísitala,Opinberir starfsmenn - starfsmenn sveitarfélaga,"Mánaðarbreyting, %",0.1
2017M04,Launavísitala,Opinberir starfsmenn - starfsmenn sveitarfélaga,"Ársbreyting, %",8.5
2017M04,Vísitala grunnlauna,Alls,Vísitölugildi,89.5
2017M04,Vísitala grunnlauna,Alls,"Mánaðarbreyting, %",0.2
2017M04,Vísitala grunnlauna,Alls,"Ársbreyting, %",4.8
2017M04,Vísitala grunnlauna,Starfsmenn á almennum vinnumarkaði,Vísitölugildi,89.2
2017M04,Vísitala grunnlauna,Starfsmenn á almennum vinnumarkaði,"Mánaðarbreyting, %",0.3
2017M04,Vísitala grunnlauna,Starfsmenn á almennum vinnumarkaði,"Ársbreyting, %",3.6
2017M04,Vísitala grunnlauna,Opinberir starfsmenn - alls,Vísitölugildi,90.6
2017M04,Vísitala grunnlauna,Opinberir starfsmenn - alls,"Mánaðarbreyting, %",0.1
2017M04,Vísitala grunnlauna,Opinberir starfsmenn - alls,"Ársbreyting, %",8.5
2017M04,Vísitala grunnlauna,Opinberir starfsmenn - ríkisstarfsmenn,Vísitölugildi,90
2017M04,Vísitala grunnlauna,Opinberir starfsmenn - ríkisstarfsmenn,"Mánaðarbreyting, %",0.1
2017M04,Vísitala grunnlauna,Opinberir starfsmenn - ríkisstarfsmenn,"Ársbreyting, %",8.3
2017M04,Vísitala grunnlauna,Opinberir starfsmenn - starfsmenn sveitarfélaga,Vísitölugildi,91.2
2017M04,Vísitala grunnlauna,Opinberir starfsmenn - starfsmenn sveitarfélaga,"Mánaðarbreyting, %",0.1
2017M04,Vísitala grunnlauna,Opinberir starfsmenn - starfsmenn sveitarfélaga,"Ársbreyting, %",8.7
2017M05,Launavísitala,Alls,Vísitölugildi,92.1
2017M05,Launavísitala,Alls,"Mánaðarbreyting, %",3.2
2017M05,Launavísitala,Alls,"Ársbreyting, %",7.8
2017M05,Launavísitala,Starfsmenn á almennum vinnumarkaði,Vísitölugildi,92.7
2017M05,Launavísitala,Starfsmenn á almennum vinnumarkaði,"Mánaðarbreyting, %",4.3
2017M05,Launavísitala,Starfsmenn á almennum vinnumarkaði,"Ársbreyting, %",7.4
2017M05,Launavísitala,Opinberir starfsmenn - alls,Vísitölugildi,90.2
2017M05,Launavísitala,Opinberir starfsmenn - alls,"Mánaðarbreyting, %",0.1
2017M05,Launavísitala,Opinberir starfsmenn - alls,"Ársbreyting, %",8.4
2017M05,Launavísitala,Opinberir starfsmenn - ríkisstarfsmenn,Vísitölugildi,89.9
2017M05,Launavísitala,Opinberir starfsmenn - ríkisstarfsmenn,"Mánaðarbreyting, %",0.2
2017M05,Launavísitala,Opinberir starfsmenn - ríkisstarfsmenn,"Ársbreyting, %",8.4
2017M05,Launavísitala,Opinberir starfsmenn - starfsmenn sveitarfélaga,Vísitölugildi,90.6
2017M05,Launavísitala,Opinberir starfsmenn - starfsmenn sveitarfélaga,"Mánaðarbreyting, %",0
2017M05,Launavísitala,Opinberir starfsmenn - starfsmenn sveitarfélaga,"Ársbreyting, %",8.3
2017M05,Vísitala grunnlauna,Alls,Vísitölugildi,92.4
2017M05,Vísitala grunnlauna,Alls,"Mánaðarbreyting, %",3.2
2017M05,Vísitala grunnlauna,Alls,"Ársbreyting, %",7.8
2017M05,Vísitala grunnlauna,Starfsmenn á almennum vinnumarkaði,Vísitölugildi,92.9
2017M05,Vísitala grunnlauna,Starfsmenn á almennum vinnumarkaði,"Mánaðarbreyting, %",4.2
2017M05,Vísitala grunnlauna,Starfsmenn á almennum vinnumarkaði,"Ársbreyting, %",7.5
2017M05,Vísitala grunnlauna,Opinberir starfsmenn - alls,Vísitölugildi,90.6
2017M05,Vísitala grunnlauna,Opinberir starfsmenn - alls,"Mánaðarbreyting, %",0.1
2017M05,Vísitala grunnlauna,Opinberir starfsmenn - alls,"Ársbreyting, %",8.4
2017M05,Vísitala grunnlauna,Opinberir starfsmenn - ríkisstarfsmenn,Vísitölugildi,90.1
2017M05,Vísitala grunnlauna,Opinberir starfsmenn - ríkisstarfsmenn,"Mánaðarbreyting, %",0.1
2017M05,Vísitala grunnlauna,Opinberir starfsmenn - ríkisstarfsmenn,"Ársbreyting, %",8.3
2017M05,Vísitala grunnlauna,Opinberir starfsmenn - starfsmenn sveitarfélaga,Vísitölugildi,91.2
2017M05,Vísitala grunnlauna,Opinberir starfsmenn - starfsmenn sveitarfélaga,"Mánaðarbreyting, %",0
2017M05,Vísitala grunnlauna,Opinberir starfsmenn - starfsmenn sveitarfélaga,"Ársbreyting, %",8.5
2017M06,Launavísitala,Alls,Vísitölugildi,93
2017M06,Launavísitala,Alls,"Mánaðarbreyting, %",1
2017M06,Launavísitala,Alls,"Ársbreyting, %",7.3
2017M06,Launavísitala,Starfsmenn á almennum vinnumarkaði,Vísitölugildi,93.2
2017M06,Launavísitala,Starfsmenn á almennum vinnumarkaði,"Mánaðarbreyting, %",0.5
2017M06,Launavísitala,Starfsmenn á almennum vinnumarkaði,"Ársbreyting, %",7.6
2017M06,Launavísitala,Opinberir starfsmenn - alls,Vísitölugildi,92.8
2017M06,Launavísitala,Opinberir starfsmenn - alls,"Mánaðarbreyting, %",2.9
2017M06,Launavísitala,Opinberir starfsmenn - alls,"Ársbreyting, %",6.5
2017M06,Launavísitala,Opinberir starfsmenn - ríkisstarfsmenn,Vísitölugildi,92.2
2017M06,Launavísitala,Opinberir starfsmenn - ríkisstarfsmenn,"Mánaðarbreyting, %",2.5
2017M06,Launavísitala,Opinberir starfsmenn - ríkisstarfsmenn,"Ársbreyting, %",5.7
2017M06,Launavísitala,Opinberir starfsmenn - starfsmenn sveitarfélaga,Vísitölugildi,93.5
2017M06,Launavísitala,Opinberir starfsmenn - starfsmenn sveitarfélaga,"Mánaðarbreyting, %",3.3
2017M06,Launavísitala,Opinberir starfsmenn - starfsmenn sveitarfélaga,"Ársbreyting, %",7.6
2017M06,Vísitala grunnlauna,Alls,Vísitölugildi,93.4
2017M06,Vísitala grunnlauna,Alls,"Mánaðarbreyting, %",1.1
2017M06,Vísitala grunnlauna,Alls,"Ársbreyting, %",7.4
2017M06,Vísitala grunnlauna,Starfsmenn á almennum vinnumarkaði,Vísitölugildi,93.4
2017M06,Vísitala grunnlauna,Starfsmenn á almennum vinnumarkaði,"Mánaðarbreyting, %",0.5
2017M06,Vísitala grunnlauna,Starfsmenn á almennum vinnumarkaði,"Ársbreyting, %",7.6
2017M06,Vísitala grunnlauna,Opinberir starfsmenn - alls,Vísitölugildi,93.3
2017M06,Vísitala grunnlauna,Opinberir starfsmenn - alls,"Mánaðarbreyting, %",2.9
2017M06,Vísitala grunnlauna,Opinberir starfsmenn - alls,"Ársbreyting, %",6.7
2017M06,Vísitala grunnlauna,Opinberir starfsmenn - ríkisstarfsmenn,Vísitölugildi,92.5
2017M06,Vísitala grunnlauna,Opinberir starfsmenn - ríkisstarfsmenn,"Mánaðarbreyting, %",2.6
2017M06,Vísitala grunnlauna,Opinberir starfsmenn - ríkisstarfsmenn,"Ársbreyting, %",5.9
2017M06,Vísitala grunnlauna,Opinberir starfsmenn - starfsmenn sveitarfélaga,Vísitölugildi,94.2
2017M06,Vísitala grunnlauna,Opinberir starfsmenn - starfsmenn sveitarfélaga,"Mánaðarbreyting, %",3.3
2017M06,Vísitala grunnlauna,Opinberir starfsmenn - starfsmenn sveitarfélaga,"Ársbreyting, %",7.7
2017M07,Launavísitala,Alls,Vísitölugildi,93
2017M07,Launavísitala,Alls,"Mánaðarbreyting, %",0
2017M07,Launavísitala,Alls,"Ársbreyting, %",7.2
2017M07,Launavísitala,Starfsmenn á almennum vinnumarkaði,Vísitölugildi,93.2
2017M07,Launavísitala,Starfsmenn á almennum vinnumarkaði,"Mánaðarbreyting, %",0
2017M07,Launavísitala,Starfsmenn á almennum vinnumarkaði,"Ársbreyting, %",7.8
2017M07,Launavísitala,Opinberir starfsmenn - alls,Vísitölugildi,93.2
2017M07,Launavísitala,Opinberir starfsmenn - alls,"Mánaðarbreyting, %",0.4
2017M07,Launavísitala,Opinberir starfsmenn - alls,"Ársbreyting, %",6.7
2017M07,Launavísitala,Opinberir starfsmenn - ríkisstarfsmenn,Vísitölugildi,92.8
2017M07,Launavísitala,Opinberir starfsmenn - ríkisstarfsmenn,"Mánaðarbreyting, %",0.6
2017M07,Launavísitala,Opinberir starfsmenn - ríkisstarfsmenn,"Ársbreyting, %",5.7
2017M07,Launavísitala,Opinberir starfsmenn - starfsmenn sveitarfélaga,Vísitölugildi,93.7
2017M07,Launavísitala,Opinberir starfsmenn - starfsmenn sveitarfélaga,"Mánaðarbreyting, %",0.2
2017M07,Launavísitala,Opinberir starfsmenn - starfsmenn sveitarfélaga,"Ársbreyting, %",7.7
2017M07,Vísitala grunnlauna,Alls,Vísitölugildi,93.6
2017M07,Vísitala grunnlauna,Alls,"Mánaðarbreyting, %",0.2
2017M07,Vísitala grunnlauna,Alls,"Ársbreyting, %",7.4
2017M07,Vísitala grunnlauna,Starfsmenn á almennum vinnumarkaði,Vísitölugildi,93.6
2017M07,Vísitala grunnlauna,Starfsmenn á almennum vinnumarkaði,"Mánaðarbreyting, %",0.2
2017M07,Vísitala grunnlauna,Starfsmenn á almennum vinnumarkaði,"Ársbreyting, %",7.6
2017M07,Vísitala grunnlauna,Opinberir starfsmenn - alls,Vísitölugildi,93.6
2017M07,Vísitala grunnlauna,Opinberir starfsmenn - alls,"Mánaðarbreyting, %",0.3
2017M07,Vísitala grunnlauna,Opinberir starfsmenn - alls,"Ársbreyting, %",6.7
2017M07,Vísitala grunnlauna,Opinberir starfsmenn - ríkisstarfsmenn,Vísitölugildi,93
2017M07,Vísitala grunnlauna,Opinberir starfsmenn - ríkisstarfsmenn,"Mánaðarbreyting, %",0.5
2017M07,Vísitala grunnlauna,Opinberir starfsmenn - ríkisstarfsmenn,"Ársbreyting, %",5.8
2017M07,Vísitala grunnlauna,Opinberir starfsmenn - starfsmenn sveitarfélaga,Vísitölugildi,94.4
2017M07,Vísitala grunnlauna,Opinberir starfsmenn - starfsmenn sveitarfélaga,"Mánaðarbreyting, %",0.2
2017M07,Vísitala grunnlauna,Opinberir starfsmenn - starfsmenn sveitarfélaga,"Ársbreyting, %",7.7
2017M08,Launavísitala,Alls,Vísitölugildi,93.2
2017M08,Launavísitala,Alls,"Mánaðarbreyting, %",0.2
2017M08,Launavísitala,Alls,"Ársbreyting, %",7.2
2017M08,Launavísitala,Starfsmenn á almennum vinnumarkaði,Vísitölugildi,93.2
2017M08,Launavísitala,Starfsmenn á almennum vinnumarkaði,"Mánaðarbreyting, %",0
2017M08,Launavísitala,Starfsmenn á almennum vinnumarkaði,"Ársbreyting, %",7.3
2017M08,Launavísitala,Opinberir starfsmenn - alls,Vísitölugildi,93.3
2017M08,Launavísitala,Opinberir starfsmenn - alls,"Mánaðarbreyting, %",0.1
2017M08,Launavísitala,Opinberir starfsmenn - alls,"Ársbreyting, %",6.7
2017M08,Launavísitala,Opinberir starfsmenn - ríkisstarfsmenn,Vísitölugildi,93
2017M08,Launavísitala,Opinberir starfsmenn - ríkisstarfsmenn,"Mánaðarbreyting, %",0.2
2017M08,Launavísitala,Opinberir starfsmenn - ríkisstarfsmenn,"Ársbreyting, %",6
2017M08,Launavísitala,Opinberir starfsmenn - starfsmenn sveitarfélaga,Vísitölugildi,93.7
2017M08,Launavísitala,Opinberir starfsmenn - starfsmenn sveitarfélaga,"Mánaðarbreyting, %",0
2017M08,Launavísitala,Opinberir starfsmenn - starfsmenn sveitarfélaga,"Ársbreyting, %",7.5
2017M08,Vísitala grunnlauna,Alls,Vísitölugildi,93.7
2017M08,Vísitala grunnlauna,Alls,"Mánaðarbreyting, %",0.1
2017M08,Vísitala grunnlauna,Alls,"Ársbreyting, %",7.4
2017M08,Vísitala grunnlauna,Starfsmenn á almennum vinnumarkaði,Vísitölugildi,93.7
2017M08,Vísitala grunnlauna,Starfsmenn á almennum vinnumarkaði,"Mánaðarbreyting, %",0.1
2017M08,Vísitala grunnlauna,Starfsmenn á almennum vinnumarkaði,"Ársbreyting, %",7.6
2017M08,Vísitala grunnlauna,Opinberir starfsmenn - alls,Vísitölugildi,93.7
2017M08,Vísitala grunnlauna,Opinberir starfsmenn - alls,"Mánaðarbreyting, %",0.1
2017M08,Vísitala grunnlauna,Opinberir starfsmenn - alls,"Ársbreyting, %",6.7
2017M08,Vísitala grunnlauna,Opinberir starfsmenn - ríkisstarfsmenn,Vísitölugildi,93.2
2017M08,Vísitala grunnlauna,Opinberir starfsmenn - ríkisstarfsmenn,"Mánaðarbreyting, %",0.2
2017M08,Vísitala grunnlauna,Opinberir starfsmenn - ríkisstarfsmenn,"Ársbreyting, %",5.9
2017M08,Vísitala grunnlauna,Opinberir starfsmenn - starfsmenn sveitarfélaga,Vísitölugildi,94.4
2017M08,Vísitala grunnlauna,Opinberir starfsmenn - starfsmenn sveitarfélaga,"Mánaðarbreyting, %",0
2017M08,Vísitala grunnlauna,Opinberir starfsmenn - starfsmenn sveitarfélaga,"Ársbreyting, %",7.6
2017M09,Launavísitala,Alls,Vísitölugildi,93.9
2017M09,Launavísitala,Alls,"Mánaðarbreyting, %",0.8
2017M09,Launavísitala,Alls,"Ársbreyting, %",7.4
2017M09,Launavísitala,Starfsmenn á almennum vinnumarkaði,Vísitölugildi,94
2017M09,Launavísitala,Starfsmenn á almennum vinnumarkaði,"Mánaðarbreyting, %",0.8
2017M09,Launavísitala,Starfsmenn á almennum vinnumarkaði,"Ársbreyting, %",7.3
2017M09,Launavísitala,Opinberir starfsmenn - alls,Vísitölugildi,93.7
2017M09,Launavísitala,Opinberir starfsmenn - alls,"Mánaðarbreyting, %",0.4
2017M09,Launavísitala,Opinberir starfsmenn - alls,"Ársbreyting, %",6.7
2017M09,Launavísitala,Opinberir starfsmenn - ríkisstarfsmenn,Vísitölugildi,93.5
2017M09,Launavísitala,Opinberir starfsmenn - ríkisstarfsmenn,"Mánaðarbreyting, %",0.5
2017M09,Launavísitala,Opinberir starfsmenn - ríkisstarfsmenn,"Ársbreyting, %",6.2
2017M09,Launavísitala,Opinberir starfsmenn - starfsmenn sveitarfélaga,Vísitölugildi,93.9
2017M09,Launavísitala,Opinberir starfsmenn - starfsmenn sveitarfélaga,"Mánaðarbreyting, %",0.2
2017M09,Launavísitala,Opinberir starfsmenn - starfsmenn sveitarfélaga,"Ársbreyting, %",7.4
2017M09,Vísitala grunnlauna,Alls,Vísitölugildi,94
2017M09,Vísitala grunnlauna,Alls,"Mánaðarbreyting, %",0.3
2017M09,Vísitala grunnlauna,Alls,"Ársbreyting, %",7.4
2017M09,Vísitala grunnlauna,Starfsmenn á almennum vinnumarkaði,Vísitölugildi,94
2017M09,Vísitala grunnlauna,Starfsmenn á almennum vinnumarkaði,"Mánaðarbreyting, %",0.3
2017M09,Vísitala grunnlauna,Starfsmenn á almennum vinnumarkaði,"Ársbreyting, %",7.6
2017M09,Vísitala grunnlauna,Opinberir starfsmenn - alls,Vísitölugildi,93.9
2017M09,Vísitala grunnlauna,Opinberir starfsmenn - alls,"Mánaðarbreyting, %",0.2
2017M09,Vísitala grunnlauna,Opinberir starfsmenn - alls,"Ársbreyting, %",6.6
2017M09,Vísitala grunnlauna,Opinberir starfsmenn - ríkisstarfsmenn,Vísitölugildi,93.4
2017M09,Vísitala grunnlauna,Opinberir starfsmenn - ríkisstarfsmenn,"Mánaðarbreyting, %",0.3
2017M09,Vísitala grunnlauna,Opinberir starfsmenn - ríkisstarfsmenn,"Ársbreyting, %",5.9
2017M09,Vísitala grunnlauna,Opinberir starfsmenn - starfsmenn sveitarfélaga,Vísitölugildi,94.5
2017M09,Vísitala grunnlauna,Opinberir starfsmenn - starfsmenn sveitarfélaga,"Mánaðarbreyting, %",0.1
2017M09,Vísitala grunnlauna,Opinberir starfsmenn - starfsmenn sveitarfélaga,"Ársbreyting, %",7.5
2017M10,Launavísitala,Alls,Vísitölugildi,94
2017M10,Launavísitala,Alls,"Mánaðarbreyting, %",0.1
2017M10,Launavísitala,Alls,"Ársbreyting, %",7.2
2017M10,Launavísitala,Starfsmenn á almennum vinnumarkaði,Vísitölugildi,94.2
2017M10,Launavísitala,Starfsmenn á almennum vinnumarkaði,"Mánaðarbreyting, %",0.2
2017M10,Launavísitala,Starfsmenn á almennum vinnumarkaði,"Ársbreyting, %",7.4
2017M10,Launavísitala,Opinberir starfsmenn - alls,Vísitölugildi,93.8
2017M10,Launavísitala,Opinberir starfsmenn - alls,"Mánaðarbreyting, %",0.2
2017M10,Launavísitala,Opinberir starfsmenn - alls,"Ársbreyting, %",6.7
2017M10,Launavísitala,Opinberir starfsmenn - ríkisstarfsmenn,Vísitölugildi,93.6
2017M10,Launavísitala,Opinberir starfsmenn - ríkisstarfsmenn,"Mánaðarbreyting, %",0.1
2017M10,Launavísitala,Opinberir starfsmenn - ríkisstarfsmenn,"Ársbreyting, %",5.8
2017M10,Launavísitala,Opinberir starfsmenn - starfsmenn sveitarfélaga,Vísitölugildi,94.1
2017M10,Launavísitala,Opinberir starfsmenn - starfsmenn sveitarfélaga,"Mánaðarbreyting, %",0.2
2017M10,Launavísitala,Opinberir starfsmenn - starfsmenn sveitarfélaga,"Ársbreyting, %",7.7
2017M10,Vísitala grunnlauna,Alls,Vísitölugildi,94.2
2017M10,Vísitala grunnlauna,Alls,"Mánaðarbreyting, %",0.2
2017M10,Vísitala grunnlauna,Alls,"Ársbreyting, %",7.3
2017M10,Vísitala grunnlauna,Starfsmenn á almennum vinnumarkaði,Vísitölugildi,94.2
2017M10,Vísitala grunnlauna,Starfsmenn á almennum vinnumarkaði,"Mánaðarbreyting, %",0.2
2017M10,Vísitala grunnlauna,Starfsmenn á almennum vinnumarkaði,"Ársbreyting, %",7.5
2017M10,Vísitala grunnlauna,Opinberir starfsmenn - alls,Vísitölugildi,94.1
2017M10,Vísitala grunnlauna,Opinberir starfsmenn - alls,"Mánaðarbreyting, %",0.2
2017M10,Vísitala grunnlauna,Opinberir starfsmenn - alls,"Ársbreyting, %",6.7
2017M10,Vísitala grunnlauna,Opinberir starfsmenn - ríkisstarfsmenn,Vísitölugildi,93.7
2017M10,Vísitala grunnlauna,Opinberir starfsmenn - ríkisstarfsmenn,"Mánaðarbreyting, %",0.2
2017M10,Vísitala grunnlauna,Opinberir starfsmenn - ríkisstarfsmenn,"Ársbreyting, %",6
2017M10,Vísitala grunnlauna,Opinberir starfsmenn - starfsmenn sveitarfélaga,Vísitölugildi,94.7
2017M10,Vísitala grunnlauna,Opinberir starfsmenn - starfsmenn sveitarfélaga,"Mánaðarbreyting, %",0.1
2017M10,Vísitala grunnlauna,Opinberir starfsmenn - starfsmenn sveitarfélaga,"Ársbreyting, %",7.6
2017M11,Launavísitala,Alls,Vísitölugildi,94.2
2017M11,Launavísitala,Alls,"Mánaðarbreyting, %",0.1
2017M11,Launavísitala,Alls,"Ársbreyting, %",7.1
2017M11,Launavísitala,Starfsmenn á almennum vinnumarkaði,Vísitölugildi,94.4
2017M11,Launavísitala,Starfsmenn á almennum vinnumarkaði,"Mánaðarbreyting, %",0.2
2017M11,Launavísitala,Starfsmenn á almennum vinnumarkaði,"Ársbreyting, %",7.4
2017M11,Launavísitala,Opinberir starfsmenn - alls,Vísitölugildi,94
2017M11,Launavísitala,Opinberir starfsmenn - alls,"Mánaðarbreyting, %",0.1
2017M11,Launavísitala,Opinberir starfsmenn - alls,"Ársbreyting, %",6.6
2017M11,Launavísitala,Opinberir starfsmenn - ríkisstarfsmenn,Vísitölugildi,93.7
2017M11,Launavísitala,Opinberir starfsmenn - ríkisstarfsmenn,"Mánaðarbreyting, %",0.1
2017M11,Launavísitala,Opinberir starfsmenn - ríkisstarfsmenn,"Ársbreyting, %",5.8
2017M11,Launavísitala,Opinberir starfsmenn - starfsmenn sveitarfélaga,Vísitölugildi,94.2
2017M11,Launavísitala,Opinberir starfsmenn - starfsmenn sveitarfélaga,"Mánaðarbreyting, %",0.1
2017M11,Launavísitala,Opinberir starfsmenn - starfsmenn sveitarfélaga,"Ársbreyting, %",7.6
2017M11,Vísitala grunnlauna,Alls,Vísitölugildi,94.3
2017M11,Vísitala grunnlauna,Alls,"Mánaðarbreyting, %",0.2
2017M11,Vísitala grunnlauna,Alls,"Ársbreyting, %",7.3
2017M11,Vísitala grunnlauna,Starfsmenn á almennum vinnumarkaði,Vísitölugildi,94.4
2017M11,Vísitala grunnlauna,Starfsmenn á almennum vinnumarkaði,"Mánaðarbreyting, %",0.2
2017M11,Vísitala grunnlauna,Starfsmenn á almennum vinnumarkaði,"Ársbreyting, %",7.4
2017M11,Vísitala grunnlauna,Opinberir starfsmenn - alls,Vísitölugildi,94.2
2017M11,Vísitala grunnlauna,Opinberir starfsmenn - alls,"Mánaðarbreyting, %",0.1
2017M11,Vísitala grunnlauna,Opinberir starfsmenn - alls,"Ársbreyting, %",6.6
2017M11,Vísitala grunnlauna,Opinberir starfsmenn - ríkisstarfsmenn,Vísitölugildi,93.8
2017M11,Vísitala grunnlauna,Opinberir starfsmenn - ríkisstarfsmenn,"Mánaðarbreyting, %",0.2
2017M11,Vísitala grunnlauna,Opinberir starfsmenn - ríkisstarfsmenn,"Ársbreyting, %",5.7
2017M11,Vísitala grunnlauna,Opinberir starfsmenn - starfsmenn sveitarfélaga,Vísitölugildi,94.7
2017M11,Vísitala grunnlauna,Opinberir starfsmenn - starfsmenn sveitarfélaga,"Mánaðarbreyting, %",0
2017M11,Vísitala grunnlauna,Opinberir starfsmenn - starfsmenn sveitarfélaga,"Ársbreyting, %",7.6
2017M12,Launavísitala,Alls,Vísitölugildi,94.3
2017M12,Launavísitala,Alls,"Mánaðarbreyting, %",0.2
2017M12,Launavísitala,Alls,"Ársbreyting, %",6.9
2017M12,Launavísitala,Starfsmenn á almennum vinnumarkaði,Vísitölugildi,94.5
2017M12,Launavísitala,Starfsmenn á almennum vinnumarkaði,"Mánaðarbreyting, %",0.1
2017M12,Launavísitala,Starfsmenn á almennum vinnumarkaði,"Ársbreyting, %",7.3
2017M12,Launavísitala,Opinberir starfsmenn - alls,Vísitölugildi,94.2
2017M12,Launavísitala,Opinberir starfsmenn - alls,"Mánaðarbreyting, %",0.3
2017M12,Launavísitala,Opinberir starfsmenn - alls,"Ársbreyting, %",5.9
2017M12,Launavísitala,Opinberir starfsmenn - ríkisstarfsmenn,Vísitölugildi,94.1
2017M12,Launavísitala,Opinberir starfsmenn - ríkisstarfsmenn,"Mánaðarbreyting, %",0.4
2017M12,Launavísitala,Opinberir starfsmenn - ríkisstarfsmenn,"Ársbreyting, %",5.4
2017M12,Launavísitala,Opinberir starfsmenn - starfsmenn sveitarfélaga,Vísitölugildi,94.4
2017M12,Launavísitala,Opinberir starfsmenn - starfsmenn sveitarfélaga,"Mánaðarbreyting, %",0.1
2017M12,Launavísitala,Opinberir starfsmenn - starfsmenn sveitarfélaga,"Ársbreyting, %",6.4
2017M12,Vísitala grunnlauna,Alls,Vísitölugildi,94.5
2017M12,Vísitala grunnlauna,Alls,"Mánaðarbreyting, %",0.2
2017M12,Vísitala grunnlauna,Alls,"Ársbreyting, %",7.1
2017M12,Vísitala grunnlauna,Starfsmenn á almennum vinnumarkaði,Vísitölugildi,94.6
2017M12,Vísitala grunnlauna,Starfsmenn á almennum vinnumarkaði,"Mánaðarbreyting, %",0.2
2017M12,Vísitala grunnlauna,Starfsmenn á almennum vinnumarkaði,"Ársbreyting, %",7.5
2017M12,Vísitala grunnlauna,Opinberir starfsmenn - alls,Vísitölugildi,94.4
2017M12,Vísitala grunnlauna,Opinberir starfsmenn - alls,"Mánaðarbreyting, %",0.2
2017M12,Vísitala grunnlauna,Opinberir starfsmenn - alls,"Ársbreyting, %",5.7
2017M12,Vísitala grunnlauna,Opinberir starfsmenn - ríkisstarfsmenn,Vísitölugildi,94.1
2017M12,Vísitala grunnlauna,Opinberir starfsmenn - ríkisstarfsmenn,"Mánaðarbreyting, %",0.3
2017M12,Vísitala grunnlauna,Opinberir starfsmenn - ríkisstarfsmenn,"Ársbreyting, %",5.2
2017M12,Vísitala grunnlauna,Opinberir starfsmenn - starfsmenn sveitarfélaga,Vísitölugildi,94.8
2017M12,Vísitala grunnlauna,Opinberir starfsmenn - starfsmenn sveitarfélaga,"Mánaðarbreyting, %",0.1
2017M12,Vísitala grunnlauna,Opinberir starfsmenn - starfsmenn sveitarfélaga,"Ársbreyting, %",6.3
2018M01,Launavísitala,Alls,Vísitölugildi,94.8
2018M01,Launavísitala,Alls,"Mánaðarbreyting, %",0.4
2018M01,Launavísitala,Alls,"Ársbreyting, %",7.3
2018M01,Launavísitala,Starfsmenn á almennum vinnumarkaði,Vísitölugildi,95
2018M01,Launavísitala,Starfsmenn á almennum vinnumarkaði,"Mánaðarbreyting, %",0.6
2018M01,Launavísitala,Starfsmenn á almennum vinnumarkaði,"Ársbreyting, %",8.1
2018M01,Launavísitala,Opinberir starfsmenn - alls,Vísitölugildi,93.9
2018M01,Launavísitala,Opinberir starfsmenn - alls,"Mánaðarbreyting, %",-0.3
2018M01,Launavísitala,Opinberir starfsmenn - alls,"Ársbreyting, %",5.6
2018M01,Launavísitala,Opinberir starfsmenn - ríkisstarfsmenn,Vísitölugildi,93.7
2018M01,Launavísitala,Opinberir starfsmenn - ríkisstarfsmenn,"Mánaðarbreyting, %",-0.4
2018M01,Launavísitala,Opinberir starfsmenn - ríkisstarfsmenn,"Ársbreyting, %",5.3
2018M01,Launavísitala,Opinberir starfsmenn - starfsmenn sveitarfélaga,Vísitölugildi,94.2
2018M01,Launavísitala,Opinberir starfsmenn - starfsmenn sveitarfélaga,"Mánaðarbreyting, %",-0.2
2018M01,Launavísitala,Opinberir starfsmenn - starfsmenn sveitarfélaga,"Ársbreyting, %",5.7
2018M01,Vísitala grunnlauna,Alls,Vísitölugildi,94.9
2018M01,Vísitala grunnlauna,Alls,"Mánaðarbreyting, %",0.4
2018M01,Vísitala grunnlauna,Alls,"Ársbreyting, %",7.1
2018M01,Vísitala grunnlauna,Starfsmenn á almennum vinnumarkaði,Vísitölugildi,95
2018M01,Vísitala grunnlauna,Starfsmenn á almennum vinnumarkaði,"Mánaðarbreyting, %",0.5
2018M01,Vísitala grunnlauna,Starfsmenn á almennum vinnumarkaði,"Ársbreyting, %",7.6
2018M01,Vísitala grunnlauna,Opinberir starfsmenn - alls,Vísitölugildi,94.5
2018M01,Vísitala grunnlauna,Opinberir starfsmenn - alls,"Mánaðarbreyting, %",0
2018M01,Vísitala grunnlauna,Opinberir starfsmenn - alls,"Ársbreyting, %",5.4
2018M01,Vísitala grunnlauna,Opinberir starfsmenn - ríkisstarfsmenn,Vísitölugildi,94.2
2018M01,Vísitala grunnlauna,Opinberir starfsmenn - ríkisstarfsmenn,"Mánaðarbreyting, %",0
2018M01,Vísitala grunnlauna,Opinberir starfsmenn - ríkisstarfsmenn,"Ársbreyting, %",5.3
2018M01,Vísitala grunnlauna,Opinberir starfsmenn - starfsmenn sveitarfélaga,Vísitölugildi,94.8
2018M01,Vísitala grunnlauna,Opinberir starfsmenn - starfsmenn sveitarfélaga,"Mánaðarbreyting, %",0.1
2018M01,Vísitala grunnlauna,Opinberir starfsmenn - starfsmenn sveitarfélaga,"Ársbreyting, %",5.6
2018M02,Launavísitala,Alls,Vísitölugildi,95.1
2018M02,Launavísitala,Alls,"Mánaðarbreyting, %",0.4
2018M02,Launavísitala,Alls,"Ársbreyting, %",7.2
2018M02,Launavísitala,Starfsmenn á almennum vinnumarkaði,Vísitölugildi,95.4
2018M02,Launavísitala,Starfsmenn á almennum vinnumarkaði,"Mánaðarbreyting, %",0.4
2018M02,Launavísitala,Starfsmenn á almennum vinnumarkaði,"Ársbreyting, %",7.7
2018M02,Launavísitala,Opinberir starfsmenn - alls,Vísitölugildi,94.7
2018M02,Launavísitala,Opinberir starfsmenn - alls,"Mánaðarbreyting, %",0.8
2018M02,Launavísitala,Opinberir starfsmenn - alls,"Ársbreyting, %",5.9
2018M02,Launavísitala,Opinberir starfsmenn - ríkisstarfsmenn,Vísitölugildi,94.9
2018M02,Launavísitala,Opinberir starfsmenn - ríkisstarfsmenn,"Mánaðarbreyting, %",1.2
2018M02,Launavísitala,Opinberir starfsmenn - ríkisstarfsmenn,"Ársbreyting, %",6
2018M02,Launavísitala,Opinberir starfsmenn - starfsmenn sveitarfélaga,Vísitölugildi,94.4
2018M02,Launavísitala,Opinberir starfsmenn - starfsmenn sveitarfélaga,"Mánaðarbreyting, %",0.2
2018M02,Launavísitala,Opinberir starfsmenn - starfsmenn sveitarfélaga,"Ársbreyting, %",5.5
2018M02,Vísitala grunnlauna,Alls,Vísitölugildi,95.3
2018M02,Vísitala grunnlauna,Alls,"Mánaðarbreyting, %",0.4
2018M02,Vísitala grunnlauna,Alls,"Ársbreyting, %",7.2
2018M02,Vísitala grunnlauna,Starfsmenn á almennum vinnumarkaði,Vísitölugildi,95.4
2018M02,Vísitala grunnlauna,Starfsmenn á almennum vinnumarkaði,"Mánaðarbreyting, %",0.4
2018M02,Vísitala grunnlauna,Starfsmenn á almennum vinnumarkaði,"Ársbreyting, %",7.6
2018M02,Vísitala grunnlauna,Opinberir starfsmenn - alls,Vísitölugildi,95
2018M02,Vísitala grunnlauna,Opinberir starfsmenn - alls,"Mánaðarbreyting, %",0.6
2018M02,Vísitala grunnlauna,Opinberir starfsmenn - alls,"Ársbreyting, %",5.7
2018M02,Vísitala grunnlauna,Opinberir starfsmenn - ríkisstarfsmenn,Vísitölugildi,95.1
2018M02,Vísitala grunnlauna,Opinberir starfsmenn - ríkisstarfsmenn,"Mánaðarbreyting, %",1
2018M02,Vísitala grunnlauna,Opinberir starfsmenn - ríkisstarfsmenn,"Ársbreyting, %",6
2018M02,Vísitala grunnlauna,Opinberir starfsmenn - starfsmenn sveitarfélaga,Vísitölugildi,94.9
2018M02,Vísitala grunnlauna,Opinberir starfsmenn - starfsmenn sveitarfélaga,"Mánaðarbreyting, %",0.1
2018M02,Vísitala grunnlauna,Opinberir starfsmenn - starfsmenn sveitarfélaga,"Ársbreyting, %",5.4
2018M03,Launavísitala,Alls,Vísitölugildi,95.4
2018M03,Launavísitala,Alls,"Mánaðarbreyting, %",0.3
2018M03,Launavísitala,Alls,"Ársbreyting, %",7.1
2018M03,Launavísitala,Starfsmenn á almennum vinnumarkaði,Vísitölugildi,95.6
2018M03,Launavísitala,Starfsmenn á almennum vinnumarkaði,"Mánaðarbreyting, %",0.2
2018M03,Launavísitala,Starfsmenn á almennum vinnumarkaði,"Ársbreyting, %",7.6
2018M03,Launavísitala,Opinberir starfsmenn - alls,Vísitölugildi,95.1
2018M03,Launavísitala,Opinberir starfsmenn - alls,"Mánaðarbreyting, %",0.5
2018M03,Launavísitala,Opinberir starfsmenn - alls,"Ársbreyting, %",5.7
2018M03,Launavísitala,Opinberir starfsmenn - ríkisstarfsmenn,Vísitölugildi,95.4
2018M03,Launavísitala,Opinberir starfsmenn - ríkisstarfsmenn,"Mánaðarbreyting, %",0.5
2018M03,Launavísitala,Opinberir starfsmenn - ríkisstarfsmenn,"Ársbreyting, %",6.5
2018M03,Launavísitala,Opinberir starfsmenn - starfsmenn sveitarfélaga,Vísitölugildi,94.8
2018M03,Launavísitala,Opinberir starfsmenn - starfsmenn sveitarfélaga,"Mánaðarbreyting, %",0.5
2018M03,Launavísitala,Opinberir starfsmenn - starfsmenn sveitarfélaga,"Ársbreyting, %",4.7
2018M03,Vísitala grunnlauna,Alls,Vísitölugildi,95.6
2018M03,Vísitala grunnlauna,Alls,"Mánaðarbreyting, %",0.3
2018M03,Vísitala grunnlauna,Alls,"Ársbreyting, %",7
2018M03,Vísitala grunnlauna,Starfsmenn á almennum vinnumarkaði,Vísitölugildi,95.6
2018M03,Vísitala grunnlauna,Starfsmenn á almennum vinnumarkaði,"Mánaðarbreyting, %",0.2
2018M03,Vísitala grunnlauna,Starfsmenn á almennum vinnumarkaði,"Ársbreyting, %",7.5
2018M03,Vísitala grunnlauna,Opinberir starfsmenn - alls,Vísitölugildi,95.5
2018M03,Vísitala grunnlauna,Opinberir starfsmenn - alls,"Mánaðarbreyting, %",0.5
2018M03,Vísitala grunnlauna,Opinberir starfsmenn - alls,"Ársbreyting, %",5.6
2018M03,Vísitala grunnlauna,Opinberir starfsmenn - ríkisstarfsmenn,Vísitölugildi,95.5
2018M03,Vísitala grunnlauna,Opinberir starfsmenn - ríkisstarfsmenn,"Mánaðarbreyting, %",0.4
2018M03,Vísitala grunnlauna,Opinberir starfsmenn - ríkisstarfsmenn,"Ársbreyting, %",6.3
2018M03,Vísitala grunnlauna,Opinberir starfsmenn - starfsmenn sveitarfélaga,Vísitölugildi,95.5
2018M03,Vísitala grunnlauna,Opinberir starfsmenn - starfsmenn sveitarfélaga,"Mánaðarbreyting, %",0.6
2018M03,Vísitala grunnlauna,Opinberir starfsmenn - starfsmenn sveitarfélaga,"Ársbreyting, %",4.7
2018M04,Launavísitala,Alls,Vísitölugildi,95.7
2018M04,Launavísitala,Alls,"Mánaðarbreyting, %",0.3
2018M04,Launavísitala,Alls,"Ársbreyting, %",7.3
2018M04,Launavísitala,Starfsmenn á almennum vinnumarkaði,Vísitölugildi,95.8
2018M04,Launavísitala,Starfsmenn á almennum vinnumarkaði,"Mánaðarbreyting, %",0.2
2018M04,Launavísitala,Starfsmenn á almennum vinnumarkaði,"Ársbreyting, %",7.8
2018M04,Launavísitala,Opinberir starfsmenn - alls,Vísitölugildi,95.3
2018M04,Launavísitala,Opinberir starfsmenn - alls,"Mánaðarbreyting, %",0.2
2018M04,Launavísitala,Opinberir starfsmenn - alls,"Ársbreyting, %",5.7
2018M04,Launavísitala,Opinberir starfsmenn - ríkisstarfsmenn,Vísitölugildi,95.6
2018M04,Launavísitala,Opinberir starfsmenn - ríkisstarfsmenn,"Mánaðarbreyting, %",0.2
2018M04,Launavísitala,Opinberir starfsmenn - ríkisstarfsmenn,"Ársbreyting, %",6.5
2018M04,Launavísitala,Opinberir starfsmenn - starfsmenn sveitarfélaga,Vísitölugildi,94.9
2018M04,Launavísitala,Opinberir starfsmenn - starfsmenn sveitarfélaga,"Mánaðarbreyting, %",0.1
2018M04,Launavísitala,Opinberir starfsmenn - starfsmenn sveitarfélaga,"Ársbreyting, %",4.8
2018M04,Vísitala grunnlauna,Alls,Vísitölugildi,95.7
2018M04,Vísitala grunnlauna,Alls,"Mánaðarbreyting, %",0.2
2018M04,Vísitala grunnlauna,Alls,"Ársbreyting, %",7
2018M04,Vísitala grunnlauna,Starfsmenn á almennum vinnumarkaði,Vísitölugildi,95.8
2018M04,Vísitala grunnlauna,Starfsmenn á almennum vinnumarkaði,"Mánaðarbreyting, %",0.2
2018M04,Vísitala grunnlauna,Starfsmenn á almennum vinnumarkaði,"Ársbreyting, %",7.4
2018M04,Vísitala grunnlauna,Opinberir starfsmenn - alls,Vísitölugildi,95.7
2018M04,Vísitala grunnlauna,Opinberir starfsmenn - alls,"Mánaðarbreyting, %",0.2
2018M04,Vísitala grunnlauna,Opinberir starfsmenn - alls,"Ársbreyting, %",5.6
2018M04,Vísitala grunnlauna,Opinberir starfsmenn - ríkisstarfsmenn,Vísitölugildi,95.7
2018M04,Vísitala grunnlauna,Opinberir starfsmenn - ríkisstarfsmenn,"Mánaðarbreyting, %",0.2
2018M04,Vísitala grunnlauna,Opinberir starfsmenn - ríkisstarfsmenn,"Ársbreyting, %",6.3
2018M04,Vísitala grunnlauna,Opinberir starfsmenn - starfsmenn sveitarfélaga,Vísitölugildi,95.6
2018M04,Vísitala grunnlauna,Opinberir starfsmenn - starfsmenn sveitarfélaga,"Mánaðarbreyting, %",0.1
2018M04,Vísitala grunnlauna,Opinberir starfsmenn - starfsmenn sveitarfélaga,"Ársbreyting, %",4.8
2018M05,Launavísitala,Alls,Vísitölugildi,97.9
2018M05,Launavísitala,Alls,"Mánaðarbreyting, %",2.3
2018M05,Launavísitala,Alls,"Ársbreyting, %",6.3
2018M05,Launavísitala,Starfsmenn á almennum vinnumarkaði,Vísitölugildi,98.8
2018M05,Launavísitala,Starfsmenn á almennum vinnumarkaði,"Mánaðarbreyting, %",3.1
2018M05,Launavísitala,Starfsmenn á almennum vinnumarkaði,"Ársbreyting, %",6.5
2018M05,Launavísitala,Opinberir starfsmenn - alls,Vísitölugildi,95.6
2018M05,Launavísitala,Opinberir starfsmenn - alls,"Mánaðarbreyting, %",0.3
2018M05,Launavísitala,Opinberir starfsmenn - alls,"Ársbreyting, %",6
2018M05,Launavísitala,Opinberir starfsmenn - ríkisstarfsmenn,Vísitölugildi,96
2018M05,Launavísitala,Opinberir starfsmenn - ríkisstarfsmenn,"Mánaðarbreyting, %",0.4
2018M05,Launavísitala,Opinberir starfsmenn - ríkisstarfsmenn,"Ársbreyting, %",6.8
2018M05,Launavísitala,Opinberir starfsmenn - starfsmenn sveitarfélaga,Vísitölugildi,95.1
2018M05,Launavísitala,Opinberir starfsmenn - starfsmenn sveitarfélaga,"Mánaðarbreyting, %",0.2
2018M05,Launavísitala,Opinberir starfsmenn - starfsmenn sveitarfélaga,"Ársbreyting, %",5
2018M05,Vísitala grunnlauna,Alls,Vísitölugildi,98
2018M05,Vísitala grunnlauna,Alls,"Mánaðarbreyting, %",2.3
2018M05,Vísitala grunnlauna,Alls,"Ársbreyting, %",6.1
2018M05,Vísitala grunnlauna,Starfsmenn á almennum vinnumarkaði,Vísitölugildi,98.7
2018M05,Vísitala grunnlauna,Starfsmenn á almennum vinnumarkaði,"Mánaðarbreyting, %",3
2018M05,Vísitala grunnlauna,Starfsmenn á almennum vinnumarkaði,"Ársbreyting, %",6.2
2018M05,Vísitala grunnlauna,Opinberir starfsmenn - alls,Vísitölugildi,95.9
2018M05,Vísitala grunnlauna,Opinberir starfsmenn - alls,"Mánaðarbreyting, %",0.3
2018M05,Vísitala grunnlauna,Opinberir starfsmenn - alls,"Ársbreyting, %",5.8
2018M05,Vísitala grunnlauna,Opinberir starfsmenn - ríkisstarfsmenn,Vísitölugildi,96.1
2018M05,Vísitala grunnlauna,Opinberir starfsmenn - ríkisstarfsmenn,"Mánaðarbreyting, %",0.4
2018M05,Vísitala grunnlauna,Opinberir starfsmenn - ríkisstarfsmenn,"Ársbreyting, %",6.6
2018M05,Vísitala grunnlauna,Opinberir starfsmenn - starfsmenn sveitarfélaga,Vísitölugildi,95.7
2018M05,Vísitala grunnlauna,Opinberir starfsmenn - starfsmenn sveitarfélaga,"Mánaðarbreyting, %",0.1
2018M05,Vísitala grunnlauna,Opinberir starfsmenn - starfsmenn sveitarfélaga,"Ársbreyting, %",4.9
2018M06,Launavísitala,Alls,Vísitölugildi,98.5
2018M06,Launavísitala,Alls,"Mánaðarbreyting, %",0.7
2018M06,Launavísitala,Alls,"Ársbreyting, %",5.9
2018M06,Launavísitala,Starfsmenn á almennum vinnumarkaði,Vísitölugildi,98.9
2018M06,Launavísitala,Starfsmenn á almennum vinnumarkaði,"Mánaðarbreyting, %",0.1
2018M06,Launavísitala,Starfsmenn á almennum vinnumarkaði,"Ársbreyting, %",6.1
2018M06,Launavísitala,Opinberir starfsmenn - alls,Vísitölugildi,97.9
2018M06,Launavísitala,Opinberir starfsmenn - alls,"Mánaðarbreyting, %",2.4
2018M06,Launavísitala,Opinberir starfsmenn - alls,"Ársbreyting, %",5.5
2018M06,Launavísitala,Opinberir starfsmenn - ríkisstarfsmenn,Vísitölugildi,98.2
2018M06,Launavísitala,Opinberir starfsmenn - ríkisstarfsmenn,"Mánaðarbreyting, %",2.3
2018M06,Launavísitala,Opinberir starfsmenn - ríkisstarfsmenn,"Ársbreyting, %",6.5
2018M06,Launavísitala,Opinberir starfsmenn - starfsmenn sveitarfélaga,Vísitölugildi,97.5
2018M06,Launavísitala,Opinberir starfsmenn - starfsmenn sveitarfélaga,"Mánaðarbreyting, %",2.5
2018M06,Launavísitala,Opinberir starfsmenn - starfsmenn sveitarfélaga,"Ársbreyting, %",4.2
2018M06,Vísitala grunnlauna,Alls,Vísitölugildi,98.8
2018M06,Vísitala grunnlauna,Alls,"Mánaðarbreyting, %",0.8
2018M06,Vísitala grunnlauna,Alls,"Ársbreyting, %",5.8
2018M06,Vísitala grunnlauna,Starfsmenn á almennum vinnumarkaði,Vísitölugildi,98.9
2018M06,Vísitala grunnlauna,Starfsmenn á almennum vinnumarkaði,"Mánaðarbreyting, %",0.3
2018M06,Vísitala grunnlauna,Starfsmenn á almennum vinnumarkaði,"Ársbreyting, %",5.9
2018M06,Vísitala grunnlauna,Opinberir starfsmenn - alls,Vísitölugildi,98.3
2018M06,Vísitala grunnlauna,Opinberir starfsmenn - alls,"Mánaðarbreyting, %",2.5
2018M06,Vísitala grunnlauna,Opinberir starfsmenn - alls,"Ársbreyting, %",5.4
2018M06,Vísitala grunnlauna,Opinberir starfsmenn - ríkisstarfsmenn,Vísitölugildi,98.5
2018M06,Vísitala grunnlauna,Opinberir starfsmenn - ríkisstarfsmenn,"Mánaðarbreyting, %",2.5
2018M06,Vísitala grunnlauna,Opinberir starfsmenn - ríkisstarfsmenn,"Ársbreyting, %",6.4
2018M06,Vísitala grunnlauna,Opinberir starfsmenn - starfsmenn sveitarfélaga,Vísitölugildi,98.1
2018M06,Vísitala grunnlauna,Opinberir starfsmenn - starfsmenn sveitarfélaga,"Mánaðarbreyting, %",2.5
2018M06,Vísitala grunnlauna,Opinberir starfsmenn - starfsmenn sveitarfélaga,"Ársbreyting, %",4.1
2018M07,Launavísitala,Alls,Vísitölugildi,98.9
2018M07,Launavísitala,Alls,"Mánaðarbreyting, %",0.4
2018M07,Launavísitala,Alls,"Ársbreyting, %",6.3
2018M07,Launavísitala,Starfsmenn á almennum vinnumarkaði,Vísitölugildi,99.1
2018M07,Launavísitala,Starfsmenn á almennum vinnumarkaði,"Mánaðarbreyting, %",0.2
2018M07,Launavísitala,Starfsmenn á almennum vinnumarkaði,"Ársbreyting, %",6.3
2018M07,Launavísitala,Opinberir starfsmenn - alls,Vísitölugildi,98.4
2018M07,Launavísitala,Opinberir starfsmenn - alls,"Mánaðarbreyting, %",0.5
2018M07,Launavísitala,Opinberir starfsmenn - alls,"Ársbreyting, %",5.5
2018M07,Launavísitala,Opinberir starfsmenn - ríkisstarfsmenn,Vísitölugildi,98.5
2018M07,Launavísitala,Opinberir starfsmenn - ríkisstarfsmenn,"Mánaðarbreyting, %",0.4
2018M07,Launavísitala,Opinberir starfsmenn - ríkisstarfsmenn,"Ársbreyting, %",6.2
2018M07,Launavísitala,Opinberir starfsmenn - starfsmenn sveitarfélaga,Vísitölugildi,98.2
2018M07,Launavísitala,Opinberir starfsmenn - starfsmenn sveitarfélaga,"Mánaðarbreyting, %",0.7
2018M07,Launavísitala,Opinberir starfsmenn - starfsmenn sveitarfélaga,"Ársbreyting, %",4.8
2018M07,Vísitala grunnlauna,Alls,Vísitölugildi,99
2018M07,Vísitala grunnlauna,Alls,"Mánaðarbreyting, %",0.3
2018M07,Vísitala grunnlauna,Alls,"Ársbreyting, %",5.8
2018M07,Vísitala grunnlauna,Starfsmenn á almennum vinnumarkaði,Vísitölugildi,99.1
2018M07,Vísitala grunnlauna,Starfsmenn á almennum vinnumarkaði,"Mánaðarbreyting, %",0.2
2018M07,Vísitala grunnlauna,Starfsmenn á almennum vinnumarkaði,"Ársbreyting, %",5.9
2018M07,Vísitala grunnlauna,Opinberir starfsmenn - alls,Vísitölugildi,98.8
2018M07,Vísitala grunnlauna,Opinberir starfsmenn - alls,"Mánaðarbreyting, %",0.5
2018M07,Vísitala grunnlauna,Opinberir starfsmenn - alls,"Ársbreyting, %",5.6
2018M07,Vísitala grunnlauna,Opinberir starfsmenn - ríkisstarfsmenn,Vísitölugildi,98.8
2018M07,Vísitala grunnlauna,Opinberir starfsmenn - ríkisstarfsmenn,"Mánaðarbreyting, %",0.3
2018M07,Vísitala grunnlauna,Opinberir starfsmenn - ríkisstarfsmenn,"Ársbreyting, %",6.3
2018M07,Vísitala grunnlauna,Opinberir starfsmenn - starfsmenn sveitarfélaga,Vísitölugildi,98.9
2018M07,Vísitala grunnlauna,Opinberir starfsmenn - starfsmenn sveitarfélaga,"Mánaðarbreyting, %",0.8
2018M07,Vísitala grunnlauna,Opinberir starfsmenn - starfsmenn sveitarfélaga,"Ársbreyting, %",4.8
2018M08,Launavísitala,Alls,Vísitölugildi,98.8
2018M08,Launavísitala,Alls,"Mánaðarbreyting, %",-0.1
2018M08,Launavísitala,Alls,"Ársbreyting, %",6
2018M08,Launavísitala,Starfsmenn á almennum vinnumarkaði,Vísitölugildi,98.9
2018M08,Launavísitala,Starfsmenn á almennum vinnumarkaði,"Mánaðarbreyting, %",-0.2
2018M08,Launavísitala,Starfsmenn á almennum vinnumarkaði,"Ársbreyting, %",6.1
2018M08,Launavísitala,Opinberir starfsmenn - alls,Vísitölugildi,98.6
2018M08,Launavísitala,Opinberir starfsmenn - alls,"Mánaðarbreyting, %",0.2
2018M08,Launavísitala,Opinberir starfsmenn - alls,"Ársbreyting, %",5.7
2018M08,Launavísitala,Opinberir starfsmenn - ríkisstarfsmenn,Vísitölugildi,98.9
2018M08,Launavísitala,Opinberir starfsmenn - ríkisstarfsmenn,"Mánaðarbreyting, %",0.3
2018M08,Launavísitala,Opinberir starfsmenn - ríkisstarfsmenn,"Ársbreyting, %",6.3
2018M08,Launavísitala,Opinberir starfsmenn - starfsmenn sveitarfélaga,Vísitölugildi,98.3
2018M08,Launavísitala,Opinberir starfsmenn - starfsmenn sveitarfélaga,"Mánaðarbreyting, %",0.1
2018M08,Launavísitala,Opinberir starfsmenn - starfsmenn sveitarfélaga,"Ársbreyting, %",5
2018M08,Vísitala grunnlauna,Alls,Vísitölugildi,99.2
2018M08,Vísitala grunnlauna,Alls,"Mánaðarbreyting, %",0.2
2018M08,Vísitala grunnlauna,Alls,"Ársbreyting, %",5.9
2018M08,Vísitala grunnlauna,Starfsmenn á almennum vinnumarkaði,Vísitölugildi,99.2
2018M08,Vísitala grunnlauna,Starfsmenn á almennum vinnumarkaði,"Mánaðarbreyting, %",0.1
2018M08,Vísitala grunnlauna,Starfsmenn á almennum vinnumarkaði,"Ársbreyting, %",5.9
2018M08,Vísitala grunnlauna,Opinberir starfsmenn - alls,Vísitölugildi,99.1
2018M08,Vísitala grunnlauna,Opinberir starfsmenn - alls,"Mánaðarbreyting, %",0.2
2018M08,Vísitala grunnlauna,Opinberir starfsmenn - alls,"Ársbreyting, %",5.7
2018M08,Vísitala grunnlauna,Opinberir starfsmenn - ríkisstarfsmenn,Vísitölugildi,99.1
2018M08,Vísitala grunnlauna,Opinberir starfsmenn - ríkisstarfsmenn,"Mánaðarbreyting, %",0.3
2018M08,Vísitala grunnlauna,Opinberir starfsmenn - ríkisstarfsmenn,"Ársbreyting, %",6.4
2018M08,Vísitala grunnlauna,Opinberir starfsmenn - starfsmenn sveitarfélaga,Vísitölugildi,99
2018M08,Vísitala grunnlauna,Opinberir starfsmenn - starfsmenn sveitarfélaga,"Mánaðarbreyting, %",0.1
2018M08,Vísitala grunnlauna,Opinberir starfsmenn - starfsmenn sveitarfélaga,"Ársbreyting, %",4.8
2018M09,Launavísitala,Alls,Vísitölugildi,99.4
2018M09,Launavísitala,Alls,"Mánaðarbreyting, %",0.6
2018M09,Launavísitala,Alls,"Ársbreyting, %",5.9
2018M09,Launavísitala,Starfsmenn á almennum vinnumarkaði,Vísitölugildi,99.6
2018M09,Launavísitala,Starfsmenn á almennum vinnumarkaði,"Mánaðarbreyting, %",0.7
2018M09,Launavísitala,Starfsmenn á almennum vinnumarkaði,"Ársbreyting, %",6.1
2018M09,Launavísitala,Opinberir starfsmenn - alls,Vísitölugildi,99
2018M09,Launavísitala,Opinberir starfsmenn - alls,"Mánaðarbreyting, %",0.4
2018M09,Launavísitala,Opinberir starfsmenn - alls,"Ársbreyting, %",5.7
2018M09,Launavísitala,Opinberir starfsmenn - ríkisstarfsmenn,Vísitölugildi,99.2
2018M09,Launavísitala,Opinberir starfsmenn - ríkisstarfsmenn,"Mánaðarbreyting, %",0.3
2018M09,Launavísitala,Opinberir starfsmenn - ríkisstarfsmenn,"Ársbreyting, %",6.1
2018M09,Launavísitala,Opinberir starfsmenn - starfsmenn sveitarfélaga,Vísitölugildi,98.8
2018M09,Launavísitala,Opinberir starfsmenn - starfsmenn sveitarfélaga,"Mánaðarbreyting, %",0.5
2018M09,Launavísitala,Opinberir starfsmenn - starfsmenn sveitarfélaga,"Ársbreyting, %",5.3
2018M09,Vísitala grunnlauna,Alls,Vísitölugildi,99.5
2018M09,Vísitala grunnlauna,Alls,"Mánaðarbreyting, %",0.3
2018M09,Vísitala grunnlauna,Alls,"Ársbreyting, %",5.8
2018M09,Vísitala grunnlauna,Starfsmenn á almennum vinnumarkaði,Vísitölugildi,99.5
2018M09,Vísitala grunnlauna,Starfsmenn á almennum vinnumarkaði,"Mánaðarbreyting, %",0.2
2018M09,Vísitala grunnlauna,Starfsmenn á almennum vinnumarkaði,"Ársbreyting, %",5.8
2018M09,Vísitala grunnlauna,Opinberir starfsmenn - alls,Vísitölugildi,99.4
2018M09,Vísitala grunnlauna,Opinberir starfsmenn - alls,"Mánaðarbreyting, %",0.3
2018M09,Vísitala grunnlauna,Opinberir starfsmenn - alls,"Ársbreyting, %",5.8
2018M09,Vísitala grunnlauna,Opinberir starfsmenn - ríkisstarfsmenn,Vísitölugildi,99.4
2018M09,Vísitala grunnlauna,Opinberir starfsmenn - ríkisstarfsmenn,"Mánaðarbreyting, %",0.2
2018M09,Vísitala grunnlauna,Opinberir starfsmenn - ríkisstarfsmenn,"Ársbreyting, %",6.3
2018M09,Vísitala grunnlauna,Opinberir starfsmenn - starfsmenn sveitarfélaga,Vísitölugildi,99.4
2018M09,Vísitala grunnlauna,Opinberir starfsmenn - starfsmenn sveitarfélaga,"Mánaðarbreyting, %",0.4
2018M09,Vísitala grunnlauna,Opinberir starfsmenn - starfsmenn sveitarfélaga,"Ársbreyting, %",5.2
2018M10,Launavísitala,Alls,Vísitölugildi,99.8
2018M10,Launavísitala,Alls,"Mánaðarbreyting, %",0.4
2018M10,Launavísitala,Alls,"Ársbreyting, %",6.2
2018M10,Launavísitala,Starfsmenn á almennum vinnumarkaði,Vísitölugildi,100
2018M10,Launavísitala,Starfsmenn á almennum vinnumarkaði,"Mánaðarbreyting, %",0.4
2018M10,Launavísitala,Starfsmenn á almennum vinnumarkaði,"Ársbreyting, %",6.2
2018M10,Launavísitala,Opinberir starfsmenn - alls,Vísitölugildi,99.6
2018M10,Launavísitala,Opinberir starfsmenn - alls,"Mánaðarbreyting, %",0.6
2018M10,Launavísitala,Opinberir starfsmenn - alls,"Ársbreyting, %",6
2018M10,Launavísitala,Opinberir starfsmenn - ríkisstarfsmenn,Vísitölugildi,99.6
2018M10,Launavísitala,Opinberir starfsmenn - ríkisstarfsmenn,"Mánaðarbreyting, %",0.5
2018M10,Launavísitala,Opinberir starfsmenn - ríkisstarfsmenn,"Ársbreyting, %",6.5
2018M10,Launavísitala,Opinberir starfsmenn - starfsmenn sveitarfélaga,Vísitölugildi,99.5
2018M10,Launavísitala,Opinberir starfsmenn - starfsmenn sveitarfélaga,"Mánaðarbreyting, %",0.7
2018M10,Launavísitala,Opinberir starfsmenn - starfsmenn sveitarfélaga,"Ársbreyting, %",5.6
2018M10,Vísitala grunnlauna,Alls,Vísitölugildi,99.7
2018M10,Vísitala grunnlauna,Alls,"Mánaðarbreyting, %",0.3
2018M10,Vísitala grunnlauna,Alls,"Ársbreyting, %",5.9
2018M10,Vísitala grunnlauna,Starfsmenn á almennum vinnumarkaði,Vísitölugildi,99.7
2018M10,Vísitala grunnlauna,Starfsmenn á almennum vinnumarkaði,"Mánaðarbreyting, %",0.3
2018M10,Vísitala grunnlauna,Starfsmenn á almennum vinnumarkaði,"Ársbreyting, %",5.9
2018M10,Vísitala grunnlauna,Opinberir starfsmenn - alls,Vísitölugildi,99.7
2018M10,Vísitala grunnlauna,Opinberir starfsmenn - alls,"Mánaðarbreyting, %",0.3
2018M10,Vísitala grunnlauna,Opinberir starfsmenn - alls,"Ársbreyting, %",5.9
2018M10,Vísitala grunnlauna,Opinberir starfsmenn - ríkisstarfsmenn,Vísitölugildi,99.6
2018M10,Vísitala grunnlauna,Opinberir starfsmenn - ríkisstarfsmenn,"Mánaðarbreyting, %",0.2
2018M10,Vísitala grunnlauna,Opinberir starfsmenn - ríkisstarfsmenn,"Ársbreyting, %",6.3
2018M10,Vísitala grunnlauna,Opinberir starfsmenn - starfsmenn sveitarfélaga,Vísitölugildi,99.8
2018M10,Vísitala grunnlauna,Opinberir starfsmenn - starfsmenn sveitarfélaga,"Mánaðarbreyting, %",0.4
2018M10,Vísitala grunnlauna,Opinberir starfsmenn - starfsmenn sveitarfélaga,"Ársbreyting, %",5.4
2018M11,Launavísitala,Alls,Vísitölugildi,100
2018M11,Launavísitala,Alls,"Mánaðarbreyting, %",0.1
2018M11,Launavísitala,Alls,"Ársbreyting, %",6.2
2018M11,Launavísitala,Starfsmenn á almennum vinnumarkaði,Vísitölugildi,100.1
2018M11,Launavísitala,Starfsmenn á almennum vinnumarkaði,"Mánaðarbreyting, %",0.1
2018M11,Launavísitala,Starfsmenn á almennum vinnumarkaði,"Ársbreyting, %",6.1
2018M11,Launavísitala,Opinberir starfsmenn - alls,Vísitölugildi,99.8
2018M11,Launavísitala,Opinberir starfsmenn - alls,"Mánaðarbreyting, %",0.2
2018M11,Launavísitala,Opinberir starfsmenn - alls,"Ársbreyting, %",6.3
2018M11,Launavísitala,Opinberir starfsmenn - ríkisstarfsmenn,Vísitölugildi,99.8
2018M11,Launavísitala,Opinberir starfsmenn - ríkisstarfsmenn,"Mánaðarbreyting, %",0.2
2018M11,Launavísitala,Opinberir starfsmenn - ríkisstarfsmenn,"Ársbreyting, %",6.5
2018M11,Launavísitala,Opinberir starfsmenn - starfsmenn sveitarfélaga,Vísitölugildi,99.8
2018M11,Launavísitala,Opinberir starfsmenn - starfsmenn sveitarfélaga,"Mánaðarbreyting, %",0.3
2018M11,Launavísitala,Opinberir starfsmenn - starfsmenn sveitarfélaga,"Ársbreyting, %",6
2018M11,Vísitala grunnlauna,Alls,Vísitölugildi,99.9
2018M11,Vísitala grunnlauna,Alls,"Mánaðarbreyting, %",0.1
2018M11,Vísitala grunnlauna,Alls,"Ársbreyting, %",5.9
2018M11,Vísitala grunnlauna,Starfsmenn á almennum vinnumarkaði,Vísitölugildi,99.9
2018M11,Vísitala grunnlauna,Starfsmenn á almennum vinnumarkaði,"Mánaðarbreyting, %",0.1
2018M11,Vísitala grunnlauna,Starfsmenn á almennum vinnumarkaði,"Ársbreyting, %",5.8
2018M11,Vísitala grunnlauna,Opinberir starfsmenn - alls,Vísitölugildi,99.8
2018M11,Vísitala grunnlauna,Opinberir starfsmenn - alls,"Mánaðarbreyting, %",0.2
2018M11,Vísitala grunnlauna,Opinberir starfsmenn - alls,"Ársbreyting, %",5.9
2018M11,Vísitala grunnlauna,Opinberir starfsmenn - ríkisstarfsmenn,Vísitölugildi,99.7
2018M11,Vísitala grunnlauna,Opinberir starfsmenn - ríkisstarfsmenn,"Mánaðarbreyting, %",0.2
2018M11,Vísitala grunnlauna,Opinberir starfsmenn - ríkisstarfsmenn,"Ársbreyting, %",6.3
2018M11,Vísitala grunnlauna,Opinberir starfsmenn - starfsmenn sveitarfélaga,Vísitölugildi,99.9
2018M11,Vísitala grunnlauna,Opinberir starfsmenn - starfsmenn sveitarfélaga,"Mánaðarbreyting, %",0.1
2018M11,Vísitala grunnlauna,Opinberir starfsmenn - starfsmenn sveitarfélaga,"Ársbreyting, %",5.5
2018M12,Launavísitala,Alls,Vísitölugildi,100
2018M12,Launavísitala,Alls,"Mánaðarbreyting, %",0
2018M12,Launavísitala,Alls,"Ársbreyting, %",6
2018M12,Launavísitala,Starfsmenn á almennum vinnumarkaði,Vísitölugildi,100
2018M12,Launavísitala,Starfsmenn á almennum vinnumarkaði,"Mánaðarbreyting, %",-0.1
2018M12,Launavísitala,Starfsmenn á almennum vinnumarkaði,"Ársbreyting, %",5.8
2018M12,Launavísitala,Opinberir starfsmenn - alls,Vísitölugildi,100
2018M12,Launavísitala,Opinberir starfsmenn - alls,"Mánaðarbreyting, %",0.2
2018M12,Launavísitala,Opinberir starfsmenn - alls,"Ársbreyting, %",6.1
2018M12,Launavísitala,Opinberir starfsmenn - ríkisstarfsmenn,Vísitölugildi,100
2018M12,Launavísitala,Opinberir starfsmenn - ríkisstarfsmenn,"Mánaðarbreyting, %",0.2
2018M12,Launavísitala,Opinberir starfsmenn - ríkisstarfsmenn,"Ársbreyting, %",6.3
2018M12,Launavísitala,Opinberir starfsmenn - starfsmenn sveitarfélaga,Vísitölugildi,100
2018M12,Launavísitala,Opinberir starfsmenn - starfsmenn sveitarfélaga,"Mánaðarbreyting, %",0.2
2018M12,Launavísitala,Opinberir starfsmenn - starfsmenn sveitarfélaga,"Ársbreyting, %",5.9
2018M12,Vísitala grunnlauna,Alls,Vísitölugildi,100
2018M12,Vísitala grunnlauna,Alls,"Mánaðarbreyting, %",0.1
2018M12,Vísitala grunnlauna,Alls,"Ársbreyting, %",5.8
2018M12,Vísitala grunnlauna,Starfsmenn á almennum vinnumarkaði,Vísitölugildi,100
2018M12,Vísitala grunnlauna,Starfsmenn á almennum vinnumarkaði,"Mánaðarbreyting, %",0.1
2018M12,Vísitala grunnlauna,Starfsmenn á almennum vinnumarkaði,"Ársbreyting, %",5.7
2018M12,Vísitala grunnlauna,Opinberir starfsmenn - alls,Vísitölugildi,100
2018M12,Vísitala grunnlauna,Opinberir starfsmenn - alls,"Mánaðarbreyting, %",0.2
2018M12,Vísitala grunnlauna,Opinberir starfsmenn - alls,"Ársbreyting, %",5.9
2018M12,Vísitala grunnlauna,Opinberir starfsmenn - ríkisstarfsmenn,Vísitölugildi,100
2018M12,Vísitala grunnlauna,Opinberir starfsmenn - ríkisstarfsmenn,"Mánaðarbreyting, %",0.3
2018M12,Vísitala grunnlauna,Opinberir starfsmenn - ríkisstarfsmenn,"Ársbreyting, %",6.2
2018M12,Vísitala grunnlauna,Opinberir starfsmenn - starfsmenn sveitarfélaga,Vísitölugildi,100
2018M12,Vísitala grunnlauna,Opinberir starfsmenn - starfsmenn sveitarfélaga,"Mánaðarbreyting, %",0.1
2018M12,Vísitala grunnlauna,Opinberir starfsmenn - starfsmenn sveitarfélaga,"Ársbreyting, %",5.5
2019M01,Launavísitala,Alls,Vísitölugildi,100.3
2019M01,Launavísitala,Alls,"Mánaðarbreyting, %",0.3
2019M01,Launavísitala,Alls,"Ársbreyting, %",5.8
2019M01,Launavísitala,Starfsmenn á almennum vinnumarkaði,Vísitölugildi,100.6
2019M01,Launavísitala,Starfsmenn á almennum vinnumarkaði,"Mánaðarbreyting, %",0.6
2019M01,Launavísitala,Starfsmenn á almennum vinnumarkaði,"Ársbreyting, %",5.9
2019M01,Launavísitala,Opinberir starfsmenn - alls,Vísitölugildi,99.8
2019M01,Launavísitala,Opinberir starfsmenn - alls,"Mánaðarbreyting, %",-0.2
2019M01,Launavísitala,Opinberir starfsmenn - alls,"Ársbreyting, %",6.3
2019M01,Launavísitala,Opinberir starfsmenn - ríkisstarfsmenn,Vísitölugildi,100.2
2019M01,Launavísitala,Opinberir starfsmenn - ríkisstarfsmenn,"Mánaðarbreyting, %",0.2
2019M01,Launavísitala,Opinberir starfsmenn - ríkisstarfsmenn,"Ársbreyting, %",6.9
2019M01,Launavísitala,Opinberir starfsmenn - starfsmenn sveitarfélaga,Vísitölugildi,99.5
2019M01,Launavísitala,Opinberir starfsmenn - starfsmenn sveitarfélaga,"Mánaðarbreyting, %",-0.5
2019M01,Launavísitala,Opinberir starfsmenn - starfsmenn sveitarfélaga,"Ársbreyting, %",5.6
2019M01,Vísitala grunnlauna,Alls,Vísitölugildi,100.2
2019M01,Vísitala grunnlauna,Alls,"Mánaðarbreyting, %",0.2
2019M01,Vísitala grunnlauna,Alls,"Ársbreyting, %",5.6
2019M01,Vísitala grunnlauna,Starfsmenn á almennum vinnumarkaði,Vísitölugildi,100.3
2019M01,Vísitala grunnlauna,Starfsmenn á almennum vinnumarkaði,"Mánaðarbreyting, %",0.3
2019M01,Vísitala grunnlauna,Starfsmenn á almennum vinnumarkaði,"Ársbreyting, %",5.5
2019M01,Vísitala grunnlauna,Opinberir starfsmenn - alls,Vísitölugildi,100
2019M01,Vísitala grunnlauna,Opinberir starfsmenn - alls,"Mánaðarbreyting, %",0
2019M01,Vísitala grunnlauna,Opinberir starfsmenn - alls,"Ársbreyting, %",5.9
2019M01,Vísitala grunnlauna,Opinberir starfsmenn - ríkisstarfsmenn,Vísitölugildi,100
2019M01,Vísitala grunnlauna,Opinberir starfsmenn - ríkisstarfsmenn,"Mánaðarbreyting, %",0
2019M01,Vísitala grunnlauna,Opinberir starfsmenn - ríkisstarfsmenn,"Ársbreyting, %",6.2
2019M01,Vísitala grunnlauna,Opinberir starfsmenn - starfsmenn sveitarfélaga,Vísitölugildi,100
2019M01,Vísitala grunnlauna,Opinberir starfsmenn - starfsmenn sveitarfélaga,"Mánaðarbreyting, %",0
2019M01,Vísitala grunnlauna,Opinberir starfsmenn - starfsmenn sveitarfélaga,"Ársbreyting, %",5.5
2019M02,Launavísitala,Alls,Vísitölugildi,100.5
2019M02,Launavísitala,Alls,"Mánaðarbreyting, %",0.2
2019M02,Launavísitala,Alls,"Ársbreyting, %",5.6
2019M02,Launavísitala,Starfsmenn á almennum vinnumarkaði,Vísitölugildi,100.5
2019M02,Launavísitala,Starfsmenn á almennum vinnumarkaði,"Mánaðarbreyting, %",-0.1
2019M02,Launavísitala,Starfsmenn á almennum vinnumarkaði,"Ársbreyting, %",5.3
2019M02,Launavísitala,Opinberir starfsmenn - alls,Vísitölugildi,100.3
2019M02,Launavísitala,Opinberir starfsmenn - alls,"Mánaðarbreyting, %",0.4
2019M02,Launavísitala,Opinberir starfsmenn - alls,"Ársbreyting, %",5.9
2019M02,Launavísitala,Opinberir starfsmenn - ríkisstarfsmenn,Vísitölugildi,100.4
2019M02,Launavísitala,Opinberir starfsmenn - ríkisstarfsmenn,"Mánaðarbreyting, %",0.3
2019M02,Launavísitala,Opinberir starfsmenn - ríkisstarfsmenn,"Ársbreyting, %",5.8
2019M02,Launavísitala,Opinberir starfsmenn - starfsmenn sveitarfélaga,Vísitölugildi,100.1
2019M02,Launavísitala,Opinberir starfsmenn - starfsmenn sveitarfélaga,"Mánaðarbreyting, %",0.6
2019M02,Launavísitala,Opinberir starfsmenn - starfsmenn sveitarfélaga,"Ársbreyting, %",6
2019M02,Vísitala grunnlauna,Alls,Vísitölugildi,100.4
2019M02,Vísitala grunnlauna,Alls,"Mánaðarbreyting, %",0.2
2019M02,Vísitala grunnlauna,Alls,"Ársbreyting, %",5.4
2019M02,Vísitala grunnlauna,Starfsmenn á almennum vinnumarkaði,Vísitölugildi,100.5
2019M02,Vísitala grunnlauna,Starfsmenn á almennum vinnumarkaði,"Mánaðarbreyting, %",0.2
2019M02,Vísitala grunnlauna,Starfsmenn á almennum vinnumarkaði,"Ársbreyting, %",5.4
2019M02,Vísitala grunnlauna,Opinberir starfsmenn - alls,Vísitölugildi,100.2
2019M02,Vísitala grunnlauna,Opinberir starfsmenn - alls,"Mánaðarbreyting, %",0.2
2019M02,Vísitala grunnlauna,Opinberir starfsmenn - alls,"Ársbreyting, %",5.4
2019M02,Vísitala grunnlauna,Opinberir starfsmenn - ríkisstarfsmenn,Vísitölugildi,100.3
2019M02,Vísitala grunnlauna,Opinberir starfsmenn - ríkisstarfsmenn,"Mánaðarbreyting, %",0.3
2019M02,Vísitala grunnlauna,Opinberir starfsmenn - ríkisstarfsmenn,"Ársbreyting, %",5.4
2019M02,Vísitala grunnlauna,Opinberir starfsmenn - starfsmenn sveitarfélaga,Vísitölugildi,100.1
2019M02,Vísitala grunnlauna,Opinberir starfsmenn - starfsmenn sveitarfélaga,"Mánaðarbreyting, %",0.1
2019M02,Vísitala grunnlauna,Opinberir starfsmenn - starfsmenn sveitarfélaga,"Ársbreyting, %",5.4
2019M03,Launavísitala,Alls,Vísitölugildi,100.7
2019M03,Launavísitala,Alls,"Mánaðarbreyting, %",0.2
2019M03,Launavísitala,Alls,"Ársbreyting, %",5.5
2019M03,Launavísitala,Starfsmenn á almennum vinnumarkaði,Vísitölugildi,100.9
2019M03,Launavísitala,Starfsmenn á almennum vinnumarkaði,"Mánaðarbreyting, %",0.4
2019M03,Launavísitala,Starfsmenn á almennum vinnumarkaði,"Ársbreyting, %",5.5
2019M03,Launavísitala,Opinberir starfsmenn - alls,Vísitölugildi,100.2
2019M03,Launavísitala,Opinberir starfsmenn - alls,"Mánaðarbreyting, %",-0.1
2019M03,Launavísitala,Opinberir starfsmenn - alls,"Ársbreyting, %",5.4
2019M03,Launavísitala,Opinberir starfsmenn - ríkisstarfsmenn,Vísitölugildi,100.3
2019M03,Launavísitala,Opinberir starfsmenn - ríkisstarfsmenn,"Mánaðarbreyting, %",-0.1
2019M03,Launavísitala,Opinberir starfsmenn - ríkisstarfsmenn,"Ársbreyting, %",5.1
2019M03,Launavísitala,Opinberir starfsmenn - starfsmenn sveitarfélaga,Vísitölugildi,100
2019M03,Launavísitala,Opinberir starfsmenn - starfsmenn sveitarfélaga,"Mánaðarbreyting, %",-0.1
2019M03,Launavísitala,Opinberir starfsmenn - starfsmenn sveitarfélaga,"Ársbreyting, %",5.5
2019M03,Vísitala grunnlauna,Alls,Vísitölugildi,100.6
2019M03,Vísitala grunnlauna,Alls,"Mánaðarbreyting, %",0.2
2019M03,Vísitala grunnlauna,Alls,"Ársbreyting, %",5.3
2019M03,Vísitala grunnlauna,Starfsmenn á almennum vinnumarkaði,Vísitölugildi,100.7
2019M03,Vísitala grunnlauna,Starfsmenn á almennum vinnumarkaði,"Mánaðarbreyting, %",0.2
2019M03,Vísitala grunnlauna,Starfsmenn á almennum vinnumarkaði,"Ársbreyting, %",5.4
2019M03,Vísitala grunnlauna,Opinberir starfsmenn - alls,Vísitölugildi,100.3
2019M03,Vísitala grunnlauna,Opinberir starfsmenn - alls,"Mánaðarbreyting, %",0.1
2019M03,Vísitala grunnlauna,Opinberir starfsmenn - alls,"Ársbreyting, %",5
2019M03,Vísitala grunnlauna,Opinberir starfsmenn - ríkisstarfsmenn,Vísitölugildi,100.4
2019M03,Vísitala grunnlauna,Opinberir starfsmenn - ríkisstarfsmenn,"Mánaðarbreyting, %",0.1
2019M03,Vísitala grunnlauna,Opinberir starfsmenn - ríkisstarfsmenn,"Ársbreyting, %",5.1
2019M03,Vísitala grunnlauna,Opinberir starfsmenn - starfsmenn sveitarfélaga,Vísitölugildi,100.2
2019M03,Vísitala grunnlauna,Opinberir starfsmenn - starfsmenn sveitarfélaga,"Mánaðarbreyting, %",0.1
2019M03,Vísitala grunnlauna,Opinberir starfsmenn - starfsmenn sveitarfélaga,"Ársbreyting, %",5
2019M04,Launavísitala,Alls,Vísitölugildi,102.2
2019M04,Launavísitala,Alls,"Mánaðarbreyting, %",1.5
2019M04,Launavísitala,Alls,"Ársbreyting, %",6.8
2019M04,Launavísitala,Starfsmenn á almennum vinnumarkaði,Vísitölugildi,102.8
2019M04,Launavísitala,Starfsmenn á almennum vinnumarkaði,"Mánaðarbreyting, %",1.8
2019M04,Launavísitala,Starfsmenn á almennum vinnumarkaði,"Ársbreyting, %",7.3
2019M04,Launavísitala,Opinberir starfsmenn - alls,Vísitölugildi,100.7
2019M04,Launavísitala,Opinberir starfsmenn - alls,"Mánaðarbreyting, %",0.5
2019M04,Launavísitala,Opinberir starfsmenn - alls,"Ársbreyting, %",5.7
2019M04,Launavísitala,Opinberir starfsmenn - ríkisstarfsmenn,Vísitölugildi,100.4
2019M04,Launavísitala,Opinberir starfsmenn - ríkisstarfsmenn,"Mánaðarbreyting, %",0.1
2019M04,Launavísitala,Opinberir starfsmenn - ríkisstarfsmenn,"Ársbreyting, %",5
2019M04,Launavísitala,Opinberir starfsmenn - starfsmenn sveitarfélaga,Vísitölugildi,100.9
2019M04,Launavísitala,Opinberir starfsmenn - starfsmenn sveitarfélaga,"Mánaðarbreyting, %",1
2019M04,Launavísitala,Opinberir starfsmenn - starfsmenn sveitarfélaga,"Ársbreyting, %",6.3
2019M04,Vísitala grunnlauna,Alls,Vísitölugildi,102.2
2019M04,Vísitala grunnlauna,Alls,"Mánaðarbreyting, %",1.5
2019M04,Vísitala grunnlauna,Alls,"Ársbreyting, %",6.7
2019M04,Vísitala grunnlauna,Starfsmenn á almennum vinnumarkaði,Vísitölugildi,102.6
2019M04,Vísitala grunnlauna,Starfsmenn á almennum vinnumarkaði,"Mánaðarbreyting, %",1.9
2019M04,Vísitala grunnlauna,Starfsmenn á almennum vinnumarkaði,"Ársbreyting, %",7.2
2019M04,Vísitala grunnlauna,Opinberir starfsmenn - alls,Vísitölugildi,100.8
2019M04,Vísitala grunnlauna,Opinberir starfsmenn - alls,"Mánaðarbreyting, %",0.5
2019M04,Vísitala grunnlauna,Opinberir starfsmenn - alls,"Ársbreyting, %",5.4
2019M04,Vísitala grunnlauna,Opinberir starfsmenn - ríkisstarfsmenn,Vísitölugildi,100.6
2019M04,Vísitala grunnlauna,Opinberir starfsmenn - ríkisstarfsmenn,"Mánaðarbreyting, %",0.2
2019M04,Vísitala grunnlauna,Opinberir starfsmenn - ríkisstarfsmenn,"Ársbreyting, %",5
2019M04,Vísitala grunnlauna,Opinberir starfsmenn - starfsmenn sveitarfélaga,Vísitölugildi,101.1
2019M04,Vísitala grunnlauna,Opinberir starfsmenn - starfsmenn sveitarfélaga,"Mánaðarbreyting, %",0.8
2019M04,Vísitala grunnlauna,Opinberir starfsmenn - starfsmenn sveitarfélaga,"Ársbreyting, %",5.7
2019M05,Launavísitala,Alls,Vísitölugildi,102.9
2019M05,Launavísitala,Alls,"Mánaðarbreyting, %",0.7
2019M05,Launavísitala,Alls,"Ársbreyting, %",5.1
2019M05,Launavísitala,Starfsmenn á almennum vinnumarkaði,Vísitölugildi,103.6
2019M05,Launavísitala,Starfsmenn á almennum vinnumarkaði,"Mánaðarbreyting, %",0.9
2019M05,Launavísitala,Starfsmenn á almennum vinnumarkaði,"Ársbreyting, %",4.9
2019M05,Launavísitala,Opinberir starfsmenn - alls,Vísitölugildi,100.7
2019M05,Launavísitala,Opinberir starfsmenn - alls,"Mánaðarbreyting, %",0
2019M05,Launavísitala,Opinberir starfsmenn - alls,"Ársbreyting, %",5.3
2019M05,Launavísitala,Opinberir starfsmenn - ríkisstarfsmenn,Vísitölugildi,100.7
2019M05,Launavísitala,Opinberir starfsmenn - ríkisstarfsmenn,"Mánaðarbreyting, %",0.3
2019M05,Launavísitala,Opinberir starfsmenn - ríkisstarfsmenn,"Ársbreyting, %",4.9
2019M05,Launavísitala,Opinberir starfsmenn - starfsmenn sveitarfélaga,Vísitölugildi,100.7
2019M05,Launavísitala,Opinberir starfsmenn - starfsmenn sveitarfélaga,"Mánaðarbreyting, %",-0.2
2019M05,Launavísitala,Opinberir starfsmenn - starfsmenn sveitarfélaga,"Ársbreyting, %",5.9
2019M05,Vísitala grunnlauna,Alls,Vísitölugildi,102.9
2019M05,Vísitala grunnlauna,Alls,"Mánaðarbreyting, %",0.7
2019M05,Vísitala grunnlauna,Alls,"Ársbreyting, %",5
2019M05,Vísitala grunnlauna,Starfsmenn á almennum vinnumarkaði,Vísitölugildi,103.6
2019M05,Vísitala grunnlauna,Starfsmenn á almennum vinnumarkaði,"Mánaðarbreyting, %",0.9
2019M05,Vísitala grunnlauna,Starfsmenn á almennum vinnumarkaði,"Ársbreyting, %",5
2019M05,Vísitala grunnlauna,Opinberir starfsmenn - alls,Vísitölugildi,101
2019M05,Vísitala grunnlauna,Opinberir starfsmenn - alls,"Mánaðarbreyting, %",0.2
2019M05,Vísitala grunnlauna,Opinberir starfsmenn - alls,"Ársbreyting, %",5.3
2019M05,Vísitala grunnlauna,Opinberir starfsmenn - ríkisstarfsmenn,Vísitölugildi,100.6
2019M05,Vísitala grunnlauna,Opinberir starfsmenn - ríkisstarfsmenn,"Mánaðarbreyting, %",0.1
2019M05,Vísitala grunnlauna,Opinberir starfsmenn - ríkisstarfsmenn,"Ársbreyting, %",4.7
2019M05,Vísitala grunnlauna,Opinberir starfsmenn - starfsmenn sveitarfélaga,Vísitölugildi,101.5
2019M05,Vísitala grunnlauna,Opinberir starfsmenn - starfsmenn sveitarfélaga,"Mánaðarbreyting, %",0.4
2019M05,Vísitala grunnlauna,Opinberir starfsmenn - starfsmenn sveitarfélaga,"Ársbreyting, %",6
2019M06,Launavísitala,Alls,Vísitölugildi,102.8
2019M06,Launavísitala,Alls,"Mánaðarbreyting, %",-0.1
2019M06,Launavísitala,Alls,"Ársbreyting, %",4.3
2019M06,Launavísitala,Starfsmenn á almennum vinnumarkaði,Vísitölugildi,103.6
2019M06,Launavísitala,Starfsmenn á almennum vinnumarkaði,"Mánaðarbreyting, %",-0.1
2019M06,Launavísitala,Starfsmenn á almennum vinnumarkaði,"Ársbreyting, %",4.8
2019M06,Launavísitala,Opinberir starfsmenn - alls,Vísitölugildi,100.7
2019M06,Launavísitala,Opinberir starfsmenn - alls,"Mánaðarbreyting, %",0
2019M06,Launavísitala,Opinberir starfsmenn - alls,"Ársbreyting, %",2.9
2019M06,Launavísitala,Opinberir starfsmenn - ríkisstarfsmenn,Vísitölugildi,100.5
2019M06,Launavísitala,Opinberir starfsmenn - ríkisstarfsmenn,"Mánaðarbreyting, %",-0.2
2019M06,Launavísitala,Opinberir starfsmenn - ríkisstarfsmenn,"Ársbreyting, %",2.3
2019M06,Launavísitala,Opinberir starfsmenn - starfsmenn sveitarfélaga,Vísitölugildi,100.9
2019M06,Launavísitala,Opinberir starfsmenn - starfsmenn sveitarfélaga,"Mánaðarbreyting, %",0.2
2019M06,Launavísitala,Opinberir starfsmenn - starfsmenn sveitarfélaga,"Ársbreyting, %",3.5
2019M06,Vísitala grunnlauna,Alls,Vísitölugildi,103.2
2019M06,Vísitala grunnlauna,Alls,"Mánaðarbreyting, %",0.3
2019M06,Vísitala grunnlauna,Alls,"Ársbreyting, %",4.5
2019M06,Vísitala grunnlauna,Starfsmenn á almennum vinnumarkaði,Vísitölugildi,103.9
2019M06,Vísitala grunnlauna,Starfsmenn á almennum vinnumarkaði,"Mánaðarbreyting, %",0.3
2019M06,Vísitala grunnlauna,Starfsmenn á almennum vinnumarkaði,"Ársbreyting, %",5
2019M06,Vísitala grunnlauna,Opinberir starfsmenn - alls,Vísitölugildi,101.1
2019M06,Vísitala grunnlauna,Opinberir starfsmenn - alls,"Mánaðarbreyting, %",0.1
2019M06,Vísitala grunnlauna,Opinberir starfsmenn - alls,"Ársbreyting, %",2.8
2019M06,Vísitala grunnlauna,Opinberir starfsmenn - ríkisstarfsmenn,Vísitölugildi,100.7
2019M06,Vísitala grunnlauna,Opinberir starfsmenn - ríkisstarfsmenn,"Mánaðarbreyting, %",0.1
2019M06,Vísitala grunnlauna,Opinberir starfsmenn - ríkisstarfsmenn,"Ársbreyting, %",2.3
2019M06,Vísitala grunnlauna,Opinberir starfsmenn - starfsmenn sveitarfélaga,Vísitölugildi,101.6
2019M06,Vísitala grunnlauna,Opinberir starfsmenn - starfsmenn sveitarfélaga,"Mánaðarbreyting, %",0.1
2019M06,Vísitala grunnlauna,Opinberir starfsmenn - starfsmenn sveitarfélaga,"Ársbreyting, %",3.5
2019M07,Launavísitala,Alls,Vísitölugildi,103.1
2019M07,Launavísitala,Alls,"Mánaðarbreyting, %",0.3
2019M07,Launavísitala,Alls,"Ársbreyting, %",4.2
2019M07,Launavísitala,Starfsmenn á almennum vinnumarkaði,Vísitölugildi,104
2019M07,Launavísitala,Starfsmenn á almennum vinnumarkaði,"Mánaðarbreyting, %",0.5
2019M07,Launavísitala,Starfsmenn á almennum vinnumarkaði,"Ársbreyting, %",4.9
2019M07,Launavísitala,Opinberir starfsmenn - alls,Vísitölugildi,100.4
2019M07,Launavísitala,Opinberir starfsmenn - alls,"Mánaðarbreyting, %",-0.3
2019M07,Launavísitala,Opinberir starfsmenn - alls,"Ársbreyting, %",2
2019M07,Launavísitala,Opinberir starfsmenn - ríkisstarfsmenn,Vísitölugildi,100.2
2019M07,Launavísitala,Opinberir starfsmenn - ríkisstarfsmenn,"Mánaðarbreyting, %",-0.2
2019M07,Launavísitala,Opinberir starfsmenn - ríkisstarfsmenn,"Ársbreyting, %",1.7
2019M07,Launavísitala,Opinberir starfsmenn - starfsmenn sveitarfélaga,Vísitölugildi,100.6
2019M07,Launavísitala,Opinberir starfsmenn - starfsmenn sveitarfélaga,"Mánaðarbreyting, %",-0.3
2019M07,Launavísitala,Opinberir starfsmenn - starfsmenn sveitarfélaga,"Ársbreyting, %",2.4
2019M07,Vísitala grunnlauna,Alls,Vísitölugildi,103.4
2019M07,Vísitala grunnlauna,Alls,"Mánaðarbreyting, %",0.2
2019M07,Vísitala grunnlauna,Alls,"Ársbreyting, %",4.4
2019M07,Vísitala grunnlauna,Starfsmenn á almennum vinnumarkaði,Vísitölugildi,104.2
2019M07,Vísitala grunnlauna,Starfsmenn á almennum vinnumarkaði,"Mánaðarbreyting, %",0.3
2019M07,Vísitala grunnlauna,Starfsmenn á almennum vinnumarkaði,"Ársbreyting, %",5.1
2019M07,Vísitala grunnlauna,Opinberir starfsmenn - alls,Vísitölugildi,101.3
2019M07,Vísitala grunnlauna,Opinberir starfsmenn - alls,"Mánaðarbreyting, %",0.2
2019M07,Vísitala grunnlauna,Opinberir starfsmenn - alls,"Ársbreyting, %",2.4
2019M07,Vísitala grunnlauna,Opinberir starfsmenn - ríkisstarfsmenn,Vísitölugildi,101
2019M07,Vísitala grunnlauna,Opinberir starfsmenn - ríkisstarfsmenn,"Mánaðarbreyting, %",0.2
2019M07,Vísitala grunnlauna,Opinberir starfsmenn - ríkisstarfsmenn,"Ársbreyting, %",2.2
2019M07,Vísitala grunnlauna,Opinberir starfsmenn - starfsmenn sveitarfélaga,Vísitölugildi,101.6
2019M07,Vísitala grunnlauna,Opinberir starfsmenn - starfsmenn sveitarfélaga,"Mánaðarbreyting, %",0
2019M07,Vísitala grunnlauna,Opinberir starfsmenn - starfsmenn sveitarfélaga,"Ársbreyting, %",2.7
2019M08,Launavísitala,Alls,Vísitölugildi,103.1
2019M08,Launavísitala,Alls,"Mánaðarbreyting, %",0
2019M08,Launavísitala,Alls,"Ársbreyting, %",4.3
2019M08,Launavísitala,Starfsmenn á almennum vinnumarkaði,Vísitölugildi,104.1
2019M08,Launavísitala,Starfsmenn á almennum vinnumarkaði,"Mánaðarbreyting, %",0.1
2019M08,Launavísitala,Starfsmenn á almennum vinnumarkaði,"Ársbreyting, %",5.3
2019M08,Launavísitala,Opinberir starfsmenn - alls,Vísitölugildi,100.3
2019M08,Launavísitala,Opinberir starfsmenn - alls,"Mánaðarbreyting, %",-0.1
2019M08,Launavísitala,Opinberir starfsmenn - alls,"Ársbreyting, %",1.7
2019M08,Launavísitala,Opinberir starfsmenn - ríkisstarfsmenn,Vísitölugildi,100.1
2019M08,Launavísitala,Opinberir starfsmenn - ríkisstarfsmenn,"Mánaðarbreyting, %",-0.1
2019M08,Launavísitala,Opinberir starfsmenn - ríkisstarfsmenn,"Ársbreyting, %",1.2
2019M08,Launavísitala,Opinberir starfsmenn - starfsmenn sveitarfélaga,Vísitölugildi,100.5
2019M08,Launavísitala,Opinberir starfsmenn - starfsmenn sveitarfélaga,"Mánaðarbreyting, %",-0.1
2019M08,Launavísitala,Opinberir starfsmenn - starfsmenn sveitarfélaga,"Ársbreyting, %",2.2
2019M08,Vísitala grunnlauna,Alls,Vísitölugildi,103.6
2019M08,Vísitala grunnlauna,Alls,"Mánaðarbreyting, %",0.2
2019M08,Vísitala grunnlauna,Alls,"Ársbreyting, %",4.4
2019M08,Vísitala grunnlauna,Starfsmenn á almennum vinnumarkaði,Vísitölugildi,104.4
2019M08,Vísitala grunnlauna,Starfsmenn á almennum vinnumarkaði,"Mánaðarbreyting, %",0.2
2019M08,Vísitala grunnlauna,Starfsmenn á almennum vinnumarkaði,"Ársbreyting, %",5.1
2019M08,Vísitala grunnlauna,Opinberir starfsmenn - alls,Vísitölugildi,101.4
2019M08,Vísitala grunnlauna,Opinberir starfsmenn - alls,"Mánaðarbreyting, %",0.1
2019M08,Vísitala grunnlauna,Opinberir starfsmenn - alls,"Ársbreyting, %",2.4
2019M08,Vísitala grunnlauna,Opinberir starfsmenn - ríkisstarfsmenn,Vísitölugildi,101.1
2019M08,Vísitala grunnlauna,Opinberir starfsmenn - ríkisstarfsmenn,"Mánaðarbreyting, %",0.2
2019M08,Vísitala grunnlauna,Opinberir starfsmenn - ríkisstarfsmenn,"Ársbreyting, %",2.1
2019M08,Vísitala grunnlauna,Opinberir starfsmenn - starfsmenn sveitarfélaga,Vísitölugildi,101.7
2019M08,Vísitala grunnlauna,Opinberir starfsmenn - starfsmenn sveitarfélaga,"Mánaðarbreyting, %",0.1
2019M08,Vísitala grunnlauna,Opinberir starfsmenn - starfsmenn sveitarfélaga,"Ársbreyting, %",2.7
2019M09,Launavísitala,Alls,Vísitölugildi,103.6
2019M09,Launavísitala,Alls,"Mánaðarbreyting, %",0.5
2019M09,Launavísitala,Alls,"Ársbreyting, %",4.2
2019M09,Launavísitala,Starfsmenn á almennum vinnumarkaði,Vísitölugildi,104.5
2019M09,Launavísitala,Starfsmenn á almennum vinnumarkaði,"Mánaðarbreyting, %",0.4
2019M09,Launavísitala,Starfsmenn á almennum vinnumarkaði,"Ársbreyting, %",4.9
2019M09,Launavísitala,Opinberir starfsmenn - alls,Vísitölugildi,101.5
2019M09,Launavísitala,Opinberir starfsmenn - alls,"Mánaðarbreyting, %",1.2
2019M09,Launavísitala,Opinberir starfsmenn - alls,"Ársbreyting, %",2.5
2019M09,Launavísitala,Opinberir starfsmenn - ríkisstarfsmenn,Vísitölugildi,101.3
2019M09,Launavísitala,Opinberir starfsmenn - ríkisstarfsmenn,"Mánaðarbreyting, %",1.1
2019M09,Launavísitala,Opinberir starfsmenn - ríkisstarfsmenn,"Ársbreyting, %",2.1
2019M09,Launavísitala,Opinberir starfsmenn - starfsmenn sveitarfélaga,Vísitölugildi,101.8
2019M09,Launavísitala,Opinberir starfsmenn - starfsmenn sveitarfélaga,"Mánaðarbreyting, %",1.2
2019M09,Launavísitala,Opinberir starfsmenn - starfsmenn sveitarfélaga,"Ársbreyting, %",3
2019M09,Vísitala grunnlauna,Alls,Vísitölugildi,103.8
2019M09,Vísitala grunnlauna,Alls,"Mánaðarbreyting, %",0.2
2019M09,Vísitala grunnlauna,Alls,"Ársbreyting, %",4.3
2019M09,Vísitala grunnlauna,Starfsmenn á almennum vinnumarkaði,Vísitölugildi,104.5
2019M09,Vísitala grunnlauna,Starfsmenn á almennum vinnumarkaði,"Mánaðarbreyting, %",0.1
2019M09,Vísitala grunnlauna,Starfsmenn á almennum vinnumarkaði,"Ársbreyting, %",5.1
2019M09,Vísitala grunnlauna,Opinberir starfsmenn - alls,Vísitölugildi,101.6
2019M09,Vísitala grunnlauna,Opinberir starfsmenn - alls,"Mánaðarbreyting, %",0.2
2019M09,Vísitala grunnlauna,Opinberir starfsmenn - alls,"Ársbreyting, %",2.2
2019M09,Vísitala grunnlauna,Opinberir starfsmenn - ríkisstarfsmenn,Vísitölugildi,101.3
2019M09,Vísitala grunnlauna,Opinberir starfsmenn - ríkisstarfsmenn,"Mánaðarbreyting, %",0.2
2019M09,Vísitala grunnlauna,Opinberir starfsmenn - ríkisstarfsmenn,"Ársbreyting, %",2
2019M09,Vísitala grunnlauna,Opinberir starfsmenn - starfsmenn sveitarfélaga,Vísitölugildi,101.9
2019M09,Vísitala grunnlauna,Opinberir starfsmenn - starfsmenn sveitarfélaga,"Mánaðarbreyting, %",0.3
2019M09,Vísitala grunnlauna,Opinberir starfsmenn - starfsmenn sveitarfélaga,"Ársbreyting, %",2.5
2019M10,Launavísitala,Alls,Vísitölugildi,104
2019M10,Launavísitala,Alls,"Mánaðarbreyting, %",0.4
2019M10,Launavísitala,Alls,"Ársbreyting, %",4.2
2019M10,Launavísitala,Starfsmenn á almennum vinnumarkaði,Vísitölugildi,104.9
2019M10,Launavísitala,Starfsmenn á almennum vinnumarkaði,"Mánaðarbreyting, %",0.3
2019M10,Launavísitala,Starfsmenn á almennum vinnumarkaði,"Ársbreyting, %",4.9
2019M10,Launavísitala,Opinberir starfsmenn - alls,Vísitölugildi,101.9
2019M10,Launavísitala,Opinberir starfsmenn - alls,"Mánaðarbreyting, %",0.4
2019M10,Launavísitala,Opinberir starfsmenn - alls,"Ársbreyting, %",2.3
2019M10,Launavísitala,Opinberir starfsmenn - ríkisstarfsmenn,Vísitölugildi,101.7
2019M10,Launavísitala,Opinberir starfsmenn - ríkisstarfsmenn,"Mánaðarbreyting, %",0.4
2019M10,Launavísitala,Opinberir starfsmenn - ríkisstarfsmenn,"Ársbreyting, %",2.1
2019M10,Launavísitala,Opinberir starfsmenn - starfsmenn sveitarfélaga,Vísitölugildi,102.2
2019M10,Launavísitala,Opinberir starfsmenn - starfsmenn sveitarfélaga,"Mánaðarbreyting, %",0.4
2019M10,Launavísitala,Opinberir starfsmenn - starfsmenn sveitarfélaga,"Ársbreyting, %",2.7
2019M10,Vísitala grunnlauna,Alls,Vísitölugildi,104
2019M10,Vísitala grunnlauna,Alls,"Mánaðarbreyting, %",0.2
2019M10,Vísitala grunnlauna,Alls,"Ársbreyting, %",4.2
2019M10,Vísitala grunnlauna,Starfsmenn á almennum vinnumarkaði,Vísitölugildi,104.7
2019M10,Vísitala grunnlauna,Starfsmenn á almennum vinnumarkaði,"Mánaðarbreyting, %",0.2
2019M10,Vísitala grunnlauna,Starfsmenn á almennum vinnumarkaði,"Ársbreyting, %",5
2019M10,Vísitala grunnlauna,Opinberir starfsmenn - alls,Vísitölugildi,101.8
2019M10,Vísitala grunnlauna,Opinberir starfsmenn - alls,"Mánaðarbreyting, %",0.1
2019M10,Vísitala grunnlauna,Opinberir starfsmenn - alls,"Ársbreyting, %",2.1
2019M10,Vísitala grunnlauna,Opinberir starfsmenn - ríkisstarfsmenn,Vísitölugildi,101.5
2019M10,Vísitala grunnlauna,Opinberir starfsmenn - ríkisstarfsmenn,"Mánaðarbreyting, %",0.2
2019M10,Vísitala grunnlauna,Opinberir starfsmenn - ríkisstarfsmenn,"Ársbreyting, %",1.9
2019M10,Vísitala grunnlauna,Opinberir starfsmenn - starfsmenn sveitarfélaga,Vísitölugildi,102.1
2019M10,Vísitala grunnlauna,Opinberir starfsmenn - starfsmenn sveitarfélaga,"Mánaðarbreyting, %",0.1
2019M10,Vísitala grunnlauna,Opinberir starfsmenn - starfsmenn sveitarfélaga,"Ársbreyting, %",2.2
2019M11,Launavísitala,Alls,Vísitölugildi,104.2
2019M11,Launavísitala,Alls,"Mánaðarbreyting, %",0.2
2019M11,Launavísitala,Alls,"Ársbreyting, %",4.2
2019M11,Launavísitala,Starfsmenn á almennum vinnumarkaði,Vísitölugildi,104.9
2019M11,Launavísitala,Starfsmenn á almennum vinnumarkaði,"Mánaðarbreyting, %",0
2019M11,Launavísitala,Starfsmenn á almennum vinnumarkaði,"Ársbreyting, %",4.8
2019M11,Launavísitala,Opinberir starfsmenn - alls,Vísitölugildi,102.2
2019M11,Launavísitala,Opinberir starfsmenn - alls,"Mánaðarbreyting, %",0.3
2019M11,Launavísitala,Opinberir starfsmenn - alls,"Ársbreyting, %",2.4
2019M11,Launavísitala,Opinberir starfsmenn - ríkisstarfsmenn,Vísitölugildi,101.9
2019M11,Launavísitala,Opinberir starfsmenn - ríkisstarfsmenn,"Mánaðarbreyting, %",0.3
2019M11,Launavísitala,Opinberir starfsmenn - ríkisstarfsmenn,"Ársbreyting, %",2.1
2019M11,Launavísitala,Opinberir starfsmenn - starfsmenn sveitarfélaga,Vísitölugildi,102.5
2019M11,Launavísitala,Opinberir starfsmenn - starfsmenn sveitarfélaga,"Mánaðarbreyting, %",0.3
2019M11,Launavísitala,Opinberir starfsmenn - starfsmenn sveitarfélaga,"Ársbreyting, %",2.7
2019M11,Vísitala grunnlauna,Alls,Vísitölugildi,104.1
2019M11,Vísitala grunnlauna,Alls,"Mánaðarbreyting, %",0.2
2019M11,Vísitala grunnlauna,Alls,"Ársbreyting, %",4.3
2019M11,Vísitala grunnlauna,Starfsmenn á almennum vinnumarkaði,Vísitölugildi,104.9
2019M11,Vísitala grunnlauna,Starfsmenn á almennum vinnumarkaði,"Mánaðarbreyting, %",0.2
2019M11,Vísitala grunnlauna,Starfsmenn á almennum vinnumarkaði,"Ársbreyting, %",5
2019M11,Vísitala grunnlauna,Opinberir starfsmenn - alls,Vísitölugildi,101.9
2019M11,Vísitala grunnlauna,Opinberir starfsmenn - alls,"Mánaðarbreyting, %",0.2
2019M11,Vísitala grunnlauna,Opinberir starfsmenn - alls,"Ársbreyting, %",2.1
2019M11,Vísitala grunnlauna,Opinberir starfsmenn - ríkisstarfsmenn,Vísitölugildi,101.8
2019M11,Vísitala grunnlauna,Opinberir starfsmenn - ríkisstarfsmenn,"Mánaðarbreyting, %",0.3
2019M11,Vísitala grunnlauna,Opinberir starfsmenn - ríkisstarfsmenn,"Ársbreyting, %",2
2019M11,Vísitala grunnlauna,Opinberir starfsmenn - starfsmenn sveitarfélaga,Vísitölugildi,102.2
2019M11,Vísitala grunnlauna,Opinberir starfsmenn - starfsmenn sveitarfélaga,"Mánaðarbreyting, %",0.1
2019M11,Vísitala grunnlauna,Opinberir starfsmenn - starfsmenn sveitarfélaga,"Ársbreyting, %",2.2
2019M12,Launavísitala,Alls,Vísitölugildi,104.5
2019M12,Launavísitala,Alls,"Mánaðarbreyting, %",0.3
2019M12,Launavísitala,Alls,"Ársbreyting, %",4.5
2019M12,Launavísitala,Starfsmenn á almennum vinnumarkaði,Vísitölugildi,105
2019M12,Launavísitala,Starfsmenn á almennum vinnumarkaði,"Mánaðarbreyting, %",0
2019M12,Launavísitala,Starfsmenn á almennum vinnumarkaði,"Ársbreyting, %",5
2019M12,Launavísitala,Opinberir starfsmenn - alls,Vísitölugildi,102.3
2019M12,Launavísitala,Opinberir starfsmenn - alls,"Mánaðarbreyting, %",0.1
2019M12,Launavísitala,Opinberir starfsmenn - alls,"Ársbreyting, %",2.3
2019M12,Launavísitala,Opinberir starfsmenn - ríkisstarfsmenn,Vísitölugildi,102.1
2019M12,Launavísitala,Opinberir starfsmenn - ríkisstarfsmenn,"Mánaðarbreyting, %",0.2
2019M12,Launavísitala,Opinberir starfsmenn - ríkisstarfsmenn,"Ársbreyting, %",2.1
2019M12,Launavísitala,Opinberir starfsmenn - starfsmenn sveitarfélaga,Vísitölugildi,102.6
2019M12,Launavísitala,Opinberir starfsmenn - starfsmenn sveitarfélaga,"Mánaðarbreyting, %",0.1
2019M12,Launavísitala,Opinberir starfsmenn - starfsmenn sveitarfélaga,"Ársbreyting, %",2.6
2019M12,Vísitala grunnlauna,Alls,Vísitölugildi,104.3
2019M12,Vísitala grunnlauna,Alls,"Mánaðarbreyting, %",0.1
2019M12,Vísitala grunnlauna,Alls,"Ársbreyting, %",4.3
2019M12,Vísitala grunnlauna,Starfsmenn á almennum vinnumarkaði,Vísitölugildi,105.1
2019M12,Vísitala grunnlauna,Starfsmenn á almennum vinnumarkaði,"Mánaðarbreyting, %",0.2
2019M12,Vísitala grunnlauna,Starfsmenn á almennum vinnumarkaði,"Ársbreyting, %",5.1
2019M12,Vísitala grunnlauna,Opinberir starfsmenn - alls,Vísitölugildi,102
2019M12,Vísitala grunnlauna,Opinberir starfsmenn - alls,"Mánaðarbreyting, %",0.1
2019M12,Vísitala grunnlauna,Opinberir starfsmenn - alls,"Ársbreyting, %",2
2019M12,Vísitala grunnlauna,Opinberir starfsmenn - ríkisstarfsmenn,Vísitölugildi,101.9
2019M12,Vísitala grunnlauna,Opinberir starfsmenn - ríkisstarfsmenn,"Mánaðarbreyting, %",0.1
2019M12,Vísitala grunnlauna,Opinberir starfsmenn - ríkisstarfsmenn,"Ársbreyting, %",1.9
2019M12,Vísitala grunnlauna,Opinberir starfsmenn - starfsmenn sveitarfélaga,Vísitölugildi,102.2
2019M12,Vísitala grunnlauna,Opinberir starfsmenn - starfsmenn sveitarfélaga,"Mánaðarbreyting, %",0
2019M12,Vísitala grunnlauna,Opinberir starfsmenn - starfsmenn sveitarfélaga,"Ársbreyting, %",2.2
2020M01,Launavísitala,Alls,Vísitölugildi,105.2
2020M01,Launavísitala,Alls,"Mánaðarbreyting, %",0.7
2020M01,Launavísitala,Alls,"Ársbreyting, %",4.9
2020M01,Launavísitala,Starfsmenn á almennum vinnumarkaði,Vísitölugildi,106
2020M01,Launavísitala,Starfsmenn á almennum vinnumarkaði,"Mánaðarbreyting, %",1
2020M01,Launavísitala,Starfsmenn á almennum vinnumarkaði,"Ársbreyting, %",5.4
2020M01,Launavísitala,Opinberir starfsmenn - alls,Vísitölugildi,102.4
2020M01,Launavísitala,Opinberir starfsmenn - alls,"Mánaðarbreyting, %",0.1
2020M01,Launavísitala,Opinberir starfsmenn - alls,"Ársbreyting, %",2.6
2020M01,Launavísitala,Opinberir starfsmenn - ríkisstarfsmenn,Vísitölugildi,102.5
2020M01,Launavísitala,Opinberir starfsmenn - ríkisstarfsmenn,"Mánaðarbreyting, %",0.4
2020M01,Launavísitala,Opinberir starfsmenn - ríkisstarfsmenn,"Ársbreyting, %",2.3
2020M01,Launavísitala,Opinberir starfsmenn - starfsmenn sveitarfélaga,Vísitölugildi,102.3
2020M01,Launavísitala,Opinberir starfsmenn - starfsmenn sveitarfélaga,"Mánaðarbreyting, %",-0.3
2020M01,Launavísitala,Opinberir starfsmenn - starfsmenn sveitarfélaga,"Ársbreyting, %",2.8
2020M01,Vísitala grunnlauna,Alls,Vísitölugildi,105
2020M01,Vísitala grunnlauna,Alls,"Mánaðarbreyting, %",0.7
2020M01,Vísitala grunnlauna,Alls,"Ársbreyting, %",4.8
2020M01,Vísitala grunnlauna,Starfsmenn á almennum vinnumarkaði,Vísitölugildi,106
2020M01,Vísitala grunnlauna,Starfsmenn á almennum vinnumarkaði,"Mánaðarbreyting, %",0.9
2020M01,Vísitala grunnlauna,Starfsmenn á almennum vinnumarkaði,"Ársbreyting, %",5.6
2020M01,Vísitala grunnlauna,Opinberir starfsmenn - alls,Vísitölugildi,102.3
2020M01,Vísitala grunnlauna,Opinberir starfsmenn - alls,"Mánaðarbreyting, %",0.2
2020M01,Vísitala grunnlauna,Opinberir starfsmenn - alls,"Ársbreyting, %",2.3
2020M01,Vísitala grunnlauna,Opinberir starfsmenn - ríkisstarfsmenn,Vísitölugildi,102.1
2020M01,Vísitala grunnlauna,Opinberir starfsmenn - ríkisstarfsmenn,"Mánaðarbreyting, %",0.2
2020M01,Vísitala grunnlauna,Opinberir starfsmenn - ríkisstarfsmenn,"Ársbreyting, %",2.1
2020M01,Vísitala grunnlauna,Opinberir starfsmenn - starfsmenn sveitarfélaga,Vísitölugildi,102.5
2020M01,Vísitala grunnlauna,Opinberir starfsmenn - starfsmenn sveitarfélaga,"Mánaðarbreyting, %",0.2
2020M01,Vísitala grunnlauna,Opinberir starfsmenn - starfsmenn sveitarfélaga,"Ársbreyting, %",2.4
2020M02,Launavísitala,Alls,Vísitölugildi,105.3
2020M02,Launavísitala,Alls,"Mánaðarbreyting, %",0.1
2020M02,Launavísitala,Alls,"Ársbreyting, %",4.8
2020M02,Launavísitala,Starfsmenn á almennum vinnumarkaði,Vísitölugildi,106.2
2020M02,Launavísitala,Starfsmenn á almennum vinnumarkaði,"Mánaðarbreyting, %",0.2
2020M02,Launavísitala,Starfsmenn á almennum vinnumarkaði,"Ársbreyting, %",5.7
2020M02,Launavísitala,Opinberir starfsmenn - alls,Vísitölugildi,103.2
2020M02,Launavísitala,Opinberir starfsmenn - alls,"Mánaðarbreyting, %",0.7
2020M02,Launavísitala,Opinberir starfsmenn - alls,"Ársbreyting, %",2.9
2020M02,Launavísitala,Opinberir starfsmenn - ríkisstarfsmenn,Vísitölugildi,102.8
2020M02,Launavísitala,Opinberir starfsmenn - ríkisstarfsmenn,"Mánaðarbreyting, %",0.3
2020M02,Launavísitala,Opinberir starfsmenn - ríkisstarfsmenn,"Ársbreyting, %",2.4
2020M02,Launavísitala,Opinberir starfsmenn - starfsmenn sveitarfélaga,Vísitölugildi,103.6
2020M02,Launavísitala,Opinberir starfsmenn - starfsmenn sveitarfélaga,"Mánaðarbreyting, %",1.2
2020M02,Launavísitala,Opinberir starfsmenn - starfsmenn sveitarfélaga,"Ársbreyting, %",3.5
2020M02,Vísitala grunnlauna,Alls,Vísitölugildi,105.4
2020M02,Vísitala grunnlauna,Alls,"Mánaðarbreyting, %",0.3
2020M02,Vísitala grunnlauna,Alls,"Ársbreyting, %",4.9
2020M02,Vísitala grunnlauna,Starfsmenn á almennum vinnumarkaði,Vísitölugildi,106.3
2020M02,Vísitala grunnlauna,Starfsmenn á almennum vinnumarkaði,"Mánaðarbreyting, %",0.3
2020M02,Vísitala grunnlauna,Starfsmenn á almennum vinnumarkaði,"Ársbreyting, %",5.7
2020M02,Vísitala grunnlauna,Opinberir starfsmenn - alls,Vísitölugildi,102.7
2020M02,Vísitala grunnlauna,Opinberir starfsmenn - alls,"Mánaðarbreyting, %",0.4
2020M02,Vísitala grunnlauna,Opinberir starfsmenn - alls,"Ársbreyting, %",2.5
2020M02,Vísitala grunnlauna,Opinberir starfsmenn - ríkisstarfsmenn,Vísitölugildi,102.4
2020M02,Vísitala grunnlauna,Opinberir starfsmenn - ríkisstarfsmenn,"Mánaðarbreyting, %",0.3
2020M02,Vísitala grunnlauna,Opinberir starfsmenn - ríkisstarfsmenn,"Ársbreyting, %",2.1
2020M02,Vísitala grunnlauna,Opinberir starfsmenn - starfsmenn sveitarfélaga,Vísitölugildi,103.1
2020M02,Vísitala grunnlauna,Opinberir starfsmenn - starfsmenn sveitarfélaga,"Mánaðarbreyting, %",0.6
2020M02,Vísitala grunnlauna,Opinberir starfsmenn - starfsmenn sveitarfélaga,"Ársbreyting, %",3
2020M03,Launavísitala,Alls,Vísitölugildi,105.7
2020M03,Launavísitala,Alls,"Mánaðarbreyting, %",0.3
2020M03,Launavísitala,Alls,"Ársbreyting, %",4.9
2020M03,Launavísitala,Starfsmenn á almennum vinnumarkaði,Vísitölugildi,106.6
2020M03,Launavísitala,Starfsmenn á almennum vinnumarkaði,"Mánaðarbreyting, %",0.3
2020M03,Launavísitala,Starfsmenn á almennum vinnumarkaði,"Ársbreyting, %",5.6
2020M03,Launavísitala,Opinberir starfsmenn - alls,Vísitölugildi,103.5
2020M03,Launavísitala,Opinberir starfsmenn - alls,"Mánaðarbreyting, %",0.3
2020M03,Launavísitala,Opinberir starfsmenn - alls,"Ársbreyting, %",3.3
2020M03,Launavísitala,Opinberir starfsmenn - ríkisstarfsmenn,Vísitölugildi,102.8
2020M03,Launavísitala,Opinberir starfsmenn - ríkisstarfsmenn,"Mánaðarbreyting, %",0
2020M03,Launavísitala,Opinberir starfsmenn - ríkisstarfsmenn,"Ársbreyting, %",2.5
2020M03,Launavísitala,Opinberir starfsmenn - starfsmenn sveitarfélaga,Vísitölugildi,104.2
2020M03,Launavísitala,Opinberir starfsmenn - starfsmenn sveitarfélaga,"Mánaðarbreyting, %",0.6
2020M03,Launavísitala,Opinberir starfsmenn - starfsmenn sveitarfélaga,"Ársbreyting, %",4.2
2020M03,Vísitala grunnlauna,Alls,Vísitölugildi,105.7
2020M03,Vísitala grunnlauna,Alls,"Mánaðarbreyting, %",0.3
2020M03,Vísitala grunnlauna,Alls,"Ársbreyting, %",5
2020M03,Vísitala grunnlauna,Starfsmenn á almennum vinnumarkaði,Vísitölugildi,106.5
2020M03,Vísitala grunnlauna,Starfsmenn á almennum vinnumarkaði,"Mánaðarbreyting, %",0.2
2020M03,Vísitala grunnlauna,Starfsmenn á almennum vinnumarkaði,"Ársbreyting, %",5.7
2020M03,Vísitala grunnlauna,Opinberir starfsmenn - alls,Vísitölugildi,103.3
2020M03,Vísitala grunnlauna,Opinberir starfsmenn - alls,"Mánaðarbreyting, %",0.6
2020M03,Vísitala grunnlauna,Opinberir starfsmenn - alls,"Ársbreyting, %",3
2020M03,Vísitala grunnlauna,Opinberir starfsmenn - ríkisstarfsmenn,Vísitölugildi,102.5
2020M03,Vísitala grunnlauna,Opinberir starfsmenn - ríkisstarfsmenn,"Mánaðarbreyting, %",0.1
2020M03,Vísitala grunnlauna,Opinberir starfsmenn - ríkisstarfsmenn,"Ársbreyting, %",2.1
2020M03,Vísitala grunnlauna,Opinberir starfsmenn - starfsmenn sveitarfélaga,Vísitölugildi,104.3
2020M03,Vísitala grunnlauna,Opinberir starfsmenn - starfsmenn sveitarfélaga,"Mánaðarbreyting, %",1.2
2020M03,Vísitala grunnlauna,Opinberir starfsmenn - starfsmenn sveitarfélaga,"Ársbreyting, %",4
2020M04,Launavísitala,Alls,Vísitölugildi,109.1
2020M04,Launavísitala,Alls,"Mánaðarbreyting, %",3.3
2020M04,Launavísitala,Alls,"Ársbreyting, %",6.8
2020M04,Launavísitala,Starfsmenn á almennum vinnumarkaði,Vísitölugildi,109.8
2020M04,Launavísitala,Starfsmenn á almennum vinnumarkaði,"Mánaðarbreyting, %",3
2020M04,Launavísitala,Starfsmenn á almennum vinnumarkaði,"Ársbreyting, %",6.8
2020M04,Launavísitala,Opinberir starfsmenn - alls,Vísitölugildi,107.8
2020M04,Launavísitala,Opinberir starfsmenn - alls,"Mánaðarbreyting, %",4.2
2020M04,Launavísitala,Opinberir starfsmenn - alls,"Ársbreyting, %",7.1
2020M04,Launavísitala,Opinberir starfsmenn - ríkisstarfsmenn,Vísitölugildi,106.8
2020M04,Launavísitala,Opinberir starfsmenn - ríkisstarfsmenn,"Mánaðarbreyting, %",3.8
2020M04,Launavísitala,Opinberir starfsmenn - ríkisstarfsmenn,"Ársbreyting, %",6.4
2020M04,Launavísitala,Opinberir starfsmenn - starfsmenn sveitarfélaga,Vísitölugildi,109
2020M04,Launavísitala,Opinberir starfsmenn - starfsmenn sveitarfélaga,"Mánaðarbreyting, %",4.6
2020M04,Launavísitala,Opinberir starfsmenn - starfsmenn sveitarfélaga,"Ársbreyting, %",8
2020M04,Vísitala grunnlauna,Alls,Vísitölugildi,109.1
2020M04,Vísitala grunnlauna,Alls,"Mánaðarbreyting, %",3.2
2020M04,Vísitala grunnlauna,Alls,"Ársbreyting, %",6.8
2020M04,Vísitala grunnlauna,Starfsmenn á almennum vinnumarkaði,Vísitölugildi,109.8
2020M04,Vísitala grunnlauna,Starfsmenn á almennum vinnumarkaði,"Mánaðarbreyting, %",3.1
2020M04,Vísitala grunnlauna,Starfsmenn á almennum vinnumarkaði,"Ársbreyting, %",7
2020M04,Vísitala grunnlauna,Opinberir starfsmenn - alls,Vísitölugildi,107.1
2020M04,Vísitala grunnlauna,Opinberir starfsmenn - alls,"Mánaðarbreyting, %",3.6
2020M04,Vísitala grunnlauna,Opinberir starfsmenn - alls,"Ársbreyting, %",6.2
2020M04,Vísitala grunnlauna,Opinberir starfsmenn - ríkisstarfsmenn,Vísitölugildi,106.2
2020M04,Vísitala grunnlauna,Opinberir starfsmenn - ríkisstarfsmenn,"Mánaðarbreyting, %",3.6
2020M04,Vísitala grunnlauna,Opinberir starfsmenn - ríkisstarfsmenn,"Ársbreyting, %",5.6
2020M04,Vísitala grunnlauna,Opinberir starfsmenn - starfsmenn sveitarfélaga,Vísitölugildi,108.1
2020M04,Vísitala grunnlauna,Opinberir starfsmenn - starfsmenn sveitarfélaga,"Mánaðarbreyting, %",3.7
2020M04,Vísitala grunnlauna,Opinberir starfsmenn - starfsmenn sveitarfélaga,"Ársbreyting, %",7
2020M05,Launavísitala,Alls,Vísitölugildi,109.5
2020M05,Launavísitala,Alls,"Mánaðarbreyting, %",0.3
2020M05,Launavísitala,Alls,"Ársbreyting, %",6.4
2020M05,Launavísitala,Starfsmenn á almennum vinnumarkaði,Vísitölugildi,110.1
2020M05,Launavísitala,Starfsmenn á almennum vinnumarkaði,"Mánaðarbreyting, %",0.3
2020M05,Launavísitala,Starfsmenn á almennum vinnumarkaði,"Ársbreyting, %",6.3
2020M05,Launavísitala,Opinberir starfsmenn - alls,Vísitölugildi,108.1
2020M05,Launavísitala,Opinberir starfsmenn - alls,"Mánaðarbreyting, %",0.3
2020M05,Launavísitala,Opinberir starfsmenn - alls,"Ársbreyting, %",7.3
2020M05,Launavísitala,Opinberir starfsmenn - ríkisstarfsmenn,Vísitölugildi,107.4
2020M05,Launavísitala,Opinberir starfsmenn - ríkisstarfsmenn,"Mánaðarbreyting, %",0.6
2020M05,Launavísitala,Opinberir starfsmenn - ríkisstarfsmenn,"Ársbreyting, %",6.7
2020M05,Launavísitala,Opinberir starfsmenn - starfsmenn sveitarfélaga,Vísitölugildi,108.8
2020M05,Launavísitala,Opinberir starfsmenn - starfsmenn sveitarfélaga,"Mánaðarbreyting, %",-0.1
2020M05,Launavísitala,Opinberir starfsmenn - starfsmenn sveitarfélaga,"Ársbreyting, %",8
2020M05,Vísitala grunnlauna,Alls,Vísitölugildi,109.5
2020M05,Vísitala grunnlauna,Alls,"Mánaðarbreyting, %",0.3
2020M05,Vísitala grunnlauna,Alls,"Ársbreyting, %",6.4
2020M05,Vísitala grunnlauna,Starfsmenn á almennum vinnumarkaði,Vísitölugildi,110.1
2020M05,Vísitala grunnlauna,Starfsmenn á almennum vinnumarkaði,"Mánaðarbreyting, %",0.3
2020M05,Vísitala grunnlauna,Starfsmenn á almennum vinnumarkaði,"Ársbreyting, %",6.3
2020M05,Vísitala grunnlauna,Opinberir starfsmenn - alls,Vísitölugildi,107.6
2020M05,Vísitala grunnlauna,Opinberir starfsmenn - alls,"Mánaðarbreyting, %",0.5
2020M05,Vísitala grunnlauna,Opinberir starfsmenn - alls,"Ársbreyting, %",6.6
2020M05,Vísitala grunnlauna,Opinberir starfsmenn - ríkisstarfsmenn,Vísitölugildi,106.8
2020M05,Vísitala grunnlauna,Opinberir starfsmenn - ríkisstarfsmenn,"Mánaðarbreyting, %",0.6
2020M05,Vísitala grunnlauna,Opinberir starfsmenn - ríkisstarfsmenn,"Ársbreyting, %",6.1
2020M05,Vísitala grunnlauna,Opinberir starfsmenn - starfsmenn sveitarfélaga,Vísitölugildi,108.6
2020M05,Vísitala grunnlauna,Opinberir starfsmenn - starfsmenn sveitarfélaga,"Mánaðarbreyting, %",0.5
2020M05,Vísitala grunnlauna,Opinberir starfsmenn - starfsmenn sveitarfélaga,"Ársbreyting, %",7.1
2020M06,Launavísitala,Alls,Vísitölugildi,109.7
2020M06,Launavísitala,Alls,"Mánaðarbreyting, %",0.2
2020M06,Launavísitala,Alls,"Ársbreyting, %",6.7
2020M06,Launavísitala,Starfsmenn á almennum vinnumarkaði,Vísitölugildi,110.3
2020M06,Launavísitala,Starfsmenn á almennum vinnumarkaði,"Mánaðarbreyting, %",0.2
2020M06,Launavísitala,Starfsmenn á almennum vinnumarkaði,"Ársbreyting, %",6.5
2020M06,Launavísitala,Opinberir starfsmenn - alls,Vísitölugildi,108
2020M06,Launavísitala,Opinberir starfsmenn - alls,"Mánaðarbreyting, %",-0.1
2020M06,Launavísitala,Opinberir starfsmenn - alls,"Ársbreyting, %",7.2
2020M06,Launavísitala,Opinberir starfsmenn - ríkisstarfsmenn,Vísitölugildi,107.5
2020M06,Launavísitala,Opinberir starfsmenn - ríkisstarfsmenn,"Mánaðarbreyting, %",0.1
2020M06,Launavísitala,Opinberir starfsmenn - ríkisstarfsmenn,"Ársbreyting, %",7
2020M06,Launavísitala,Opinberir starfsmenn - starfsmenn sveitarfélaga,Vísitölugildi,108.6
2020M06,Launavísitala,Opinberir starfsmenn - starfsmenn sveitarfélaga,"Mánaðarbreyting, %",-0.2
2020M06,Launavísitala,Opinberir starfsmenn - starfsmenn sveitarfélaga,"Ársbreyting, %",7.6
2020M06,Vísitala grunnlauna,Alls,Vísitölugildi,109.8
2020M06,Vísitala grunnlauna,Alls,"Mánaðarbreyting, %",0.3
2020M06,Vísitala grunnlauna,Alls,"Ársbreyting, %",6.4
2020M06,Vísitala grunnlauna,Starfsmenn á almennum vinnumarkaði,Vísitölugildi,110.4
2020M06,Vísitala grunnlauna,Starfsmenn á almennum vinnumarkaði,"Mánaðarbreyting, %",0.3
2020M06,Vísitala grunnlauna,Starfsmenn á almennum vinnumarkaði,"Ársbreyting, %",6.3
2020M06,Vísitala grunnlauna,Opinberir starfsmenn - alls,Vísitölugildi,107.9
2020M06,Vísitala grunnlauna,Opinberir starfsmenn - alls,"Mánaðarbreyting, %",0.3
2020M06,Vísitala grunnlauna,Opinberir starfsmenn - alls,"Ársbreyting, %",6.8
2020M06,Vísitala grunnlauna,Opinberir starfsmenn - ríkisstarfsmenn,Vísitölugildi,107.3
2020M06,Vísitala grunnlauna,Opinberir starfsmenn - ríkisstarfsmenn,"Mánaðarbreyting, %",0.5
2020M06,Vísitala grunnlauna,Opinberir starfsmenn - ríkisstarfsmenn,"Ársbreyting, %",6.5
2020M06,Vísitala grunnlauna,Opinberir starfsmenn - starfsmenn sveitarfélaga,Vísitölugildi,108.7
2020M06,Vísitala grunnlauna,Opinberir starfsmenn - starfsmenn sveitarfélaga,"Mánaðarbreyting, %",0
2020M06,Vísitala grunnlauna,Opinberir starfsmenn - starfsmenn sveitarfélaga,"Ársbreyting, %",7
2020M07,Launavísitala,Alls,Vísitölugildi,109.5
2020M07,Launavísitala,Alls,"Mánaðarbreyting, %",-0.1
2020M07,Launavísitala,Alls,"Ársbreyting, %",6.3
2020M07,Launavísitala,Starfsmenn á almennum vinnumarkaði,Vísitölugildi,110.1
2020M07,Launavísitala,Starfsmenn á almennum vinnumarkaði,"Mánaðarbreyting, %",-0.2
2020M07,Launavísitala,Starfsmenn á almennum vinnumarkaði,"Ársbreyting, %",5.9
2020M07,Launavísitala,Opinberir starfsmenn - alls,Vísitölugildi,108.1
2020M07,Launavísitala,Opinberir starfsmenn - alls,"Mánaðarbreyting, %",0.1
2020M07,Launavísitala,Opinberir starfsmenn - alls,"Ársbreyting, %",7.7
2020M07,Launavísitala,Opinberir starfsmenn - ríkisstarfsmenn,Vísitölugildi,107.6
2020M07,Launavísitala,Opinberir starfsmenn - ríkisstarfsmenn,"Mánaðarbreyting, %",0.1
2020M07,Launavísitala,Opinberir starfsmenn - ríkisstarfsmenn,"Ársbreyting, %",7.4
2020M07,Launavísitala,Opinberir starfsmenn - starfsmenn sveitarfélaga,Vísitölugildi,108.7
2020M07,Launavísitala,Opinberir starfsmenn - starfsmenn sveitarfélaga,"Mánaðarbreyting, %",0.1
2020M07,Launavísitala,Opinberir starfsmenn - starfsmenn sveitarfélaga,"Ársbreyting, %",8.1
2020M07,Vísitala grunnlauna,Alls,Vísitölugildi,110
2020M07,Vísitala grunnlauna,Alls,"Mánaðarbreyting, %",0.2
2020M07,Vísitala grunnlauna,Alls,"Ársbreyting, %",6.4
2020M07,Vísitala grunnlauna,Starfsmenn á almennum vinnumarkaði,Vísitölugildi,110.4
2020M07,Vísitala grunnlauna,Starfsmenn á almennum vinnumarkaði,"Mánaðarbreyting, %",0
2020M07,Vísitala grunnlauna,Starfsmenn á almennum vinnumarkaði,"Ársbreyting, %",6
2020M07,Vísitala grunnlauna,Opinberir starfsmenn - alls,Vísitölugildi,108.7
2020M07,Vísitala grunnlauna,Opinberir starfsmenn - alls,"Mánaðarbreyting, %",0.7
2020M07,Vísitala grunnlauna,Opinberir starfsmenn - alls,"Ársbreyting, %",7.4
2020M07,Vísitala grunnlauna,Opinberir starfsmenn - ríkisstarfsmenn,Vísitölugildi,108.2
2020M07,Vísitala grunnlauna,Opinberir starfsmenn - ríkisstarfsmenn,"Mánaðarbreyting, %",0.9
2020M07,Vísitala grunnlauna,Opinberir starfsmenn - ríkisstarfsmenn,"Ársbreyting, %",7.2
2020M07,Vísitala grunnlauna,Opinberir starfsmenn - starfsmenn sveitarfélaga,Vísitölugildi,109.3
2020M07,Vísitala grunnlauna,Opinberir starfsmenn - starfsmenn sveitarfélaga,"Mánaðarbreyting, %",0.6
2020M07,Vísitala grunnlauna,Opinberir starfsmenn - starfsmenn sveitarfélaga,"Ársbreyting, %",7.5
2020M08,Launavísitala,Alls,Vísitölugildi,109.7
2020M08,Launavísitala,Alls,"Mánaðarbreyting, %",0.2
2020M08,Launavísitala,Alls,"Ársbreyting, %",6.4
2020M08,Launavísitala,Starfsmenn á almennum vinnumarkaði,Vísitölugildi,110.3
2020M08,Launavísitala,Starfsmenn á almennum vinnumarkaði,"Mánaðarbreyting, %",0.2
2020M08,Launavísitala,Starfsmenn á almennum vinnumarkaði,"Ársbreyting, %",6
2020M08,Launavísitala,Opinberir starfsmenn - alls,Vísitölugildi,108.5
2020M08,Launavísitala,Opinberir starfsmenn - alls,"Mánaðarbreyting, %",0.3
2020M08,Launavísitala,Opinberir starfsmenn - alls,"Ársbreyting, %",8.2
2020M08,Launavísitala,Opinberir starfsmenn - ríkisstarfsmenn,Vísitölugildi,107.6
2020M08,Launavísitala,Opinberir starfsmenn - ríkisstarfsmenn,"Mánaðarbreyting, %",0
2020M08,Launavísitala,Opinberir starfsmenn - ríkisstarfsmenn,"Ársbreyting, %",7.5
2020M08,Launavísitala,Opinberir starfsmenn - starfsmenn sveitarfélaga,Vísitölugildi,109.5
2020M08,Launavísitala,Opinberir starfsmenn - starfsmenn sveitarfélaga,"Mánaðarbreyting, %",0.7
2020M08,Launavísitala,Opinberir starfsmenn - starfsmenn sveitarfélaga,"Ársbreyting, %",9
2020M08,Vísitala grunnlauna,Alls,Vísitölugildi,110.3
2020M08,Vísitala grunnlauna,Alls,"Mánaðarbreyting, %",0.2
2020M08,Vísitala grunnlauna,Alls,"Ársbreyting, %",6.4
2020M08,Vísitala grunnlauna,Starfsmenn á almennum vinnumarkaði,Vísitölugildi,110.6
2020M08,Vísitala grunnlauna,Starfsmenn á almennum vinnumarkaði,"Mánaðarbreyting, %",0.1
2020M08,Vísitala grunnlauna,Starfsmenn á almennum vinnumarkaði,"Ársbreyting, %",6
2020M08,Vísitala grunnlauna,Opinberir starfsmenn - alls,Vísitölugildi,109.2
2020M08,Vísitala grunnlauna,Opinberir starfsmenn - alls,"Mánaðarbreyting, %",0.5
2020M08,Vísitala grunnlauna,Opinberir starfsmenn - alls,"Ársbreyting, %",7.7
2020M08,Vísitala grunnlauna,Opinberir starfsmenn - ríkisstarfsmenn,Vísitölugildi,108.4
2020M08,Vísitala grunnlauna,Opinberir starfsmenn - ríkisstarfsmenn,"Mánaðarbreyting, %",0.2
2020M08,Vísitala grunnlauna,Opinberir starfsmenn - ríkisstarfsmenn,"Ársbreyting, %",7.2
2020M08,Vísitala grunnlauna,Opinberir starfsmenn - starfsmenn sveitarfélaga,Vísitölugildi,110.2
2020M08,Vísitala grunnlauna,Opinberir starfsmenn - starfsmenn sveitarfélaga,"Mánaðarbreyting, %",0.9
2020M08,Vísitala grunnlauna,Opinberir starfsmenn - starfsmenn sveitarfélaga,"Ársbreyting, %",8.4
2020M09,Launavísitala,Alls,Vísitölugildi,110.6
2020M09,Launavísitala,Alls,"Mánaðarbreyting, %",0.8
2020M09,Launavísitala,Alls,"Ársbreyting, %",6.7
2020M09,Launavísitala,Starfsmenn á almennum vinnumarkaði,Vísitölugildi,111
2020M09,Launavísitala,Starfsmenn á almennum vinnumarkaði,"Mánaðarbreyting, %",0.7
2020M09,Launavísitala,Starfsmenn á almennum vinnumarkaði,"Ársbreyting, %",6.2
2020M09,Launavísitala,Opinberir starfsmenn - alls,Vísitölugildi,110
2020M09,Launavísitala,Opinberir starfsmenn - alls,"Mánaðarbreyting, %",1.4
2020M09,Launavísitala,Opinberir starfsmenn - alls,"Ársbreyting, %",8.4
2020M09,Launavísitala,Opinberir starfsmenn - ríkisstarfsmenn,Vísitölugildi,108.9
2020M09,Launavísitala,Opinberir starfsmenn - ríkisstarfsmenn,"Mánaðarbreyting, %",1.2
2020M09,Launavísitala,Opinberir starfsmenn - ríkisstarfsmenn,"Ársbreyting, %",7.5
2020M09,Launavísitala,Opinberir starfsmenn - starfsmenn sveitarfélaga,Vísitölugildi,111.4
2020M09,Launavísitala,Opinberir starfsmenn - starfsmenn sveitarfélaga,"Mánaðarbreyting, %",1.7
2020M09,Launavísitala,Opinberir starfsmenn - starfsmenn sveitarfélaga,"Ársbreyting, %",9.4
2020M09,Vísitala grunnlauna,Alls,Vísitölugildi,110.6
2020M09,Vísitala grunnlauna,Alls,"Mánaðarbreyting, %",0.3
2020M09,Vísitala grunnlauna,Alls,"Ársbreyting, %",6.6
2020M09,Vísitala grunnlauna,Starfsmenn á almennum vinnumarkaði,Vísitölugildi,110.8
2020M09,Vísitala grunnlauna,Starfsmenn á almennum vinnumarkaði,"Mánaðarbreyting, %",0.2
2020M09,Vísitala grunnlauna,Starfsmenn á almennum vinnumarkaði,"Ársbreyting, %",6.1
2020M09,Vísitala grunnlauna,Opinberir starfsmenn - alls,Vísitölugildi,109.7
2020M09,Vísitala grunnlauna,Opinberir starfsmenn - alls,"Mánaðarbreyting, %",0.4
2020M09,Vísitala grunnlauna,Opinberir starfsmenn - alls,"Ársbreyting, %",8
2020M09,Vísitala grunnlauna,Opinberir starfsmenn - ríkisstarfsmenn,Vísitölugildi,108.6
2020M09,Vísitala grunnlauna,Opinberir starfsmenn - ríkisstarfsmenn,"Mánaðarbreyting, %",0.2
2020M09,Vísitala grunnlauna,Opinberir starfsmenn - ríkisstarfsmenn,"Ársbreyting, %",7.2
2020M09,Vísitala grunnlauna,Opinberir starfsmenn - starfsmenn sveitarfélaga,Vísitölugildi,111
2020M09,Vísitala grunnlauna,Opinberir starfsmenn - starfsmenn sveitarfélaga,"Mánaðarbreyting, %",0.7
2020M09,Vísitala grunnlauna,Opinberir starfsmenn - starfsmenn sveitarfélaga,"Ársbreyting, %",8.9
2020M10,Launavísitala,Alls,Vísitölugildi,111.4
2020M10,Launavísitala,Alls,"Mánaðarbreyting, %",0.7
2020M10,Launavísitala,Alls,"Ársbreyting, %",7.1
2020M10,Launavísitala,Starfsmenn á almennum vinnumarkaði,Vísitölugildi,111.5
2020M10,Launavísitala,Starfsmenn á almennum vinnumarkaði,"Mánaðarbreyting, %",0.4
2020M10,Launavísitala,Starfsmenn á almennum vinnumarkaði,"Ársbreyting, %",6.3
2020M10,Launavísitala,Opinberir starfsmenn - alls,Vísitölugildi,111.4
2020M10,Launavísitala,Opinberir starfsmenn - alls,"Mánaðarbreyting, %",1.2
2020M10,Launavísitala,Opinberir starfsmenn - alls,"Ársbreyting, %",9.3
2020M10,Launavísitala,Opinberir starfsmenn - ríkisstarfsmenn,Vísitölugildi,109.9
2020M10,Launavísitala,Opinberir starfsmenn - ríkisstarfsmenn,"Mánaðarbreyting, %",1
2020M10,Launavísitala,Opinberir starfsmenn - ríkisstarfsmenn,"Ársbreyting, %",8.1
2020M10,Launavísitala,Opinberir starfsmenn - starfsmenn sveitarfélaga,Vísitölugildi,113
2020M10,Launavísitala,Opinberir starfsmenn - starfsmenn sveitarfélaga,"Mánaðarbreyting, %",1.5
2020M10,Launavísitala,Opinberir starfsmenn - starfsmenn sveitarfélaga,"Ársbreyting, %",10.6
2020M10,Vísitala grunnlauna,Alls,Vísitölugildi,111
2020M10,Vísitala grunnlauna,Alls,"Mánaðarbreyting, %",0.3
2020M10,Vísitala grunnlauna,Alls,"Ársbreyting, %",6.7
2020M10,Vísitala grunnlauna,Starfsmenn á almennum vinnumarkaði,Vísitölugildi,111
2020M10,Vísitala grunnlauna,Starfsmenn á almennum vinnumarkaði,"Mánaðarbreyting, %",0.2
2020M10,Vísitala grunnlauna,Starfsmenn á almennum vinnumarkaði,"Ársbreyting, %",6
2020M10,Vísitala grunnlauna,Opinberir starfsmenn - alls,Vísitölugildi,110.6
2020M10,Vísitala grunnlauna,Opinberir starfsmenn - alls,"Mánaðarbreyting, %",0.8
2020M10,Vísitala grunnlauna,Opinberir starfsmenn - alls,"Ársbreyting, %",8.7
2020M10,Vísitala grunnlauna,Opinberir starfsmenn - ríkisstarfsmenn,Vísitölugildi,109.3
2020M10,Vísitala grunnlauna,Opinberir starfsmenn - ríkisstarfsmenn,"Mánaðarbreyting, %",0.6
2020M10,Vísitala grunnlauna,Opinberir starfsmenn - ríkisstarfsmenn,"Ársbreyting, %",7.7
2020M10,Vísitala grunnlauna,Opinberir starfsmenn - starfsmenn sveitarfélaga,Vísitölugildi,112.2
2020M10,Vísitala grunnlauna,Opinberir starfsmenn - starfsmenn sveitarfélaga,"Mánaðarbreyting, %",1.1
2020M10,Vísitala grunnlauna,Opinberir starfsmenn - starfsmenn sveitarfélaga,"Ársbreyting, %",10
2020M11,Launavísitala,Alls,Vísitölugildi,111.8
2020M11,Launavísitala,Alls,"Mánaðarbreyting, %",0.4
2020M11,Launavísitala,Alls,"Ársbreyting, %",7.3
2020M11,Launavísitala,Starfsmenn á almennum vinnumarkaði,Vísitölugildi,111.6
2020M11,Launavísitala,Starfsmenn á almennum vinnumarkaði,"Mánaðarbreyting, %",0.2
2020M11,Launavísitala,Starfsmenn á almennum vinnumarkaði,"Ársbreyting, %",6.4
2020M11,Launavísitala,Opinberir starfsmenn - alls,Vísitölugildi,112.3
2020M11,Launavísitala,Opinberir starfsmenn - alls,"Mánaðarbreyting, %",0.9
2020M11,Launavísitala,Opinberir starfsmenn - alls,"Ársbreyting, %",9.9
2020M11,Launavísitala,Opinberir starfsmenn - ríkisstarfsmenn,Vísitölugildi,110.5
2020M11,Launavísitala,Opinberir starfsmenn - ríkisstarfsmenn,"Mánaðarbreyting, %",0.6
2020M11,Launavísitala,Opinberir starfsmenn - ríkisstarfsmenn,"Ársbreyting, %",8.4
2020M11,Launavísitala,Opinberir starfsmenn - starfsmenn sveitarfélaga,Vísitölugildi,114.4
2020M11,Launavísitala,Opinberir starfsmenn - starfsmenn sveitarfélaga,"Mánaðarbreyting, %",1.2
2020M11,Launavísitala,Opinberir starfsmenn - starfsmenn sveitarfélaga,"Ársbreyting, %",11.6
2020M11,Vísitala grunnlauna,Alls,Vísitölugildi,111.3
2020M11,Vísitala grunnlauna,Alls,"Mánaðarbreyting, %",0.3
2020M11,Vísitala grunnlauna,Alls,"Ársbreyting, %",6.9
2020M11,Vísitala grunnlauna,Starfsmenn á almennum vinnumarkaði,Vísitölugildi,111.3
2020M11,Vísitala grunnlauna,Starfsmenn á almennum vinnumarkaði,"Mánaðarbreyting, %",0.2
2020M11,Vísitala grunnlauna,Starfsmenn á almennum vinnumarkaði,"Ársbreyting, %",6.1
2020M11,Vísitala grunnlauna,Opinberir starfsmenn - alls,Vísitölugildi,111.3
2020M11,Vísitala grunnlauna,Opinberir starfsmenn - alls,"Mánaðarbreyting, %",0.6
2020M11,Vísitala grunnlauna,Opinberir starfsmenn - alls,"Ársbreyting, %",9.1
2020M11,Vísitala grunnlauna,Opinberir starfsmenn - ríkisstarfsmenn,Vísitölugildi,109.4
2020M11,Vísitala grunnlauna,Opinberir starfsmenn - ríkisstarfsmenn,"Mánaðarbreyting, %",0.2
2020M11,Vísitala grunnlauna,Opinberir starfsmenn - ríkisstarfsmenn,"Ársbreyting, %",7.5
2020M11,Vísitala grunnlauna,Opinberir starfsmenn - starfsmenn sveitarfélaga,Vísitölugildi,113.4
2020M11,Vísitala grunnlauna,Opinberir starfsmenn - starfsmenn sveitarfélaga,"Mánaðarbreyting, %",1.1
2020M11,Vísitala grunnlauna,Opinberir starfsmenn - starfsmenn sveitarfélaga,"Ársbreyting, %",11
2020M12,Launavísitala,Alls,Vísitölugildi,112
2020M12,Launavísitala,Alls,"Mánaðarbreyting, %",0.2
2020M12,Launavísitala,Alls,"Ársbreyting, %",7.2
2020M12,Launavísitala,Starfsmenn á almennum vinnumarkaði,Vísitölugildi,111.8
2020M12,Launavísitala,Starfsmenn á almennum vinnumarkaði,"Mánaðarbreyting, %",0.2
2020M12,Launavísitala,Starfsmenn á almennum vinnumarkaði,"Ársbreyting, %",6.5
2020M12,Launavísitala,Opinberir starfsmenn - alls,Vísitölugildi,112.6
2020M12,Launavísitala,Opinberir starfsmenn - alls,"Mánaðarbreyting, %",0.3
2020M12,Launavísitala,Opinberir starfsmenn - alls,"Ársbreyting, %",10.1
2020M12,Launavísitala,Opinberir starfsmenn - ríkisstarfsmenn,Vísitölugildi,110.6
2020M12,Launavísitala,Opinberir starfsmenn - ríkisstarfsmenn,"Mánaðarbreyting, %",0.1
2020M12,Launavísitala,Opinberir starfsmenn - ríkisstarfsmenn,"Ársbreyting, %",8.3
2020M12,Launavísitala,Opinberir starfsmenn - starfsmenn sveitarfélaga,Vísitölugildi,115
2020M12,Launavísitala,Opinberir starfsmenn - starfsmenn sveitarfélaga,"Mánaðarbreyting, %",0.5
2020M12,Launavísitala,Opinberir starfsmenn - starfsmenn sveitarfélaga,"Ársbreyting, %",12.1
2020M12,Vísitala grunnlauna,Alls,Vísitölugildi,111.5
2020M12,Vísitala grunnlauna,Alls,"Mánaðarbreyting, %",0.2
2020M12,Vísitala grunnlauna,Alls,"Ársbreyting, %",7
2020M12,Vísitala grunnlauna,Starfsmenn á almennum vinnumarkaði,Vísitölugildi,111.4
2020M12,Vísitala grunnlauna,Starfsmenn á almennum vinnumarkaði,"Mánaðarbreyting, %",0.1
2020M12,Vísitala grunnlauna,Starfsmenn á almennum vinnumarkaði,"Ársbreyting, %",6
2020M12,Vísitala grunnlauna,Opinberir starfsmenn - alls,Vísitölugildi,111.8
2020M12,Vísitala grunnlauna,Opinberir starfsmenn - alls,"Mánaðarbreyting, %",0.5
2020M12,Vísitala grunnlauna,Opinberir starfsmenn - alls,"Ársbreyting, %",9.6
2020M12,Vísitala grunnlauna,Opinberir starfsmenn - ríkisstarfsmenn,Vísitölugildi,110.1
2020M12,Vísitala grunnlauna,Opinberir starfsmenn - ríkisstarfsmenn,"Mánaðarbreyting, %",0.6
2020M12,Vísitala grunnlauna,Opinberir starfsmenn - ríkisstarfsmenn,"Ársbreyting, %",8
2020M12,Vísitala grunnlauna,Opinberir starfsmenn - starfsmenn sveitarfélaga,Vísitölugildi,113.8
2020M12,Vísitala grunnlauna,Opinberir starfsmenn - starfsmenn sveitarfélaga,"Mánaðarbreyting, %",0.3
2020M12,Vísitala grunnlauna,Opinberir starfsmenn - starfsmenn sveitarfélaga,"Ársbreyting, %",11.4
2021M01,Launavísitala,Alls,Vísitölugildi,116.1
2021M01,Launavísitala,Alls,"Mánaðarbreyting, %",3.7
2021M01,Launavísitala,Alls,"Ársbreyting, %",10.3
2021M01,Launavísitala,Starfsmenn á almennum vinnumarkaði,Vísitölugildi,115
2021M01,Launavísitala,Starfsmenn á almennum vinnumarkaði,"Mánaðarbreyting, %",2.8
2021M01,Launavísitala,Starfsmenn á almennum vinnumarkaði,"Ársbreyting, %",8.5
2021M01,Launavísitala,Opinberir starfsmenn - alls,Vísitölugildi,118.9
2021M01,Launavísitala,Opinberir starfsmenn - alls,"Mánaðarbreyting, %",5.6
2021M01,Launavísitala,Opinberir starfsmenn - alls,"Ársbreyting, %",16.1
2021M01,Launavísitala,Opinberir starfsmenn - ríkisstarfsmenn,Vísitölugildi,116.5
2021M01,Launavísitala,Opinberir starfsmenn - ríkisstarfsmenn,"Mánaðarbreyting, %",5.3
2021M01,Launavísitala,Opinberir starfsmenn - ríkisstarfsmenn,"Ársbreyting, %",13.7
2021M01,Launavísitala,Opinberir starfsmenn - starfsmenn sveitarfélaga,Vísitölugildi,121.8
2021M01,Launavísitala,Opinberir starfsmenn - starfsmenn sveitarfélaga,"Mánaðarbreyting, %",6
2021M01,Launavísitala,Opinberir starfsmenn - starfsmenn sveitarfélaga,"Ársbreyting, %",19.1
2021M01,Vísitala grunnlauna,Alls,Vísitölugildi,115.7
2021M01,Vísitala grunnlauna,Alls,"Mánaðarbreyting, %",3.7
2021M01,Vísitala grunnlauna,Alls,"Ársbreyting, %",10.2
2021M01,Vísitala grunnlauna,Starfsmenn á almennum vinnumarkaði,Vísitölugildi,114.6
2021M01,Vísitala grunnlauna,Starfsmenn á almennum vinnumarkaði,"Mánaðarbreyting, %",2.9
2021M01,Vísitala grunnlauna,Starfsmenn á almennum vinnumarkaði,"Ársbreyting, %",8.1
2021M01,Vísitala grunnlauna,Opinberir starfsmenn - alls,Vísitölugildi,118.3
2021M01,Vísitala grunnlauna,Opinberir starfsmenn - alls,"Mánaðarbreyting, %",5.8
2021M01,Vísitala grunnlauna,Opinberir starfsmenn - alls,"Ársbreyting, %",15.7
2021M01,Vísitala grunnlauna,Opinberir starfsmenn - ríkisstarfsmenn,Vísitölugildi,115.8
2021M01,Vísitala grunnlauna,Opinberir starfsmenn - ríkisstarfsmenn,"Mánaðarbreyting, %",5.2
2021M01,Vísitala grunnlauna,Opinberir starfsmenn - ríkisstarfsmenn,"Ársbreyting, %",13.4
2021M01,Vísitala grunnlauna,Opinberir starfsmenn - starfsmenn sveitarfélaga,Vísitölugildi,121.3
2021M01,Vísitala grunnlauna,Opinberir starfsmenn - starfsmenn sveitarfélaga,"Mánaðarbreyting, %",6.6
2021M01,Vísitala grunnlauna,Opinberir starfsmenn - starfsmenn sveitarfélaga,"Ársbreyting, %",18.4
2021M02,Launavísitala,Alls,Vísitölugildi,116.5
2021M02,Launavísitala,Alls,"Mánaðarbreyting, %",0.3
2021M02,Launavísitala,Alls,"Ársbreyting, %",10.6
2021M02,Launavísitala,Starfsmenn á almennum vinnumarkaði,Vísitölugildi,115.4
2021M02,Launavísitala,Starfsmenn á almennum vinnumarkaði,"Mánaðarbreyting, %",0.4
2021M02,Launavísitala,Starfsmenn á almennum vinnumarkaði,"Ársbreyting, %",8.7
2021M02,Launavísitala,Opinberir starfsmenn - alls,Vísitölugildi,119.7
2021M02,Launavísitala,Opinberir starfsmenn - alls,"Mánaðarbreyting, %",0.7
2021M02,Launavísitala,Opinberir starfsmenn - alls,"Ársbreyting, %",16
2021M02,Launavísitala,Opinberir starfsmenn - ríkisstarfsmenn,Vísitölugildi,117.1
2021M02,Launavísitala,Opinberir starfsmenn - ríkisstarfsmenn,"Mánaðarbreyting, %",0.5
2021M02,Launavísitala,Opinberir starfsmenn - ríkisstarfsmenn,"Ársbreyting, %",13.9
2021M02,Launavísitala,Opinberir starfsmenn - starfsmenn sveitarfélaga,Vísitölugildi,122.8
2021M02,Launavísitala,Opinberir starfsmenn - starfsmenn sveitarfélaga,"Mánaðarbreyting, %",0.8
2021M02,Launavísitala,Opinberir starfsmenn - starfsmenn sveitarfélaga,"Ársbreyting, %",18.5
2021M02,Vísitala grunnlauna,Alls,Vísitölugildi,116
2021M02,Vísitala grunnlauna,Alls,"Mánaðarbreyting, %",0.2
2021M02,Vísitala grunnlauna,Alls,"Ársbreyting, %",10.1
2021M02,Vísitala grunnlauna,Starfsmenn á almennum vinnumarkaði,Vísitölugildi,114.9
2021M02,Vísitala grunnlauna,Starfsmenn á almennum vinnumarkaði,"Mánaðarbreyting, %",0.3
2021M02,Vísitala grunnlauna,Starfsmenn á almennum vinnumarkaði,"Ársbreyting, %",8.1
2021M02,Vísitala grunnlauna,Opinberir starfsmenn - alls,Vísitölugildi,118.5
2021M02,Vísitala grunnlauna,Opinberir starfsmenn - alls,"Mánaðarbreyting, %",0.1
2021M02,Vísitala grunnlauna,Opinberir starfsmenn - alls,"Ársbreyting, %",15.4
2021M02,Vísitala grunnlauna,Opinberir starfsmenn - ríkisstarfsmenn,Vísitölugildi,116.1
2021M02,Vísitala grunnlauna,Opinberir starfsmenn - ríkisstarfsmenn,"Mánaðarbreyting, %",0.2
2021M02,Vísitala grunnlauna,Opinberir starfsmenn - ríkisstarfsmenn,"Ársbreyting, %",13.3
2021M02,Vísitala grunnlauna,Opinberir starfsmenn - starfsmenn sveitarfélaga,Vísitölugildi,121.4
2021M02,Vísitala grunnlauna,Opinberir starfsmenn - starfsmenn sveitarfélaga,"Mánaðarbreyting, %",0.1
2021M02,Vísitala grunnlauna,Opinberir starfsmenn - starfsmenn sveitarfélaga,"Ársbreyting, %",17.8
2021M03,Launavísitala,Alls,Vísitölugildi,116.9
2021M03,Launavísitala,Alls,"Mánaðarbreyting, %",0.4
2021M03,Launavísitala,Alls,"Ársbreyting, %",10.6
2021M03,Launavísitala,Starfsmenn á almennum vinnumarkaði,Vísitölugildi,115.8
2021M03,Launavísitala,Starfsmenn á almennum vinnumarkaði,"Mánaðarbreyting, %",0.3
2021M03,Launavísitala,Starfsmenn á almennum vinnumarkaði,"Ársbreyting, %",8.6
2021M03,Launavísitala,Opinberir starfsmenn - alls,Vísitölugildi,119.5
2021M03,Launavísitala,Opinberir starfsmenn - alls,"Mánaðarbreyting, %",-0.1
2021M03,Launavísitala,Opinberir starfsmenn - alls,"Ársbreyting, %",15.5
2021M03,Launavísitala,Opinberir starfsmenn - ríkisstarfsmenn,Vísitölugildi,116.8
2021M03,Launavísitala,Opinberir starfsmenn - ríkisstarfsmenn,"Mánaðarbreyting, %",-0.3
2021M03,Launavísitala,Opinberir starfsmenn - ríkisstarfsmenn,"Ársbreyting, %",13.6
2021M03,Launavísitala,Opinberir starfsmenn - starfsmenn sveitarfélaga,Vísitölugildi,122.8
2021M03,Launavísitala,Opinberir starfsmenn - starfsmenn sveitarfélaga,"Mánaðarbreyting, %",0
2021M03,Launavísitala,Opinberir starfsmenn - starfsmenn sveitarfélaga,"Ársbreyting, %",17.9
2021M03,Vísitala grunnlauna,Alls,Vísitölugildi,116.2
2021M03,Vísitala grunnlauna,Alls,"Mánaðarbreyting, %",0.2
2021M03,Vísitala grunnlauna,Alls,"Ársbreyting, %",9.9
2021M03,Vísitala grunnlauna,Starfsmenn á almennum vinnumarkaði,Vísitölugildi,115.2
2021M03,Vísitala grunnlauna,Starfsmenn á almennum vinnumarkaði,"Mánaðarbreyting, %",0.2
2021M03,Vísitala grunnlauna,Starfsmenn á almennum vinnumarkaði,"Ársbreyting, %",8.1
2021M03,Vísitala grunnlauna,Opinberir starfsmenn - alls,Vísitölugildi,118.7
2021M03,Vísitala grunnlauna,Opinberir starfsmenn - alls,"Mánaðarbreyting, %",0.1
2021M03,Vísitala grunnlauna,Opinberir starfsmenn - alls,"Ársbreyting, %",14.8
2021M03,Vísitala grunnlauna,Opinberir starfsmenn - ríkisstarfsmenn,Vísitölugildi,116.2
2021M03,Vísitala grunnlauna,Opinberir starfsmenn - ríkisstarfsmenn,"Mánaðarbreyting, %",0.1
2021M03,Vísitala grunnlauna,Opinberir starfsmenn - ríkisstarfsmenn,"Ársbreyting, %",13.4
2021M03,Vísitala grunnlauna,Opinberir starfsmenn - starfsmenn sveitarfélaga,Vísitölugildi,121.5
2021M03,Vísitala grunnlauna,Opinberir starfsmenn - starfsmenn sveitarfélaga,"Mánaðarbreyting, %",0.1
2021M03,Vísitala grunnlauna,Opinberir starfsmenn - starfsmenn sveitarfélaga,"Ársbreyting, %",16.6
2021M04,Launavísitala,Alls,Vísitölugildi,117.2
2021M04,Launavísitala,Alls,"Mánaðarbreyting, %",0.3
2021M04,Launavísitala,Alls,"Ársbreyting, %",7.4
2021M04,Launavísitala,Starfsmenn á almennum vinnumarkaði,Vísitölugildi,116.2
2021M04,Launavísitala,Starfsmenn á almennum vinnumarkaði,"Mánaðarbreyting, %",0.4
2021M04,Launavísitala,Starfsmenn á almennum vinnumarkaði,"Ársbreyting, %",5.8
2021M04,Launavísitala,Opinberir starfsmenn - alls,Vísitölugildi,119.8
2021M04,Launavísitala,Opinberir starfsmenn - alls,"Mánaðarbreyting, %",0.2
2021M04,Launavísitala,Opinberir starfsmenn - alls,"Ársbreyting, %",11.1
2021M04,Launavísitala,Opinberir starfsmenn - ríkisstarfsmenn,Vísitölugildi,117.4
2021M04,Launavísitala,Opinberir starfsmenn - ríkisstarfsmenn,"Mánaðarbreyting, %",0.5
2021M04,Launavísitala,Opinberir starfsmenn - ríkisstarfsmenn,"Ársbreyting, %",9.9
2021M04,Launavísitala,Opinberir starfsmenn - starfsmenn sveitarfélaga,Vísitölugildi,122.7
2021M04,Launavísitala,Opinberir starfsmenn - starfsmenn sveitarfélaga,"Mánaðarbreyting, %",-0.1
2021M04,Launavísitala,Opinberir starfsmenn - starfsmenn sveitarfélaga,"Ársbreyting, %",12.6
2021M04,Vísitala grunnlauna,Alls,Vísitölugildi,116.6
2021M04,Vísitala grunnlauna,Alls,"Mánaðarbreyting, %",0.3
2021M04,Vísitala grunnlauna,Alls,"Ársbreyting, %",6.9
2021M04,Vísitala grunnlauna,Starfsmenn á almennum vinnumarkaði,Vísitölugildi,115.6
2021M04,Vísitala grunnlauna,Starfsmenn á almennum vinnumarkaði,"Mánaðarbreyting, %",0.4
2021M04,Vísitala grunnlauna,Starfsmenn á almennum vinnumarkaði,"Ársbreyting, %",5.3
2021M04,Vísitala grunnlauna,Opinberir starfsmenn - alls,Vísitölugildi,119
2021M04,Vísitala grunnlauna,Opinberir starfsmenn - alls,"Mánaðarbreyting, %",0.3
2021M04,Vísitala grunnlauna,Opinberir starfsmenn - alls,"Ársbreyting, %",11.1
2021M04,Vísitala grunnlauna,Opinberir starfsmenn - ríkisstarfsmenn,Vísitölugildi,116.7
2021M04,Vísitala grunnlauna,Opinberir starfsmenn - ríkisstarfsmenn,"Mánaðarbreyting, %",0.4
2021M04,Vísitala grunnlauna,Opinberir starfsmenn - ríkisstarfsmenn,"Ársbreyting, %",9.9
2021M04,Vísitala grunnlauna,Opinberir starfsmenn - starfsmenn sveitarfélaga,Vísitölugildi,121.7
2021M04,Vísitala grunnlauna,Opinberir starfsmenn - starfsmenn sveitarfélaga,"Mánaðarbreyting, %",0.1
2021M04,Vísitala grunnlauna,Opinberir starfsmenn - starfsmenn sveitarfélaga,"Ársbreyting, %",12.5
2021M05,Launavísitala,Alls,Vísitölugildi,117.7
2021M05,Launavísitala,Alls,"Mánaðarbreyting, %",0.4
2021M05,Launavísitala,Alls,"Ársbreyting, %",7.5
2021M05,Launavísitala,Starfsmenn á almennum vinnumarkaði,Vísitölugildi,116.5
2021M05,Launavísitala,Starfsmenn á almennum vinnumarkaði,"Mánaðarbreyting, %",0.2
2021M05,Launavísitala,Starfsmenn á almennum vinnumarkaði,"Ársbreyting, %",5.8
2021M05,Launavísitala,Opinberir starfsmenn - alls,Vísitölugildi,121.5
2021M05,Launavísitala,Opinberir starfsmenn - alls,"Mánaðarbreyting, %",1.4
2021M05,Launavísitala,Opinberir starfsmenn - alls,"Ársbreyting, %",12.4
2021M05,Launavísitala,Opinberir starfsmenn - ríkisstarfsmenn,Vísitölugildi,118.9
2021M05,Launavísitala,Opinberir starfsmenn - ríkisstarfsmenn,"Mánaðarbreyting, %",1.3
2021M05,Launavísitala,Opinberir starfsmenn - ríkisstarfsmenn,"Ársbreyting, %",10.7
2021M05,Launavísitala,Opinberir starfsmenn - starfsmenn sveitarfélaga,Vísitölugildi,124.6
2021M05,Launavísitala,Opinberir starfsmenn - starfsmenn sveitarfélaga,"Mánaðarbreyting, %",1.5
2021M05,Launavísitala,Opinberir starfsmenn - starfsmenn sveitarfélaga,"Ársbreyting, %",14.5
2021M05,Vísitala grunnlauna,Alls,Vísitölugildi,117.4
2021M05,Vísitala grunnlauna,Alls,"Mánaðarbreyting, %",0.7
2021M05,Vísitala grunnlauna,Alls,"Ársbreyting, %",7.2
2021M05,Vísitala grunnlauna,Starfsmenn á almennum vinnumarkaði,Vísitölugildi,115.9
2021M05,Vísitala grunnlauna,Starfsmenn á almennum vinnumarkaði,"Mánaðarbreyting, %",0.3
2021M05,Vísitala grunnlauna,Starfsmenn á almennum vinnumarkaði,"Ársbreyting, %",5.3
2021M05,Vísitala grunnlauna,Opinberir starfsmenn - alls,Vísitölugildi,120.9
2021M05,Vísitala grunnlauna,Opinberir starfsmenn - alls,"Mánaðarbreyting, %",1.7
2021M05,Vísitala grunnlauna,Opinberir starfsmenn - alls,"Ársbreyting, %",12.4
2021M05,Vísitala grunnlauna,Opinberir starfsmenn - ríkisstarfsmenn,Vísitölugildi,118.9
2021M05,Vísitala grunnlauna,Opinberir starfsmenn - ríkisstarfsmenn,"Mánaðarbreyting, %",1.9
2021M05,Vísitala grunnlauna,Opinberir starfsmenn - ríkisstarfsmenn,"Ársbreyting, %",11.3
2021M05,Vísitala grunnlauna,Opinberir starfsmenn - starfsmenn sveitarfélaga,Vísitölugildi,123.3
2021M05,Vísitala grunnlauna,Opinberir starfsmenn - starfsmenn sveitarfélaga,"Mánaðarbreyting, %",1.4
2021M05,Vísitala grunnlauna,Opinberir starfsmenn - starfsmenn sveitarfélaga,"Ársbreyting, %",13.5
2021M06,Launavísitala,Alls,Vísitölugildi,118.2
2021M06,Launavísitala,Alls,"Mánaðarbreyting, %",0.4
2021M06,Launavísitala,Alls,"Ársbreyting, %",7.7
2021M06,Launavísitala,Starfsmenn á almennum vinnumarkaði,Vísitölugildi,116.8
2021M06,Launavísitala,Starfsmenn á almennum vinnumarkaði,"Mánaðarbreyting, %",0.2
2021M06,Launavísitala,Starfsmenn á almennum vinnumarkaði,"Ársbreyting, %",5.9
2021M06,Launavísitala,Opinberir starfsmenn - alls,Vísitölugildi,121.9
2021M06,Launavísitala,Opinberir starfsmenn - alls,"Mánaðarbreyting, %",0.4
2021M06,Launavísitala,Opinberir starfsmenn - alls,"Ársbreyting, %",12.9
2021M06,Launavísitala,Opinberir starfsmenn - ríkisstarfsmenn,Vísitölugildi,119.2
2021M06,Launavísitala,Opinberir starfsmenn - ríkisstarfsmenn,"Mánaðarbreyting, %",0.2
2021M06,Launavísitala,Opinberir starfsmenn - ríkisstarfsmenn,"Ársbreyting, %",10.9
2021M06,Launavísitala,Opinberir starfsmenn - starfsmenn sveitarfélaga,Vísitölugildi,125.2
2021M06,Launavísitala,Opinberir starfsmenn - starfsmenn sveitarfélaga,"Mánaðarbreyting, %",0.5
2021M06,Launavísitala,Opinberir starfsmenn - starfsmenn sveitarfélaga,"Ársbreyting, %",15.3
2021M06,Vísitala grunnlauna,Alls,Vísitölugildi,117.6
2021M06,Vísitala grunnlauna,Alls,"Mánaðarbreyting, %",0.2
2021M06,Vísitala grunnlauna,Alls,"Ársbreyting, %",7.1
2021M06,Vísitala grunnlauna,Starfsmenn á almennum vinnumarkaði,Vísitölugildi,116.2
2021M06,Vísitala grunnlauna,Starfsmenn á almennum vinnumarkaði,"Mánaðarbreyting, %",0.2
2021M06,Vísitala grunnlauna,Starfsmenn á almennum vinnumarkaði,"Ársbreyting, %",5.2
2021M06,Vísitala grunnlauna,Opinberir starfsmenn - alls,Vísitölugildi,121.1
2021M06,Vísitala grunnlauna,Opinberir starfsmenn - alls,"Mánaðarbreyting, %",0.1
2021M06,Vísitala grunnlauna,Opinberir starfsmenn - alls,"Ársbreyting, %",12.2
2021M06,Vísitala grunnlauna,Opinberir starfsmenn - ríkisstarfsmenn,Vísitölugildi,119.1
2021M06,Vísitala grunnlauna,Opinberir starfsmenn - ríkisstarfsmenn,"Mánaðarbreyting, %",0.1
2021M06,Vísitala grunnlauna,Opinberir starfsmenn - ríkisstarfsmenn,"Ársbreyting, %",11
2021M06,Vísitala grunnlauna,Opinberir starfsmenn - starfsmenn sveitarfélaga,Vísitölugildi,123.5
2021M06,Vísitala grunnlauna,Opinberir starfsmenn - starfsmenn sveitarfélaga,"Mánaðarbreyting, %",0.1
2021M06,Vísitala grunnlauna,Opinberir starfsmenn - starfsmenn sveitarfélaga,"Ársbreyting, %",13.6
2021M07,Launavísitala,Alls,Vísitölugildi,118
2021M07,Launavísitala,Alls,"Mánaðarbreyting, %",-0.1
2021M07,Launavísitala,Alls,"Ársbreyting, %",7.8
2021M07,Launavísitala,Starfsmenn á almennum vinnumarkaði,Vísitölugildi,116.9
2021M07,Launavísitala,Starfsmenn á almennum vinnumarkaði,"Mánaðarbreyting, %",0.1
2021M07,Launavísitala,Starfsmenn á almennum vinnumarkaði,"Ársbreyting, %",6.2
2021M07,Launavísitala,Opinberir starfsmenn - alls,Vísitölugildi,120.9
2021M07,Launavísitala,Opinberir starfsmenn - alls,"Mánaðarbreyting, %",-0.9
2021M07,Launavísitala,Opinberir starfsmenn - alls,"Ársbreyting, %",11.8
2021M07,Launavísitala,Opinberir starfsmenn - ríkisstarfsmenn,Vísitölugildi,118.2
2021M07,Launavísitala,Opinberir starfsmenn - ríkisstarfsmenn,"Mánaðarbreyting, %",-0.9
2021M07,Launavísitala,Opinberir starfsmenn - ríkisstarfsmenn,"Ársbreyting, %",9.9
2021M07,Launavísitala,Opinberir starfsmenn - starfsmenn sveitarfélaga,Vísitölugildi,124.1
2021M07,Launavísitala,Opinberir starfsmenn - starfsmenn sveitarfélaga,"Mánaðarbreyting, %",-0.8
2021M07,Launavísitala,Opinberir starfsmenn - starfsmenn sveitarfélaga,"Ársbreyting, %",14.2
2021M07,Vísitala grunnlauna,Alls,Vísitölugildi,117.9
2021M07,Vísitala grunnlauna,Alls,"Mánaðarbreyting, %",0.3
2021M07,Vísitala grunnlauna,Alls,"Ársbreyting, %",7.2
2021M07,Vísitala grunnlauna,Starfsmenn á almennum vinnumarkaði,Vísitölugildi,116.5
2021M07,Vísitala grunnlauna,Starfsmenn á almennum vinnumarkaði,"Mánaðarbreyting, %",0.3
2021M07,Vísitala grunnlauna,Starfsmenn á almennum vinnumarkaði,"Ársbreyting, %",5.5
2021M07,Vísitala grunnlauna,Opinberir starfsmenn - alls,Vísitölugildi,121.3
2021M07,Vísitala grunnlauna,Opinberir starfsmenn - alls,"Mánaðarbreyting, %",0.2
2021M07,Vísitala grunnlauna,Opinberir starfsmenn - alls,"Ársbreyting, %",11.6
2021M07,Vísitala grunnlauna,Opinberir starfsmenn - ríkisstarfsmenn,Vísitölugildi,119.4
2021M07,Vísitala grunnlauna,Opinberir starfsmenn - ríkisstarfsmenn,"Mánaðarbreyting, %",0.3
2021M07,Vísitala grunnlauna,Opinberir starfsmenn - ríkisstarfsmenn,"Ársbreyting, %",10.4
2021M07,Vísitala grunnlauna,Opinberir starfsmenn - starfsmenn sveitarfélaga,Vísitölugildi,123.5
2021M07,Vísitala grunnlauna,Opinberir starfsmenn - starfsmenn sveitarfélaga,"Mánaðarbreyting, %",0
2021M07,Vísitala grunnlauna,Opinberir starfsmenn - starfsmenn sveitarfélaga,"Ársbreyting, %",13
2021M08,Launavísitala,Alls,Vísitölugildi,118.4
2021M08,Launavísitala,Alls,"Mánaðarbreyting, %",0.3
2021M08,Launavísitala,Alls,"Ársbreyting, %",7.9
2021M08,Launavísitala,Starfsmenn á almennum vinnumarkaði,Vísitölugildi,117.3
2021M08,Launavísitala,Starfsmenn á almennum vinnumarkaði,"Mánaðarbreyting, %",0.3
2021M08,Launavísitala,Starfsmenn á almennum vinnumarkaði,"Ársbreyting, %",6.3
2021M08,Launavísitala,Opinberir starfsmenn - alls,Vísitölugildi,120.8
2021M08,Launavísitala,Opinberir starfsmenn - alls,"Mánaðarbreyting, %",-0.1
2021M08,Launavísitala,Opinberir starfsmenn - alls,"Ársbreyting, %",11.3
2021M08,Launavísitala,Opinberir starfsmenn - ríkisstarfsmenn,Vísitölugildi,118.2
2021M08,Launavísitala,Opinberir starfsmenn - ríkisstarfsmenn,"Mánaðarbreyting, %",0
2021M08,Launavísitala,Opinberir starfsmenn - ríkisstarfsmenn,"Ársbreyting, %",9.9
2021M08,Launavísitala,Opinberir starfsmenn - starfsmenn sveitarfélaga,Vísitölugildi,124
2021M08,Launavísitala,Opinberir starfsmenn - starfsmenn sveitarfélaga,"Mánaðarbreyting, %",-0.1
2021M08,Launavísitala,Opinberir starfsmenn - starfsmenn sveitarfélaga,"Ársbreyting, %",13.2
2021M08,Vísitala grunnlauna,Alls,Vísitölugildi,118.1
2021M08,Vísitala grunnlauna,Alls,"Mánaðarbreyting, %",0.2
2021M08,Vísitala grunnlauna,Alls,"Ársbreyting, %",7.1
2021M08,Vísitala grunnlauna,Starfsmenn á almennum vinnumarkaði,Vísitölugildi,116.7
2021M08,Vísitala grunnlauna,Starfsmenn á almennum vinnumarkaði,"Mánaðarbreyting, %",0.2
2021M08,Vísitala grunnlauna,Starfsmenn á almennum vinnumarkaði,"Ársbreyting, %",5.5
2021M08,Vísitala grunnlauna,Opinberir starfsmenn - alls,Vísitölugildi,121.4
2021M08,Vísitala grunnlauna,Opinberir starfsmenn - alls,"Mánaðarbreyting, %",0.1
2021M08,Vísitala grunnlauna,Opinberir starfsmenn - alls,"Ársbreyting, %",11.1
2021M08,Vísitala grunnlauna,Opinberir starfsmenn - ríkisstarfsmenn,Vísitölugildi,119.5
2021M08,Vísitala grunnlauna,Opinberir starfsmenn - ríkisstarfsmenn,"Mánaðarbreyting, %",0.1
2021M08,Vísitala grunnlauna,Opinberir starfsmenn - ríkisstarfsmenn,"Ársbreyting, %",10.3
2021M08,Vísitala grunnlauna,Opinberir starfsmenn - starfsmenn sveitarfélaga,Vísitölugildi,123.6
2021M08,Vísitala grunnlauna,Opinberir starfsmenn - starfsmenn sveitarfélaga,"Mánaðarbreyting, %",0.1
2021M08,Vísitala grunnlauna,Opinberir starfsmenn - starfsmenn sveitarfélaga,"Ársbreyting, %",12.1
2021M09,Launavísitala,Alls,Vísitölugildi,119.2
2021M09,Launavísitala,Alls,"Mánaðarbreyting, %",0.7
2021M09,Launavísitala,Alls,"Ársbreyting, %",7.7
2021M09,Launavísitala,Starfsmenn á almennum vinnumarkaði,Vísitölugildi,118
2021M09,Launavísitala,Starfsmenn á almennum vinnumarkaði,"Mánaðarbreyting, %",0.6
2021M09,Launavísitala,Starfsmenn á almennum vinnumarkaði,"Ársbreyting, %",6.3
2021M09,Launavísitala,Opinberir starfsmenn - alls,Vísitölugildi,122.4
2021M09,Launavísitala,Opinberir starfsmenn - alls,"Mánaðarbreyting, %",1.3
2021M09,Launavísitala,Opinberir starfsmenn - alls,"Ársbreyting, %",11.3
2021M09,Launavísitala,Opinberir starfsmenn - ríkisstarfsmenn,Vísitölugildi,119.8
2021M09,Launavísitala,Opinberir starfsmenn - ríkisstarfsmenn,"Mánaðarbreyting, %",1.4
2021M09,Launavísitala,Opinberir starfsmenn - ríkisstarfsmenn,"Ársbreyting, %",10
2021M09,Launavísitala,Opinberir starfsmenn - starfsmenn sveitarfélaga,Vísitölugildi,125.5
2021M09,Launavísitala,Opinberir starfsmenn - starfsmenn sveitarfélaga,"Mánaðarbreyting, %",1.2
2021M09,Launavísitala,Opinberir starfsmenn - starfsmenn sveitarfélaga,"Ársbreyting, %",12.7
2021M09,Vísitala grunnlauna,Alls,Vísitölugildi,118.4
2021M09,Vísitala grunnlauna,Alls,"Mánaðarbreyting, %",0.3
2021M09,Vísitala grunnlauna,Alls,"Ársbreyting, %",7.1
2021M09,Vísitala grunnlauna,Starfsmenn á almennum vinnumarkaði,Vísitölugildi,117.1
2021M09,Vísitala grunnlauna,Starfsmenn á almennum vinnumarkaði,"Mánaðarbreyting, %",0.3
2021M09,Vísitala grunnlauna,Starfsmenn á almennum vinnumarkaði,"Ársbreyting, %",5.6
2021M09,Vísitala grunnlauna,Opinberir starfsmenn - alls,Vísitölugildi,121.7
2021M09,Vísitala grunnlauna,Opinberir starfsmenn - alls,"Mánaðarbreyting, %",0.2
2021M09,Vísitala grunnlauna,Opinberir starfsmenn - alls,"Ársbreyting, %",10.9
2021M09,Vísitala grunnlauna,Opinberir starfsmenn - ríkisstarfsmenn,Vísitölugildi,119.8
2021M09,Vísitala grunnlauna,Opinberir starfsmenn - ríkisstarfsmenn,"Mánaðarbreyting, %",0.2
2021M09,Vísitala grunnlauna,Opinberir starfsmenn - ríkisstarfsmenn,"Ársbreyting, %",10.3
2021M09,Vísitala grunnlauna,Opinberir starfsmenn - starfsmenn sveitarfélaga,Vísitölugildi,123.9
2021M09,Vísitala grunnlauna,Opinberir starfsmenn - starfsmenn sveitarfélaga,"Mánaðarbreyting, %",0.3
2021M09,Vísitala grunnlauna,Opinberir starfsmenn - starfsmenn sveitarfélaga,"Ársbreyting, %",11.7
2021M10,Launavísitala,Alls,Vísitölugildi,119.8
2021M10,Launavísitala,Alls,"Mánaðarbreyting, %",0.5
2021M10,Launavísitala,Alls,"Ársbreyting, %",7.6
2021M10,Launavísitala,Starfsmenn á almennum vinnumarkaði,Vísitölugildi,118.7
2021M10,Launavísitala,Starfsmenn á almennum vinnumarkaði,"Mánaðarbreyting, %",0.6
2021M10,Launavísitala,Starfsmenn á almennum vinnumarkaði,"Ársbreyting, %",6.5
2021M10,Launavísitala,Opinberir starfsmenn - alls,Vísitölugildi,123
2021M10,Launavísitala,Opinberir starfsmenn - alls,"Mánaðarbreyting, %",0.5
2021M10,Launavísitala,Opinberir starfsmenn - alls,"Ársbreyting, %",10.4
2021M10,Launavísitala,Opinberir starfsmenn - ríkisstarfsmenn,Vísitölugildi,120.3
2021M10,Launavísitala,Opinberir starfsmenn - ríkisstarfsmenn,"Mánaðarbreyting, %",0.4
2021M10,Launavísitala,Opinberir starfsmenn - ríkisstarfsmenn,"Ársbreyting, %",9.5
2021M10,Launavísitala,Opinberir starfsmenn - starfsmenn sveitarfélaga,Vísitölugildi,126.2
2021M10,Launavísitala,Opinberir starfsmenn - starfsmenn sveitarfélaga,"Mánaðarbreyting, %",0.5
2021M10,Launavísitala,Opinberir starfsmenn - starfsmenn sveitarfélaga,"Ársbreyting, %",11.7
2021M10,Vísitala grunnlauna,Alls,Vísitölugildi,118.8
2021M10,Vísitala grunnlauna,Alls,"Mánaðarbreyting, %",0.3
2021M10,Vísitala grunnlauna,Alls,"Ársbreyting, %",7.1
2021M10,Vísitala grunnlauna,Starfsmenn á almennum vinnumarkaði,Vísitölugildi,117.6
2021M10,Vísitala grunnlauna,Starfsmenn á almennum vinnumarkaði,"Mánaðarbreyting, %",0.4
2021M10,Vísitala grunnlauna,Starfsmenn á almennum vinnumarkaði,"Ársbreyting, %",5.9
2021M10,Vísitala grunnlauna,Opinberir starfsmenn - alls,Vísitölugildi,121.9
2021M10,Vísitala grunnlauna,Opinberir starfsmenn - alls,"Mánaðarbreyting, %",0.1
2021M10,Vísitala grunnlauna,Opinberir starfsmenn - alls,"Ársbreyting, %",10.1
2021M10,Vísitala grunnlauna,Opinberir starfsmenn - ríkisstarfsmenn,Vísitölugildi,120
2021M10,Vísitala grunnlauna,Opinberir starfsmenn - ríkisstarfsmenn,"Mánaðarbreyting, %",0.2
2021M10,Vísitala grunnlauna,Opinberir starfsmenn - ríkisstarfsmenn,"Ársbreyting, %",9.8
2021M10,Vísitala grunnlauna,Opinberir starfsmenn - starfsmenn sveitarfélaga,Vísitölugildi,124.1
2021M10,Vísitala grunnlauna,Opinberir starfsmenn - starfsmenn sveitarfélaga,"Mánaðarbreyting, %",0.1
2021M10,Vísitala grunnlauna,Opinberir starfsmenn - starfsmenn sveitarfélaga,"Ársbreyting, %",10.5
2021M11,Launavísitala,Alls,Vísitölugildi,120.2
2021M11,Launavísitala,Alls,"Mánaðarbreyting, %",0.3
2021M11,Launavísitala,Alls,"Ársbreyting, %",7.5
2021M11,Launavísitala,Starfsmenn á almennum vinnumarkaði,Vísitölugildi,118.8
2021M11,Launavísitala,Starfsmenn á almennum vinnumarkaði,"Mánaðarbreyting, %",0.2
2021M11,Launavísitala,Starfsmenn á almennum vinnumarkaði,"Ársbreyting, %",6.5
2021M11,Launavísitala,Opinberir starfsmenn - alls,Vísitölugildi,123.5
2021M11,Launavísitala,Opinberir starfsmenn - alls,"Mánaðarbreyting, %",0.4
2021M11,Launavísitala,Opinberir starfsmenn - alls,"Ársbreyting, %",10
2021M11,Launavísitala,Opinberir starfsmenn - ríkisstarfsmenn,Vísitölugildi,120.8
2021M11,Launavísitala,Opinberir starfsmenn - ríkisstarfsmenn,"Mánaðarbreyting, %",0.5
2021M11,Launavísitala,Opinberir starfsmenn - ríkisstarfsmenn,"Ársbreyting, %",9.3
2021M11,Launavísitala,Opinberir starfsmenn - starfsmenn sveitarfélaga,Vísitölugildi,126.6
2021M11,Launavísitala,Opinberir starfsmenn - starfsmenn sveitarfélaga,"Mánaðarbreyting, %",0.3
2021M11,Launavísitala,Opinberir starfsmenn - starfsmenn sveitarfélaga,"Ársbreyting, %",10.7
2021M11,Vísitala grunnlauna,Alls,Vísitölugildi,119.1
2021M11,Vísitala grunnlauna,Alls,"Mánaðarbreyting, %",0.2
2021M11,Vísitala grunnlauna,Alls,"Ársbreyting, %",7
2021M11,Vísitala grunnlauna,Starfsmenn á almennum vinnumarkaði,Vísitölugildi,117.8
2021M11,Vísitala grunnlauna,Starfsmenn á almennum vinnumarkaði,"Mánaðarbreyting, %",0.2
2021M11,Vísitala grunnlauna,Starfsmenn á almennum vinnumarkaði,"Ársbreyting, %",5.9
2021M11,Vísitala grunnlauna,Opinberir starfsmenn - alls,Vísitölugildi,122
2021M11,Vísitala grunnlauna,Opinberir starfsmenn - alls,"Mánaðarbreyting, %",0.1
2021M11,Vísitala grunnlauna,Opinberir starfsmenn - alls,"Ársbreyting, %",9.7
2021M11,Vísitala grunnlauna,Opinberir starfsmenn - ríkisstarfsmenn,Vísitölugildi,120.2
2021M11,Vísitala grunnlauna,Opinberir starfsmenn - ríkisstarfsmenn,"Mánaðarbreyting, %",0.2
2021M11,Vísitala grunnlauna,Opinberir starfsmenn - ríkisstarfsmenn,"Ársbreyting, %",9.8
2021M11,Vísitala grunnlauna,Opinberir starfsmenn - starfsmenn sveitarfélaga,Vísitölugildi,124.2
2021M11,Vísitala grunnlauna,Opinberir starfsmenn - starfsmenn sveitarfélaga,"Mánaðarbreyting, %",0.1
2021M11,Vísitala grunnlauna,Opinberir starfsmenn - starfsmenn sveitarfélaga,"Ársbreyting, %",9.5
2021M12,Launavísitala,Alls,Vísitölugildi,120.2
2021M12,Launavísitala,Alls,"Mánaðarbreyting, %",0
2021M12,Launavísitala,Alls,"Ársbreyting, %",7.3
2021M12,Launavísitala,Starfsmenn á almennum vinnumarkaði,Vísitölugildi,119
2021M12,Launavísitala,Starfsmenn á almennum vinnumarkaði,"Mánaðarbreyting, %",0.1
2021M12,Launavísitala,Starfsmenn á almennum vinnumarkaði,"Ársbreyting, %",6.4
2021M12,Launavísitala,Opinberir starfsmenn - alls,Vísitölugildi,123.4
2021M12,Launavísitala,Opinberir starfsmenn - alls,"Mánaðarbreyting, %",0
2021M12,Launavísitala,Opinberir starfsmenn - alls,"Ársbreyting, %",9.6
2021M12,Launavísitala,Opinberir starfsmenn - ríkisstarfsmenn,Vísitölugildi,120.7
2021M12,Launavísitala,Opinberir starfsmenn - ríkisstarfsmenn,"Mánaðarbreyting, %",-0.1
2021M12,Launavísitala,Opinberir starfsmenn - ríkisstarfsmenn,"Ársbreyting, %",9.1
2021M12,Launavísitala,Opinberir starfsmenn - starfsmenn sveitarfélaga,Vísitölugildi,126.7
2021M12,Launavísitala,Opinberir starfsmenn - starfsmenn sveitarfélaga,"Mánaðarbreyting, %",0.1
2021M12,Launavísitala,Opinberir starfsmenn - starfsmenn sveitarfélaga,"Ársbreyting, %",10.2
2021M12,Vísitala grunnlauna,Alls,Vísitölugildi,119.2
2021M12,Vísitala grunnlauna,Alls,"Mánaðarbreyting, %",0.1
2021M12,Vísitala grunnlauna,Alls,"Ársbreyting, %",6.9
2021M12,Vísitala grunnlauna,Starfsmenn á almennum vinnumarkaði,Vísitölugildi,118
2021M12,Vísitala grunnlauna,Starfsmenn á almennum vinnumarkaði,"Mánaðarbreyting, %",0.2
2021M12,Vísitala grunnlauna,Starfsmenn á almennum vinnumarkaði,"Ársbreyting, %",5.9
2021M12,Vísitala grunnlauna,Opinberir starfsmenn - alls,Vísitölugildi,122.1
2021M12,Vísitala grunnlauna,Opinberir starfsmenn - alls,"Mánaðarbreyting, %",0.1
2021M12,Vísitala grunnlauna,Opinberir starfsmenn - alls,"Ársbreyting, %",9.2
2021M12,Vísitala grunnlauna,Opinberir starfsmenn - ríkisstarfsmenn,Vísitölugildi,120.3
2021M12,Vísitala grunnlauna,Opinberir starfsmenn - ríkisstarfsmenn,"Mánaðarbreyting, %",0.1
2021M12,Vísitala grunnlauna,Opinberir starfsmenn - ríkisstarfsmenn,"Ársbreyting, %",9.2
2021M12,Vísitala grunnlauna,Opinberir starfsmenn - starfsmenn sveitarfélaga,Vísitölugildi,124.3
2021M12,Vísitala grunnlauna,Opinberir starfsmenn - starfsmenn sveitarfélaga,"Mánaðarbreyting, %",0.1
2021M12,Vísitala grunnlauna,Opinberir starfsmenn - starfsmenn sveitarfélaga,"Ársbreyting, %",9.2
2022M01,Launavísitala,Alls,Vísitölugildi,124.6
2022M01,Launavísitala,Alls,"Mánaðarbreyting, %",3.7
2022M01,Launavísitala,Alls,"Ársbreyting, %",7.3
2022M01,Launavísitala,Starfsmenn á almennum vinnumarkaði,Vísitölugildi,122.9
2022M01,Launavísitala,Starfsmenn á almennum vinnumarkaði,"Mánaðarbreyting, %",3.3
2022M01,Launavísitala,Starfsmenn á almennum vinnumarkaði,"Ársbreyting, %",6.9
2022M01,Launavísitala,Opinberir starfsmenn - alls,Vísitölugildi,128.4
2022M01,Launavísitala,Opinberir starfsmenn - alls,"Mánaðarbreyting, %",4.1
2022M01,Launavísitala,Opinberir starfsmenn - alls,"Ársbreyting, %",8
2022M01,Launavísitala,Opinberir starfsmenn - ríkisstarfsmenn,Vísitölugildi,126
2022M01,Launavísitala,Opinberir starfsmenn - ríkisstarfsmenn,"Mánaðarbreyting, %",4.5
2022M01,Launavísitala,Opinberir starfsmenn - ríkisstarfsmenn,"Ársbreyting, %",8.2
2022M01,Launavísitala,Opinberir starfsmenn - starfsmenn sveitarfélaga,Vísitölugildi,131.2
2022M01,Launavísitala,Opinberir starfsmenn - starfsmenn sveitarfélaga,"Mánaðarbreyting, %",3.6
2022M01,Launavísitala,Opinberir starfsmenn - starfsmenn sveitarfélaga,"Ársbreyting, %",7.7
2022M01,Vísitala grunnlauna,Alls,Vísitölugildi,123.3
2022M01,Vísitala grunnlauna,Alls,"Mánaðarbreyting, %",3.4
2022M01,Vísitala grunnlauna,Alls,"Ársbreyting, %",6.5
2022M01,Vísitala grunnlauna,Starfsmenn á almennum vinnumarkaði,Vísitölugildi,121.9
2022M01,Vísitala grunnlauna,Starfsmenn á almennum vinnumarkaði,"Mánaðarbreyting, %",3.3
2022M01,Vísitala grunnlauna,Starfsmenn á almennum vinnumarkaði,"Ársbreyting, %",6.4
2022M01,Vísitala grunnlauna,Opinberir starfsmenn - alls,Vísitölugildi,126.5
2022M01,Vísitala grunnlauna,Opinberir starfsmenn - alls,"Mánaðarbreyting, %",3.6
2022M01,Vísitala grunnlauna,Opinberir starfsmenn - alls,"Ársbreyting, %",6.9
2022M01,Vísitala grunnlauna,Opinberir starfsmenn - ríkisstarfsmenn,Vísitölugildi,124.7
2022M01,Vísitala grunnlauna,Opinberir starfsmenn - ríkisstarfsmenn,"Mánaðarbreyting, %",3.7
2022M01,Vísitala grunnlauna,Opinberir starfsmenn - ríkisstarfsmenn,"Ársbreyting, %",7.7
2022M01,Vísitala grunnlauna,Opinberir starfsmenn - starfsmenn sveitarfélaga,Vísitölugildi,128.5
2022M01,Vísitala grunnlauna,Opinberir starfsmenn - starfsmenn sveitarfélaga,"Mánaðarbreyting, %",3.4
2022M01,Vísitala grunnlauna,Opinberir starfsmenn - starfsmenn sveitarfélaga,"Ársbreyting, %",6
2022M02,Launavísitala,Alls,Vísitölugildi,124.9
2022M02,Launavísitala,Alls,"Mánaðarbreyting, %",0.3
2022M02,Launavísitala,Alls,"Ársbreyting, %",7.3
2022M02,Launavísitala,Starfsmenn á almennum vinnumarkaði,Vísitölugildi,123.6
2022M02,Launavísitala,Starfsmenn á almennum vinnumarkaði,"Mánaðarbreyting, %",0.5
2022M02,Launavísitala,Starfsmenn á almennum vinnumarkaði,"Ársbreyting, %",7.1
2022M02,Launavísitala,Opinberir starfsmenn - alls,Vísitölugildi,128.3
2022M02,Launavísitala,Opinberir starfsmenn - alls,"Mánaðarbreyting, %",-0.1
2022M02,Launavísitala,Opinberir starfsmenn - alls,"Ársbreyting, %",7.2
2022M02,Launavísitala,Opinberir starfsmenn - ríkisstarfsmenn,Vísitölugildi,125.6
2022M02,Launavísitala,Opinberir starfsmenn - ríkisstarfsmenn,"Mánaðarbreyting, %",-0.3
2022M02,Launavísitala,Opinberir starfsmenn - ríkisstarfsmenn,"Ársbreyting, %",7.3
2022M02,Launavísitala,Opinberir starfsmenn - starfsmenn sveitarfélaga,Vísitölugildi,131.5
2022M02,Launavísitala,Opinberir starfsmenn - starfsmenn sveitarfélaga,"Mánaðarbreyting, %",0.2
2022M02,Launavísitala,Opinberir starfsmenn - starfsmenn sveitarfélaga,"Ársbreyting, %",7.1
2022M02,Vísitala grunnlauna,Alls,Vísitölugildi,123.7
2022M02,Vísitala grunnlauna,Alls,"Mánaðarbreyting, %",0.3
2022M02,Vísitala grunnlauna,Alls,"Ársbreyting, %",6.6
2022M02,Vísitala grunnlauna,Starfsmenn á almennum vinnumarkaði,Vísitölugildi,122.4
2022M02,Vísitala grunnlauna,Starfsmenn á almennum vinnumarkaði,"Mánaðarbreyting, %",0.4
2022M02,Vísitala grunnlauna,Starfsmenn á almennum vinnumarkaði,"Ársbreyting, %",6.5
2022M02,Vísitala grunnlauna,Opinberir starfsmenn - alls,Vísitölugildi,126.7
2022M02,Vísitala grunnlauna,Opinberir starfsmenn - alls,"Mánaðarbreyting, %",0.2
2022M02,Vísitala grunnlauna,Opinberir starfsmenn - alls,"Ársbreyting, %",6.9
2022M02,Vísitala grunnlauna,Opinberir starfsmenn - ríkisstarfsmenn,Vísitölugildi,124.9
2022M02,Vísitala grunnlauna,Opinberir starfsmenn - ríkisstarfsmenn,"Mánaðarbreyting, %",0.1
2022M02,Vísitala grunnlauna,Opinberir starfsmenn - ríkisstarfsmenn,"Ársbreyting, %",7.6
2022M02,Vísitala grunnlauna,Opinberir starfsmenn - starfsmenn sveitarfélaga,Vísitölugildi,128.8
2022M02,Vísitala grunnlauna,Opinberir starfsmenn - starfsmenn sveitarfélaga,"Mánaðarbreyting, %",0.3
2022M02,Vísitala grunnlauna,Opinberir starfsmenn - starfsmenn sveitarfélaga,"Ársbreyting, %",6.1
2022M03,Launavísitala,Alls,Vísitölugildi,125.2
2022M03,Launavísitala,Alls,"Mánaðarbreyting, %",0.2
2022M03,Launavísitala,Alls,"Ársbreyting, %",7.1
2022M03,Launavísitala,Starfsmenn á almennum vinnumarkaði,Vísitölugildi,124
2022M03,Launavísitala,Starfsmenn á almennum vinnumarkaði,"Mánaðarbreyting, %",0.3
2022M03,Launavísitala,Starfsmenn á almennum vinnumarkaði,"Ársbreyting, %",7.1
2022M03,Launavísitala,Opinberir starfsmenn - alls,Vísitölugildi,128.2
2022M03,Launavísitala,Opinberir starfsmenn - alls,"Mánaðarbreyting, %",-0.1
2022M03,Launavísitala,Opinberir starfsmenn - alls,"Ársbreyting, %",7.3
2022M03,Launavísitala,Opinberir starfsmenn - ríkisstarfsmenn,Vísitölugildi,124.9
2022M03,Launavísitala,Opinberir starfsmenn - ríkisstarfsmenn,"Mánaðarbreyting, %",-0.6
2022M03,Launavísitala,Opinberir starfsmenn - ríkisstarfsmenn,"Ársbreyting, %",6.9
2022M03,Launavísitala,Opinberir starfsmenn - starfsmenn sveitarfélaga,Vísitölugildi,132.2
2022M03,Launavísitala,Opinberir starfsmenn - starfsmenn sveitarfélaga,"Mánaðarbreyting, %",0.5
2022M03,Launavísitala,Opinberir starfsmenn - starfsmenn sveitarfélaga,"Ársbreyting, %",7.7
2022M03,Vísitala grunnlauna,Alls,Vísitölugildi,124.1
2022M03,Vísitala grunnlauna,Alls,"Mánaðarbreyting, %",0.4
2022M03,Vísitala grunnlauna,Alls,"Ársbreyting, %",6.8
2022M03,Vísitala grunnlauna,Starfsmenn á almennum vinnumarkaði,Vísitölugildi,122.7
2022M03,Vísitala grunnlauna,Starfsmenn á almennum vinnumarkaði,"Mánaðarbreyting, %",0.3
2022M03,Vísitala grunnlauna,Starfsmenn á almennum vinnumarkaði,"Ársbreyting, %",6.6
2022M03,Vísitala grunnlauna,Opinberir starfsmenn - alls,Vísitölugildi,127.4
2022M03,Vísitala grunnlauna,Opinberir starfsmenn - alls,"Mánaðarbreyting, %",0.5
2022M03,Vísitala grunnlauna,Opinberir starfsmenn - alls,"Ársbreyting, %",7.3
2022M03,Vísitala grunnlauna,Opinberir starfsmenn - ríkisstarfsmenn,Vísitölugildi,125
2022M03,Vísitala grunnlauna,Opinberir starfsmenn - ríkisstarfsmenn,"Mánaðarbreyting, %",0.1
2022M03,Vísitala grunnlauna,Opinberir starfsmenn - ríkisstarfsmenn,"Ársbreyting, %",7.5
2022M03,Vísitala grunnlauna,Opinberir starfsmenn - starfsmenn sveitarfélaga,Vísitölugildi,130.1
2022M03,Vísitala grunnlauna,Opinberir starfsmenn - starfsmenn sveitarfélaga,"Mánaðarbreyting, %",1
2022M03,Vísitala grunnlauna,Opinberir starfsmenn - starfsmenn sveitarfélaga,"Ársbreyting, %",7.1
2022M04,Launavísitala,Alls,Vísitölugildi,127.2
2022M04,Launavísitala,Alls,"Mánaðarbreyting, %",1.6
2022M04,Launavísitala,Alls,"Ársbreyting, %",8.5
2022M04,Launavísitala,Starfsmenn á almennum vinnumarkaði,Vísitölugildi,125.7
2022M04,Launavísitala,Starfsmenn á almennum vinnumarkaði,"Mánaðarbreyting, %",1.4
2022M04,Launavísitala,Starfsmenn á almennum vinnumarkaði,"Ársbreyting, %",8.2
2022M04,Launavísitala,Opinberir starfsmenn - alls,Vísitölugildi,130.9
2022M04,Launavísitala,Opinberir starfsmenn - alls,"Mánaðarbreyting, %",2.1
2022M04,Launavísitala,Opinberir starfsmenn - alls,"Ársbreyting, %",9.3
2022M04,Launavísitala,Opinberir starfsmenn - ríkisstarfsmenn,Vísitölugildi,126.8
2022M04,Launavísitala,Opinberir starfsmenn - ríkisstarfsmenn,"Mánaðarbreyting, %",1.5
2022M04,Launavísitala,Opinberir starfsmenn - ríkisstarfsmenn,"Ársbreyting, %",8
2022M04,Launavísitala,Opinberir starfsmenn - starfsmenn sveitarfélaga,Vísitölugildi,135.7
2022M04,Launavísitala,Opinberir starfsmenn - starfsmenn sveitarfélaga,"Mánaðarbreyting, %",2.7
2022M04,Launavísitala,Opinberir starfsmenn - starfsmenn sveitarfélaga,"Ársbreyting, %",10.6
2022M04,Vísitala grunnlauna,Alls,Vísitölugildi,125.8
2022M04,Vísitala grunnlauna,Alls,"Mánaðarbreyting, %",1.4
2022M04,Vísitala grunnlauna,Alls,"Ársbreyting, %",7.9
2022M04,Vísitala grunnlauna,Starfsmenn á almennum vinnumarkaði,Vísitölugildi,124.3
2022M04,Vísitala grunnlauna,Starfsmenn á almennum vinnumarkaði,"Mánaðarbreyting, %",1.3
2022M04,Vísitala grunnlauna,Starfsmenn á almennum vinnumarkaði,"Ársbreyting, %",7.5
2022M04,Vísitala grunnlauna,Opinberir starfsmenn - alls,Vísitölugildi,129.5
2022M04,Vísitala grunnlauna,Opinberir starfsmenn - alls,"Mánaðarbreyting, %",1.6
2022M04,Vísitala grunnlauna,Opinberir starfsmenn - alls,"Ársbreyting, %",8.8
2022M04,Vísitala grunnlauna,Opinberir starfsmenn - ríkisstarfsmenn,Vísitölugildi,126.6
2022M04,Vísitala grunnlauna,Opinberir starfsmenn - ríkisstarfsmenn,"Mánaðarbreyting, %",1.3
2022M04,Vísitala grunnlauna,Opinberir starfsmenn - ríkisstarfsmenn,"Ársbreyting, %",8.5
2022M04,Vísitala grunnlauna,Opinberir starfsmenn - starfsmenn sveitarfélaga,Vísitölugildi,132.7
2022M04,Vísitala grunnlauna,Opinberir starfsmenn - starfsmenn sveitarfélaga,"Mánaðarbreyting, %",2
2022M04,Vísitala grunnlauna,Opinberir starfsmenn - starfsmenn sveitarfélaga,"Ársbreyting, %",9.1
2022M05,Launavísitala,Alls,Vísitölugildi,127.7
2022M05,Launavísitala,Alls,"Mánaðarbreyting, %",0.4
2022M05,Launavísitala,Alls,"Ársbreyting, %",8.6
2022M05,Launavísitala,Starfsmenn á almennum vinnumarkaði,Vísitölugildi,126.2
2022M05,Launavísitala,Starfsmenn á almennum vinnumarkaði,"Mánaðarbreyting, %",0.4
2022M05,Launavísitala,Starfsmenn á almennum vinnumarkaði,"Ársbreyting, %",8.3
2022M05,Launavísitala,Opinberir starfsmenn - alls,Vísitölugildi,131.7
2022M05,Launavísitala,Opinberir starfsmenn - alls,"Mánaðarbreyting, %",0.6
2022M05,Launavísitala,Opinberir starfsmenn - alls,"Ársbreyting, %",8.4
2022M05,Launavísitala,Opinberir starfsmenn - ríkisstarfsmenn,Vísitölugildi,127.8
2022M05,Launavísitala,Opinberir starfsmenn - ríkisstarfsmenn,"Mánaðarbreyting, %",0.8
2022M05,Launavísitala,Opinberir starfsmenn - ríkisstarfsmenn,"Ársbreyting, %",7.5
2022M05,Launavísitala,Opinberir starfsmenn - starfsmenn sveitarfélaga,Vísitölugildi,136.3
2022M05,Launavísitala,Opinberir starfsmenn - starfsmenn sveitarfélaga,"Mánaðarbreyting, %",0.4
2022M05,Launavísitala,Opinberir starfsmenn - starfsmenn sveitarfélaga,"Ársbreyting, %",9.4
2022M05,Vísitala grunnlauna,Alls,Vísitölugildi,126.4
2022M05,Vísitala grunnlauna,Alls,"Mánaðarbreyting, %",0.4
2022M05,Vísitala grunnlauna,Alls,"Ársbreyting, %",7.6
2022M05,Vísitala grunnlauna,Starfsmenn á almennum vinnumarkaði,Vísitölugildi,124.9
2022M05,Vísitala grunnlauna,Starfsmenn á almennum vinnumarkaði,"Mánaðarbreyting, %",0.5
2022M05,Vísitala grunnlauna,Starfsmenn á almennum vinnumarkaði,"Ársbreyting, %",7.7
2022M05,Vísitala grunnlauna,Opinberir starfsmenn - alls,Vísitölugildi,129.9
2022M05,Vísitala grunnlauna,Opinberir starfsmenn - alls,"Mánaðarbreyting, %",0.3
2022M05,Vísitala grunnlauna,Opinberir starfsmenn - alls,"Ársbreyting, %",7.4
2022M05,Vísitala grunnlauna,Opinberir starfsmenn - ríkisstarfsmenn,Vísitölugildi,126.9
2022M05,Vísitala grunnlauna,Opinberir starfsmenn - ríkisstarfsmenn,"Mánaðarbreyting, %",0.2
2022M05,Vísitala grunnlauna,Opinberir starfsmenn - ríkisstarfsmenn,"Ársbreyting, %",6.7
2022M05,Vísitala grunnlauna,Opinberir starfsmenn - starfsmenn sveitarfélaga,Vísitölugildi,133.4
2022M05,Vísitala grunnlauna,Opinberir starfsmenn - starfsmenn sveitarfélaga,"Mánaðarbreyting, %",0.5
2022M05,Vísitala grunnlauna,Opinberir starfsmenn - starfsmenn sveitarfélaga,"Ársbreyting, %",8.2
2022M06,Launavísitala,Alls,Vísitölugildi,127.7
2022M06,Launavísitala,Alls,"Mánaðarbreyting, %",0
2022M06,Launavísitala,Alls,"Ársbreyting, %",8.1
2022M06,Launavísitala,Starfsmenn á almennum vinnumarkaði,Vísitölugildi,126.4
2022M06,Launavísitala,Starfsmenn á almennum vinnumarkaði,"Mánaðarbreyting, %",0.2
2022M06,Launavísitala,Starfsmenn á almennum vinnumarkaði,"Ársbreyting, %",8.2
2022M06,Launavísitala,Opinberir starfsmenn - alls,Vísitölugildi,131
2022M06,Launavísitala,Opinberir starfsmenn - alls,"Mánaðarbreyting, %",-0.5
2022M06,Launavísitala,Opinberir starfsmenn - alls,"Ársbreyting, %",7.5
2022M06,Launavísitala,Opinberir starfsmenn - ríkisstarfsmenn,Vísitölugildi,127
2022M06,Launavísitala,Opinberir starfsmenn - ríkisstarfsmenn,"Mánaðarbreyting, %",-0.7
2022M06,Launavísitala,Opinberir starfsmenn - ríkisstarfsmenn,"Ársbreyting, %",6.5
2022M06,Launavísitala,Opinberir starfsmenn - starfsmenn sveitarfélaga,Vísitölugildi,135.8
2022M06,Launavísitala,Opinberir starfsmenn - starfsmenn sveitarfélaga,"Mánaðarbreyting, %",-0.4
2022M06,Launavísitala,Opinberir starfsmenn - starfsmenn sveitarfélaga,"Ársbreyting, %",8.5
2022M06,Vísitala grunnlauna,Alls,Vísitölugildi,126.4
2022M06,Vísitala grunnlauna,Alls,"Mánaðarbreyting, %",0
2022M06,Vísitala grunnlauna,Alls,"Ársbreyting, %",7.4
2022M06,Vísitala grunnlauna,Starfsmenn á almennum vinnumarkaði,Vísitölugildi,125.1
2022M06,Vísitala grunnlauna,Starfsmenn á almennum vinnumarkaði,"Mánaðarbreyting, %",0.2
2022M06,Vísitala grunnlauna,Starfsmenn á almennum vinnumarkaði,"Ársbreyting, %",7.7
2022M06,Vísitala grunnlauna,Opinberir starfsmenn - alls,Vísitölugildi,130
2022M06,Vísitala grunnlauna,Opinberir starfsmenn - alls,"Mánaðarbreyting, %",0.1
2022M06,Vísitala grunnlauna,Opinberir starfsmenn - alls,"Ársbreyting, %",7.4
2022M06,Vísitala grunnlauna,Opinberir starfsmenn - ríkisstarfsmenn,Vísitölugildi,127
2022M06,Vísitala grunnlauna,Opinberir starfsmenn - ríkisstarfsmenn,"Mánaðarbreyting, %",0.1
2022M06,Vísitala grunnlauna,Opinberir starfsmenn - ríkisstarfsmenn,"Ársbreyting, %",6.7
2022M06,Vísitala grunnlauna,Opinberir starfsmenn - starfsmenn sveitarfélaga,Vísitölugildi,133.5
2022M06,Vísitala grunnlauna,Opinberir starfsmenn - starfsmenn sveitarfélaga,"Mánaðarbreyting, %",0.1
2022M06,Vísitala grunnlauna,Opinberir starfsmenn - starfsmenn sveitarfélaga,"Ársbreyting, %",8.1
2022M07,Launavísitala,Alls,Vísitölugildi,127.6
2022M07,Launavísitala,Alls,"Mánaðarbreyting, %",-0.1
2022M07,Launavísitala,Alls,"Ársbreyting, %",8.1
2022M07,Launavísitala,Starfsmenn á almennum vinnumarkaði,Vísitölugildi,126.6
2022M07,Launavísitala,Starfsmenn á almennum vinnumarkaði,"Mánaðarbreyting, %",0.1
2022M07,Launavísitala,Starfsmenn á almennum vinnumarkaði,"Ársbreyting, %",8.3
2022M07,Launavísitala,Opinberir starfsmenn - alls,Vísitölugildi,130.1
2022M07,Launavísitala,Opinberir starfsmenn - alls,"Mánaðarbreyting, %",-0.7
2022M07,Launavísitala,Opinberir starfsmenn - alls,"Ársbreyting, %",7.6
2022M07,Launavísitala,Opinberir starfsmenn - ríkisstarfsmenn,Vísitölugildi,126.1
2022M07,Launavísitala,Opinberir starfsmenn - ríkisstarfsmenn,"Mánaðarbreyting, %",-0.7
2022M07,Launavísitala,Opinberir starfsmenn - ríkisstarfsmenn,"Ársbreyting, %",6.7
2022M07,Launavísitala,Opinberir starfsmenn - starfsmenn sveitarfélaga,Vísitölugildi,134.8
2022M07,Launavísitala,Opinberir starfsmenn - starfsmenn sveitarfélaga,"Mánaðarbreyting, %",-0.7
2022M07,Launavísitala,Opinberir starfsmenn - starfsmenn sveitarfélaga,"Ársbreyting, %",8.6
2022M07,Vísitala grunnlauna,Alls,Vísitölugildi,126.7
2022M07,Vísitala grunnlauna,Alls,"Mánaðarbreyting, %",0.3
2022M07,Vísitala grunnlauna,Alls,"Ársbreyting, %",7.5
2022M07,Vísitala grunnlauna,Starfsmenn á almennum vinnumarkaði,Vísitölugildi,125.5
2022M07,Vísitala grunnlauna,Starfsmenn á almennum vinnumarkaði,"Mánaðarbreyting, %",0.3
2022M07,Vísitala grunnlauna,Starfsmenn á almennum vinnumarkaði,"Ársbreyting, %",7.7
2022M07,Vísitala grunnlauna,Opinberir starfsmenn - alls,Vísitölugildi,130.3
2022M07,Vísitala grunnlauna,Opinberir starfsmenn - alls,"Mánaðarbreyting, %",0.2
2022M07,Vísitala grunnlauna,Opinberir starfsmenn - alls,"Ársbreyting, %",7.4
2022M07,Vísitala grunnlauna,Opinberir starfsmenn - ríkisstarfsmenn,Vísitölugildi,127.5
2022M07,Vísitala grunnlauna,Opinberir starfsmenn - ríkisstarfsmenn,"Mánaðarbreyting, %",0.4
2022M07,Vísitala grunnlauna,Opinberir starfsmenn - ríkisstarfsmenn,"Ársbreyting, %",6.8
2022M07,Vísitala grunnlauna,Opinberir starfsmenn - starfsmenn sveitarfélaga,Vísitölugildi,133.6
2022M07,Vísitala grunnlauna,Opinberir starfsmenn - starfsmenn sveitarfélaga,"Mánaðarbreyting, %",0.1
2022M07,Vísitala grunnlauna,Opinberir starfsmenn - starfsmenn sveitarfélaga,"Ársbreyting, %",8.2
2022M08,Launavísitala,Alls,Vísitölugildi,127.9
2022M08,Launavísitala,Alls,"Mánaðarbreyting, %",0.2
2022M08,Launavísitala,Alls,"Ársbreyting, %",8
2022M08,Launavísitala,Starfsmenn á almennum vinnumarkaði,Vísitölugildi,126.8
2022M08,Launavísitala,Starfsmenn á almennum vinnumarkaði,"Mánaðarbreyting, %",0.1
2022M08,Launavísitala,Starfsmenn á almennum vinnumarkaði,"Ársbreyting, %",8.1
2022M08,Launavísitala,Opinberir starfsmenn - alls,Vísitölugildi,130.3
2022M08,Launavísitala,Opinberir starfsmenn - alls,"Mánaðarbreyting, %",0.1
2022M08,Launavísitala,Opinberir starfsmenn - alls,"Ársbreyting, %",7.9
2022M08,Launavísitala,Opinberir starfsmenn - ríkisstarfsmenn,Vísitölugildi,126.4
2022M08,Launavísitala,Opinberir starfsmenn - ríkisstarfsmenn,"Mánaðarbreyting, %",0.2
2022M08,Launavísitala,Opinberir starfsmenn - ríkisstarfsmenn,"Ársbreyting, %",6.9
2022M08,Launavísitala,Opinberir starfsmenn - starfsmenn sveitarfélaga,Vísitölugildi,134.8
2022M08,Launavísitala,Opinberir starfsmenn - starfsmenn sveitarfélaga,"Mánaðarbreyting, %",0
2022M08,Launavísitala,Opinberir starfsmenn - starfsmenn sveitarfélaga,"Ársbreyting, %",8.7
2022M08,Vísitala grunnlauna,Alls,Vísitölugildi,127
2022M08,Vísitala grunnlauna,Alls,"Mánaðarbreyting, %",0.2
2022M08,Vísitala grunnlauna,Alls,"Ársbreyting, %",7.5
2022M08,Vísitala grunnlauna,Starfsmenn á almennum vinnumarkaði,Vísitölugildi,125.8
2022M08,Vísitala grunnlauna,Starfsmenn á almennum vinnumarkaði,"Mánaðarbreyting, %",0.2
2022M08,Vísitala grunnlauna,Starfsmenn á almennum vinnumarkaði,"Ársbreyting, %",7.8
2022M08,Vísitala grunnlauna,Opinberir starfsmenn - alls,Vísitölugildi,130.6
2022M08,Vísitala grunnlauna,Opinberir starfsmenn - alls,"Mánaðarbreyting, %",0.2
2022M08,Vísitala grunnlauna,Opinberir starfsmenn - alls,"Ársbreyting, %",7.6
2022M08,Vísitala grunnlauna,Opinberir starfsmenn - ríkisstarfsmenn,Vísitölugildi,127.7
2022M08,Vísitala grunnlauna,Opinberir starfsmenn - ríkisstarfsmenn,"Mánaðarbreyting, %",0.2
2022M08,Vísitala grunnlauna,Opinberir starfsmenn - ríkisstarfsmenn,"Ársbreyting, %",6.9
2022M08,Vísitala grunnlauna,Opinberir starfsmenn - starfsmenn sveitarfélaga,Vísitölugildi,133.9
2022M08,Vísitala grunnlauna,Opinberir starfsmenn - starfsmenn sveitarfélaga,"Mánaðarbreyting, %",0.2
2022M08,Vísitala grunnlauna,Opinberir starfsmenn - starfsmenn sveitarfélaga,"Ársbreyting, %",8.3
2022M09,Launavísitala,Alls,Vísitölugildi,128.9
2022M09,Launavísitala,Alls,"Mánaðarbreyting, %",0.8
2022M09,Launavísitala,Alls,"Ársbreyting, %",8.1
2022M09,Launavísitala,Starfsmenn á almennum vinnumarkaði,Vísitölugildi,127.7
2022M09,Launavísitala,Starfsmenn á almennum vinnumarkaði,"Mánaðarbreyting, %",0.7
2022M09,Launavísitala,Starfsmenn á almennum vinnumarkaði,"Ársbreyting, %",8.2
2022M09,Launavísitala,Opinberir starfsmenn - alls,Vísitölugildi,131.9
2022M09,Launavísitala,Opinberir starfsmenn - alls,"Mánaðarbreyting, %",1.3
2022M09,Launavísitala,Opinberir starfsmenn - alls,"Ársbreyting, %",7.8
2022M09,Launavísitala,Opinberir starfsmenn - ríkisstarfsmenn,Vísitölugildi,127.9
2022M09,Launavísitala,Opinberir starfsmenn - ríkisstarfsmenn,"Mánaðarbreyting, %",1.2
2022M09,Launavísitala,Opinberir starfsmenn - ríkisstarfsmenn,"Ársbreyting, %",6.8
2022M09,Launavísitala,Opinberir starfsmenn - starfsmenn sveitarfélaga,Vísitölugildi,136.7
2022M09,Launavísitala,Opinberir starfsmenn - starfsmenn sveitarfélaga,"Mánaðarbreyting, %",1.4
2022M09,Launavísitala,Opinberir starfsmenn - starfsmenn sveitarfélaga,"Ársbreyting, %",8.9
2022M09,Vísitala grunnlauna,Alls,Vísitölugildi,127.5
2022M09,Vísitala grunnlauna,Alls,"Mánaðarbreyting, %",0.4
2022M09,Vísitala grunnlauna,Alls,"Ársbreyting, %",7.6
2022M09,Vísitala grunnlauna,Starfsmenn á almennum vinnumarkaði,Vísitölugildi,126.2
2022M09,Vísitala grunnlauna,Starfsmenn á almennum vinnumarkaði,"Mánaðarbreyting, %",0.3
2022M09,Vísitala grunnlauna,Starfsmenn á almennum vinnumarkaði,"Ársbreyting, %",7.8
2022M09,Vísitala grunnlauna,Opinberir starfsmenn - alls,Vísitölugildi,131
2022M09,Vísitala grunnlauna,Opinberir starfsmenn - alls,"Mánaðarbreyting, %",0.3
2022M09,Vísitala grunnlauna,Opinberir starfsmenn - alls,"Ársbreyting, %",7.6
2022M09,Vísitala grunnlauna,Opinberir starfsmenn - ríkisstarfsmenn,Vísitölugildi,128
2022M09,Vísitala grunnlauna,Opinberir starfsmenn - ríkisstarfsmenn,"Mánaðarbreyting, %",0.3
2022M09,Vísitala grunnlauna,Opinberir starfsmenn - ríkisstarfsmenn,"Ársbreyting, %",6.8
2022M09,Vísitala grunnlauna,Opinberir starfsmenn - starfsmenn sveitarfélaga,Vísitölugildi,134.4
2022M09,Vísitala grunnlauna,Opinberir starfsmenn - starfsmenn sveitarfélaga,"Mánaðarbreyting, %",0.3
2022M09,Vísitala grunnlauna,Opinberir starfsmenn - starfsmenn sveitarfélaga,"Ársbreyting, %",8.5
2022M10,Launavísitala,Alls,Vísitölugildi,129.3
2022M10,Launavísitala,Alls,"Mánaðarbreyting, %",0.3
2022M10,Launavísitala,Alls,"Ársbreyting, %",7.9
2022M10,Launavísitala,Starfsmenn á almennum vinnumarkaði,Vísitölugildi,128.1
2022M10,Launavísitala,Starfsmenn á almennum vinnumarkaði,"Mánaðarbreyting, %",0.4
2022M10,Launavísitala,Starfsmenn á almennum vinnumarkaði,"Ársbreyting, %",8
2022M10,Launavísitala,Opinberir starfsmenn - alls,Vísitölugildi,132.5
2022M10,Launavísitala,Opinberir starfsmenn - alls,"Mánaðarbreyting, %",0.5
2022M10,Launavísitala,Opinberir starfsmenn - alls,"Ársbreyting, %",7.8
2022M10,Launavísitala,Opinberir starfsmenn - ríkisstarfsmenn,Vísitölugildi,128.4
2022M10,Launavísitala,Opinberir starfsmenn - ríkisstarfsmenn,"Mánaðarbreyting, %",0.4
2022M10,Launavísitala,Opinberir starfsmenn - ríkisstarfsmenn,"Ársbreyting, %",6.8
2022M10,Launavísitala,Opinberir starfsmenn - starfsmenn sveitarfélaga,Vísitölugildi,137.4
2022M10,Launavísitala,Opinberir starfsmenn - starfsmenn sveitarfélaga,"Mánaðarbreyting, %",0.5
2022M10,Launavísitala,Opinberir starfsmenn - starfsmenn sveitarfélaga,"Ársbreyting, %",8.9
2022M10,Vísitala grunnlauna,Alls,Vísitölugildi,127.8
2022M10,Vísitala grunnlauna,Alls,"Mánaðarbreyting, %",0.3
2022M10,Vísitala grunnlauna,Alls,"Ársbreyting, %",7.6
2022M10,Vísitala grunnlauna,Starfsmenn á almennum vinnumarkaði,Vísitölugildi,126.7
2022M10,Vísitala grunnlauna,Starfsmenn á almennum vinnumarkaði,"Mánaðarbreyting, %",0.4
2022M10,Vísitala grunnlauna,Starfsmenn á almennum vinnumarkaði,"Ársbreyting, %",7.8
2022M10,Vísitala grunnlauna,Opinberir starfsmenn - alls,Vísitölugildi,131.2
2022M10,Vísitala grunnlauna,Opinberir starfsmenn - alls,"Mánaðarbreyting, %",0.2
2022M10,Vísitala grunnlauna,Opinberir starfsmenn - alls,"Ársbreyting, %",7.7
2022M10,Vísitala grunnlauna,Opinberir starfsmenn - ríkisstarfsmenn,Vísitölugildi,128.3
2022M10,Vísitala grunnlauna,Opinberir starfsmenn - ríkisstarfsmenn,"Mánaðarbreyting, %",0.2
2022M10,Vísitala grunnlauna,Opinberir starfsmenn - ríkisstarfsmenn,"Ársbreyting, %",6.9
2022M10,Vísitala grunnlauna,Opinberir starfsmenn - starfsmenn sveitarfélaga,Vísitölugildi,134.6
2022M10,Vísitala grunnlauna,Opinberir starfsmenn - starfsmenn sveitarfélaga,"Mánaðarbreyting, %",0.2
2022M10,Vísitala grunnlauna,Opinberir starfsmenn - starfsmenn sveitarfélaga,"Ársbreyting, %",8.5
2022M11,Launavísitala,Alls,Vísitölugildi,129.8
2022M11,Launavísitala,Alls,"Mánaðarbreyting, %",0.4
2022M11,Launavísitala,Alls,"Ársbreyting, %",8
2022M11,Launavísitala,Starfsmenn á almennum vinnumarkaði,Vísitölugildi,128.6
2022M11,Launavísitala,Starfsmenn á almennum vinnumarkaði,"Mánaðarbreyting, %",0.4
2022M11,Launavísitala,Starfsmenn á almennum vinnumarkaði,"Ársbreyting, %",8.2
2022M11,Launavísitala,Opinberir starfsmenn - alls,Vísitölugildi,133
2022M11,Launavísitala,Opinberir starfsmenn - alls,"Mánaðarbreyting, %",0.4
2022M11,Launavísitala,Opinberir starfsmenn - alls,"Ársbreyting, %",7.8
2022M11,Launavísitala,Opinberir starfsmenn - ríkisstarfsmenn,Vísitölugildi,129
2022M11,Launavísitala,Opinberir starfsmenn - ríkisstarfsmenn,"Mánaðarbreyting, %",0.5
2022M11,Launavísitala,Opinberir starfsmenn - ríkisstarfsmenn,"Ársbreyting, %",6.8
2022M11,Launavísitala,Opinberir starfsmenn - starfsmenn sveitarfélaga,Vísitölugildi,137.8
2022M11,Launavísitala,Opinberir starfsmenn - starfsmenn sveitarfélaga,"Mánaðarbreyting, %",0.3
2022M11,Launavísitala,Opinberir starfsmenn - starfsmenn sveitarfélaga,"Ársbreyting, %",8.9
2022M11,Vísitala grunnlauna,Alls,Vísitölugildi,128.1
2022M11,Vísitala grunnlauna,Alls,"Mánaðarbreyting, %",0.2
2022M11,Vísitala grunnlauna,Alls,"Ársbreyting, %",7.5
2022M11,Vísitala grunnlauna,Starfsmenn á almennum vinnumarkaði,Vísitölugildi,127
2022M11,Vísitala grunnlauna,Starfsmenn á almennum vinnumarkaði,"Mánaðarbreyting, %",0.2
2022M11,Vísitala grunnlauna,Starfsmenn á almennum vinnumarkaði,"Ársbreyting, %",7.7
2022M11,Vísitala grunnlauna,Opinberir starfsmenn - alls,Vísitölugildi,131.3
2022M11,Vísitala grunnlauna,Opinberir starfsmenn - alls,"Mánaðarbreyting, %",0.1
2022M11,Vísitala grunnlauna,Opinberir starfsmenn - alls,"Ársbreyting, %",7.6
2022M11,Vísitala grunnlauna,Opinberir starfsmenn - ríkisstarfsmenn,Vísitölugildi,128.4
2022M11,Vísitala grunnlauna,Opinberir starfsmenn - ríkisstarfsmenn,"Mánaðarbreyting, %",0.1
2022M11,Vísitala grunnlauna,Opinberir starfsmenn - ríkisstarfsmenn,"Ársbreyting, %",6.9
2022M11,Vísitala grunnlauna,Opinberir starfsmenn - starfsmenn sveitarfélaga,Vísitölugildi,134.7
2022M11,Vísitala grunnlauna,Opinberir starfsmenn - starfsmenn sveitarfélaga,"Mánaðarbreyting, %",0.1
2022M11,Vísitala grunnlauna,Opinberir starfsmenn - starfsmenn sveitarfélaga,"Ársbreyting, %",8.5
2022M12,Launavísitala,Alls,Vísitölugildi,135
2022M12,Launavísitala,Alls,"Mánaðarbreyting, %",4
2022M12,Launavísitala,Alls,"Ársbreyting, %",12.4
2022M12,Launavísitala,Starfsmenn á almennum vinnumarkaði,Vísitölugildi,134.9
2022M12,Launavísitala,Starfsmenn á almennum vinnumarkaði,"Mánaðarbreyting, %",4.9
2022M12,Launavísitala,Starfsmenn á almennum vinnumarkaði,"Ársbreyting, %",13.3
2022M12,Launavísitala,Opinberir starfsmenn - alls,Vísitölugildi,133.5
2022M12,Launavísitala,Opinberir starfsmenn - alls,"Mánaðarbreyting, %",0.3
2022M12,Launavísitala,Opinberir starfsmenn - alls,"Ársbreyting, %",8.2
2022M12,Launavísitala,Opinberir starfsmenn - ríkisstarfsmenn,Vísitölugildi,129.6
2022M12,Launavísitala,Opinberir starfsmenn - ríkisstarfsmenn,"Mánaðarbreyting, %",0.5
2022M12,Launavísitala,Opinberir starfsmenn - ríkisstarfsmenn,"Ársbreyting, %",7.4
2022M12,Launavísitala,Opinberir starfsmenn - starfsmenn sveitarfélaga,Vísitölugildi,138.1
2022M12,Launavísitala,Opinberir starfsmenn - starfsmenn sveitarfélaga,"Mánaðarbreyting, %",0.2
2022M12,Launavísitala,Opinberir starfsmenn - starfsmenn sveitarfélaga,"Ársbreyting, %",9
2022M12,Vísitala grunnlauna,Alls,Vísitölugildi,133.2
2022M12,Vísitala grunnlauna,Alls,"Mánaðarbreyting, %",4
2022M12,Vísitala grunnlauna,Alls,"Ársbreyting, %",11.7
2022M12,Vísitala grunnlauna,Starfsmenn á almennum vinnumarkaði,Vísitölugildi,133.1
2022M12,Vísitala grunnlauna,Starfsmenn á almennum vinnumarkaði,"Mánaðarbreyting, %",4.8
2022M12,Vísitala grunnlauna,Starfsmenn á almennum vinnumarkaði,"Ársbreyting, %",12.8
2022M12,Vísitala grunnlauna,Opinberir starfsmenn - alls,Vísitölugildi,131.6
2022M12,Vísitala grunnlauna,Opinberir starfsmenn - alls,"Mánaðarbreyting, %",0.2
2022M12,Vísitala grunnlauna,Opinberir starfsmenn - alls,"Ársbreyting, %",7.8
2022M12,Vísitala grunnlauna,Opinberir starfsmenn - ríkisstarfsmenn,Vísitölugildi,128.8
2022M12,Vísitala grunnlauna,Opinberir starfsmenn - ríkisstarfsmenn,"Mánaðarbreyting, %",0.3
2022M12,Vísitala grunnlauna,Opinberir starfsmenn - ríkisstarfsmenn,"Ársbreyting, %",7.1
2022M12,Vísitala grunnlauna,Opinberir starfsmenn - starfsmenn sveitarfélaga,Vísitölugildi,134.9
2022M12,Vísitala grunnlauna,Opinberir starfsmenn - starfsmenn sveitarfélaga,"Mánaðarbreyting, %",0.2
2022M12,Vísitala grunnlauna,Opinberir starfsmenn - starfsmenn sveitarfélaga,"Ársbreyting, %",8.6
2023M01,Launavísitala,Alls,Vísitölugildi,135.2
2023M01,Launavísitala,Alls,"Mánaðarbreyting, %",0.2
2023M01,Launavísitala,Alls,"Ársbreyting, %",8.6
2023M01,Launavísitala,Starfsmenn á almennum vinnumarkaði,Vísitölugildi,135.6
2023M01,Launavísitala,Starfsmenn á almennum vinnumarkaði,"Mánaðarbreyting, %",0.5
2023M01,Launavísitala,Starfsmenn á almennum vinnumarkaði,"Ársbreyting, %",10.3
2023M01,Launavísitala,Opinberir starfsmenn - alls,Vísitölugildi,134.4
2023M01,Launavísitala,Opinberir starfsmenn - alls,"Mánaðarbreyting, %",0.6
2023M01,Launavísitala,Opinberir starfsmenn - alls,"Ársbreyting, %",4.6
2023M01,Launavísitala,Opinberir starfsmenn - ríkisstarfsmenn,Vísitölugildi,129.8
2023M01,Launavísitala,Opinberir starfsmenn - ríkisstarfsmenn,"Mánaðarbreyting, %",0.1
2023M01,Launavísitala,Opinberir starfsmenn - ríkisstarfsmenn,"Ársbreyting, %",2.9
2023M01,Launavísitala,Opinberir starfsmenn - starfsmenn sveitarfélaga,Vísitölugildi,139.8
2023M01,Launavísitala,Opinberir starfsmenn - starfsmenn sveitarfélaga,"Mánaðarbreyting, %",1.3
2023M01,Launavísitala,Opinberir starfsmenn - starfsmenn sveitarfélaga,"Ársbreyting, %",6.5
2023M01,Vísitala grunnlauna,Alls,Vísitölugildi,133.7
2023M01,Vísitala grunnlauna,Alls,"Mánaðarbreyting, %",0.4
2023M01,Vísitala grunnlauna,Alls,"Ársbreyting, %",8.4
2023M01,Vísitala grunnlauna,Starfsmenn á almennum vinnumarkaði,Vísitölugildi,134.5
2023M01,Vísitala grunnlauna,Starfsmenn á almennum vinnumarkaði,"Mánaðarbreyting, %",1
2023M01,Vísitala grunnlauna,Starfsmenn á almennum vinnumarkaði,"Ársbreyting, %",10.3
2023M01,Vísitala grunnlauna,Opinberir starfsmenn - alls,Vísitölugildi,132.4
2023M01,Vísitala grunnlauna,Opinberir starfsmenn - alls,"Mánaðarbreyting, %",0.6
2023M01,Vísitala grunnlauna,Opinberir starfsmenn - alls,"Ársbreyting, %",4.7
2023M01,Vísitala grunnlauna,Opinberir starfsmenn - ríkisstarfsmenn,Vísitölugildi,129.1
2023M01,Vísitala grunnlauna,Opinberir starfsmenn - ríkisstarfsmenn,"Mánaðarbreyting, %",0.2
2023M01,Vísitala grunnlauna,Opinberir starfsmenn - ríkisstarfsmenn,"Ársbreyting, %",3.5
2023M01,Vísitala grunnlauna,Opinberir starfsmenn - starfsmenn sveitarfélaga,Vísitölugildi,136.3
2023M01,Vísitala grunnlauna,Opinberir starfsmenn - starfsmenn sveitarfélaga,"Mánaðarbreyting, %",1
2023M01,Vísitala grunnlauna,Opinberir starfsmenn - starfsmenn sveitarfélaga,"Ársbreyting, %",6
2023M02,Launavísitala,Alls,Vísitölugildi,135.8
2023M02,Launavísitala,Alls,"Mánaðarbreyting, %",0.4
2023M02,Launavísitala,Alls,"Ársbreyting, %",8.7
2023M02,Launavísitala,Starfsmenn á almennum vinnumarkaði,Vísitölugildi,136.5
2023M02,Launavísitala,Starfsmenn á almennum vinnumarkaði,"Mánaðarbreyting, %",0.7
2023M02,Launavísitala,Starfsmenn á almennum vinnumarkaði,"Ársbreyting, %",10.5
2023M02,Launavísitala,Opinberir starfsmenn - alls,Vísitölugildi,134.5
2023M02,Launavísitala,Opinberir starfsmenn - alls,"Mánaðarbreyting, %",0.1
2023M02,Launavísitala,Opinberir starfsmenn - alls,"Ársbreyting, %",4.8
2023M02,Launavísitala,Opinberir starfsmenn - ríkisstarfsmenn,Vísitölugildi,129.9
2023M02,Launavísitala,Opinberir starfsmenn - ríkisstarfsmenn,"Mánaðarbreyting, %",0.1
2023M02,Launavísitala,Opinberir starfsmenn - ríkisstarfsmenn,"Ársbreyting, %",3.4
2023M02,Launavísitala,Opinberir starfsmenn - starfsmenn sveitarfélaga,Vísitölugildi,140
2023M02,Launavísitala,Opinberir starfsmenn - starfsmenn sveitarfélaga,"Mánaðarbreyting, %",0.1
2023M02,Launavísitala,Opinberir starfsmenn - starfsmenn sveitarfélaga,"Ársbreyting, %",6.4
2023M02,Vísitala grunnlauna,Alls,Vísitölugildi,134.1
2023M02,Vísitala grunnlauna,Alls,"Mánaðarbreyting, %",0.3
2023M02,Vísitala grunnlauna,Alls,"Ársbreyting, %",8.4
2023M02,Vísitala grunnlauna,Starfsmenn á almennum vinnumarkaði,Vísitölugildi,135
2023M02,Vísitala grunnlauna,Starfsmenn á almennum vinnumarkaði,"Mánaðarbreyting, %",0.4
2023M02,Vísitala grunnlauna,Starfsmenn á almennum vinnumarkaði,"Ársbreyting, %",10.3
2023M02,Vísitala grunnlauna,Opinberir starfsmenn - alls,Vísitölugildi,132.7
2023M02,Vísitala grunnlauna,Opinberir starfsmenn - alls,"Mánaðarbreyting, %",0.2
2023M02,Vísitala grunnlauna,Opinberir starfsmenn - alls,"Ársbreyting, %",4.7
2023M02,Vísitala grunnlauna,Opinberir starfsmenn - ríkisstarfsmenn,Vísitölugildi,129.4
2023M02,Vísitala grunnlauna,Opinberir starfsmenn - ríkisstarfsmenn,"Mánaðarbreyting, %",0.2
2023M02,Vísitala grunnlauna,Opinberir starfsmenn - ríkisstarfsmenn,"Ársbreyting, %",3.6
2023M02,Vísitala grunnlauna,Opinberir starfsmenn - starfsmenn sveitarfélaga,Vísitölugildi,136.5
2023M02,Vísitala grunnlauna,Opinberir starfsmenn - starfsmenn sveitarfélaga,"Mánaðarbreyting, %",0.2
2023M02,Vísitala grunnlauna,Opinberir starfsmenn - starfsmenn sveitarfélaga,"Ársbreyting, %",6
2023M03,Launavísitala,Alls,Vísitölugildi,137.1
2023M03,Launavísitala,Alls,"Mánaðarbreyting, %",0.9
2023M03,Launavísitala,Alls,"Ársbreyting, %",9.5
2023M03,Launavísitala,Starfsmenn á almennum vinnumarkaði,Vísitölugildi,138.4
2023M03,Launavísitala,Starfsmenn á almennum vinnumarkaði,"Mánaðarbreyting, %",1.4
2023M03,Launavísitala,Starfsmenn á almennum vinnumarkaði,"Ársbreyting, %",11.6
2023M03,Launavísitala,Opinberir starfsmenn - alls,Vísitölugildi,133.9
2023M03,Launavísitala,Opinberir starfsmenn - alls,"Mánaðarbreyting, %",-0.5
2023M03,Launavísitala,Opinberir starfsmenn - alls,"Ársbreyting, %",4.4
2023M03,Launavísitala,Opinberir starfsmenn - ríkisstarfsmenn,Vísitölugildi,129.3
2023M03,Launavísitala,Opinberir starfsmenn - ríkisstarfsmenn,"Mánaðarbreyting, %",-0.5
2023M03,Launavísitala,Opinberir starfsmenn - ríkisstarfsmenn,"Ársbreyting, %",3.5
2023M03,Launavísitala,Opinberir starfsmenn - starfsmenn sveitarfélaga,Vísitölugildi,139.3
2023M03,Launavísitala,Opinberir starfsmenn - starfsmenn sveitarfélaga,"Mánaðarbreyting, %",-0.5
2023M03,Launavísitala,Opinberir starfsmenn - starfsmenn sveitarfélaga,"Ársbreyting, %",5.4
2023M03,Vísitala grunnlauna,Alls,Vísitölugildi,135.5
2023M03,Vísitala grunnlauna,Alls,"Mánaðarbreyting, %",1
2023M03,Vísitala grunnlauna,Alls,"Ársbreyting, %",9.2
2023M03,Vísitala grunnlauna,Starfsmenn á almennum vinnumarkaði,Vísitölugildi,136.8
2023M03,Vísitala grunnlauna,Starfsmenn á almennum vinnumarkaði,"Mánaðarbreyting, %",1.3
2023M03,Vísitala grunnlauna,Starfsmenn á almennum vinnumarkaði,"Ársbreyting, %",11.4
2023M03,Vísitala grunnlauna,Opinberir starfsmenn - alls,Vísitölugildi,132.9
2023M03,Vísitala grunnlauna,Opinberir starfsmenn - alls,"Mánaðarbreyting, %",0.2
2023M03,Vísitala grunnlauna,Opinberir starfsmenn - alls,"Ársbreyting, %",4.3
2023M03,Vísitala grunnlauna,Opinberir starfsmenn - ríkisstarfsmenn,Vísitölugildi,129.6
2023M03,Vísitala grunnlauna,Opinberir starfsmenn - ríkisstarfsmenn,"Mánaðarbreyting, %",0.2
2023M03,Vísitala grunnlauna,Opinberir starfsmenn - ríkisstarfsmenn,"Ársbreyting, %",3.7
2023M03,Vísitala grunnlauna,Opinberir starfsmenn - starfsmenn sveitarfélaga,Vísitölugildi,136.8
2023M03,Vísitala grunnlauna,Opinberir starfsmenn - starfsmenn sveitarfélaga,"Mánaðarbreyting, %",0.2
2023M03,Vísitala grunnlauna,Opinberir starfsmenn - starfsmenn sveitarfélaga,"Ársbreyting, %",5.1
2023M04,Launavísitala,Alls,Vísitölugildi,139.2
2023M04,Launavísitala,Alls,"Mánaðarbreyting, %",1.6
2023M04,Launavísitala,Alls,"Ársbreyting, %",9.5
2023M04,Launavísitala,Starfsmenn á almennum vinnumarkaði,Vísitölugildi,139
2023M04,Launavísitala,Starfsmenn á almennum vinnumarkaði,"Mánaðarbreyting, %",0.4
2023M04,Launavísitala,Starfsmenn á almennum vinnumarkaði,"Ársbreyting, %",10.6
2023M04,Launavísitala,Opinberir starfsmenn - alls,Vísitölugildi,140.1
2023M04,Launavísitala,Opinberir starfsmenn - alls,"Mánaðarbreyting, %",4.7
2023M04,Launavísitala,Opinberir starfsmenn - alls,"Ársbreyting, %",7.1
2023M04,Launavísitala,Opinberir starfsmenn - ríkisstarfsmenn,Vísitölugildi,137.8
2023M04,Launavísitala,Opinberir starfsmenn - ríkisstarfsmenn,"Mánaðarbreyting, %",6.6
2023M04,Launavísitala,Opinberir starfsmenn - ríkisstarfsmenn,"Ársbreyting, %",8.7
2023M04,Launavísitala,Opinberir starfsmenn - starfsmenn sveitarfélaga,Vísitölugildi,142.8
2023M04,Launavísitala,Opinberir starfsmenn - starfsmenn sveitarfélaga,"Mánaðarbreyting, %",2.5
2023M04,Launavísitala,Opinberir starfsmenn - starfsmenn sveitarfélaga,"Ársbreyting, %",5.2
2023M04,Vísitala grunnlauna,Alls,Vísitölugildi,137.2
2023M04,Vísitala grunnlauna,Alls,"Mánaðarbreyting, %",1.3
2023M04,Vísitala grunnlauna,Alls,"Ársbreyting, %",9.1
2023M04,Vísitala grunnlauna,Starfsmenn á almennum vinnumarkaði,Vísitölugildi,137.2
2023M04,Vísitala grunnlauna,Starfsmenn á almennum vinnumarkaði,"Mánaðarbreyting, %",0.3
2023M04,Vísitala grunnlauna,Starfsmenn á almennum vinnumarkaði,"Ársbreyting, %",10.4
2023M04,Vísitala grunnlauna,Opinberir starfsmenn - alls,Vísitölugildi,137.8
2023M04,Vísitala grunnlauna,Opinberir starfsmenn - alls,"Mánaðarbreyting, %",3.7
2023M04,Vísitala grunnlauna,Opinberir starfsmenn - alls,"Ársbreyting, %",6.5
2023M04,Vísitala grunnlauna,Opinberir starfsmenn - ríkisstarfsmenn,Vísitölugildi,136.6
2023M04,Vísitala grunnlauna,Opinberir starfsmenn - ríkisstarfsmenn,"Mánaðarbreyting, %",5.4
2023M04,Vísitala grunnlauna,Opinberir starfsmenn - ríkisstarfsmenn,"Ársbreyting, %",7.9
2023M04,Vísitala grunnlauna,Opinberir starfsmenn - starfsmenn sveitarfélaga,Vísitölugildi,139.2
2023M04,Vísitala grunnlauna,Opinberir starfsmenn - starfsmenn sveitarfélaga,"Mánaðarbreyting, %",1.8
2023M04,Vísitala grunnlauna,Opinberir starfsmenn - starfsmenn sveitarfélaga,"Ársbreyting, %",4.9
2023M05,Launavísitala,Alls,Vísitölugildi,140
2023M05,Launavísitala,Alls,"Mánaðarbreyting, %",0.6
2023M05,Launavísitala,Alls,"Ársbreyting, %",9.6
2023M05,Launavísitala,Starfsmenn á almennum vinnumarkaði,Vísitölugildi,139.5
2023M05,Launavísitala,Starfsmenn á almennum vinnumarkaði,"Mánaðarbreyting, %",0.4
2023M05,Launavísitala,Starfsmenn á almennum vinnumarkaði,"Ársbreyting, %",10.5
2023M05,Launavísitala,Opinberir starfsmenn - alls,Vísitölugildi,141.4
2023M05,Launavísitala,Opinberir starfsmenn - alls,"Mánaðarbreyting, %",0.9
2023M05,Launavísitala,Opinberir starfsmenn - alls,"Ársbreyting, %",7.3
2023M05,Launavísitala,Opinberir starfsmenn - ríkisstarfsmenn,Vísitölugildi,138.4
2023M05,Launavísitala,Opinberir starfsmenn - ríkisstarfsmenn,"Mánaðarbreyting, %",0.4
2023M05,Launavísitala,Opinberir starfsmenn - ríkisstarfsmenn,"Ársbreyting, %",8.3
2023M05,Launavísitala,Opinberir starfsmenn - starfsmenn sveitarfélaga,Vísitölugildi,144.8
2023M05,Launavísitala,Opinberir starfsmenn - starfsmenn sveitarfélaga,"Mánaðarbreyting, %",1.4
2023M05,Launavísitala,Opinberir starfsmenn - starfsmenn sveitarfélaga,"Ársbreyting, %",6.3
2023M05,Vísitala grunnlauna,Alls,Vísitölugildi,138.1
2023M05,Vísitala grunnlauna,Alls,"Mánaðarbreyting, %",0.6
2023M05,Vísitala grunnlauna,Alls,"Ársbreyting, %",9.2
2023M05,Vísitala grunnlauna,Starfsmenn á almennum vinnumarkaði,Vísitölugildi,137.7
2023M05,Vísitala grunnlauna,Starfsmenn á almennum vinnumarkaði,"Mánaðarbreyting, %",0.4
2023M05,Vísitala grunnlauna,Starfsmenn á almennum vinnumarkaði,"Ársbreyting, %",10.3
2023M05,Vísitala grunnlauna,Opinberir starfsmenn - alls,Vísitölugildi,139.6
2023M05,Vísitala grunnlauna,Opinberir starfsmenn - alls,"Mánaðarbreyting, %",1.3
2023M05,Vísitala grunnlauna,Opinberir starfsmenn - alls,"Ársbreyting, %",7.5
2023M05,Vísitala grunnlauna,Opinberir starfsmenn - ríkisstarfsmenn,Vísitölugildi,138.1
2023M05,Vísitala grunnlauna,Opinberir starfsmenn - ríkisstarfsmenn,"Mánaðarbreyting, %",1.1
2023M05,Vísitala grunnlauna,Opinberir starfsmenn - ríkisstarfsmenn,"Ársbreyting, %",8.8
2023M05,Vísitala grunnlauna,Opinberir starfsmenn - starfsmenn sveitarfélaga,Vísitölugildi,141.3
2023M05,Vísitala grunnlauna,Opinberir starfsmenn - starfsmenn sveitarfélaga,"Mánaðarbreyting, %",1.5
2023M05,Vísitala grunnlauna,Opinberir starfsmenn - starfsmenn sveitarfélaga,"Ársbreyting, %",5.9
2023M06,Launavísitala,Alls,Vísitölugildi,141.6
2023M06,Launavísitala,Alls,"Mánaðarbreyting, %",1.1
2023M06,Launavísitala,Alls,"Ársbreyting, %",10.9
2023M06,Launavísitala,Starfsmenn á almennum vinnumarkaði,Vísitölugildi,140.5
2023M06,Launavísitala,Starfsmenn á almennum vinnumarkaði,"Mánaðarbreyting, %",0.7
2023M06,Launavísitala,Starfsmenn á almennum vinnumarkaði,"Ársbreyting, %",11.1
2023M06,Launavísitala,Opinberir starfsmenn - alls,Vísitölugildi,144.2
2023M06,Launavísitala,Opinberir starfsmenn - alls,"Mánaðarbreyting, %",2
2023M06,Launavísitala,Opinberir starfsmenn - alls,"Ársbreyting, %",10.1
2023M06,Launavísitala,Opinberir starfsmenn - ríkisstarfsmenn,Vísitölugildi,139.8
2023M06,Launavísitala,Opinberir starfsmenn - ríkisstarfsmenn,"Mánaðarbreyting, %",1
2023M06,Launavísitala,Opinberir starfsmenn - ríkisstarfsmenn,"Ársbreyting, %",10.1
2023M06,Launavísitala,Opinberir starfsmenn - starfsmenn sveitarfélaga,Vísitölugildi,149.3
2023M06,Launavísitala,Opinberir starfsmenn - starfsmenn sveitarfélaga,"Mánaðarbreyting, %",3.1
2023M06,Launavísitala,Opinberir starfsmenn - starfsmenn sveitarfélaga,"Ársbreyting, %",10
2023M06,Vísitala grunnlauna,Alls,Vísitölugildi,139.6
2023M06,Vísitala grunnlauna,Alls,"Mánaðarbreyting, %",1.1
2023M06,Vísitala grunnlauna,Alls,"Ársbreyting, %",10.5
2023M06,Vísitala grunnlauna,Starfsmenn á almennum vinnumarkaði,Vísitölugildi,138.7
2023M06,Vísitala grunnlauna,Starfsmenn á almennum vinnumarkaði,"Mánaðarbreyting, %",0.7
2023M06,Vísitala grunnlauna,Starfsmenn á almennum vinnumarkaði,"Ársbreyting, %",10.8
2023M06,Vísitala grunnlauna,Opinberir starfsmenn - alls,Vísitölugildi,142.5
2023M06,Vísitala grunnlauna,Opinberir starfsmenn - alls,"Mánaðarbreyting, %",2.1
2023M06,Vísitala grunnlauna,Opinberir starfsmenn - alls,"Ársbreyting, %",9.6
2023M06,Vísitala grunnlauna,Opinberir starfsmenn - ríkisstarfsmenn,Vísitölugildi,139.6
2023M06,Vísitala grunnlauna,Opinberir starfsmenn - ríkisstarfsmenn,"Mánaðarbreyting, %",1.1
2023M06,Vísitala grunnlauna,Opinberir starfsmenn - ríkisstarfsmenn,"Ársbreyting, %",9.9
2023M06,Vísitala grunnlauna,Opinberir starfsmenn - starfsmenn sveitarfélaga,Vísitölugildi,145.8
2023M06,Vísitala grunnlauna,Opinberir starfsmenn - starfsmenn sveitarfélaga,"Mánaðarbreyting, %",3.2
2023M06,Vísitala grunnlauna,Opinberir starfsmenn - starfsmenn sveitarfélaga,"Ársbreyting, %",9.2
2023M07,Launavísitala,Alls,Vísitölugildi,141.2
2023M07,Launavísitala,Alls,"Mánaðarbreyting, %",-0.3
2023M07,Launavísitala,Alls,"Ársbreyting, %",10.7
2023M07,Launavísitala,Starfsmenn á almennum vinnumarkaði,Vísitölugildi,140.5
2023M07,Launavísitala,Starfsmenn á almennum vinnumarkaði,"Mánaðarbreyting, %",0
2023M07,Launavísitala,Starfsmenn á almennum vinnumarkaði,"Ársbreyting, %",11
2023M07,Launavísitala,Opinberir starfsmenn - alls,Vísitölugildi,143.4
2023M07,Launavísitala,Opinberir starfsmenn - alls,"Mánaðarbreyting, %",-0.6
2023M07,Launavísitala,Opinberir starfsmenn - alls,"Ársbreyting, %",10.2
2023M07,Launavísitala,Opinberir starfsmenn - ríkisstarfsmenn,Vísitölugildi,138.7
2023M07,Launavísitala,Opinberir starfsmenn - ríkisstarfsmenn,"Mánaðarbreyting, %",-0.8
2023M07,Launavísitala,Opinberir starfsmenn - ríkisstarfsmenn,"Ársbreyting, %",9.9
2023M07,Launavísitala,Opinberir starfsmenn - starfsmenn sveitarfélaga,Vísitölugildi,148.8
2023M07,Launavísitala,Opinberir starfsmenn - starfsmenn sveitarfélaga,"Mánaðarbreyting, %",-0.3
2023M07,Launavísitala,Opinberir starfsmenn - starfsmenn sveitarfélaga,"Ársbreyting, %",10.4
2023M07,Vísitala grunnlauna,Alls,Vísitölugildi,140.1
2023M07,Vísitala grunnlauna,Alls,"Mánaðarbreyting, %",0.3
2023M07,Vísitala grunnlauna,Alls,"Ársbreyting, %",10.6
2023M07,Vísitala grunnlauna,Starfsmenn á almennum vinnumarkaði,Vísitölugildi,139.1
2023M07,Vísitala grunnlauna,Starfsmenn á almennum vinnumarkaði,"Mánaðarbreyting, %",0.3
2023M07,Vísitala grunnlauna,Starfsmenn á almennum vinnumarkaði,"Ársbreyting, %",10.8
2023M07,Vísitala grunnlauna,Opinberir starfsmenn - alls,Vísitölugildi,143.2
2023M07,Vísitala grunnlauna,Opinberir starfsmenn - alls,"Mánaðarbreyting, %",0.5
2023M07,Vísitala grunnlauna,Opinberir starfsmenn - alls,"Ársbreyting, %",9.8
2023M07,Vísitala grunnlauna,Opinberir starfsmenn - ríkisstarfsmenn,Vísitölugildi,140
2023M07,Vísitala grunnlauna,Opinberir starfsmenn - ríkisstarfsmenn,"Mánaðarbreyting, %",0.3
2023M07,Vísitala grunnlauna,Opinberir starfsmenn - ríkisstarfsmenn,"Ársbreyting, %",9.8
2023M07,Vísitala grunnlauna,Opinberir starfsmenn - starfsmenn sveitarfélaga,Vísitölugildi,146.8
2023M07,Vísitala grunnlauna,Opinberir starfsmenn - starfsmenn sveitarfélaga,"Mánaðarbreyting, %",0.7
2023M07,Vísitala grunnlauna,Opinberir starfsmenn - starfsmenn sveitarfélaga,"Ársbreyting, %",9.9
2023M08,Launavísitala,Alls,Vísitölugildi,141.6
2023M08,Launavísitala,Alls,"Mánaðarbreyting, %",0.3
2023M08,Launavísitala,Alls,"Ársbreyting, %",10.8
2023M08,Launavísitala,Starfsmenn á almennum vinnumarkaði,Vísitölugildi,140.9
2023M08,Launavísitala,Starfsmenn á almennum vinnumarkaði,"Mánaðarbreyting, %",0.3
2023M08,Launavísitala,Starfsmenn á almennum vinnumarkaði,"Ársbreyting, %",11.2
2023M08,Launavísitala,Opinberir starfsmenn - alls,Vísitölugildi,143.2
2023M08,Launavísitala,Opinberir starfsmenn - alls,"Mánaðarbreyting, %",-0.1
2023M08,Launavísitala,Opinberir starfsmenn - alls,"Ársbreyting, %",10
2023M08,Launavísitala,Opinberir starfsmenn - ríkisstarfsmenn,Vísitölugildi,138.7
2023M08,Launavísitala,Opinberir starfsmenn - ríkisstarfsmenn,"Mánaðarbreyting, %",0
2023M08,Launavísitala,Opinberir starfsmenn - ríkisstarfsmenn,"Ársbreyting, %",9.7
2023M08,Launavísitala,Opinberir starfsmenn - starfsmenn sveitarfélaga,Vísitölugildi,148.6
2023M08,Launavísitala,Opinberir starfsmenn - starfsmenn sveitarfélaga,"Mánaðarbreyting, %",-0.2
2023M08,Launavísitala,Opinberir starfsmenn - starfsmenn sveitarfélaga,"Ársbreyting, %",10.2
2023M08,Vísitala grunnlauna,Alls,Vísitölugildi,140.3
2023M08,Vísitala grunnlauna,Alls,"Mánaðarbreyting, %",0.1
2023M08,Vísitala grunnlauna,Alls,"Ársbreyting, %",10.4
2023M08,Vísitala grunnlauna,Starfsmenn á almennum vinnumarkaði,Vísitölugildi,139.3
2023M08,Vísitala grunnlauna,Starfsmenn á almennum vinnumarkaði,"Mánaðarbreyting, %",0.1
2023M08,Vísitala grunnlauna,Starfsmenn á almennum vinnumarkaði,"Ársbreyting, %",10.7
2023M08,Vísitala grunnlauna,Opinberir starfsmenn - alls,Vísitölugildi,143.3
2023M08,Vísitala grunnlauna,Opinberir starfsmenn - alls,"Mánaðarbreyting, %",0.1
2023M08,Vísitala grunnlauna,Opinberir starfsmenn - alls,"Ársbreyting, %",9.8
2023M08,Vísitala grunnlauna,Opinberir starfsmenn - ríkisstarfsmenn,Vísitölugildi,140.1
2023M08,Vísitala grunnlauna,Opinberir starfsmenn - ríkisstarfsmenn,"Mánaðarbreyting, %",0.1
2023M08,Vísitala grunnlauna,Opinberir starfsmenn - ríkisstarfsmenn,"Ársbreyting, %",9.7
2023M08,Vísitala grunnlauna,Opinberir starfsmenn - starfsmenn sveitarfélaga,Vísitölugildi,147
2023M08,Vísitala grunnlauna,Opinberir starfsmenn - starfsmenn sveitarfélaga,"Mánaðarbreyting, %",0.1
2023M08,Vísitala grunnlauna,Opinberir starfsmenn - starfsmenn sveitarfélaga,"Ársbreyting, %",9.7
2023M09,Launavísitala,Alls,Vísitölugildi,142.9
2023M09,Launavísitala,Alls,"Mánaðarbreyting, %",0.9
2023M09,Launavísitala,Alls,"Ársbreyting, %",10.9
2023M09,Launavísitala,Starfsmenn á almennum vinnumarkaði,Vísitölugildi,142.1
2023M09,Launavísitala,Starfsmenn á almennum vinnumarkaði,"Mánaðarbreyting, %",0.8
2023M09,Launavísitala,Starfsmenn á almennum vinnumarkaði,"Ársbreyting, %",11.3
2023M09,Launavísitala,Opinberir starfsmenn - alls,Vísitölugildi,145.2
2023M09,Launavísitala,Opinberir starfsmenn - alls,"Mánaðarbreyting, %",1.4
2023M09,Launavísitala,Opinberir starfsmenn - alls,"Ársbreyting, %",10.1
2023M09,Launavísitala,Opinberir starfsmenn - ríkisstarfsmenn,Vísitölugildi,140.5
2023M09,Launavísitala,Opinberir starfsmenn - ríkisstarfsmenn,"Mánaðarbreyting, %",1.3
2023M09,Launavísitala,Opinberir starfsmenn - ríkisstarfsmenn,"Ársbreyting, %",9.8
2023M09,Launavísitala,Opinberir starfsmenn - starfsmenn sveitarfélaga,Vísitölugildi,150.7
2023M09,Launavísitala,Opinberir starfsmenn - starfsmenn sveitarfélaga,"Mánaðarbreyting, %",1.4
2023M09,Launavísitala,Opinberir starfsmenn - starfsmenn sveitarfélaga,"Ársbreyting, %",10.3
2023M09,Vísitala grunnlauna,Alls,Vísitölugildi,140.8
2023M09,Vísitala grunnlauna,Alls,"Mánaðarbreyting, %",0.4
2023M09,Vísitala grunnlauna,Alls,"Ársbreyting, %",10.4
2023M09,Vísitala grunnlauna,Starfsmenn á almennum vinnumarkaði,Vísitölugildi,139.9
2023M09,Vísitala grunnlauna,Starfsmenn á almennum vinnumarkaði,"Mánaðarbreyting, %",0.4
2023M09,Vísitala grunnlauna,Starfsmenn á almennum vinnumarkaði,"Ársbreyting, %",10.8
2023M09,Vísitala grunnlauna,Opinberir starfsmenn - alls,Vísitölugildi,143.6
2023M09,Vísitala grunnlauna,Opinberir starfsmenn - alls,"Mánaðarbreyting, %",0.2
2023M09,Vísitala grunnlauna,Opinberir starfsmenn - alls,"Ársbreyting, %",9.7
2023M09,Vísitala grunnlauna,Opinberir starfsmenn - ríkisstarfsmenn,Vísitölugildi,140.4
2023M09,Vísitala grunnlauna,Opinberir starfsmenn - ríkisstarfsmenn,"Mánaðarbreyting, %",0.2
2023M09,Vísitala grunnlauna,Opinberir starfsmenn - ríkisstarfsmenn,"Ársbreyting, %",9.7
2023M09,Vísitala grunnlauna,Opinberir starfsmenn - starfsmenn sveitarfélaga,Vísitölugildi,147.3
2023M09,Vísitala grunnlauna,Opinberir starfsmenn - starfsmenn sveitarfélaga,"Mánaðarbreyting, %",0.2
2023M09,Vísitala grunnlauna,Opinberir starfsmenn - starfsmenn sveitarfélaga,"Ársbreyting, %",9.6
2023M10,Launavísitala,Alls,Vísitölugildi,143.4
2023M10,Launavísitala,Alls,"Mánaðarbreyting, %",0.4
2023M10,Launavísitala,Alls,"Ársbreyting, %",10.9
2023M10,Launavísitala,Starfsmenn á almennum vinnumarkaði,Vísitölugildi,142.4
2023M10,Launavísitala,Starfsmenn á almennum vinnumarkaði,"Mánaðarbreyting, %",0.3
2023M10,Launavísitala,Starfsmenn á almennum vinnumarkaði,"Ársbreyting, %",11.2
2023M10,Launavísitala,Opinberir starfsmenn - alls,Vísitölugildi,146.1
2023M10,Launavísitala,Opinberir starfsmenn - alls,"Mánaðarbreyting, %",0.6
2023M10,Launavísitala,Opinberir starfsmenn - alls,"Ársbreyting, %",10.2
2023M10,Launavísitala,Opinberir starfsmenn - ríkisstarfsmenn,Vísitölugildi,141
2023M10,Launavísitala,Opinberir starfsmenn - ríkisstarfsmenn,"Mánaðarbreyting, %",0.4
2023M10,Launavísitala,Opinberir starfsmenn - ríkisstarfsmenn,"Ársbreyting, %",9.8
2023M10,Launavísitala,Opinberir starfsmenn - starfsmenn sveitarfélaga,Vísitölugildi,152
2023M10,Launavísitala,Opinberir starfsmenn - starfsmenn sveitarfélaga,"Mánaðarbreyting, %",0.9
2023M10,Launavísitala,Opinberir starfsmenn - starfsmenn sveitarfélaga,"Ársbreyting, %",10.6
2023M10,Vísitala grunnlauna,Alls,Vísitölugildi,141.2
2023M10,Vísitala grunnlauna,Alls,"Mánaðarbreyting, %",0.3
2023M10,Vísitala grunnlauna,Alls,"Ársbreyting, %",10.5
2023M10,Vísitala grunnlauna,Starfsmenn á almennum vinnumarkaði,Vísitölugildi,140.2
2023M10,Vísitala grunnlauna,Starfsmenn á almennum vinnumarkaði,"Mánaðarbreyting, %",0.3
2023M10,Vísitala grunnlauna,Starfsmenn á almennum vinnumarkaði,"Ársbreyting, %",10.7
2023M10,Vísitala grunnlauna,Opinberir starfsmenn - alls,Vísitölugildi,144.2
2023M10,Vísitala grunnlauna,Opinberir starfsmenn - alls,"Mánaðarbreyting, %",0.4
2023M10,Vísitala grunnlauna,Opinberir starfsmenn - alls,"Ársbreyting, %",9.9
2023M10,Vísitala grunnlauna,Opinberir starfsmenn - ríkisstarfsmenn,Vísitölugildi,140.6
2023M10,Vísitala grunnlauna,Opinberir starfsmenn - ríkisstarfsmenn,"Mánaðarbreyting, %",0.2
2023M10,Vísitala grunnlauna,Opinberir starfsmenn - ríkisstarfsmenn,"Ársbreyting, %",9.6
2023M10,Vísitala grunnlauna,Opinberir starfsmenn - starfsmenn sveitarfélaga,Vísitölugildi,148.3
2023M10,Vísitala grunnlauna,Opinberir starfsmenn - starfsmenn sveitarfélaga,"Mánaðarbreyting, %",0.7
2023M10,Vísitala grunnlauna,Opinberir starfsmenn - starfsmenn sveitarfélaga,"Ársbreyting, %",10.2
2023M11,Launavísitala,Alls,Vísitölugildi,143.8
2023M11,Launavísitala,Alls,"Mánaðarbreyting, %",0.3
2023M11,Launavísitala,Alls,"Ársbreyting, %",10.8
2023M11,Launavísitala,Starfsmenn á almennum vinnumarkaði,Vísitölugildi,142.8
2023M11,Launavísitala,Starfsmenn á almennum vinnumarkaði,"Mánaðarbreyting, %",0.2
2023M11,Launavísitala,Starfsmenn á almennum vinnumarkaði,"Ársbreyting, %",11
2023M11,Launavísitala,Opinberir starfsmenn - alls,Vísitölugildi,146.7
2023M11,Launavísitala,Opinberir starfsmenn - alls,"Mánaðarbreyting, %",0.4
2023M11,Launavísitala,Opinberir starfsmenn - alls,"Ársbreyting, %",10.2
2023M11,Launavísitala,Opinberir starfsmenn - ríkisstarfsmenn,Vísitölugildi,141.6
2023M11,Launavísitala,Opinberir starfsmenn - ríkisstarfsmenn,"Mánaðarbreyting, %",0.4
2023M11,Launavísitala,Opinberir starfsmenn - ríkisstarfsmenn,"Ársbreyting, %",9.8
2023M11,Launavísitala,Opinberir starfsmenn - starfsmenn sveitarfélaga,Vísitölugildi,152.6
2023M11,Launavísitala,Opinberir starfsmenn - starfsmenn sveitarfélaga,"Mánaðarbreyting, %",0.4
2023M11,Launavísitala,Opinberir starfsmenn - starfsmenn sveitarfélaga,"Ársbreyting, %",10.7
2023M11,Vísitala grunnlauna,Alls,Vísitölugildi,141.5
2023M11,Vísitala grunnlauna,Alls,"Mánaðarbreyting, %",0.2
2023M11,Vísitala grunnlauna,Alls,"Ársbreyting, %",10.4
2023M11,Vísitala grunnlauna,Starfsmenn á almennum vinnumarkaði,Vísitölugildi,140.6
2023M11,Vísitala grunnlauna,Starfsmenn á almennum vinnumarkaði,"Mánaðarbreyting, %",0.2
2023M11,Vísitala grunnlauna,Starfsmenn á almennum vinnumarkaði,"Ársbreyting, %",10.7
2023M11,Vísitala grunnlauna,Opinberir starfsmenn - alls,Vísitölugildi,144.4
2023M11,Vísitala grunnlauna,Opinberir starfsmenn - alls,"Mánaðarbreyting, %",0.1
2023M11,Vísitala grunnlauna,Opinberir starfsmenn - alls,"Ársbreyting, %",9.9
2023M11,Vísitala grunnlauna,Opinberir starfsmenn - ríkisstarfsmenn,Vísitölugildi,140.8
2023M11,Vísitala grunnlauna,Opinberir starfsmenn - ríkisstarfsmenn,"Mánaðarbreyting, %",0.2
2023M11,Vísitala grunnlauna,Opinberir starfsmenn - ríkisstarfsmenn,"Ársbreyting, %",9.7
2023M11,Vísitala grunnlauna,Opinberir starfsmenn - starfsmenn sveitarfélaga,Vísitölugildi,148.5
2023M11,Vísitala grunnlauna,Opinberir starfsmenn - starfsmenn sveitarfélaga,"Mánaðarbreyting, %",0.1
2023M11,Vísitala grunnlauna,Opinberir starfsmenn - starfsmenn sveitarfélaga,"Ársbreyting, %",10.2
2023M12,Launavísitala,Alls,Vísitölugildi,144.1
2023M12,Launavísitala,Alls,"Mánaðarbreyting, %",0.2
2023M12,Launavísitala,Alls,"Ársbreyting, %",6.7
2023M12,Launavísitala,Starfsmenn á almennum vinnumarkaði,Vísitölugildi,142.7
2023M12,Launavísitala,Starfsmenn á almennum vinnumarkaði,"Mánaðarbreyting, %",0
2023M12,Launavísitala,Starfsmenn á almennum vinnumarkaði,"Ársbreyting, %",5.8
2023M12,Launavísitala,Opinberir starfsmenn - alls,Vísitölugildi,147.1
2023M12,Launavísitala,Opinberir starfsmenn - alls,"Mánaðarbreyting, %",0.3
2023M12,Launavísitala,Opinberir starfsmenn - alls,"Ársbreyting, %",10.2
2023M12,Launavísitala,Opinberir starfsmenn - ríkisstarfsmenn,Vísitölugildi,142.1
2023M12,Launavísitala,Opinberir starfsmenn - ríkisstarfsmenn,"Mánaðarbreyting, %",0.4
2023M12,Launavísitala,Opinberir starfsmenn - ríkisstarfsmenn,"Ársbreyting, %",9.6
2023M12,Launavísitala,Opinberir starfsmenn - starfsmenn sveitarfélaga,Vísitölugildi,152.9
2023M12,Launavísitala,Opinberir starfsmenn - starfsmenn sveitarfélaga,"Mánaðarbreyting, %",0.2
2023M12,Launavísitala,Opinberir starfsmenn - starfsmenn sveitarfélaga,"Ársbreyting, %",10.7
2023M12,Vísitala grunnlauna,Alls,Vísitölugildi,141.8
2023M12,Vísitala grunnlauna,Alls,"Mánaðarbreyting, %",0.2
2023M12,Vísitala grunnlauna,Alls,"Ársbreyting, %",6.4
2023M12,Vísitala grunnlauna,Starfsmenn á almennum vinnumarkaði,Vísitölugildi,140.8
2023M12,Vísitala grunnlauna,Starfsmenn á almennum vinnumarkaði,"Mánaðarbreyting, %",0.2
2023M12,Vísitala grunnlauna,Starfsmenn á almennum vinnumarkaði,"Ársbreyting, %",5.8
2023M12,Vísitala grunnlauna,Opinberir starfsmenn - alls,Vísitölugildi,144.7
2023M12,Vísitala grunnlauna,Opinberir starfsmenn - alls,"Mánaðarbreyting, %",0.2
2023M12,Vísitala grunnlauna,Opinberir starfsmenn - alls,"Ársbreyting, %",9.9
2023M12,Vísitala grunnlauna,Opinberir starfsmenn - ríkisstarfsmenn,Vísitölugildi,141.1
2023M12,Vísitala grunnlauna,Opinberir starfsmenn - ríkisstarfsmenn,"Mánaðarbreyting, %",0.2
2023M12,Vísitala grunnlauna,Opinberir starfsmenn - ríkisstarfsmenn,"Ársbreyting, %",9.6
2023M12,Vísitala grunnlauna,Opinberir starfsmenn - starfsmenn sveitarfélaga,Vísitölugildi,148.7
2023M12,Vísitala grunnlauna,Opinberir starfsmenn - starfsmenn sveitarfélaga,"Mánaðarbreyting, %",0.2
2023M12,Vísitala grunnlauna,Opinberir starfsmenn - starfsmenn sveitarfélaga,"Ársbreyting, %",10.2
2024M01,Launavísitala,Alls,Vísitölugildi,144.7
2024M01,Launavísitala,Alls,"Mánaðarbreyting, %",0.5
2024M01,Launavísitala,Alls,"Ársbreyting, %",7
2024M01,Launavísitala,Starfsmenn á almennum vinnumarkaði,Vísitölugildi,143.4
2024M01,Launavísitala,Starfsmenn á almennum vinnumarkaði,"Mánaðarbreyting, %",0.5
2024M01,Launavísitala,Starfsmenn á almennum vinnumarkaði,"Ársbreyting, %",5.8
2024M01,Launavísitala,Opinberir starfsmenn - alls,Vísitölugildi,148.7
2024M01,Launavísitala,Opinberir starfsmenn - alls,"Mánaðarbreyting, %",1.1
2024M01,Launavísitala,Opinberir starfsmenn - alls,"Ársbreyting, %",10.6
2024M01,Launavísitala,Opinberir starfsmenn - ríkisstarfsmenn,Vísitölugildi,143.5
2024M01,Launavísitala,Opinberir starfsmenn - ríkisstarfsmenn,"Mánaðarbreyting, %",1
2024M01,Launavísitala,Opinberir starfsmenn - ríkisstarfsmenn,"Ársbreyting, %",10.6
2024M01,Launavísitala,Opinberir starfsmenn - starfsmenn sveitarfélaga,Vísitölugildi,154.7
2024M01,Launavísitala,Opinberir starfsmenn - starfsmenn sveitarfélaga,"Mánaðarbreyting, %",1.2
2024M01,Launavísitala,Opinberir starfsmenn - starfsmenn sveitarfélaga,"Ársbreyting, %",10.6
2024M01,Vísitala grunnlauna,Alls,Vísitölugildi,142.3
2024M01,Vísitala grunnlauna,Alls,"Mánaðarbreyting, %",0.4
2024M01,Vísitala grunnlauna,Alls,"Ársbreyting, %",6.4
2024M01,Vísitala grunnlauna,Starfsmenn á almennum vinnumarkaði,Vísitölugildi,141.2
2024M01,Vísitala grunnlauna,Starfsmenn á almennum vinnumarkaði,"Mánaðarbreyting, %",0.3
2024M01,Vísitala grunnlauna,Starfsmenn á almennum vinnumarkaði,"Ársbreyting, %",5
2024M01,Vísitala grunnlauna,Opinberir starfsmenn - alls,Vísitölugildi,145.5
2024M01,Vísitala grunnlauna,Opinberir starfsmenn - alls,"Mánaðarbreyting, %",0.5
2024M01,Vísitala grunnlauna,Opinberir starfsmenn - alls,"Ársbreyting, %",9.9
2024M01,Vísitala grunnlauna,Opinberir starfsmenn - ríkisstarfsmenn,Vísitölugildi,141.7
2024M01,Vísitala grunnlauna,Opinberir starfsmenn - ríkisstarfsmenn,"Mánaðarbreyting, %",0.4
2024M01,Vísitala grunnlauna,Opinberir starfsmenn - ríkisstarfsmenn,"Ársbreyting, %",9.7
2024M01,Vísitala grunnlauna,Opinberir starfsmenn - starfsmenn sveitarfélaga,Vísitölugildi,149.8
2024M01,Vísitala grunnlauna,Opinberir starfsmenn - starfsmenn sveitarfélaga,"Mánaðarbreyting, %",0.7
2024M01,Vísitala grunnlauna,Opinberir starfsmenn - starfsmenn sveitarfélaga,"Ársbreyting, %",10
2024M02,Launavísitala,Alls,Vísitölugildi,145
2024M02,Launavísitala,Alls,"Mánaðarbreyting, %",0.2
2024M02,Launavísitala,Alls,"Ársbreyting, %",6.8
2024M02,Launavísitala,Starfsmenn á almennum vinnumarkaði,Vísitölugildi,143.6
2024M02,Launavísitala,Starfsmenn á almennum vinnumarkaði,"Mánaðarbreyting, %",0.2
2024M02,Launavísitala,Starfsmenn á almennum vinnumarkaði,"Ársbreyting, %",5.2
2024M02,Launavísitala,Opinberir starfsmenn - alls,Vísitölugildi,148
2024M02,Launavísitala,Opinberir starfsmenn - alls,"Mánaðarbreyting, %",-0.4
2024M02,Launavísitala,Opinberir starfsmenn - alls,"Ársbreyting, %",10
2024M02,Launavísitala,Opinberir starfsmenn - ríkisstarfsmenn,Vísitölugildi,142.8
2024M02,Launavísitala,Opinberir starfsmenn - ríkisstarfsmenn,"Mánaðarbreyting, %",-0.5
2024M02,Launavísitala,Opinberir starfsmenn - ríkisstarfsmenn,"Ársbreyting, %",9.9
2024M02,Launavísitala,Opinberir starfsmenn - starfsmenn sveitarfélaga,Vísitölugildi,154.2
2024M02,Launavísitala,Opinberir starfsmenn - starfsmenn sveitarfélaga,"Mánaðarbreyting, %",-0.3
2024M02,Launavísitala,Opinberir starfsmenn - starfsmenn sveitarfélaga,"Ársbreyting, %",10.2
2024M02,Vísitala grunnlauna,Alls,Vísitölugildi,142.7
2024M02,Vísitala grunnlauna,Alls,"Mánaðarbreyting, %",0.3
2024M02,Vísitala grunnlauna,Alls,"Ársbreyting, %",6.4
2024M02,Vísitala grunnlauna,Starfsmenn á almennum vinnumarkaði,Vísitölugildi,141.6
2024M02,Vísitala grunnlauna,Starfsmenn á almennum vinnumarkaði,"Mánaðarbreyting, %",0.3
2024M02,Vísitala grunnlauna,Starfsmenn á almennum vinnumarkaði,"Ársbreyting, %",4.9
2024M02,Vísitala grunnlauna,Opinberir starfsmenn - alls,Vísitölugildi,145.7
2024M02,Vísitala grunnlauna,Opinberir starfsmenn - alls,"Mánaðarbreyting, %",0.2
2024M02,Vísitala grunnlauna,Opinberir starfsmenn - alls,"Ársbreyting, %",9.8
2024M02,Vísitala grunnlauna,Opinberir starfsmenn - ríkisstarfsmenn,Vísitölugildi,141.9
2024M02,Vísitala grunnlauna,Opinberir starfsmenn - ríkisstarfsmenn,"Mánaðarbreyting, %",0.2
2024M02,Vísitala grunnlauna,Opinberir starfsmenn - ríkisstarfsmenn,"Ársbreyting, %",9.7
2024M02,Vísitala grunnlauna,Opinberir starfsmenn - starfsmenn sveitarfélaga,Vísitölugildi,150.1
2024M02,Vísitala grunnlauna,Opinberir starfsmenn - starfsmenn sveitarfélaga,"Mánaðarbreyting, %",0.1
2024M02,Vísitala grunnlauna,Opinberir starfsmenn - starfsmenn sveitarfélaga,"Ársbreyting, %",9.9
2024M03,Launavísitala,Alls,Vísitölugildi,148.4
2024M03,Launavísitala,Alls,"Mánaðarbreyting, %",2.4
2024M03,Launavísitala,Alls,"Ársbreyting, %",8.3
2024M03,Launavísitala,Starfsmenn á almennum vinnumarkaði,Vísitölugildi,148.2
2024M03,Launavísitala,Starfsmenn á almennum vinnumarkaði,"Mánaðarbreyting, %",3.2
2024M03,Launavísitala,Starfsmenn á almennum vinnumarkaði,"Ársbreyting, %",7.1
2024M03,Launavísitala,Opinberir starfsmenn - alls,Vísitölugildi,147.5
2024M03,Launavísitala,Opinberir starfsmenn - alls,"Mánaðarbreyting, %",-0.4
2024M03,Launavísitala,Opinberir starfsmenn - alls,"Ársbreyting, %",10.2
2024M03,Launavísitala,Opinberir starfsmenn - ríkisstarfsmenn,Vísitölugildi,142.3
2024M03,Launavísitala,Opinberir starfsmenn - ríkisstarfsmenn,"Mánaðarbreyting, %",-0.3
2024M03,Launavísitala,Opinberir starfsmenn - ríkisstarfsmenn,"Ársbreyting, %",10.1
2024M03,Launavísitala,Opinberir starfsmenn - starfsmenn sveitarfélaga,Vísitölugildi,153.6
2024M03,Launavísitala,Opinberir starfsmenn - starfsmenn sveitarfélaga,"Mánaðarbreyting, %",-0.4
2024M03,Launavísitala,Opinberir starfsmenn - starfsmenn sveitarfélaga,"Ársbreyting, %",10.2
2024M03,Vísitala grunnlauna,Alls,Vísitölugildi,146.5
2024M03,Vísitala grunnlauna,Alls,"Mánaðarbreyting, %",2.6
2024M03,Vísitala grunnlauna,Alls,"Ársbreyting, %",8.1
2024M03,Vísitala grunnlauna,Starfsmenn á almennum vinnumarkaði,Vísitölugildi,146.3
2024M03,Vísitala grunnlauna,Starfsmenn á almennum vinnumarkaði,"Mánaðarbreyting, %",3.3
2024M03,Vísitala grunnlauna,Starfsmenn á almennum vinnumarkaði,"Ársbreyting, %",7
2024M03,Vísitala grunnlauna,Opinberir starfsmenn - alls,Vísitölugildi,145.9
2024M03,Vísitala grunnlauna,Opinberir starfsmenn - alls,"Mánaðarbreyting, %",0.1
2024M03,Vísitala grunnlauna,Opinberir starfsmenn - alls,"Ársbreyting, %",9.8
2024M03,Vísitala grunnlauna,Opinberir starfsmenn - ríkisstarfsmenn,Vísitölugildi,142.2
2024M03,Vísitala grunnlauna,Opinberir starfsmenn - ríkisstarfsmenn,"Mánaðarbreyting, %",0.2
2024M03,Vísitala grunnlauna,Opinberir starfsmenn - ríkisstarfsmenn,"Ársbreyting, %",9.7
2024M03,Vísitala grunnlauna,Opinberir starfsmenn - starfsmenn sveitarfélaga,Vísitölugildi,150.2
2024M03,Vísitala grunnlauna,Opinberir starfsmenn - starfsmenn sveitarfélaga,"Mánaðarbreyting, %",0.1
2024M03,Vísitala grunnlauna,Opinberir starfsmenn - starfsmenn sveitarfélaga,"Ársbreyting, %",9.8
2024M04,Launavísitala,Alls,Vísitölugildi,149.1
2024M04,Launavísitala,Alls,"Mánaðarbreyting, %",0.5
2024M04,Launavísitala,Alls,"Ársbreyting, %",7.1
2024M04,Launavísitala,Starfsmenn á almennum vinnumarkaði,Vísitölugildi,149
2024M04,Launavísitala,Starfsmenn á almennum vinnumarkaði,"Mánaðarbreyting, %",0.5
2024M04,Launavísitala,Starfsmenn á almennum vinnumarkaði,"Ársbreyting, %",7.2
2024M04,Launavísitala,Opinberir starfsmenn - alls,Vísitölugildi,148.9
2024M04,Launavísitala,Opinberir starfsmenn - alls,"Mánaðarbreyting, %",0.9
2024M04,Launavísitala,Opinberir starfsmenn - alls,"Ársbreyting, %",6.3
2024M04,Launavísitala,Opinberir starfsmenn - ríkisstarfsmenn,Vísitölugildi,143.9
2024M04,Launavísitala,Opinberir starfsmenn - ríkisstarfsmenn,"Mánaðarbreyting, %",1.1
2024M04,Launavísitala,Opinberir starfsmenn - ríkisstarfsmenn,"Ársbreyting, %",4.4
2024M04,Launavísitala,Opinberir starfsmenn - starfsmenn sveitarfélaga,Vísitölugildi,154.7
2024M04,Launavísitala,Opinberir starfsmenn - starfsmenn sveitarfélaga,"Mánaðarbreyting, %",0.7
2024M04,Launavísitala,Opinberir starfsmenn - starfsmenn sveitarfélaga,"Ársbreyting, %",8.3
2024M04,Vísitala grunnlauna,Alls,Vísitölugildi,146.6
2024M04,Vísitala grunnlauna,Alls,"Mánaðarbreyting, %",0.1
2024M04,Vísitala grunnlauna,Alls,"Ársbreyting, %",6.9
2024M04,Vísitala grunnlauna,Starfsmenn á almennum vinnumarkaði,Vísitölugildi,146.9
2024M04,Vísitala grunnlauna,Starfsmenn á almennum vinnumarkaði,"Mánaðarbreyting, %",0.4
2024M04,Vísitala grunnlauna,Starfsmenn á almennum vinnumarkaði,"Ársbreyting, %",7.1
2024M04,Vísitala grunnlauna,Opinberir starfsmenn - alls,Vísitölugildi,146.1
2024M04,Vísitala grunnlauna,Opinberir starfsmenn - alls,"Mánaðarbreyting, %",0.1
2024M04,Vísitala grunnlauna,Opinberir starfsmenn - alls,"Ársbreyting, %",6
2024M04,Vísitala grunnlauna,Opinberir starfsmenn - ríkisstarfsmenn,Vísitölugildi,142.4
2024M04,Vísitala grunnlauna,Opinberir starfsmenn - ríkisstarfsmenn,"Mánaðarbreyting, %",0.1
2024M04,Vísitala grunnlauna,Opinberir starfsmenn - ríkisstarfsmenn,"Ársbreyting, %",4.2
2024M04,Vísitala grunnlauna,Opinberir starfsmenn - starfsmenn sveitarfélaga,Vísitölugildi,150.3
2024M04,Vísitala grunnlauna,Opinberir starfsmenn - starfsmenn sveitarfélaga,"Mánaðarbreyting, %",0.1
2024M04,Vísitala grunnlauna,Opinberir starfsmenn - starfsmenn sveitarfélaga,"Ársbreyting, %",8
2024M05,Launavísitala,Alls,Vísitölugildi,149.4
2024M05,Launavísitala,Alls,"Mánaðarbreyting, %",0.2
2024M05,Launavísitala,Alls,"Ársbreyting, %",6.7
2024M05,Launavísitala,Starfsmenn á almennum vinnumarkaði,Vísitölugildi,149.7
2024M05,Launavísitala,Starfsmenn á almennum vinnumarkaði,"Mánaðarbreyting, %",0.4
2024M05,Launavísitala,Starfsmenn á almennum vinnumarkaði,"Ársbreyting, %",7.3
2024M05,Launavísitala,Opinberir starfsmenn - alls,Vísitölugildi,148.2
2024M05,Launavísitala,Opinberir starfsmenn - alls,"Mánaðarbreyting, %",-0.5
2024M05,Launavísitala,Opinberir starfsmenn - alls,"Ársbreyting, %",4.8
2024M05,Launavísitala,Opinberir starfsmenn - ríkisstarfsmenn,Vísitölugildi,143.1
2024M05,Launavísitala,Opinberir starfsmenn - ríkisstarfsmenn,"Mánaðarbreyting, %",-0.6
2024M05,Launavísitala,Opinberir starfsmenn - ríkisstarfsmenn,"Ársbreyting, %",3.4
2024M05,Launavísitala,Opinberir starfsmenn - starfsmenn sveitarfélaga,Vísitölugildi,154.2
2024M05,Launavísitala,Opinberir starfsmenn - starfsmenn sveitarfélaga,"Mánaðarbreyting, %",-0.3
2024M05,Launavísitala,Opinberir starfsmenn - starfsmenn sveitarfélaga,"Ársbreyting, %",6.5
2024M05,Vísitala grunnlauna,Alls,Vísitölugildi,147.1
2024M05,Vísitala grunnlauna,Alls,"Mánaðarbreyting, %",0.3
2024M05,Vísitala grunnlauna,Alls,"Ársbreyting, %",6.5
2024M05,Vísitala grunnlauna,Starfsmenn á almennum vinnumarkaði,Vísitölugildi,147.5
2024M05,Vísitala grunnlauna,Starfsmenn á almennum vinnumarkaði,"Mánaðarbreyting, %",0.4
2024M05,Vísitala grunnlauna,Starfsmenn á almennum vinnumarkaði,"Ársbreyting, %",7.1
2024M05,Vísitala grunnlauna,Opinberir starfsmenn - alls,Vísitölugildi,146.2
2024M05,Vísitala grunnlauna,Opinberir starfsmenn - alls,"Mánaðarbreyting, %",0.1
2024M05,Vísitala grunnlauna,Opinberir starfsmenn - alls,"Ársbreyting, %",4.8
2024M05,Vísitala grunnlauna,Opinberir starfsmenn - ríkisstarfsmenn,Vísitölugildi,142.6
2024M05,Vísitala grunnlauna,Opinberir starfsmenn - ríkisstarfsmenn,"Mánaðarbreyting, %",0.1
2024M05,Vísitala grunnlauna,Opinberir starfsmenn - ríkisstarfsmenn,"Ársbreyting, %",3.3
2024M05,Vísitala grunnlauna,Opinberir starfsmenn - starfsmenn sveitarfélaga,Vísitölugildi,150.4
2024M05,Vísitala grunnlauna,Opinberir starfsmenn - starfsmenn sveitarfélaga,"Mánaðarbreyting, %",0.1
2024M05,Vísitala grunnlauna,Opinberir starfsmenn - starfsmenn sveitarfélaga,"Ársbreyting, %",6.5
2024M06,Launavísitala,Alls,Vísitölugildi,150.1
2024M06,Launavísitala,Alls,"Mánaðarbreyting, %",0.5
2024M06,Launavísitala,Alls,"Ársbreyting, %",6
2024M06,Launavísitala,Starfsmenn á almennum vinnumarkaði,Vísitölugildi,150.2
2024M06,Launavísitala,Starfsmenn á almennum vinnumarkaði,"Mánaðarbreyting, %",0.4
2024M06,Launavísitala,Starfsmenn á almennum vinnumarkaði,"Ársbreyting, %",6.9
2024M06,Launavísitala,Opinberir starfsmenn - alls,Vísitölugildi,149.2
2024M06,Launavísitala,Opinberir starfsmenn - alls,"Mánaðarbreyting, %",0.6
2024M06,Launavísitala,Opinberir starfsmenn - alls,"Ársbreyting, %",3.4
2024M06,Launavísitala,Opinberir starfsmenn - ríkisstarfsmenn,Vísitölugildi,144.4
2024M06,Launavísitala,Opinberir starfsmenn - ríkisstarfsmenn,"Mánaðarbreyting, %",0.9
2024M06,Launavísitala,Opinberir starfsmenn - ríkisstarfsmenn,"Ársbreyting, %",3.3
2024M06,Launavísitala,Opinberir starfsmenn - starfsmenn sveitarfélaga,Vísitölugildi,154.7
2024M06,Launavísitala,Opinberir starfsmenn - starfsmenn sveitarfélaga,"Mánaðarbreyting, %",0.3
2024M06,Launavísitala,Opinberir starfsmenn - starfsmenn sveitarfélaga,"Ársbreyting, %",3.6
2024M06,Vísitala grunnlauna,Alls,Vísitölugildi,148.2
2024M06,Vísitala grunnlauna,Alls,"Mánaðarbreyting, %",0.7
2024M06,Vísitala grunnlauna,Alls,"Ársbreyting, %",6.1
2024M06,Vísitala grunnlauna,Starfsmenn á almennum vinnumarkaði,Vísitölugildi,148.5
2024M06,Vísitala grunnlauna,Starfsmenn á almennum vinnumarkaði,"Mánaðarbreyting, %",0.7
2024M06,Vísitala grunnlauna,Starfsmenn á almennum vinnumarkaði,"Ársbreyting, %",7.1
2024M06,Vísitala grunnlauna,Opinberir starfsmenn - alls,Vísitölugildi,147.3
2024M06,Vísitala grunnlauna,Opinberir starfsmenn - alls,"Mánaðarbreyting, %",0.7
2024M06,Vísitala grunnlauna,Opinberir starfsmenn - alls,"Ársbreyting, %",3.4
2024M06,Vísitala grunnlauna,Opinberir starfsmenn - ríkisstarfsmenn,Vísitölugildi,143.9
2024M06,Vísitala grunnlauna,Opinberir starfsmenn - ríkisstarfsmenn,"Mánaðarbreyting, %",0.9
2024M06,Vísitala grunnlauna,Opinberir starfsmenn - ríkisstarfsmenn,"Ársbreyting, %",3.1
2024M06,Vísitala grunnlauna,Opinberir starfsmenn - starfsmenn sveitarfélaga,Vísitölugildi,151.2
2024M06,Vísitala grunnlauna,Opinberir starfsmenn - starfsmenn sveitarfélaga,"Mánaðarbreyting, %",0.5
2024M06,Vísitala grunnlauna,Opinberir starfsmenn - starfsmenn sveitarfélaga,"Ársbreyting, %",3.8
2024M07,Launavísitala,Alls,Vísitölugildi,150.5
2024M07,Launavísitala,Alls,"Mánaðarbreyting, %",0.2
2024M07,Launavísitala,Alls,"Ársbreyting, %",6.5
2024M07,Launavísitala,Starfsmenn á almennum vinnumarkaði,Vísitölugildi,150.5
2024M07,Launavísitala,Starfsmenn á almennum vinnumarkaði,"Mánaðarbreyting, %",0.2
2024M07,Launavísitala,Starfsmenn á almennum vinnumarkaði,"Ársbreyting, %",7.1
2024M07,Launavísitala,Opinberir starfsmenn - alls,Vísitölugildi,149.9
2024M07,Launavísitala,Opinberir starfsmenn - alls,"Mánaðarbreyting, %",0.5
2024M07,Launavísitala,Opinberir starfsmenn - alls,"Ársbreyting, %",4.6
2024M07,Launavísitala,Opinberir starfsmenn - ríkisstarfsmenn,Vísitölugildi,144.3
2024M07,Launavísitala,Opinberir starfsmenn - ríkisstarfsmenn,"Mánaðarbreyting, %",-0.1
2024M07,Launavísitala,Opinberir starfsmenn - ríkisstarfsmenn,"Ársbreyting, %",4
2024M07,Launavísitala,Opinberir starfsmenn - starfsmenn sveitarfélaga,Vísitölugildi,156.4
2024M07,Launavísitala,Opinberir starfsmenn - starfsmenn sveitarfélaga,"Mánaðarbreyting, %",1.1
2024M07,Launavísitala,Opinberir starfsmenn - starfsmenn sveitarfélaga,"Ársbreyting, %",5.1
2024M07,Vísitala grunnlauna,Alls,Vísitölugildi,148.9
2024M07,Vísitala grunnlauna,Alls,"Mánaðarbreyting, %",0.5
2024M07,Vísitala grunnlauna,Alls,"Ársbreyting, %",6.3
2024M07,Vísitala grunnlauna,Starfsmenn á almennum vinnumarkaði,Vísitölugildi,148.9
2024M07,Vísitala grunnlauna,Starfsmenn á almennum vinnumarkaði,"Mánaðarbreyting, %",0.3
2024M07,Vísitala grunnlauna,Starfsmenn á almennum vinnumarkaði,"Ársbreyting, %",7.1
2024M07,Vísitala grunnlauna,Opinberir starfsmenn - alls,Vísitölugildi,149.1
2024M07,Vísitala grunnlauna,Opinberir starfsmenn - alls,"Mánaðarbreyting, %",1.2
2024M07,Vísitala grunnlauna,Opinberir starfsmenn - alls,"Ársbreyting, %",4.1
2024M07,Vísitala grunnlauna,Opinberir starfsmenn - ríkisstarfsmenn,Vísitölugildi,145.2
2024M07,Vísitala grunnlauna,Opinberir starfsmenn - ríkisstarfsmenn,"Mánaðarbreyting, %",0.9
2024M07,Vísitala grunnlauna,Opinberir starfsmenn - ríkisstarfsmenn,"Ársbreyting, %",3.7
2024M07,Vísitala grunnlauna,Opinberir starfsmenn - starfsmenn sveitarfélaga,Vísitölugildi,153.6
2024M07,Vísitala grunnlauna,Opinberir starfsmenn - starfsmenn sveitarfélaga,"Mánaðarbreyting, %",1.5
2024M07,Vísitala grunnlauna,Opinberir starfsmenn - starfsmenn sveitarfélaga,"Ársbreyting, %",4.6
2024M08,Launavísitala,Alls,Vísitölugildi,150.6
2024M08,Launavísitala,Alls,"Mánaðarbreyting, %",0.1
2024M08,Launavísitala,Alls,"Ársbreyting, %",6.3
2024M08,Launavísitala,Starfsmenn á almennum vinnumarkaði,Vísitölugildi,150.7
2024M08,Launavísitala,Starfsmenn á almennum vinnumarkaði,"Mánaðarbreyting, %",0.1
2024M08,Launavísitala,Starfsmenn á almennum vinnumarkaði,"Ársbreyting, %",6.9
2024M08,Launavísitala,Opinberir starfsmenn - alls,Vísitölugildi,149.8
2024M08,Launavísitala,Opinberir starfsmenn - alls,"Mánaðarbreyting, %",-0.1
2024M08,Launavísitala,Opinberir starfsmenn - alls,"Ársbreyting, %",4.6
2024M08,Launavísitala,Opinberir starfsmenn - ríkisstarfsmenn,Vísitölugildi,144.2
2024M08,Launavísitala,Opinberir starfsmenn - ríkisstarfsmenn,"Mánaðarbreyting, %",-0.1
2024M08,Launavísitala,Opinberir starfsmenn - ríkisstarfsmenn,"Ársbreyting, %",4
2024M08,Launavísitala,Opinberir starfsmenn - starfsmenn sveitarfélaga,Vísitölugildi,156.3
2024M08,Launavísitala,Opinberir starfsmenn - starfsmenn sveitarfélaga,"Mánaðarbreyting, %",-0.1
2024M08,Launavísitala,Opinberir starfsmenn - starfsmenn sveitarfélaga,"Ársbreyting, %",5.2
2024M08,Vísitala grunnlauna,Alls,Vísitölugildi,149.1
2024M08,Vísitala grunnlauna,Alls,"Mánaðarbreyting, %",0.2
2024M08,Vísitala grunnlauna,Alls,"Ársbreyting, %",6.3
2024M08,Vísitala grunnlauna,Starfsmenn á almennum vinnumarkaði,Vísitölugildi,149.1
2024M08,Vísitala grunnlauna,Starfsmenn á almennum vinnumarkaði,"Mánaðarbreyting, %",0.1
2024M08,Vísitala grunnlauna,Starfsmenn á almennum vinnumarkaði,"Ársbreyting, %",7.1
2024M08,Vísitala grunnlauna,Opinberir starfsmenn - alls,Vísitölugildi,149.4
2024M08,Vísitala grunnlauna,Opinberir starfsmenn - alls,"Mánaðarbreyting, %",0.2
2024M08,Vísitala grunnlauna,Opinberir starfsmenn - alls,"Ársbreyting, %",4.3
2024M08,Vísitala grunnlauna,Opinberir starfsmenn - ríkisstarfsmenn,Vísitölugildi,145.3
2024M08,Vísitala grunnlauna,Opinberir starfsmenn - ríkisstarfsmenn,"Mánaðarbreyting, %",0.1
2024M08,Vísitala grunnlauna,Opinberir starfsmenn - ríkisstarfsmenn,"Ársbreyting, %",3.7
2024M08,Vísitala grunnlauna,Opinberir starfsmenn - starfsmenn sveitarfélaga,Vísitölugildi,154.1
2024M08,Vísitala grunnlauna,Opinberir starfsmenn - starfsmenn sveitarfélaga,"Mánaðarbreyting, %",0.3
2024M08,Vísitala grunnlauna,Opinberir starfsmenn - starfsmenn sveitarfélaga,"Ársbreyting, %",4.9
2024M09,Launavísitala,Alls,Vísitölugildi,151.6
2024M09,Launavísitala,Alls,"Mánaðarbreyting, %",0.7
2024M09,Launavísitala,Alls,"Ársbreyting, %",6.1
2024M09,Launavísitala,Starfsmenn á almennum vinnumarkaði,Vísitölugildi,151.4
2024M09,Launavísitala,Starfsmenn á almennum vinnumarkaði,"Mánaðarbreyting, %",0.5
2024M09,Launavísitala,Starfsmenn á almennum vinnumarkaði,"Ársbreyting, %",6.6
2024M09,Launavísitala,Opinberir starfsmenn - alls,Vísitölugildi,151.9
2024M09,Launavísitala,Opinberir starfsmenn - alls,"Mánaðarbreyting, %",1.4
2024M09,Launavísitala,Opinberir starfsmenn - alls,"Ársbreyting, %",4.6
2024M09,Launavísitala,Opinberir starfsmenn - ríkisstarfsmenn,Vísitölugildi,146.4
2024M09,Launavísitala,Opinberir starfsmenn - ríkisstarfsmenn,"Mánaðarbreyting, %",1.5
2024M09,Launavísitala,Opinberir starfsmenn - ríkisstarfsmenn,"Ársbreyting, %",4.2
2024M09,Launavísitala,Opinberir starfsmenn - starfsmenn sveitarfélaga,Vísitölugildi,158.3
2024M09,Launavísitala,Opinberir starfsmenn - starfsmenn sveitarfélaga,"Mánaðarbreyting, %",1.3
2024M09,Launavísitala,Opinberir starfsmenn - starfsmenn sveitarfélaga,"Ársbreyting, %",5
2024M09,Vísitala grunnlauna,Alls,Vísitölugildi,149.6
2024M09,Vísitala grunnlauna,Alls,"Mánaðarbreyting, %",0.3
2024M09,Vísitala grunnlauna,Alls,"Ársbreyting, %",6.3
2024M09,Vísitala grunnlauna,Starfsmenn á almennum vinnumarkaði,Vísitölugildi,149.5
2024M09,Vísitala grunnlauna,Starfsmenn á almennum vinnumarkaði,"Mánaðarbreyting, %",0.3
2024M09,Vísitala grunnlauna,Starfsmenn á almennum vinnumarkaði,"Ársbreyting, %",6.9
2024M09,Vísitala grunnlauna,Opinberir starfsmenn - alls,Vísitölugildi,150
2024M09,Vísitala grunnlauna,Opinberir starfsmenn - alls,"Mánaðarbreyting, %",0.4
2024M09,Vísitala grunnlauna,Opinberir starfsmenn - alls,"Ársbreyting, %",4.5
2024M09,Vísitala grunnlauna,Opinberir starfsmenn - ríkisstarfsmenn,Vísitölugildi,146.1
2024M09,Vísitala grunnlauna,Opinberir starfsmenn - ríkisstarfsmenn,"Mánaðarbreyting, %",0.5
2024M09,Vísitala grunnlauna,Opinberir starfsmenn - ríkisstarfsmenn,"Ársbreyting, %",4
2024M09,Vísitala grunnlauna,Opinberir starfsmenn - starfsmenn sveitarfélaga,Vísitölugildi,154.6
2024M09,Vísitala grunnlauna,Opinberir starfsmenn - starfsmenn sveitarfélaga,"Mánaðarbreyting, %",0.3
2024M09,Vísitala grunnlauna,Opinberir starfsmenn - starfsmenn sveitarfélaga,"Ársbreyting, %",5
2024M10,Launavísitala,Alls,Vísitölugildi,152.1
2024M10,Launavísitala,Alls,"Mánaðarbreyting, %",0.3
2024M10,Launavísitala,Alls,"Ársbreyting, %",6
2024M10,Launavísitala,Starfsmenn á almennum vinnumarkaði,Vísitölugildi,151.8
2024M10,Launavísitala,Starfsmenn á almennum vinnumarkaði,"Mánaðarbreyting, %",0.3
2024M10,Launavísitala,Starfsmenn á almennum vinnumarkaði,"Ársbreyting, %",6.6
2024M10,Launavísitala,Opinberir starfsmenn - alls,Vísitölugildi,152.6
2024M10,Launavísitala,Opinberir starfsmenn - alls,"Mánaðarbreyting, %",0.4
2024M10,Launavísitala,Opinberir starfsmenn - alls,"Ársbreyting, %",4.4
2024M10,Launavísitala,Opinberir starfsmenn - ríkisstarfsmenn,Vísitölugildi,146.9
2024M10,Launavísitala,Opinberir starfsmenn - ríkisstarfsmenn,"Mánaðarbreyting, %",0.3
2024M10,Launavísitala,Opinberir starfsmenn - ríkisstarfsmenn,"Ársbreyting, %",4.1
2024M10,Launavísitala,Opinberir starfsmenn - starfsmenn sveitarfélaga,Vísitölugildi,159.2
2024M10,Launavísitala,Opinberir starfsmenn - starfsmenn sveitarfélaga,"Mánaðarbreyting, %",0.6
2024M10,Launavísitala,Opinberir starfsmenn - starfsmenn sveitarfélaga,"Ársbreyting, %",4.7
2024M10,Vísitala grunnlauna,Alls,Vísitölugildi,150
2024M10,Vísitala grunnlauna,Alls,"Mánaðarbreyting, %",0.2
2024M10,Vísitala grunnlauna,Alls,"Ársbreyting, %",6.2
2024M10,Vísitala grunnlauna,Starfsmenn á almennum vinnumarkaði,Vísitölugildi,149.9
2024M10,Vísitala grunnlauna,Starfsmenn á almennum vinnumarkaði,"Mánaðarbreyting, %",0.3
2024M10,Vísitala grunnlauna,Starfsmenn á almennum vinnumarkaði,"Ársbreyting, %",6.9
2024M10,Vísitala grunnlauna,Opinberir starfsmenn - alls,Vísitölugildi,150.4
2024M10,Vísitala grunnlauna,Opinberir starfsmenn - alls,"Mánaðarbreyting, %",0.3
2024M10,Vísitala grunnlauna,Opinberir starfsmenn - alls,"Ársbreyting, %",4.3
2024M10,Vísitala grunnlauna,Opinberir starfsmenn - ríkisstarfsmenn,Vísitölugildi,146.3
2024M10,Vísitala grunnlauna,Opinberir starfsmenn - ríkisstarfsmenn,"Mánaðarbreyting, %",0.2
2024M10,Vísitala grunnlauna,Opinberir starfsmenn - ríkisstarfsmenn,"Ársbreyting, %",4.1
2024M10,Vísitala grunnlauna,Opinberir starfsmenn - starfsmenn sveitarfélaga,Vísitölugildi,155.2
2024M10,Vísitala grunnlauna,Opinberir starfsmenn - starfsmenn sveitarfélaga,"Mánaðarbreyting, %",0.3
2024M10,Vísitala grunnlauna,Opinberir starfsmenn - starfsmenn sveitarfélaga,"Ársbreyting, %",4.6
2024M11,Launavísitala,Alls,Vísitölugildi,152.6
2024M11,Launavísitala,Alls,"Mánaðarbreyting, %",0.3
2024M11,Launavísitala,Alls,"Ársbreyting, %",6.1
2024M11,Launavísitala,Starfsmenn á almennum vinnumarkaði,Vísitölugildi,152.1
2024M11,Launavísitala,Starfsmenn á almennum vinnumarkaði,"Mánaðarbreyting, %",0.2
2024M11,Launavísitala,Starfsmenn á almennum vinnumarkaði,"Ársbreyting, %",6.5
2024M11,Launavísitala,Opinberir starfsmenn - alls,Vísitölugildi,153.7
2024M11,Launavísitala,Opinberir starfsmenn - alls,"Mánaðarbreyting, %",0.7
2024M11,Launavísitala,Opinberir starfsmenn - alls,"Ársbreyting, %",4.8
2024M11,Launavísitala,Opinberir starfsmenn - ríkisstarfsmenn,Vísitölugildi,147.7
2024M11,Launavísitala,Opinberir starfsmenn - ríkisstarfsmenn,"Mánaðarbreyting, %",0.6
2024M11,Launavísitala,Opinberir starfsmenn - ríkisstarfsmenn,"Ársbreyting, %",4.3
2024M11,Launavísitala,Opinberir starfsmenn - starfsmenn sveitarfélaga,Vísitölugildi,160.6
2024M11,Launavísitala,Opinberir starfsmenn - starfsmenn sveitarfélaga,"Mánaðarbreyting, %",0.9
2024M11,Launavísitala,Opinberir starfsmenn - starfsmenn sveitarfélaga,"Ársbreyting, %",5.2
2024M11,Vísitala grunnlauna,Alls,Vísitölugildi,150.4
2024M11,Vísitala grunnlauna,Alls,"Mánaðarbreyting, %",0.3
2024M11,Vísitala grunnlauna,Alls,"Ársbreyting, %",6.3
2024M11,Vísitala grunnlauna,Starfsmenn á almennum vinnumarkaði,Vísitölugildi,150.2
2024M11,Vísitala grunnlauna,Starfsmenn á almennum vinnumarkaði,"Mánaðarbreyting, %",0.2
2024M11,Vísitala grunnlauna,Starfsmenn á almennum vinnumarkaði,"Ársbreyting, %",6.9
2024M11,Vísitala grunnlauna,Opinberir starfsmenn - alls,Vísitölugildi,151
2024M11,Vísitala grunnlauna,Opinberir starfsmenn - alls,"Mánaðarbreyting, %",0.3
2024M11,Vísitala grunnlauna,Opinberir starfsmenn - alls,"Ársbreyting, %",4.6
2024M11,Vísitala grunnlauna,Opinberir starfsmenn - ríkisstarfsmenn,Vísitölugildi,146.8
2024M11,Vísitala grunnlauna,Opinberir starfsmenn - ríkisstarfsmenn,"Mánaðarbreyting, %",0.3
2024M11,Vísitala grunnlauna,Opinberir starfsmenn - ríkisstarfsmenn,"Ársbreyting, %",4.2
2024M11,Vísitala grunnlauna,Opinberir starfsmenn - starfsmenn sveitarfélaga,Vísitölugildi,155.8
2024M11,Vísitala grunnlauna,Opinberir starfsmenn - starfsmenn sveitarfélaga,"Mánaðarbreyting, %",0.4
2024M11,Vísitala grunnlauna,Opinberir starfsmenn - starfsmenn sveitarfélaga,"Ársbreyting, %",4.9
2024M12,Launavísitala,Alls,Vísitölugildi,153.2
2024M12,Launavísitala,Alls,"Mánaðarbreyting, %",0.4
2024M12,Launavísitala,Alls,"Ársbreyting, %",6.4
2024M12,Launavísitala,Starfsmenn á almennum vinnumarkaði,Vísitölugildi,152.3
2024M12,Launavísitala,Starfsmenn á almennum vinnumarkaði,"Mánaðarbreyting, %",0.1
2024M12,Launavísitala,Starfsmenn á almennum vinnumarkaði,"Ársbreyting, %",6.7
2024M12,Launavísitala,Opinberir starfsmenn - alls,Vísitölugildi,156.1
2024M12,Launavísitala,Opinberir starfsmenn - alls,"Mánaðarbreyting, %",1.6
2024M12,Launavísitala,Opinberir starfsmenn - alls,"Ársbreyting, %",6.1
2024M12,Launavísitala,Opinberir starfsmenn - ríkisstarfsmenn,Vísitölugildi,150.2
2024M12,Launavísitala,Opinberir starfsmenn - ríkisstarfsmenn,"Mánaðarbreyting, %",1.7
2024M12,Launavísitala,Opinberir starfsmenn - ríkisstarfsmenn,"Ársbreyting, %",5.7
2024M12,Launavísitala,Opinberir starfsmenn - starfsmenn sveitarfélaga,Vísitölugildi,162.9
2024M12,Launavísitala,Opinberir starfsmenn - starfsmenn sveitarfélaga,"Mánaðarbreyting, %",1.4
2024M12,Launavísitala,Opinberir starfsmenn - starfsmenn sveitarfélaga,"Ársbreyting, %",6.6
2024M12,Vísitala grunnlauna,Alls,Vísitölugildi,151
2024M12,Vísitala grunnlauna,Alls,"Mánaðarbreyting, %",0.4
2024M12,Vísitala grunnlauna,Alls,"Ársbreyting, %",6.5
2024M12,Vísitala grunnlauna,Starfsmenn á almennum vinnumarkaði,Vísitölugildi,150.4
2024M12,Vísitala grunnlauna,Starfsmenn á almennum vinnumarkaði,"Mánaðarbreyting, %",0.1
2024M12,Vísitala grunnlauna,Starfsmenn á almennum vinnumarkaði,"Ársbreyting, %",6.8
2024M12,Vísitala grunnlauna,Opinberir starfsmenn - alls,Vísitölugildi,153.1
2024M12,Vísitala grunnlauna,Opinberir starfsmenn - alls,"Mánaðarbreyting, %",1.4
2024M12,Vísitala grunnlauna,Opinberir starfsmenn - alls,"Ársbreyting, %",5.8
2024M12,Vísitala grunnlauna,Opinberir starfsmenn - ríkisstarfsmenn,Vísitölugildi,148.9
2024M12,Vísitala grunnlauna,Opinberir starfsmenn - ríkisstarfsmenn,"Mánaðarbreyting, %",1.4
2024M12,Vísitala grunnlauna,Opinberir starfsmenn - ríkisstarfsmenn,"Ársbreyting, %",5.5
2024M12,Vísitala grunnlauna,Opinberir starfsmenn - starfsmenn sveitarfélaga,Vísitölugildi,158
2024M12,Vísitala grunnlauna,Opinberir starfsmenn - starfsmenn sveitarfélaga,"Mánaðarbreyting, %",1.4
2024M12,Vísitala grunnlauna,Opinberir starfsmenn - starfsmenn sveitarfélaga,"Ársbreyting, %",6.2
2025M01,Launavísitala,Alls,Vísitölugildi,158
2025M01,Launavísitala,Alls,"Mánaðarbreyting, %",3.1
2025M01,Launavísitala,Alls,"Ársbreyting, %",9.1
2025M01,Launavísitala,Starfsmenn á almennum vinnumarkaði,Vísitölugildi,157.9
2025M01,Launavísitala,Starfsmenn á almennum vinnumarkaði,"Mánaðarbreyting, %",3.7
2025M01,Launavísitala,Starfsmenn á almennum vinnumarkaði,"Ársbreyting, %",10.2
2025M01,Launavísitala,Opinberir starfsmenn - alls,Vísitölugildi,158
2025M01,Launavísitala,Opinberir starfsmenn - alls,"Mánaðarbreyting, %",1.2
2025M01,Launavísitala,Opinberir starfsmenn - alls,"Ársbreyting, %",6.3
2025M01,Launavísitala,Opinberir starfsmenn - ríkisstarfsmenn,Vísitölugildi,151.9
2025M01,Launavísitala,Opinberir starfsmenn - ríkisstarfsmenn,"Mánaðarbreyting, %",1.1
2025M01,Launavísitala,Opinberir starfsmenn - ríkisstarfsmenn,"Ársbreyting, %",5.9
2025M01,Launavísitala,Opinberir starfsmenn - starfsmenn sveitarfélaga,Vísitölugildi,165
2025M01,Launavísitala,Opinberir starfsmenn - starfsmenn sveitarfélaga,"Mánaðarbreyting, %",1.3
2025M01,Launavísitala,Opinberir starfsmenn - starfsmenn sveitarfélaga,"Ársbreyting, %",6.7
2025M01,Vísitala grunnlauna,Alls,Vísitölugildi,155.1
2025M01,Vísitala grunnlauna,Alls,"Mánaðarbreyting, %",2.7
2025M01,Vísitala grunnlauna,Alls,"Ársbreyting, %",9
2025M01,Vísitala grunnlauna,Starfsmenn á almennum vinnumarkaði,Vísitölugildi,155.7
2025M01,Vísitala grunnlauna,Starfsmenn á almennum vinnumarkaði,"Mánaðarbreyting, %",3.5
2025M01,Vísitala grunnlauna,Starfsmenn á almennum vinnumarkaði,"Ársbreyting, %",10.2
2025M01,Vísitala grunnlauna,Opinberir starfsmenn - alls,Vísitölugildi,153.9
2025M01,Vísitala grunnlauna,Opinberir starfsmenn - alls,"Mánaðarbreyting, %",0.5
2025M01,Vísitala grunnlauna,Opinberir starfsmenn - alls,"Ársbreyting, %",5.8
2025M01,Vísitala grunnlauna,Opinberir starfsmenn - ríkisstarfsmenn,Vísitölugildi,149.7
2025M01,Vísitala grunnlauna,Opinberir starfsmenn - ríkisstarfsmenn,"Mánaðarbreyting, %",0.5
2025M01,Vísitala grunnlauna,Opinberir starfsmenn - ríkisstarfsmenn,"Ársbreyting, %",5.7
2025M01,Vísitala grunnlauna,Opinberir starfsmenn - starfsmenn sveitarfélaga,Vísitölugildi,158.7
2025M01,Vísitala grunnlauna,Opinberir starfsmenn - starfsmenn sveitarfélaga,"Mánaðarbreyting, %",0.5
2025M01,Vísitala grunnlauna,Opinberir starfsmenn - starfsmenn sveitarfélaga,"Ársbreyting, %",5.9
2025M02,Launavísitala,Alls,Vísitölugildi,158
2025M02,Launavísitala,Alls,"Mánaðarbreyting, %",0
2025M02,Launavísitala,Alls,"Ársbreyting, %",9
2025M02,Launavísitala,Starfsmenn á almennum vinnumarkaði,Vísitölugildi,158.1
2025M02,Launavísitala,Starfsmenn á almennum vinnumarkaði,"Mánaðarbreyting, %",0.1
2025M02,Launavísitala,Starfsmenn á almennum vinnumarkaði,"Ársbreyting, %",10.1
2025M02,Launavísitala,Opinberir starfsmenn - alls,Vísitölugildi,157.1
2025M02,Launavísitala,Opinberir starfsmenn - alls,"Mánaðarbreyting, %",-0.6
2025M02,Launavísitala,Opinberir starfsmenn - alls,"Ársbreyting, %",6.1
2025M02,Launavísitala,Opinberir starfsmenn - ríkisstarfsmenn,Vísitölugildi,151.2
2025M02,Launavísitala,Opinberir starfsmenn - ríkisstarfsmenn,"Mánaðarbreyting, %",-0.5
2025M02,Launavísitala,Opinberir starfsmenn - ríkisstarfsmenn,"Ársbreyting, %",5.9
2025M02,Launavísitala,Opinberir starfsmenn - starfsmenn sveitarfélaga,Vísitölugildi,164
2025M02,Launavísitala,Opinberir starfsmenn - starfsmenn sveitarfélaga,"Mánaðarbreyting, %",-0.6
2025M02,Launavísitala,Opinberir starfsmenn - starfsmenn sveitarfélaga,"Ársbreyting, %",6.4
2025M02,Vísitala grunnlauna,Alls,Vísitölugildi,155.7
2025M02,Vísitala grunnlauna,Alls,"Mánaðarbreyting, %",0.4
2025M02,Vísitala grunnlauna,Alls,"Ársbreyting, %",9.1
2025M02,Vísitala grunnlauna,Starfsmenn á almennum vinnumarkaði,Vísitölugildi,156.3
2025M02,Vísitala grunnlauna,Starfsmenn á almennum vinnumarkaði,"Mánaðarbreyting, %",0.4
2025M02,Vísitala grunnlauna,Starfsmenn á almennum vinnumarkaði,"Ársbreyting, %",10.4
2025M02,Vísitala grunnlauna,Opinberir starfsmenn - alls,Vísitölugildi,154.1
2025M02,Vísitala grunnlauna,Opinberir starfsmenn - alls,"Mánaðarbreyting, %",0.1
2025M02,Vísitala grunnlauna,Opinberir starfsmenn - alls,"Ársbreyting, %",5.8
2025M02,Vísitala grunnlauna,Opinberir starfsmenn - ríkisstarfsmenn,Vísitölugildi,149.9
2025M02,Vísitala grunnlauna,Opinberir starfsmenn - ríkisstarfsmenn,"Mánaðarbreyting, %",0.1
2025M02,Vísitala grunnlauna,Opinberir starfsmenn - ríkisstarfsmenn,"Ársbreyting, %",5.6
2025M02,Vísitala grunnlauna,Opinberir starfsmenn - starfsmenn sveitarfélaga,Vísitölugildi,158.9
2025M02,Vísitala grunnlauna,Opinberir starfsmenn - starfsmenn sveitarfélaga,"Mánaðarbreyting, %",0.1
2025M02,Vísitala grunnlauna,Opinberir starfsmenn - starfsmenn sveitarfélaga,"Ársbreyting, %",5.9
2025M03,Launavísitala,Alls,Vísitölugildi,158.6
2025M03,Launavísitala,Alls,"Mánaðarbreyting, %",0.4
2025M03,Launavísitala,Alls,"Ársbreyting, %",6.9
2025M03,Launavísitala,Starfsmenn á almennum vinnumarkaði,Vísitölugildi,158.3
2025M03,Launavísitala,Starfsmenn á almennum vinnumarkaði,"Mánaðarbreyting, %",0.1
2025M03,Launavísitala,Starfsmenn á almennum vinnumarkaði,"Ársbreyting, %",6.8
2025M03,Launavísitala,Opinberir starfsmenn - alls,Vísitölugildi,158.8
2025M03,Launavísitala,Opinberir starfsmenn - alls,"Mánaðarbreyting, %",1.1
2025M03,Launavísitala,Opinberir starfsmenn - alls,"Ársbreyting, %",7.7
2025M03,Launavísitala,Opinberir starfsmenn - ríkisstarfsmenn,Vísitölugildi,151.3
2025M03,Launavísitala,Opinberir starfsmenn - ríkisstarfsmenn,"Mánaðarbreyting, %",0.1
2025M03,Launavísitala,Opinberir starfsmenn - ríkisstarfsmenn,"Ársbreyting, %",6.3
2025M03,Launavísitala,Opinberir starfsmenn - starfsmenn sveitarfélaga,Vísitölugildi,167.7
2025M03,Launavísitala,Opinberir starfsmenn - starfsmenn sveitarfélaga,"Mánaðarbreyting, %",2.2
2025M03,Launavísitala,Opinberir starfsmenn - starfsmenn sveitarfélaga,"Ársbreyting, %",9.2
2025M03,Vísitala grunnlauna,Alls,Vísitölugildi,156.6
2025M03,Vísitala grunnlauna,Alls,"Mánaðarbreyting, %",0.6
2025M03,Vísitala grunnlauna,Alls,"Ársbreyting, %",6.9
2025M03,Vísitala grunnlauna,Starfsmenn á almennum vinnumarkaði,Vísitölugildi,156.7
2025M03,Vísitala grunnlauna,Starfsmenn á almennum vinnumarkaði,"Mánaðarbreyting, %",0.3
2025M03,Vísitala grunnlauna,Starfsmenn á almennum vinnumarkaði,"Ársbreyting, %",7.1
2025M03,Vísitala grunnlauna,Opinberir starfsmenn - alls,Vísitölugildi,156.8
2025M03,Vísitala grunnlauna,Opinberir starfsmenn - alls,"Mánaðarbreyting, %",1.7
2025M03,Vísitala grunnlauna,Opinberir starfsmenn - alls,"Ársbreyting, %",7.4
2025M03,Vísitala grunnlauna,Opinberir starfsmenn - ríkisstarfsmenn,Vísitölugildi,150.8
2025M03,Vísitala grunnlauna,Opinberir starfsmenn - ríkisstarfsmenn,"Mánaðarbreyting, %",0.6
2025M03,Vísitala grunnlauna,Opinberir starfsmenn - ríkisstarfsmenn,"Ársbreyting, %",6
2025M03,Vísitala grunnlauna,Opinberir starfsmenn - starfsmenn sveitarfélaga,Vísitölugildi,163.7
2025M03,Vísitala grunnlauna,Opinberir starfsmenn - starfsmenn sveitarfélaga,"Mánaðarbreyting, %",3
2025M03,Vísitala grunnlauna,Opinberir starfsmenn - starfsmenn sveitarfélaga,"Ársbreyting, %",9
2025M04,Launavísitala,Alls,Vísitölugildi,161.4
2025M04,Launavísitala,Alls,"Mánaðarbreyting, %",1.8
2025M04,Launavísitala,Alls,"Ársbreyting, %",8.2
2025M04,Launavísitala,Starfsmenn á almennum vinnumarkaði,Vísitölugildi,159.2
2025M04,Launavísitala,Starfsmenn á almennum vinnumarkaði,"Mánaðarbreyting, %",0.6
2025M04,Launavísitala,Starfsmenn á almennum vinnumarkaði,"Ársbreyting, %",6.8
2025M04,Launavísitala,Opinberir starfsmenn - alls,Vísitölugildi,166.5
2025M04,Launavísitala,Opinberir starfsmenn - alls,"Mánaðarbreyting, %",4.8
2025M04,Launavísitala,Opinberir starfsmenn - alls,"Ársbreyting, %",11.8
2025M04,Launavísitala,Opinberir starfsmenn - ríkisstarfsmenn,Vísitölugildi,158.8
2025M04,Launavísitala,Opinberir starfsmenn - ríkisstarfsmenn,"Mánaðarbreyting, %",5
2025M04,Launavísitala,Opinberir starfsmenn - ríkisstarfsmenn,"Ársbreyting, %",10.3
2025M04,Launavísitala,Opinberir starfsmenn - starfsmenn sveitarfélaga,Vísitölugildi,175.5
2025M04,Launavísitala,Opinberir starfsmenn - starfsmenn sveitarfélaga,"Mánaðarbreyting, %",4.6
2025M04,Launavísitala,Opinberir starfsmenn - starfsmenn sveitarfélaga,"Ársbreyting, %",13.4
2025M04,Vísitala grunnlauna,Alls,Vísitölugildi,158.8
2025M04,Vísitala grunnlauna,Alls,"Mánaðarbreyting, %",1.4
2025M04,Vísitala grunnlauna,Alls,"Ársbreyting, %",8.3
2025M04,Vísitala grunnlauna,Starfsmenn á almennum vinnumarkaði,Vísitölugildi,157.1
2025M04,Vísitala grunnlauna,Starfsmenn á almennum vinnumarkaði,"Mánaðarbreyting, %",0.3
2025M04,Vísitala grunnlauna,Starfsmenn á almennum vinnumarkaði,"Ársbreyting, %",7
2025M04,Vísitala grunnlauna,Opinberir starfsmenn - alls,Vísitölugildi,163.7
2025M04,Vísitala grunnlauna,Opinberir starfsmenn - alls,"Mánaðarbreyting, %",4.4
2025M04,Vísitala grunnlauna,Opinberir starfsmenn - alls,"Ársbreyting, %",12.1
2025M04,Vísitala grunnlauna,Opinberir starfsmenn - ríkisstarfsmenn,Vísitölugildi,157.9
2025M04,Vísitala grunnlauna,Opinberir starfsmenn - ríkisstarfsmenn,"Mánaðarbreyting, %",4.7
2025M04,Vísitala grunnlauna,Opinberir starfsmenn - ríkisstarfsmenn,"Ársbreyting, %",10.9
2025M04,Vísitala grunnlauna,Opinberir starfsmenn - starfsmenn sveitarfélaga,Vísitölugildi,170.4
2025M04,Vísitala grunnlauna,Opinberir starfsmenn - starfsmenn sveitarfélaga,"Mánaðarbreyting, %",4.1
2025M04,Vísitala grunnlauna,Opinberir starfsmenn - starfsmenn sveitarfélaga,"Ársbreyting, %",13.4
2025M05,Launavísitala,Alls,Vísitölugildi,161.7
2025M05,Launavísitala,Alls,"Mánaðarbreyting, %",0.2
2025M05,Launavísitala,Alls,"Ársbreyting, %",8.3
2025M05,Launavísitala,Starfsmenn á almennum vinnumarkaði,Vísitölugildi,159.4
2025M05,Launavísitala,Starfsmenn á almennum vinnumarkaði,"Mánaðarbreyting, %",0.1
2025M05,Launavísitala,Starfsmenn á almennum vinnumarkaði,"Ársbreyting, %",6.5
2025M05,Launavísitala,Opinberir starfsmenn - alls,Vísitölugildi,167.7
2025M05,Launavísitala,Opinberir starfsmenn - alls,"Mánaðarbreyting, %",0.7
2025M05,Launavísitala,Opinberir starfsmenn - alls,"Ársbreyting, %",13.1
2025M05,Launavísitala,Opinberir starfsmenn - ríkisstarfsmenn,Vísitölugildi,160.3
2025M05,Launavísitala,Opinberir starfsmenn - ríkisstarfsmenn,"Mánaðarbreyting, %",0.9
2025M05,Launavísitala,Opinberir starfsmenn - ríkisstarfsmenn,"Ársbreyting, %",12
2025M05,Launavísitala,Opinberir starfsmenn - starfsmenn sveitarfélaga,Vísitölugildi,176.3
2025M05,Launavísitala,Opinberir starfsmenn - starfsmenn sveitarfélaga,"Mánaðarbreyting, %",0.5
2025M05,Launavísitala,Opinberir starfsmenn - starfsmenn sveitarfélaga,"Ársbreyting, %",14.3
2025M05,Vísitala grunnlauna,Alls,Vísitölugildi,159.3
2025M05,Vísitala grunnlauna,Alls,"Mánaðarbreyting, %",0.3
2025M05,Vísitala grunnlauna,Alls,"Ársbreyting, %",8.3
2025M05,Vísitala grunnlauna,Starfsmenn á almennum vinnumarkaði,Vísitölugildi,157.5
2025M05,Vísitala grunnlauna,Starfsmenn á almennum vinnumarkaði,"Mánaðarbreyting, %",0.2
2025M05,Vísitala grunnlauna,Starfsmenn á almennum vinnumarkaði,"Ársbreyting, %",6.7
2025M05,Vísitala grunnlauna,Opinberir starfsmenn - alls,Vísitölugildi,164.3
2025M05,Vísitala grunnlauna,Opinberir starfsmenn - alls,"Mánaðarbreyting, %",0.3
2025M05,Vísitala grunnlauna,Opinberir starfsmenn - alls,"Ársbreyting, %",12.3
2025M05,Vísitala grunnlauna,Opinberir starfsmenn - ríkisstarfsmenn,Vísitölugildi,158.7
2025M05,Vísitala grunnlauna,Opinberir starfsmenn - ríkisstarfsmenn,"Mánaðarbreyting, %",0.6
2025M05,Vísitala grunnlauna,Opinberir starfsmenn - ríkisstarfsmenn,"Ársbreyting, %",11.3
2025M05,Vísitala grunnlauna,Opinberir starfsmenn - starfsmenn sveitarfélaga,Vísitölugildi,170.6
2025M05,Vísitala grunnlauna,Opinberir starfsmenn - starfsmenn sveitarfélaga,"Mánaðarbreyting, %",0.1
2025M05,Vísitala grunnlauna,Opinberir starfsmenn - starfsmenn sveitarfélaga,"Ársbreyting, %",13.4
2025M06,Launavísitala,Alls,Vísitölugildi,162.3
2025M06,Launavísitala,Alls,"Mánaðarbreyting, %",0.4
2025M06,Launavísitala,Alls,"Ársbreyting, %",8.2
2025M06,Launavísitala,Starfsmenn á almennum vinnumarkaði,Vísitölugildi,160.3
2025M06,Launavísitala,Starfsmenn á almennum vinnumarkaði,"Mánaðarbreyting, %",0.5
2025M06,Launavísitala,Starfsmenn á almennum vinnumarkaði,"Ársbreyting, %",6.7
2025M06,Launavísitala,Opinberir starfsmenn - alls,Vísitölugildi,167.5
2025M06,Launavísitala,Opinberir starfsmenn - alls,"Mánaðarbreyting, %",-0.1
2025M06,Launavísitala,Opinberir starfsmenn - alls,"Ársbreyting, %",12.3
2025M06,Launavísitala,Opinberir starfsmenn - ríkisstarfsmenn,Vísitölugildi,160.2
2025M06,Launavísitala,Opinberir starfsmenn - ríkisstarfsmenn,"Mánaðarbreyting, %",-0.1
2025M06,Launavísitala,Opinberir starfsmenn - ríkisstarfsmenn,"Ársbreyting, %",10.9
2025M06,Launavísitala,Opinberir starfsmenn - starfsmenn sveitarfélaga,Vísitölugildi,176
2025M06,Launavísitala,Opinberir starfsmenn - starfsmenn sveitarfélaga,"Mánaðarbreyting, %",-0.2
2025M06,Launavísitala,Opinberir starfsmenn - starfsmenn sveitarfélaga,"Ársbreyting, %",13.8
2025M06,Vísitala grunnlauna,Alls,Vísitölugildi,160
2025M06,Vísitala grunnlauna,Alls,"Mánaðarbreyting, %",0.5
2025M06,Vísitala grunnlauna,Alls,"Ársbreyting, %",8
2025M06,Vísitala grunnlauna,Starfsmenn á almennum vinnumarkaði,Vísitölugildi,158.4
2025M06,Vísitala grunnlauna,Starfsmenn á almennum vinnumarkaði,"Mánaðarbreyting, %",0.6
2025M06,Vísitala grunnlauna,Starfsmenn á almennum vinnumarkaði,"Ársbreyting, %",6.7
2025M06,Vísitala grunnlauna,Opinberir starfsmenn - alls,Vísitölugildi,164.7
2025M06,Vísitala grunnlauna,Opinberir starfsmenn - alls,"Mánaðarbreyting, %",0.3
2025M06,Vísitala grunnlauna,Opinberir starfsmenn - alls,"Ársbreyting, %",11.8
2025M06,Vísitala grunnlauna,Opinberir starfsmenn - ríkisstarfsmenn,Vísitölugildi,159.3
2025M06,Vísitala grunnlauna,Opinberir starfsmenn - ríkisstarfsmenn,"Mánaðarbreyting, %",0.4
2025M06,Vísitala grunnlauna,Opinberir starfsmenn - ríkisstarfsmenn,"Ársbreyting, %",10.7
2025M06,Vísitala grunnlauna,Opinberir starfsmenn - starfsmenn sveitarfélaga,Vísitölugildi,170.9
2025M06,Vísitala grunnlauna,Opinberir starfsmenn - starfsmenn sveitarfélaga,"Mánaðarbreyting, %",0.2
2025M06,Vísitala grunnlauna,Opinberir starfsmenn - starfsmenn sveitarfélaga,"Ársbreyting, %",13
2025M07,Launavísitala,Alls,Vísitölugildi,162
2025M07,Launavísitala,Alls,"Mánaðarbreyting, %",-0.2
2025M07,Launavísitala,Alls,"Ársbreyting, %",7.6
2025M07,Launavísitala,Starfsmenn á almennum vinnumarkaði,Vísitölugildi,160.2
2025M07,Launavísitala,Starfsmenn á almennum vinnumarkaði,"Mánaðarbreyting, %",-0.1
2025M07,Launavísitala,Starfsmenn á almennum vinnumarkaði,"Ársbreyting, %",6.4
2025M07,Launavísitala,Opinberir starfsmenn - alls,Vísitölugildi,166.3
2025M07,Launavísitala,Opinberir starfsmenn - alls,"Mánaðarbreyting, %",-0.7
2025M07,Launavísitala,Opinberir starfsmenn - alls,"Ársbreyting, %",11
2025M07,Launavísitala,Opinberir starfsmenn - ríkisstarfsmenn,Vísitölugildi,159.3
2025M07,Launavísitala,Opinberir starfsmenn - ríkisstarfsmenn,"Mánaðarbreyting, %",-0.5
2025M07,Launavísitala,Opinberir starfsmenn - ríkisstarfsmenn,"Ársbreyting, %",10.4
2025M07,Launavísitala,Opinberir starfsmenn - starfsmenn sveitarfélaga,Vísitölugildi,174.5
2025M07,Launavísitala,Opinberir starfsmenn - starfsmenn sveitarfélaga,"Mánaðarbreyting, %",-0.8
2025M07,Launavísitala,Opinberir starfsmenn - starfsmenn sveitarfélaga,"Ársbreyting, %",11.6
2025M07,Vísitala grunnlauna,Alls,Vísitölugildi,160.4
2025M07,Vísitala grunnlauna,Alls,"Mánaðarbreyting, %",0.2
2025M07,Vísitala grunnlauna,Alls,"Ársbreyting, %",7.7
2025M07,Vísitala grunnlauna,Starfsmenn á almennum vinnumarkaði,Vísitölugildi,158.7
2025M07,Vísitala grunnlauna,Starfsmenn á almennum vinnumarkaði,"Mánaðarbreyting, %",0.2
2025M07,Vísitala grunnlauna,Starfsmenn á almennum vinnumarkaði,"Ársbreyting, %",6.6
2025M07,Vísitala grunnlauna,Opinberir starfsmenn - alls,Vísitölugildi,165.1
2025M07,Vísitala grunnlauna,Opinberir starfsmenn - alls,"Mánaðarbreyting, %",0.2
2025M07,Vísitala grunnlauna,Opinberir starfsmenn - alls,"Ársbreyting, %",10.8
2025M07,Vísitala grunnlauna,Opinberir starfsmenn - ríkisstarfsmenn,Vísitölugildi,160
2025M07,Vísitala grunnlauna,Opinberir starfsmenn - ríkisstarfsmenn,"Mánaðarbreyting, %",0.4
2025M07,Vísitala grunnlauna,Opinberir starfsmenn - ríkisstarfsmenn,"Ársbreyting, %",10.2
2025M07,Vísitala grunnlauna,Opinberir starfsmenn - starfsmenn sveitarfélaga,Vísitölugildi,171
2025M07,Vísitala grunnlauna,Opinberir starfsmenn - starfsmenn sveitarfélaga,"Mánaðarbreyting, %",0.1
2025M07,Vísitala grunnlauna,Opinberir starfsmenn - starfsmenn sveitarfélaga,"Ársbreyting, %",11.3
2025M08,Launavísitala,Alls,Vísitölugildi,162.2
2025M08,Launavísitala,Alls,"Mánaðarbreyting, %",0.1
2025M08,Launavísitala,Alls,"Ársbreyting, %",7.7
2025M08,Launavísitala,Starfsmenn á almennum vinnumarkaði,Vísitölugildi,160.3
2025M08,Launavísitala,Starfsmenn á almennum vinnumarkaði,"Mánaðarbreyting, %",0.1
2025M08,Launavísitala,Starfsmenn á almennum vinnumarkaði,"Ársbreyting, %",6.4
2025M08,Launavísitala,Opinberir starfsmenn - alls,Vísitölugildi,166.5
2025M08,Launavísitala,Opinberir starfsmenn - alls,"Mánaðarbreyting, %",0.1
2025M08,Launavísitala,Opinberir starfsmenn - alls,"Ársbreyting, %",11.2
2025M08,Launavísitala,Opinberir starfsmenn - ríkisstarfsmenn,Vísitölugildi,159.4
2025M08,Launavísitala,Opinberir starfsmenn - ríkisstarfsmenn,"Mánaðarbreyting, %",0.1
2025M08,Launavísitala,Opinberir starfsmenn - ríkisstarfsmenn,"Ársbreyting, %",10.6
2025M08,Launavísitala,Opinberir starfsmenn - starfsmenn sveitarfélaga,Vísitölugildi,174.7
2025M08,Launavísitala,Opinberir starfsmenn - starfsmenn sveitarfélaga,"Mánaðarbreyting, %",0.1
2025M08,Launavísitala,Opinberir starfsmenn - starfsmenn sveitarfélaga,"Ársbreyting, %",11.8
2025M08,Vísitala grunnlauna,Alls,Vísitölugildi,160.7
2025M08,Vísitala grunnlauna,Alls,"Mánaðarbreyting, %",0.2
2025M08,Vísitala grunnlauna,Alls,"Ársbreyting, %",7.7
2025M08,Vísitala grunnlauna,Starfsmenn á almennum vinnumarkaði,Vísitölugildi,158.9
2025M08,Vísitala grunnlauna,Starfsmenn á almennum vinnumarkaði,"Mánaðarbreyting, %",0.1
2025M08,Vísitala grunnlauna,Starfsmenn á almennum vinnumarkaði,"Ársbreyting, %",6.6
2025M08,Vísitala grunnlauna,Opinberir starfsmenn - alls,Vísitölugildi,165.4
2025M08,Vísitala grunnlauna,Opinberir starfsmenn - alls,"Mánaðarbreyting, %",0.2
2025M08,Vísitala grunnlauna,Opinberir starfsmenn - alls,"Ársbreyting, %",10.7
2025M08,Vísitala grunnlauna,Opinberir starfsmenn - ríkisstarfsmenn,Vísitölugildi,160.3
2025M08,Vísitala grunnlauna,Opinberir starfsmenn - ríkisstarfsmenn,"Mánaðarbreyting, %",0.2
2025M08,Vísitala grunnlauna,Opinberir starfsmenn - ríkisstarfsmenn,"Ársbreyting, %",10.3
2025M08,Vísitala grunnlauna,Opinberir starfsmenn - starfsmenn sveitarfélaga,Vísitölugildi,171.3
2025M08,Vísitala grunnlauna,Opinberir starfsmenn - starfsmenn sveitarfélaga,"Mánaðarbreyting, %",0.2
2025M08,Vísitala grunnlauna,Opinberir starfsmenn - starfsmenn sveitarfélaga,"Ársbreyting, %",11.1
2025M09,Launavísitala,Alls,Vísitölugildi,163.5
2025M09,Launavísitala,Alls,"Mánaðarbreyting, %",0.8
2025M09,Launavísitala,Alls,"Ársbreyting, %",7.8
2025M09,Launavísitala,Starfsmenn á almennum vinnumarkaði,Vísitölugildi,161.3
2025M09,Launavísitala,Starfsmenn á almennum vinnumarkaði,"Mánaðarbreyting, %",0.7
2025M09,Launavísitala,Starfsmenn á almennum vinnumarkaði,"Ársbreyting, %",6.5
2025M09,Launavísitala,Opinberir starfsmenn - alls,Vísitölugildi,169.3
2025M09,Launavísitala,Opinberir starfsmenn - alls,"Mánaðarbreyting, %",1.7
2025M09,Launavísitala,Opinberir starfsmenn - alls,"Ársbreyting, %",11.4
2025M09,Launavísitala,Opinberir starfsmenn - ríkisstarfsmenn,Vísitölugildi,162.9
2025M09,Launavísitala,Opinberir starfsmenn - ríkisstarfsmenn,"Mánaðarbreyting, %",2.2
2025M09,Launavísitala,Opinberir starfsmenn - ríkisstarfsmenn,"Ársbreyting, %",11.3
2025M09,Launavísitala,Opinberir starfsmenn - starfsmenn sveitarfélaga,Vísitölugildi,176.6
2025M09,Launavísitala,Opinberir starfsmenn - starfsmenn sveitarfélaga,"Mánaðarbreyting, %",1.1
2025M09,Launavísitala,Opinberir starfsmenn - starfsmenn sveitarfélaga,"Ársbreyting, %",11.6
2025M09,Vísitala grunnlauna,Alls,Vísitölugildi,161.3
2025M09,Vísitala grunnlauna,Alls,"Mánaðarbreyting, %",0.4
2025M09,Vísitala grunnlauna,Alls,"Ársbreyting, %",7.8
2025M09,Vísitala grunnlauna,Starfsmenn á almennum vinnumarkaði,Vísitölugildi,159.4
2025M09,Vísitala grunnlauna,Starfsmenn á almennum vinnumarkaði,"Mánaðarbreyting, %",0.3
2025M09,Vísitala grunnlauna,Starfsmenn á almennum vinnumarkaði,"Ársbreyting, %",6.6
2025M09,Vísitala grunnlauna,Opinberir starfsmenn - alls,Vísitölugildi,166.5
2025M09,Vísitala grunnlauna,Opinberir starfsmenn - alls,"Mánaðarbreyting, %",0.7
2025M09,Vísitala grunnlauna,Opinberir starfsmenn - alls,"Ársbreyting, %",11
2025M09,Vísitala grunnlauna,Opinberir starfsmenn - ríkisstarfsmenn,Vísitölugildi,162.1
2025M09,Vísitala grunnlauna,Opinberir starfsmenn - ríkisstarfsmenn,"Mánaðarbreyting, %",1.1
2025M09,Vísitala grunnlauna,Opinberir starfsmenn - ríkisstarfsmenn,"Ársbreyting, %",11
2025M09,Vísitala grunnlauna,Opinberir starfsmenn - starfsmenn sveitarfélaga,Vísitölugildi,171.6
2025M09,Vísitala grunnlauna,Opinberir starfsmenn - starfsmenn sveitarfélaga,"Mánaðarbreyting, %",0.2
2025M09,Vísitala grunnlauna,Opinberir starfsmenn - starfsmenn sveitarfélaga,"Ársbreyting, %",11
2025M10,Launavísitala,Alls,Vísitölugildi,163.7
2025M10,Launavísitala,Alls,"Mánaðarbreyting, %",0.2
2025M10,Launavísitala,Alls,"Ársbreyting, %",7.7
2025M10,Launavísitala,Starfsmenn á almennum vinnumarkaði,Vísitölugildi,161.3
2025M10,Launavísitala,Starfsmenn á almennum vinnumarkaði,"Mánaðarbreyting, %",0
2025M10,Launavísitala,Starfsmenn á almennum vinnumarkaði,"Ársbreyting, %",6.3
2025M10,Launavísitala,Opinberir starfsmenn - alls,Vísitölugildi,170.1
2025M10,Launavísitala,Opinberir starfsmenn - alls,"Mánaðarbreyting, %",0.5
2025M10,Launavísitala,Opinberir starfsmenn - alls,"Ársbreyting, %",11.5
2025M10,Launavísitala,Opinberir starfsmenn - ríkisstarfsmenn,Vísitölugildi,164
2025M10,Launavísitala,Opinberir starfsmenn - ríkisstarfsmenn,"Mánaðarbreyting, %",0.6
2025M10,Launavísitala,Opinberir starfsmenn - ríkisstarfsmenn,"Ársbreyting, %",11.7
2025M10,Launavísitala,Opinberir starfsmenn - starfsmenn sveitarfélaga,Vísitölugildi,177.2
2025M10,Launavísitala,Opinberir starfsmenn - starfsmenn sveitarfélaga,"Mánaðarbreyting, %",0.3
2025M10,Launavísitala,Opinberir starfsmenn - starfsmenn sveitarfélaga,"Ársbreyting, %",11.3
2025M10,Vísitala grunnlauna,Alls,Vísitölugildi,161.5
2025M10,Vísitala grunnlauna,Alls,"Mánaðarbreyting, %",0.1
2025M10,Vísitala grunnlauna,Alls,"Ársbreyting, %",7.7
2025M10,Vísitala grunnlauna,Starfsmenn á almennum vinnumarkaði,Vísitölugildi,159.7
2025M10,Vísitala grunnlauna,Starfsmenn á almennum vinnumarkaði,"Mánaðarbreyting, %",0.2
2025M10,Vísitala grunnlauna,Starfsmenn á almennum vinnumarkaði,"Ársbreyting, %",6.5
2025M10,Vísitala grunnlauna,Opinberir starfsmenn - alls,Vísitölugildi,166.8
2025M10,Vísitala grunnlauna,Opinberir starfsmenn - alls,"Mánaðarbreyting, %",0.1
2025M10,Vísitala grunnlauna,Opinberir starfsmenn - alls,"Ársbreyting, %",10.9
2025M10,Vísitala grunnlauna,Opinberir starfsmenn - ríkisstarfsmenn,Vísitölugildi,162.4
2025M10,Vísitala grunnlauna,Opinberir starfsmenn - ríkisstarfsmenn,"Mánaðarbreyting, %",0.2
2025M10,Vísitala grunnlauna,Opinberir starfsmenn - ríkisstarfsmenn,"Ársbreyting, %",11
2025M10,Vísitala grunnlauna,Opinberir starfsmenn - starfsmenn sveitarfélaga,Vísitölugildi,171.7
2025M10,Vísitala grunnlauna,Opinberir starfsmenn - starfsmenn sveitarfélaga,"Mánaðarbreyting, %",0.1
2025M10,Vísitala grunnlauna,Opinberir starfsmenn - starfsmenn sveitarfélaga,"Ársbreyting, %",10.7
2025M11,Launavísitala,Alls,Vísitölugildi,164
2025M11,Launavísitala,Alls,"Mánaðarbreyting, %",0.2
2025M11,Launavísitala,Alls,"Ársbreyting, %",7.5
2025M11,Launavísitala,Starfsmenn á almennum vinnumarkaði,Vísitölugildi,161.6
2025M11,Launavísitala,Starfsmenn á almennum vinnumarkaði,"Mánaðarbreyting, %",0.2
2025M11,Launavísitala,Starfsmenn á almennum vinnumarkaði,"Ársbreyting, %",6.3
2025M11,Launavísitala,Opinberir starfsmenn - alls,Vísitölugildi,170.6
2025M11,Launavísitala,Opinberir starfsmenn - alls,"Mánaðarbreyting, %",0.3
2025M11,Launavísitala,Opinberir starfsmenn - alls,"Ársbreyting, %",11
2025M11,Launavísitala,Opinberir starfsmenn - ríkisstarfsmenn,Vísitölugildi,164.4
2025M11,Launavísitala,Opinberir starfsmenn - ríkisstarfsmenn,"Mánaðarbreyting, %",0.3
2025M11,Launavísitala,Opinberir starfsmenn - ríkisstarfsmenn,"Ársbreyting, %",11.3
2025M11,Launavísitala,Opinberir starfsmenn - starfsmenn sveitarfélaga,Vísitölugildi,177.9
2025M11,Launavísitala,Opinberir starfsmenn - starfsmenn sveitarfélaga,"Mánaðarbreyting, %",0.4
2025M11,Launavísitala,Opinberir starfsmenn - starfsmenn sveitarfélaga,"Ársbreyting, %",10.8
2025M11,Vísitala grunnlauna,Alls,Vísitölugildi,161.8
2025M11,Vísitala grunnlauna,Alls,"Mánaðarbreyting, %",0.2
2025M11,Vísitala grunnlauna,Alls,"Ársbreyting, %",7.6
2025M11,Vísitala grunnlauna,Starfsmenn á almennum vinnumarkaði,Vísitölugildi,160
2025M11,Vísitala grunnlauna,Starfsmenn á almennum vinnumarkaði,"Mánaðarbreyting, %",0.2
2025M11,Vísitala grunnlauna,Starfsmenn á almennum vinnumarkaði,"Ársbreyting, %",6.5
2025M11,Vísitala grunnlauna,Opinberir starfsmenn - alls,Vísitölugildi,166.9
2025M11,Vísitala grunnlauna,Opinberir starfsmenn - alls,"Mánaðarbreyting, %",0.1
2025M11,Vísitala grunnlauna,Opinberir starfsmenn - alls,"Ársbreyting, %",10.6
2025M11,Vísitala grunnlauna,Opinberir starfsmenn - ríkisstarfsmenn,Vísitölugildi,162.6
2025M11,Vísitala grunnlauna,Opinberir starfsmenn - ríkisstarfsmenn,"Mánaðarbreyting, %",0.1
2025M11,Vísitala grunnlauna,Opinberir starfsmenn - ríkisstarfsmenn,"Ársbreyting, %",10.8
2025M11,Vísitala grunnlauna,Opinberir starfsmenn - starfsmenn sveitarfélaga,Vísitölugildi,171.9
2025M11,Vísitala grunnlauna,Opinberir starfsmenn - starfsmenn sveitarfélaga,"Mánaðarbreyting, %",0.1
2025M11,Vísitala grunnlauna,Opinberir starfsmenn - starfsmenn sveitarfélaga,"Ársbreyting, %",10.3
2025M12,Launavísitala,Alls,Vísitölugildi,164
2025M12,Launavísitala,Alls,"Mánaðarbreyting, %",0
2025M12,Launavísitala,Alls,"Ársbreyting, %",7
2025M12,Launavísitala,Starfsmenn á almennum vinnumarkaði,Vísitölugildi,161.5
2025M12,Launavísitala,Starfsmenn á almennum vinnumarkaði,"Mánaðarbreyting, %",0
2025M12,Launavísitala,Starfsmenn á almennum vinnumarkaði,"Ársbreyting, %",6.1
2025M12,Launavísitala,Opinberir starfsmenn - alls,Vísitölugildi,170.6
2025M12,Launavísitala,Opinberir starfsmenn - alls,"Mánaðarbreyting, %",0
2025M12,Launavísitala,Opinberir starfsmenn - alls,"Ársbreyting, %",9.3
2025M12,Launavísitala,Opinberir starfsmenn - ríkisstarfsmenn,Vísitölugildi,164.4
2025M12,Launavísitala,Opinberir starfsmenn - ríkisstarfsmenn,"Mánaðarbreyting, %",0
2025M12,Launavísitala,Opinberir starfsmenn - ríkisstarfsmenn,"Ársbreyting, %",9.4
2025M12,Launavísitala,Opinberir starfsmenn - starfsmenn sveitarfélaga,Vísitölugildi,177.9
2025M12,Launavísitala,Opinberir starfsmenn - starfsmenn sveitarfélaga,"Mánaðarbreyting, %",0
2025M12,Launavísitala,Opinberir starfsmenn - starfsmenn sveitarfélaga,"Ársbreyting, %",9.2
2025M12,Vísitala grunnlauna,Alls,Vísitölugildi,161.9
2025M12,Vísitala grunnlauna,Alls,"Mánaðarbreyting, %",0.1
2025M12,Vísitala grunnlauna,Alls,"Ársbreyting, %",7.2
2025M12,Vísitala grunnlauna,Starfsmenn á almennum vinnumarkaði,Vísitölugildi,160.1
2025M12,Vísitala grunnlauna,Starfsmenn á almennum vinnumarkaði,"Mánaðarbreyting, %",0.1
2025M12,Vísitala grunnlauna,Starfsmenn á almennum vinnumarkaði,"Ársbreyting, %",6.5
2025M12,Vísitala grunnlauna,Opinberir starfsmenn - alls,Vísitölugildi,167.1
2025M12,Vísitala grunnlauna,Opinberir starfsmenn - alls,"Mánaðarbreyting, %",0.1
2025M12,Vísitala grunnlauna,Opinberir starfsmenn - alls,"Ársbreyting, %",9.1
2025M12,Vísitala grunnlauna,Opinberir starfsmenn - ríkisstarfsmenn,Vísitölugildi,162.7
2025M12,Vísitala grunnlauna,Opinberir starfsmenn - ríkisstarfsmenn,"Mánaðarbreyting, %",0.1
2025M12,Vísitala grunnlauna,Opinberir starfsmenn - ríkisstarfsmenn,"Ársbreyting, %",9.3
2025M12,Vísitala grunnlauna,Opinberir starfsmenn - starfsmenn sveitarfélaga,Vísitölugildi,172
2025M12,Vísitala grunnlauna,Opinberir starfsmenn - starfsmenn sveitarfélaga,"Mánaðarbreyting, %",0.1
2025M12,Vísitala grunnlauna,Opinberir starfsmenn - starfsmenn sveitarfélaga,"Ársbreyting, %",8.9
2026M01,Launavísitala,Alls,Vísitölugildi,169.6
2026M01,Launavísitala,Alls,"Mánaðarbreyting, %",3.4
2026M01,Launavísitala,Alls,"Ársbreyting, %",7.4
2026M01,Launavísitala,Starfsmenn á almennum vinnumarkaði,Vísitölugildi,167.8
2026M01,Launavísitala,Starfsmenn á almennum vinnumarkaði,"Mánaðarbreyting, %",3.9
2026M01,Launavísitala,Starfsmenn á almennum vinnumarkaði,"Ársbreyting, %",6.3
2026M01,Launavísitala,Opinberir starfsmenn - alls,Vísitölugildi,172.4
2026M01,Launavísitala,Opinberir starfsmenn - alls,"Mánaðarbreyting, %",1
2026M01,Launavísitala,Opinberir starfsmenn - alls,"Ársbreyting, %",9.1
2026M01,Launavísitala,Opinberir starfsmenn - ríkisstarfsmenn,Vísitölugildi,166.2
2026M01,Launavísitala,Opinberir starfsmenn - ríkisstarfsmenn,"Mánaðarbreyting, %",1.1
2026M01,Launavísitala,Opinberir starfsmenn - ríkisstarfsmenn,"Ársbreyting, %",9.4
2026M01,Launavísitala,Opinberir starfsmenn - starfsmenn sveitarfélaga,Vísitölugildi,179.5
2026M01,Launavísitala,Opinberir starfsmenn - starfsmenn sveitarfélaga,"Mánaðarbreyting, %",0.9
2026M01,Launavísitala,Opinberir starfsmenn - starfsmenn sveitarfélaga,"Ársbreyting, %",8.8
2026M01,Vísitala grunnlauna,Alls,Vísitölugildi,166.1
2026M01,Vísitala grunnlauna,Alls,"Mánaðarbreyting, %",2.6
2026M01,Vísitala grunnlauna,Alls,"Ársbreyting, %",7.1
2026M01,Vísitala grunnlauna,Starfsmenn á almennum vinnumarkaði,Vísitölugildi,165.7
2026M01,Vísitala grunnlauna,Starfsmenn á almennum vinnumarkaði,"Mánaðarbreyting, %",3.5
2026M01,Vísitala grunnlauna,Starfsmenn á almennum vinnumarkaði,"Ársbreyting, %",6.5
2026M01,Vísitala grunnlauna,Opinberir starfsmenn - alls,Vísitölugildi,167.3
2026M01,Vísitala grunnlauna,Opinberir starfsmenn - alls,"Mánaðarbreyting, %",0.1
2026M01,Vísitala grunnlauna,Opinberir starfsmenn - alls,"Ársbreyting, %",8.7
2026M01,Vísitala grunnlauna,Opinberir starfsmenn - ríkisstarfsmenn,Vísitölugildi,163
2026M01,Vísitala grunnlauna,Opinberir starfsmenn - ríkisstarfsmenn,"Mánaðarbreyting, %",0.1
2026M01,Vísitala grunnlauna,Opinberir starfsmenn - ríkisstarfsmenn,"Ársbreyting, %",8.9
2026M01,Vísitala grunnlauna,Opinberir starfsmenn - starfsmenn sveitarfélaga,Vísitölugildi,172.2
2026M01,Vísitala grunnlauna,Opinberir starfsmenn - starfsmenn sveitarfélaga,"Mánaðarbreyting, %",0.1
2026M01,Vísitala grunnlauna,Opinberir starfsmenn - starfsmenn sveitarfélaga,"Ársbreyting, %",8.5
2026M02,Launavísitala,Alls,Vísitölugildi,169.4
2026M02,Launavísitala,Alls,"Mánaðarbreyting, %",-0.1
2026M02,Launavísitala,Alls,"Ársbreyting, %",7.2
2026M02,Launavísitala,Starfsmenn á almennum vinnumarkaði,Vísitölugildi,168.1
2026M02,Launavísitala,Starfsmenn á almennum vinnumarkaði,"Mánaðarbreyting, %",0.2
2026M02,Launavísitala,Starfsmenn á almennum vinnumarkaði,"Ársbreyting, %",6.3
2026M02,Launavísitala,Opinberir starfsmenn - alls,Vísitölugildi,171.3
2026M02,Launavísitala,Opinberir starfsmenn - alls,"Mánaðarbreyting, %",-0.6
2026M02,Launavísitala,Opinberir starfsmenn - alls,"Ársbreyting, %",9.1
2026M02,Launavísitala,Opinberir starfsmenn - ríkisstarfsmenn,Vísitölugildi,165.1
2026M02,Launavísitala,Opinberir starfsmenn - ríkisstarfsmenn,"Mánaðarbreyting, %",-0.7
2026M02,Launavísitala,Opinberir starfsmenn - ríkisstarfsmenn,"Ársbreyting, %",9.2
2026M02,Launavísitala,Opinberir starfsmenn - starfsmenn sveitarfélaga,Vísitölugildi,178.6
2026M02,Launavísitala,Opinberir starfsmenn - starfsmenn sveitarfélaga,"Mánaðarbreyting, %",-0.5
2026M02,Launavísitala,Opinberir starfsmenn - starfsmenn sveitarfélaga,"Ársbreyting, %",8.9
2026M02,Vísitala grunnlauna,Alls,Vísitölugildi,166.7
2026M02,Vísitala grunnlauna,Alls,"Mánaðarbreyting, %",0.3
2026M02,Vísitala grunnlauna,Alls,"Ársbreyting, %",7.1
2026M02,Vísitala grunnlauna,Starfsmenn á almennum vinnumarkaði,Vísitölugildi,166.4
2026M02,Vísitala grunnlauna,Starfsmenn á almennum vinnumarkaði,"Mánaðarbreyting, %",0.4
2026M02,Vísitala grunnlauna,Starfsmenn á almennum vinnumarkaði,"Ársbreyting, %",6.4
2026M02,Vísitala grunnlauna,Opinberir starfsmenn - alls,Vísitölugildi,167.5
2026M02,Vísitala grunnlauna,Opinberir starfsmenn - alls,"Mánaðarbreyting, %",0.1
2026M02,Vísitala grunnlauna,Opinberir starfsmenn - alls,"Ársbreyting, %",8.7
2026M02,Vísitala grunnlauna,Opinberir starfsmenn - ríkisstarfsmenn,Vísitölugildi,163.2
2026M02,Vísitala grunnlauna,Opinberir starfsmenn - ríkisstarfsmenn,"Mánaðarbreyting, %",0.1
2026M02,Vísitala grunnlauna,Opinberir starfsmenn - ríkisstarfsmenn,"Ársbreyting, %",8.8
2026M02,Vísitala grunnlauna,Opinberir starfsmenn - starfsmenn sveitarfélaga,Vísitölugildi,172.4
2026M02,Vísitala grunnlauna,Opinberir starfsmenn - starfsmenn sveitarfélaga,"Mánaðarbreyting, %",0.1
2026M02,Vísitala grunnlauna,Opinberir starfsmenn - starfsmenn sveitarfélaga,"Ársbreyting, %",8.5
2026M03,Launavísitala,Alls,Vísitölugildi,169.3
2026M03,Launavísitala,Alls,"Mánaðarbreyting, %",-0.1
2026M03,Launavísitala,Alls,"Ársbreyting, %",6.8
2026M03,Launavísitala,Starfsmenn á almennum vinnumarkaði,Vísitölugildi,168.4
2026M03,Launavísitala,Starfsmenn á almennum vinnumarkaði,"Mánaðarbreyting, %",0.1
2026M03,Launavísitala,Starfsmenn á almennum vinnumarkaði,"Ársbreyting, %",6.3
2026M03,Launavísitala,Opinberir starfsmenn - alls,Vísitölugildi,170.6
2026M03,Launavísitala,Opinberir starfsmenn - alls,"Mánaðarbreyting, %",-0.4
2026M03,Launavísitala,Opinberir starfsmenn - alls,"Ársbreyting, %",7.4
2026M03,Launavísitala,Opinberir starfsmenn - ríkisstarfsmenn,Vísitölugildi,164.3
2026M03,Launavísitala,Opinberir starfsmenn - ríkisstarfsmenn,"Mánaðarbreyting, %",-0.5
2026M03,Launavísitala,Opinberir starfsmenn - ríkisstarfsmenn,"Ársbreyting, %",8.6
2026M03,Launavísitala,Opinberir starfsmenn - starfsmenn sveitarfélaga,Vísitölugildi,177.9
2026M03,Launavísitala,Opinberir starfsmenn - starfsmenn sveitarfélaga,"Mánaðarbreyting, %",-0.4
2026M03,Launavísitala,Opinberir starfsmenn - starfsmenn sveitarfélaga,"Ársbreyting, %",6.1
2026M03,Vísitala grunnlauna,Alls,Vísitölugildi,167
2026M03,Vísitala grunnlauna,Alls,"Mánaðarbreyting, %",0.2
2026M03,Vísitala grunnlauna,Alls,"Ársbreyting, %",6.6
2026M03,Vísitala grunnlauna,Starfsmenn á almennum vinnumarkaði,Vísitölugildi,166.7
2026M03,Vísitala grunnlauna,Starfsmenn á almennum vinnumarkaði,"Mánaðarbreyting, %",0.2
2026M03,Vísitala grunnlauna,Starfsmenn á almennum vinnumarkaði,"Ársbreyting, %",6.4
2026M03,Vísitala grunnlauna,Opinberir starfsmenn - alls,Vísitölugildi,167.6
2026M03,Vísitala grunnlauna,Opinberir starfsmenn - alls,"Mánaðarbreyting, %",0.1
2026M03,Vísitala grunnlauna,Opinberir starfsmenn - alls,"Ársbreyting, %",6.9
2026M03,Vísitala grunnlauna,Opinberir starfsmenn - ríkisstarfsmenn,Vísitölugildi,163.4
2026M03,Vísitala grunnlauna,Opinberir starfsmenn - ríkisstarfsmenn,"Mánaðarbreyting, %",0.1
2026M03,Vísitala grunnlauna,Opinberir starfsmenn - ríkisstarfsmenn,"Ársbreyting, %",8.3
2026M03,Vísitala grunnlauna,Opinberir starfsmenn - starfsmenn sveitarfélaga,Vísitölugildi,172.5
2026M03,Vísitala grunnlauna,Opinberir starfsmenn - starfsmenn sveitarfélaga,"Mánaðarbreyting, %",0.1
2026M03,Vísitala grunnlauna,Opinberir starfsmenn - starfsmenn sveitarfélaga,"Ársbreyting, %",5.4
2026M04,Launavísitala,Alls,Vísitölugildi,171.8
2026M04,Launavísitala,Alls,"Mánaðarbreyting, %",1.5
2026M04,Launavísitala,Alls,"Ársbreyting, %",6.4
2026M04,Launavísitala,Starfsmenn á almennum vinnumarkaði,Vísitölugildi,169.2
2026M04,Launavísitala,Starfsmenn á almennum vinnumarkaði,"Mánaðarbreyting, %",0.5
2026M04,Launavísitala,Starfsmenn á almennum vinnumarkaði,"Ársbreyting, %",6.3
2026M04,Launavísitala,Opinberir starfsmenn - alls,Vísitölugildi,178.5
2026M04,Launavísitala,Opinberir starfsmenn - alls,"Mánaðarbreyting, %",4.7
2026M04,Launavísitala,Opinberir starfsmenn - alls,"Ársbreyting, %",7.2
2026M04,Launavísitala,Opinberir starfsmenn - ríkisstarfsmenn,Vísitölugildi,172
2026M04,Launavísitala,Opinberir starfsmenn - ríkisstarfsmenn,"Mánaðarbreyting, %",4.7
2026M04,Launavísitala,Opinberir starfsmenn - ríkisstarfsmenn,"Ársbreyting, %",8.3
2026M04,Launavísitala,Opinberir starfsmenn - starfsmenn sveitarfélaga,Vísitölugildi,186.1
2026M04,Launavísitala,Opinberir starfsmenn - starfsmenn sveitarfélaga,"Mánaðarbreyting, %",4.6
2026M04,Launavísitala,Opinberir starfsmenn - starfsmenn sveitarfélaga,"Ársbreyting, %",6.1
2026M04,Vísitala grunnlauna,Alls,Vísitölugildi,168.8
2026M04,Vísitala grunnlauna,Alls,"Mánaðarbreyting, %",1.1
2026M04,Vísitala grunnlauna,Alls,"Ársbreyting, %",6.3
2026M04,Vísitala grunnlauna,Starfsmenn á almennum vinnumarkaði,Vísitölugildi,167
2026M04,Vísitala grunnlauna,Starfsmenn á almennum vinnumarkaði,"Mánaðarbreyting, %",0.2
2026M04,Vísitala grunnlauna,Starfsmenn á almennum vinnumarkaði,"Ársbreyting, %",6.3
2026M04,Vísitala grunnlauna,Opinberir starfsmenn - alls,Vísitölugildi,173.9
2026M04,Vísitala grunnlauna,Opinberir starfsmenn - alls,"Mánaðarbreyting, %",3.7
2026M04,Vísitala grunnlauna,Opinberir starfsmenn - alls,"Ársbreyting, %",6.2
2026M04,Vísitala grunnlauna,Opinberir starfsmenn - ríkisstarfsmenn,Vísitölugildi,169.2
2026M04,Vísitala grunnlauna,Opinberir starfsmenn - ríkisstarfsmenn,"Mánaðarbreyting, %",3.6
2026M04,Vísitala grunnlauna,Opinberir starfsmenn - ríkisstarfsmenn,"Ársbreyting, %",7.2
2026M04,Vísitala grunnlauna,Opinberir starfsmenn - starfsmenn sveitarfélaga,Vísitölugildi,179.2
2026M04,Vísitala grunnlauna,Opinberir starfsmenn - starfsmenn sveitarfélaga,"Mánaðarbreyting, %",3.9
2026M04,Vísitala grunnlauna,Opinberir starfsmenn - starfsmenn sveitarfélaga,"Ársbreyting, %",5.2
2026M05,Launavísitala,Alls,Vísitölugildi,171.3
2026M05,Launavísitala,Alls,"Mánaðarbreyting, %",-0.3
2026M05,Launavísitala,Alls,"Ársbreyting, %",5.9
2026M05,Launavísitala,Starfsmenn á almennum vinnumarkaði,Vísitölugildi,168.8
2026M05,Launavísitala,Starfsmenn á almennum vinnumarkaði,"Mánaðarbreyting, %",-0.3
2026M05,Launavísitala,Starfsmenn á almennum vinnumarkaði,"Ársbreyting, %",5.9
2026M05,Launavísitala,Opinberir starfsmenn - alls,Vísitölugildi,177.9
2026M05,Launavísitala,Opinberir starfsmenn - alls,"Mánaðarbreyting, %",-0.4
2026M05,Launavísitala,Opinberir starfsmenn - alls,"Ársbreyting, %",6.1
2026M05,Launavísitala,Opinberir starfsmenn - ríkisstarfsmenn,Vísitölugildi,171.3
2026M05,Launavísitala,Opinberir starfsmenn - ríkisstarfsmenn,"Mánaðarbreyting, %",-0.4
2026M05,Launavísitala,Opinberir starfsmenn - ríkisstarfsmenn,"Ársbreyting, %",6.8
2026M05,Launavísitala,Opinberir starfsmenn - starfsmenn sveitarfélaga,Vísitölugildi,185.5
2026M05,Launavísitala,Opinberir starfsmenn - starfsmenn sveitarfélaga,"Mánaðarbreyting, %",-0.3
2026M05,Launavísitala,Opinberir starfsmenn - starfsmenn sveitarfélaga,"Ársbreyting, %",5.2
2026M05,Vísitala grunnlauna,Alls,Vísitölugildi,169
2026M05,Vísitala grunnlauna,Alls,"Mánaðarbreyting, %",0.2
2026M05,Vísitala grunnlauna,Alls,"Ársbreyting, %",6.1
2026M05,Vísitala grunnlauna,Starfsmenn á almennum vinnumarkaði,Vísitölugildi,167.2
2026M05,Vísitala grunnlauna,Starfsmenn á almennum vinnumarkaði,"Mánaðarbreyting, %",0.1
2026M05,Vísitala grunnlauna,Starfsmenn á almennum vinnumarkaði,"Ársbreyting, %",6.2
2026M05,Vísitala grunnlauna,Opinberir starfsmenn - alls,Vísitölugildi,174
2026M05,Vísitala grunnlauna,Opinberir starfsmenn - alls,"Mánaðarbreyting, %",0.1
2026M05,Vísitala grunnlauna,Opinberir starfsmenn - alls,"Ársbreyting, %",5.9
2026M05,Vísitala grunnlauna,Opinberir starfsmenn - ríkisstarfsmenn,Vísitölugildi,169.4
2026M05,Vísitala grunnlauna,Opinberir starfsmenn - ríkisstarfsmenn,"Mánaðarbreyting, %",0.1
2026M05,Vísitala grunnlauna,Opinberir starfsmenn - ríkisstarfsmenn,"Ársbreyting, %",6.7
2026M05,Vísitala grunnlauna,Opinberir starfsmenn - starfsmenn sveitarfélaga,Vísitölugildi,179.3
2026M05,Vísitala grunnlauna,Opinberir starfsmenn - starfsmenn sveitarfélaga,"Mánaðarbreyting, %",0.1
2026M05,Vísitala grunnlauna,Opinberir starfsmenn - starfsmenn sveitarfélaga,"Ársbreyting, %",5.1
