Mánuður,Vísitala,Liður,gildi
1988M05,Vísitala neysluverðs,Vísitala,100
1988M05,Vísitala neysluverðs án húsnæðis,Vísitala,100
1988M06,Vísitala neysluverðs,Vísitala,103.4
1988M06,Vísitala neysluverðs,"Mánaðarbreyting, %",3.4
1988M06,Vísitala neysluverðs án húsnæðis,Vísitala,103.8
1988M06,Vísitala neysluverðs án húsnæðis,"Mánaðarbreyting, %",3.8
1988M07,Vísitala neysluverðs,Vísitala,107
1988M07,Vísitala neysluverðs,"Mánaðarbreyting, %",3.48
1988M07,Vísitala neysluverðs án húsnæðis,Vísitala,106.5
1988M07,Vísitala neysluverðs án húsnæðis,"Mánaðarbreyting, %",2.6
1988M08,Vísitala neysluverðs,Vísitala,109.3
1988M08,Vísitala neysluverðs,"Mánaðarbreyting, %",2.15
1988M08,Vísitala neysluverðs án húsnæðis,Vísitala,108.7
1988M08,Vísitala neysluverðs án húsnæðis,"Mánaðarbreyting, %",2.07
1988M09,Vísitala neysluverðs,Vísitala,110
1988M09,Vísitala neysluverðs,"Mánaðarbreyting, %",0.64
1988M09,Vísitala neysluverðs án húsnæðis,Vísitala,109.6
1988M09,Vísitala neysluverðs án húsnæðis,"Mánaðarbreyting, %",0.83
1988M10,Vísitala neysluverðs,Vísitala,110.4
1988M10,Vísitala neysluverðs,"Mánaðarbreyting, %",0.36
1988M10,Vísitala neysluverðs án húsnæðis,Vísitala,110.1
1988M10,Vísitala neysluverðs án húsnæðis,"Mánaðarbreyting, %",0.46
1988M11,Vísitala neysluverðs,Vísitala,110.5
1988M11,Vísitala neysluverðs,"Mánaðarbreyting, %",0.09
1988M11,Vísitala neysluverðs án húsnæðis,Vísitala,110.4
1988M11,Vísitala neysluverðs án húsnæðis,"Mánaðarbreyting, %",0.27
1988M12,Vísitala neysluverðs,Vísitala,110.7
1988M12,Vísitala neysluverðs,"Mánaðarbreyting, %",0.18
1988M12,Vísitala neysluverðs án húsnæðis,Vísitala,110.9
1988M12,Vísitala neysluverðs án húsnæðis,"Mánaðarbreyting, %",0.45
1989M01,Vísitala neysluverðs,Vísitala,112.6
1989M01,Vísitala neysluverðs,"Mánaðarbreyting, %",1.72
1989M01,Vísitala neysluverðs án húsnæðis,Vísitala,113.3
1989M01,Vísitala neysluverðs án húsnæðis,"Mánaðarbreyting, %",2.16
1989M02,Vísitala neysluverðs,Vísitala,114.2
1989M02,Vísitala neysluverðs,"Mánaðarbreyting, %",1.42
1989M02,Vísitala neysluverðs án húsnæðis,Vísitala,114.8
1989M02,Vísitala neysluverðs án húsnæðis,"Mánaðarbreyting, %",1.32
1989M03,Vísitala neysluverðs,Vísitala,117.4
1989M03,Vísitala neysluverðs,"Mánaðarbreyting, %",2.8
1989M03,Vísitala neysluverðs án húsnæðis,Vísitala,118.1
1989M03,Vísitala neysluverðs án húsnæðis,"Mánaðarbreyting, %",2.87
1989M04,Vísitala neysluverðs,Vísitala,119.9
1989M04,Vísitala neysluverðs,"Mánaðarbreyting, %",2.13
1989M04,Vísitala neysluverðs án húsnæðis,Vísitala,120.6
1989M04,Vísitala neysluverðs án húsnæðis,"Mánaðarbreyting, %",2.12
1989M05,Vísitala neysluverðs,Vísitala,122.3
1989M05,Vísitala neysluverðs,"Mánaðarbreyting, %",2
1989M05,Vísitala neysluverðs,"Ársbreyting, %",22.3
1989M05,Vísitala neysluverðs án húsnæðis,Vísitala,123.1
1989M05,Vísitala neysluverðs án húsnæðis,"Mánaðarbreyting, %",2.07
1989M05,Vísitala neysluverðs án húsnæðis,"Ársbreyting, %",23.1
1989M06,Vísitala neysluverðs,Vísitala,125.9
1989M06,Vísitala neysluverðs,"Mánaðarbreyting, %",2.94
1989M06,Vísitala neysluverðs,"Ársbreyting, %",21.8
1989M06,Vísitala neysluverðs án húsnæðis,Vísitala,126.9
1989M06,Vísitala neysluverðs án húsnæðis,"Mánaðarbreyting, %",3.09
1989M06,Vísitala neysluverðs án húsnæðis,"Ársbreyting, %",22.3
1989M07,Vísitala neysluverðs,Vísitala,126.8
1989M07,Vísitala neysluverðs,"Mánaðarbreyting, %",0.71
1989M07,Vísitala neysluverðs,"Ársbreyting, %",18.5
1989M07,Vísitala neysluverðs án húsnæðis,Vísitala,127.9
1989M07,Vísitala neysluverðs án húsnæðis,"Mánaðarbreyting, %",0.79
1989M07,Vísitala neysluverðs án húsnæðis,"Ársbreyting, %",20.1
1989M08,Vísitala neysluverðs,Vísitala,128.5
1989M08,Vísitala neysluverðs,"Mánaðarbreyting, %",1.34
1989M08,Vísitala neysluverðs,"Ársbreyting, %",17.6
1989M08,Vísitala neysluverðs án húsnæðis,Vísitala,130.1
1989M08,Vísitala neysluverðs án húsnæðis,"Mánaðarbreyting, %",1.72
1989M08,Vísitala neysluverðs án húsnæðis,"Ársbreyting, %",19.7
1989M09,Vísitala neysluverðs,Vísitala,131.1
1989M09,Vísitala neysluverðs,"Mánaðarbreyting, %",2.02
1989M09,Vísitala neysluverðs,"Ársbreyting, %",19.2
1989M09,Vísitala neysluverðs án húsnæðis,Vísitala,132.9
1989M09,Vísitala neysluverðs án húsnæðis,"Mánaðarbreyting, %",2.15
1989M09,Vísitala neysluverðs án húsnæðis,"Ársbreyting, %",21.3
1989M10,Vísitala neysluverðs,Vísitala,133.7
1989M10,Vísitala neysluverðs,"Mánaðarbreyting, %",1.98
1989M10,Vísitala neysluverðs,"Ársbreyting, %",21.1
1989M10,Vísitala neysluverðs án húsnæðis,Vísitala,135
1989M10,Vísitala neysluverðs án húsnæðis,"Mánaðarbreyting, %",1.58
1989M10,Vísitala neysluverðs án húsnæðis,"Ársbreyting, %",22.6
1989M11,Vísitala neysluverðs,Vísitala,135.7
1989M11,Vísitala neysluverðs,"Mánaðarbreyting, %",1.5
1989M11,Vísitala neysluverðs,"Ársbreyting, %",22.8
1989M11,Vísitala neysluverðs án húsnæðis,Vísitala,136.8
1989M11,Vísitala neysluverðs án húsnæðis,"Mánaðarbreyting, %",1.33
1989M11,Vísitala neysluverðs án húsnæðis,"Ársbreyting, %",23.9
1989M12,Vísitala neysluverðs,Vísitala,138.6
1989M12,Vísitala neysluverðs,"Mánaðarbreyting, %",2.14
1989M12,Vísitala neysluverðs,"Ársbreyting, %",25.2
1989M12,Vísitala neysluverðs án húsnæðis,Vísitala,139.8
1989M12,Vísitala neysluverðs án húsnæðis,"Mánaðarbreyting, %",2.19
1989M12,Vísitala neysluverðs án húsnæðis,"Ársbreyting, %",26.1
1990M01,Vísitala neysluverðs,Vísitala,139.3
1990M01,Vísitala neysluverðs,"Mánaðarbreyting, %",0.51
1990M01,Vísitala neysluverðs,"Ársbreyting, %",23.7
1990M01,Vísitala neysluverðs án húsnæðis,Vísitala,140.2
1990M01,Vísitala neysluverðs án húsnæðis,"Mánaðarbreyting, %",0.29
1990M01,Vísitala neysluverðs án húsnæðis,"Ársbreyting, %",23.7
1990M02,Vísitala neysluverðs,Vísitala,141.5
1990M02,Vísitala neysluverðs,"Mánaðarbreyting, %",1.58
1990M02,Vísitala neysluverðs,"Ársbreyting, %",23.9
1990M02,Vísitala neysluverðs án húsnæðis,Vísitala,141.8
1990M02,Vísitala neysluverðs án húsnæðis,"Mánaðarbreyting, %",1.14
1990M02,Vísitala neysluverðs án húsnæðis,"Ársbreyting, %",23.5
1990M03,Vísitala neysluverðs,Vísitala,142.7
1990M03,Vísitala neysluverðs,"Mánaðarbreyting, %",0.85
1990M03,Vísitala neysluverðs,"Ársbreyting, %",21.6
1990M03,Vísitala neysluverðs án húsnæðis,Vísitala,142.8
1990M03,Vísitala neysluverðs án húsnæðis,"Mánaðarbreyting, %",0.71
1990M03,Vísitala neysluverðs án húsnæðis,"Ársbreyting, %",20.9
1990M04,Vísitala neysluverðs,Vísitala,143.1
1990M04,Vísitala neysluverðs,"Mánaðarbreyting, %",0.28
1990M04,Vísitala neysluverðs,"Ársbreyting, %",19.3
1990M04,Vísitala neysluverðs án húsnæðis,Vísitala,143.4
1990M04,Vísitala neysluverðs án húsnæðis,"Mánaðarbreyting, %",0.42
1990M04,Vísitala neysluverðs án húsnæðis,"Ársbreyting, %",18.9
1990M05,Vísitala neysluverðs,Vísitala,144.4
1990M05,Vísitala neysluverðs,"Mánaðarbreyting, %",0.91
1990M05,Vísitala neysluverðs,"Ársbreyting, %",18.1
1990M05,Vísitala neysluverðs án húsnæðis,Vísitala,145
1990M05,Vísitala neysluverðs án húsnæðis,"Mánaðarbreyting, %",1.12
1990M05,Vísitala neysluverðs án húsnæðis,"Ársbreyting, %",17.8
1990M06,Vísitala neysluverðs,Vísitala,145.4
1990M06,Vísitala neysluverðs,"Mánaðarbreyting, %",0.69
1990M06,Vísitala neysluverðs,"Ársbreyting, %",15.5
1990M06,Vísitala neysluverðs án húsnæðis,Vísitala,146.1
1990M06,Vísitala neysluverðs án húsnæðis,"Mánaðarbreyting, %",0.76
1990M06,Vísitala neysluverðs án húsnæðis,"Ársbreyting, %",15.1
1990M07,Vísitala neysluverðs,Vísitala,146.4
1990M07,Vísitala neysluverðs,"Mánaðarbreyting, %",0.69
1990M07,Vísitala neysluverðs,"Ársbreyting, %",15.5
1990M07,Vísitala neysluverðs án húsnæðis,Vísitala,147.2
1990M07,Vísitala neysluverðs án húsnæðis,"Mánaðarbreyting, %",0.75
1990M07,Vísitala neysluverðs án húsnæðis,"Ársbreyting, %",15.1
1990M08,Vísitala neysluverðs,Vísitala,146.8
1990M08,Vísitala neysluverðs,"Mánaðarbreyting, %",0.27
1990M08,Vísitala neysluverðs,"Ársbreyting, %",14.2
1990M08,Vísitala neysluverðs án húsnæðis,Vísitala,148.4
1990M08,Vísitala neysluverðs án húsnæðis,"Mánaðarbreyting, %",0.82
1990M08,Vísitala neysluverðs án húsnæðis,"Ársbreyting, %",14.1
1990M09,Vísitala neysluverðs,Vísitala,146.8
1990M09,Vísitala neysluverðs,"Mánaðarbreyting, %",0
1990M09,Vísitala neysluverðs,"Ársbreyting, %",12
1990M09,Vísitala neysluverðs án húsnæðis,Vísitala,148.3
1990M09,Vísitala neysluverðs án húsnæðis,"Mánaðarbreyting, %",-0.07
1990M09,Vísitala neysluverðs án húsnæðis,"Ársbreyting, %",11.6
1990M10,Vísitala neysluverðs,Vísitala,147.2
1990M10,Vísitala neysluverðs,"Mánaðarbreyting, %",0.27
1990M10,Vísitala neysluverðs,"Ársbreyting, %",10.1
1990M10,Vísitala neysluverðs án húsnæðis,Vísitala,149
1990M10,Vísitala neysluverðs án húsnæðis,"Mánaðarbreyting, %",0.47
1990M10,Vísitala neysluverðs án húsnæðis,"Ársbreyting, %",10.4
1990M11,Vísitala neysluverðs,Vísitala,148.2
1990M11,Vísitala neysluverðs,"Mánaðarbreyting, %",0.68
1990M11,Vísitala neysluverðs,"Ársbreyting, %",9.2
1990M11,Vísitala neysluverðs án húsnæðis,Vísitala,150.3
1990M11,Vísitala neysluverðs án húsnæðis,"Mánaðarbreyting, %",0.87
1990M11,Vísitala neysluverðs án húsnæðis,"Ársbreyting, %",9.9
1990M12,Vísitala neysluverðs,Vísitala,148.6
1990M12,Vísitala neysluverðs,"Mánaðarbreyting, %",0.27
1990M12,Vísitala neysluverðs,"Ársbreyting, %",7.2
1990M12,Vísitala neysluverðs án húsnæðis,Vísitala,150.7
1990M12,Vísitala neysluverðs án húsnæðis,"Mánaðarbreyting, %",0.27
1990M12,Vísitala neysluverðs án húsnæðis,"Ársbreyting, %",7.8
1991M01,Vísitala neysluverðs,Vísitala,149.5
1991M01,Vísitala neysluverðs,"Mánaðarbreyting, %",0.61
1991M01,Vísitala neysluverðs,"Ársbreyting, %",7.3
1991M01,Vísitala neysluverðs án húsnæðis,Vísitala,151.7
1991M01,Vísitala neysluverðs án húsnæðis,"Mánaðarbreyting, %",0.66
1991M01,Vísitala neysluverðs án húsnæðis,"Ársbreyting, %",8.2
1991M02,Vísitala neysluverðs,Vísitala,150
1991M02,Vísitala neysluverðs,"Mánaðarbreyting, %",0.33
1991M02,Vísitala neysluverðs,"Ársbreyting, %",6
1991M02,Vísitala neysluverðs án húsnæðis,Vísitala,152.2
1991M02,Vísitala neysluverðs án húsnæðis,"Mánaðarbreyting, %",0.33
1991M02,Vísitala neysluverðs án húsnæðis,"Ársbreyting, %",7.3
1991M03,Vísitala neysluverðs,Vísitala,150.3
1991M03,Vísitala neysluverðs,"Mánaðarbreyting, %",0.2
1991M03,Vísitala neysluverðs,"Ársbreyting, %",5.3
1991M03,Vísitala neysluverðs án húsnæðis,Vísitala,152.8
1991M03,Vísitala neysluverðs án húsnæðis,"Mánaðarbreyting, %",0.39
1991M03,Vísitala neysluverðs án húsnæðis,"Ársbreyting, %",7
1991M04,Vísitala neysluverðs,Vísitala,151
1991M04,Vísitala neysluverðs,"Mánaðarbreyting, %",0.47
1991M04,Vísitala neysluverðs,"Ársbreyting, %",5.5
1991M04,Vísitala neysluverðs án húsnæðis,Vísitala,153.2
1991M04,Vísitala neysluverðs án húsnæðis,"Mánaðarbreyting, %",0.26
1991M04,Vísitala neysluverðs án húsnæðis,"Ársbreyting, %",6.8
1991M05,Vísitala neysluverðs,Vísitala,152.8
1991M05,Vísitala neysluverðs,"Mánaðarbreyting, %",1.19
1991M05,Vísitala neysluverðs,"Ársbreyting, %",5.8
1991M05,Vísitala neysluverðs án húsnæðis,Vísitala,155
1991M05,Vísitala neysluverðs án húsnæðis,"Mánaðarbreyting, %",1.17
1991M05,Vísitala neysluverðs án húsnæðis,"Ársbreyting, %",6.9
1991M06,Vísitala neysluverðs,Vísitala,154.9
1991M06,Vísitala neysluverðs,"Mánaðarbreyting, %",1.37
1991M06,Vísitala neysluverðs,"Ársbreyting, %",6.5
1991M06,Vísitala neysluverðs án húsnæðis,Vísitala,156.3
1991M06,Vísitala neysluverðs án húsnæðis,"Mánaðarbreyting, %",0.84
1991M06,Vísitala neysluverðs án húsnæðis,"Ársbreyting, %",7
1991M07,Vísitala neysluverðs,Vísitala,156
1991M07,Vísitala neysluverðs,"Mánaðarbreyting, %",0.71
1991M07,Vísitala neysluverðs,"Ársbreyting, %",6.6
1991M07,Vísitala neysluverðs án húsnæðis,Vísitala,157.1
1991M07,Vísitala neysluverðs án húsnæðis,"Mánaðarbreyting, %",0.51
1991M07,Vísitala neysluverðs án húsnæðis,"Ársbreyting, %",6.7
1991M08,Vísitala neysluverðs,Vísitala,157.2
1991M08,Vísitala neysluverðs,"Mánaðarbreyting, %",0.77
1991M08,Vísitala neysluverðs,"Ársbreyting, %",7.1
1991M08,Vísitala neysluverðs án húsnæðis,Vísitala,158.2
1991M08,Vísitala neysluverðs án húsnæðis,"Mánaðarbreyting, %",0.7
1991M08,Vísitala neysluverðs án húsnæðis,"Ársbreyting, %",6.6
1991M09,Vísitala neysluverðs,Vísitala,158.1
1991M09,Vísitala neysluverðs,"Mánaðarbreyting, %",0.57
1991M09,Vísitala neysluverðs,"Ársbreyting, %",7.7
1991M09,Vísitala neysluverðs án húsnæðis,Vísitala,159.1
1991M09,Vísitala neysluverðs án húsnæðis,"Mánaðarbreyting, %",0.57
1991M09,Vísitala neysluverðs án húsnæðis,"Ársbreyting, %",7.3
1991M10,Vísitala neysluverðs,Vísitala,159.3
1991M10,Vísitala neysluverðs,"Mánaðarbreyting, %",0.76
1991M10,Vísitala neysluverðs,"Ársbreyting, %",8.2
1991M10,Vísitala neysluverðs án húsnæðis,Vísitala,160.4
1991M10,Vísitala neysluverðs án húsnæðis,"Mánaðarbreyting, %",0.82
1991M10,Vísitala neysluverðs án húsnæðis,"Ársbreyting, %",7.7
1991M11,Vísitala neysluverðs,Vísitala,160
1991M11,Vísitala neysluverðs,"Mánaðarbreyting, %",0.44
1991M11,Vísitala neysluverðs,"Ársbreyting, %",8
1991M11,Vísitala neysluverðs án húsnæðis,Vísitala,161.1
1991M11,Vísitala neysluverðs án húsnæðis,"Mánaðarbreyting, %",0.44
1991M11,Vísitala neysluverðs án húsnæðis,"Ársbreyting, %",7.2
1991M12,Vísitala neysluverðs,Vísitala,159.8
1991M12,Vísitala neysluverðs,"Mánaðarbreyting, %",-0.12
1991M12,Vísitala neysluverðs,"Ársbreyting, %",7.5
1991M12,Vísitala neysluverðs án húsnæðis,Vísitala,161
1991M12,Vísitala neysluverðs án húsnæðis,"Mánaðarbreyting, %",-0.06
1991M12,Vísitala neysluverðs án húsnæðis,"Ársbreyting, %",6.8
1992M01,Vísitala neysluverðs,Vísitala,160.2
1992M01,Vísitala neysluverðs,"Mánaðarbreyting, %",0.25
1992M01,Vísitala neysluverðs,"Ársbreyting, %",7.2
1992M01,Vísitala neysluverðs án húsnæðis,Vísitala,161.5
1992M01,Vísitala neysluverðs án húsnæðis,"Mánaðarbreyting, %",0.31
1992M01,Vísitala neysluverðs án húsnæðis,"Ársbreyting, %",6.5
1992M02,Vísitala neysluverðs,Vísitala,160.4
1992M02,Vísitala neysluverðs,"Mánaðarbreyting, %",0.12
1992M02,Vísitala neysluverðs,"Ársbreyting, %",6.9
1992M02,Vísitala neysluverðs án húsnæðis,Vísitala,161.8
1992M02,Vísitala neysluverðs án húsnæðis,"Mánaðarbreyting, %",0.19
1992M02,Vísitala neysluverðs án húsnæðis,"Ársbreyting, %",6.3
1992M03,Vísitala neysluverðs,Vísitala,160.6
1992M03,Vísitala neysluverðs,"Mánaðarbreyting, %",0.12
1992M03,Vísitala neysluverðs,"Ársbreyting, %",6.9
1992M03,Vísitala neysluverðs án húsnæðis,Vísitala,162.2
1992M03,Vísitala neysluverðs án húsnæðis,"Mánaðarbreyting, %",0.25
1992M03,Vísitala neysluverðs án húsnæðis,"Ársbreyting, %",6.2
1992M04,Vísitala neysluverðs,Vísitala,160.6
1992M04,Vísitala neysluverðs,"Mánaðarbreyting, %",0
1992M04,Vísitala neysluverðs,"Ársbreyting, %",6.4
1992M04,Vísitala neysluverðs án húsnæðis,Vísitala,162.3
1992M04,Vísitala neysluverðs án húsnæðis,"Mánaðarbreyting, %",0.06
1992M04,Vísitala neysluverðs án húsnæðis,"Ársbreyting, %",5.9
1992M05,Vísitala neysluverðs,Vísitala,160.5
1992M05,Vísitala neysluverðs,"Mánaðarbreyting, %",-0.06
1992M05,Vísitala neysluverðs,"Ársbreyting, %",5
1992M05,Vísitala neysluverðs án húsnæðis,Vísitala,162.6
1992M05,Vísitala neysluverðs án húsnæðis,"Mánaðarbreyting, %",0.18
1992M05,Vísitala neysluverðs án húsnæðis,"Ársbreyting, %",4.9
1992M06,Vísitala neysluverðs,Vísitala,161.1
1992M06,Vísitala neysluverðs,"Mánaðarbreyting, %",0.37
1992M06,Vísitala neysluverðs,"Ársbreyting, %",4
1992M06,Vísitala neysluverðs án húsnæðis,Vísitala,163.3
1992M06,Vísitala neysluverðs án húsnæðis,"Mánaðarbreyting, %",0.43
1992M06,Vísitala neysluverðs án húsnæðis,"Ársbreyting, %",4.5
1992M07,Vísitala neysluverðs,Vísitala,161.4
1992M07,Vísitala neysluverðs,"Mánaðarbreyting, %",0.19
1992M07,Vísitala neysluverðs,"Ársbreyting, %",3.5
1992M07,Vísitala neysluverðs án húsnæðis,Vísitala,163.7
1992M07,Vísitala neysluverðs án húsnæðis,"Mánaðarbreyting, %",0.24
1992M07,Vísitala neysluverðs án húsnæðis,"Ársbreyting, %",4.2
1992M08,Vísitala neysluverðs,Vísitala,161.4
1992M08,Vísitala neysluverðs,"Mánaðarbreyting, %",0
1992M08,Vísitala neysluverðs,"Ársbreyting, %",2.7
1992M08,Vísitala neysluverðs án húsnæðis,Vísitala,163.8
1992M08,Vísitala neysluverðs án húsnæðis,"Mánaðarbreyting, %",0.06
1992M08,Vísitala neysluverðs án húsnæðis,"Ársbreyting, %",3.5
1992M09,Vísitala neysluverðs,Vísitala,161.3
1992M09,Vísitala neysluverðs,"Mánaðarbreyting, %",-0.06
1992M09,Vísitala neysluverðs,"Ársbreyting, %",2
1992M09,Vísitala neysluverðs án húsnæðis,Vísitala,163.8
1992M09,Vísitala neysluverðs án húsnæðis,"Mánaðarbreyting, %",0
1992M09,Vísitala neysluverðs án húsnæðis,"Ársbreyting, %",3
1992M10,Vísitala neysluverðs,Vísitala,161.4
1992M10,Vísitala neysluverðs,"Mánaðarbreyting, %",0.06
1992M10,Vísitala neysluverðs,"Ársbreyting, %",1.3
1992M10,Vísitala neysluverðs án húsnæðis,Vísitala,163.9
1992M10,Vísitala neysluverðs án húsnæðis,"Mánaðarbreyting, %",0.06
1992M10,Vísitala neysluverðs án húsnæðis,"Ársbreyting, %",2.2
1992M11,Vísitala neysluverðs,Vísitala,161.4
1992M11,Vísitala neysluverðs,"Mánaðarbreyting, %",0
1992M11,Vísitala neysluverðs,"Ársbreyting, %",0.9
1992M11,Vísitala neysluverðs án húsnæðis,Vísitala,163.9
1992M11,Vísitala neysluverðs án húsnæðis,"Mánaðarbreyting, %",0
1992M11,Vísitala neysluverðs án húsnæðis,"Ársbreyting, %",1.7
1992M12,Vísitala neysluverðs,Vísitala,162.2
1992M12,Vísitala neysluverðs,"Mánaðarbreyting, %",0.5
1992M12,Vísitala neysluverðs,"Ársbreyting, %",1.5
1992M12,Vísitala neysluverðs án húsnæðis,Vísitala,164.9
1992M12,Vísitala neysluverðs án húsnæðis,"Mánaðarbreyting, %",0.61
1992M12,Vísitala neysluverðs án húsnæðis,"Ársbreyting, %",2.4
1993M01,Vísitala neysluverðs,Vísitala,164.1
1993M01,Vísitala neysluverðs,"Mánaðarbreyting, %",1.17
1993M01,Vísitala neysluverðs,"Ársbreyting, %",2.4
1993M01,Vísitala neysluverðs án húsnæðis,Vísitala,167.1
1993M01,Vísitala neysluverðs án húsnæðis,"Mánaðarbreyting, %",1.33
1993M01,Vísitala neysluverðs án húsnæðis,"Ársbreyting, %",3.5
1993M02,Vísitala neysluverðs,Vísitala,165.3
1993M02,Vísitala neysluverðs,"Mánaðarbreyting, %",0.73
1993M02,Vísitala neysluverðs,"Ársbreyting, %",3.1
1993M02,Vísitala neysluverðs án húsnæðis,Vísitala,168.4
1993M02,Vísitala neysluverðs án húsnæðis,"Mánaðarbreyting, %",0.78
1993M02,Vísitala neysluverðs án húsnæðis,"Ársbreyting, %",4.1
1993M03,Vísitala neysluverðs,Vísitala,165.4
1993M03,Vísitala neysluverðs,"Mánaðarbreyting, %",0.06
1993M03,Vísitala neysluverðs,"Ársbreyting, %",3
1993M03,Vísitala neysluverðs án húsnæðis,Vísitala,168.6
1993M03,Vísitala neysluverðs án húsnæðis,"Mánaðarbreyting, %",0.12
1993M03,Vísitala neysluverðs án húsnæðis,"Ársbreyting, %",3.9
1993M04,Vísitala neysluverðs,Vísitala,165.9
1993M04,Vísitala neysluverðs,"Mánaðarbreyting, %",0.3
1993M04,Vísitala neysluverðs,"Ársbreyting, %",3.3
1993M04,Vísitala neysluverðs án húsnæðis,Vísitala,169.1
1993M04,Vísitala neysluverðs án húsnæðis,"Mánaðarbreyting, %",0.3
1993M04,Vísitala neysluverðs án húsnæðis,"Ársbreyting, %",4.2
1993M05,Vísitala neysluverðs,Vísitala,166.3
1993M05,Vísitala neysluverðs,"Mánaðarbreyting, %",0.24
1993M05,Vísitala neysluverðs,"Ársbreyting, %",3.6
1993M05,Vísitala neysluverðs án húsnæðis,Vísitala,169.6
1993M05,Vísitala neysluverðs án húsnæðis,"Mánaðarbreyting, %",0.3
1993M05,Vísitala neysluverðs án húsnæðis,"Ársbreyting, %",4.3
1993M06,Vísitala neysluverðs,Vísitala,166.2
1993M06,Vísitala neysluverðs,"Mánaðarbreyting, %",-0.06
1993M06,Vísitala neysluverðs,"Ársbreyting, %",3.2
1993M06,Vísitala neysluverðs án húsnæðis,Vísitala,169.4
1993M06,Vísitala neysluverðs án húsnæðis,"Mánaðarbreyting, %",-0.12
1993M06,Vísitala neysluverðs án húsnæðis,"Ársbreyting, %",3.7
1993M07,Vísitala neysluverðs,Vísitala,167.7
1993M07,Vísitala neysluverðs,"Mánaðarbreyting, %",0.9
1993M07,Vísitala neysluverðs,"Ársbreyting, %",3.9
1993M07,Vísitala neysluverðs án húsnæðis,Vísitala,171.2
1993M07,Vísitala neysluverðs án húsnæðis,"Mánaðarbreyting, %",1.06
1993M07,Vísitala neysluverðs án húsnæðis,"Ársbreyting, %",4.6
1993M08,Vísitala neysluverðs,Vísitala,169.2
1993M08,Vísitala neysluverðs,"Mánaðarbreyting, %",0.89
1993M08,Vísitala neysluverðs,"Ársbreyting, %",4.8
1993M08,Vísitala neysluverðs án húsnæðis,Vísitala,172.8
1993M08,Vísitala neysluverðs án húsnæðis,"Mánaðarbreyting, %",0.93
1993M08,Vísitala neysluverðs án húsnæðis,"Ársbreyting, %",5.5
1993M09,Vísitala neysluverðs,Vísitala,169.8
1993M09,Vísitala neysluverðs,"Mánaðarbreyting, %",0.35
1993M09,Vísitala neysluverðs,"Ársbreyting, %",5.3
1993M09,Vísitala neysluverðs án húsnæðis,Vísitala,173.3
1993M09,Vísitala neysluverðs án húsnæðis,"Mánaðarbreyting, %",0.29
1993M09,Vísitala neysluverðs án húsnæðis,"Ársbreyting, %",5.8
1993M10,Vísitala neysluverðs,Vísitala,170.8
1993M10,Vísitala neysluverðs,"Mánaðarbreyting, %",0.59
1993M10,Vísitala neysluverðs,"Ársbreyting, %",5.8
1993M10,Vísitala neysluverðs án húsnæðis,Vísitala,174.7
1993M10,Vísitala neysluverðs án húsnæðis,"Mánaðarbreyting, %",0.81
1993M10,Vísitala neysluverðs án húsnæðis,"Ársbreyting, %",6.6
1993M11,Vísitala neysluverðs,Vísitala,170.8
1993M11,Vísitala neysluverðs,"Mánaðarbreyting, %",0
1993M11,Vísitala neysluverðs,"Ársbreyting, %",5.8
1993M11,Vísitala neysluverðs án húsnæðis,Vísitala,174.8
1993M11,Vísitala neysluverðs án húsnæðis,"Mánaðarbreyting, %",0.06
1993M11,Vísitala neysluverðs án húsnæðis,"Ársbreyting, %",6.7
1993M12,Vísitala neysluverðs,Vísitala,169.9
1993M12,Vísitala neysluverðs,"Mánaðarbreyting, %",-0.53
1993M12,Vísitala neysluverðs,"Ársbreyting, %",4.7
1993M12,Vísitala neysluverðs án húsnæðis,Vísitala,174.2
1993M12,Vísitala neysluverðs án húsnæðis,"Mánaðarbreyting, %",-0.34
1993M12,Vísitala neysluverðs án húsnæðis,"Ársbreyting, %",5.6
1994M01,Vísitala neysluverðs,Vísitala,169.3
1994M01,Vísitala neysluverðs,"Mánaðarbreyting, %",-0.35
1994M01,Vísitala neysluverðs,"Ársbreyting, %",3.2
1994M01,Vísitala neysluverðs án húsnæðis,Vísitala,173.5
1994M01,Vísitala neysluverðs án húsnæðis,"Mánaðarbreyting, %",-0.4
1994M01,Vísitala neysluverðs án húsnæðis,"Ársbreyting, %",3.8
1994M02,Vísitala neysluverðs,Vísitala,169.5
1994M02,Vísitala neysluverðs,"Mánaðarbreyting, %",0.12
1994M02,Vísitala neysluverðs,"Ársbreyting, %",2.5
1994M02,Vísitala neysluverðs án húsnæðis,Vísitala,173.7
1994M02,Vísitala neysluverðs án húsnæðis,"Mánaðarbreyting, %",0.12
1994M02,Vísitala neysluverðs án húsnæðis,"Ársbreyting, %",3.1
1994M03,Vísitala neysluverðs,Vísitala,169.7
1994M03,Vísitala neysluverðs,"Mánaðarbreyting, %",0.12
1994M03,Vísitala neysluverðs,"Ársbreyting, %",2.6
1994M03,Vísitala neysluverðs án húsnæðis,Vísitala,173.9
1994M03,Vísitala neysluverðs án húsnæðis,"Mánaðarbreyting, %",0.12
1994M03,Vísitala neysluverðs án húsnæðis,"Ársbreyting, %",3.1
1994M04,Vísitala neysluverðs,Vísitala,169.9
1994M04,Vísitala neysluverðs,"Mánaðarbreyting, %",0.12
1994M04,Vísitala neysluverðs,"Ársbreyting, %",2.4
1994M04,Vísitala neysluverðs án húsnæðis,Vísitala,174.1
1994M04,Vísitala neysluverðs án húsnæðis,"Mánaðarbreyting, %",0.12
1994M04,Vísitala neysluverðs án húsnæðis,"Ársbreyting, %",3
1994M05,Vísitala neysluverðs,Vísitala,169.9
1994M05,Vísitala neysluverðs,"Mánaðarbreyting, %",0
1994M05,Vísitala neysluverðs,"Ársbreyting, %",2.2
1994M05,Vísitala neysluverðs án húsnæðis,Vísitala,173.7
1994M05,Vísitala neysluverðs án húsnæðis,"Mánaðarbreyting, %",-0.23
1994M05,Vísitala neysluverðs án húsnæðis,"Ársbreyting, %",2.4
1994M06,Vísitala neysluverðs,Vísitala,170.1
1994M06,Vísitala neysluverðs,"Mánaðarbreyting, %",0.12
1994M06,Vísitala neysluverðs,"Ársbreyting, %",2.3
1994M06,Vísitala neysluverðs án húsnæðis,Vísitala,173.9
1994M06,Vísitala neysluverðs án húsnæðis,"Mánaðarbreyting, %",0.12
1994M06,Vísitala neysluverðs án húsnæðis,"Ársbreyting, %",2.7
1994M07,Vísitala neysluverðs,Vísitala,170.4
1994M07,Vísitala neysluverðs,"Mánaðarbreyting, %",0.18
1994M07,Vísitala neysluverðs,"Ársbreyting, %",1.6
1994M07,Vísitala neysluverðs án húsnæðis,Vísitala,174.2
1994M07,Vísitala neysluverðs án húsnæðis,"Mánaðarbreyting, %",0.17
1994M07,Vísitala neysluverðs án húsnæðis,"Ársbreyting, %",1.8
1994M08,Vísitala neysluverðs,Vísitala,170.5
1994M08,Vísitala neysluverðs,"Mánaðarbreyting, %",0.06
1994M08,Vísitala neysluverðs,"Ársbreyting, %",0.8
1994M08,Vísitala neysluverðs án húsnæðis,Vísitala,174.4
1994M08,Vísitala neysluverðs án húsnæðis,"Mánaðarbreyting, %",0.11
1994M08,Vísitala neysluverðs án húsnæðis,"Ársbreyting, %",0.9
1994M09,Vísitala neysluverðs,Vísitala,171
1994M09,Vísitala neysluverðs,"Mánaðarbreyting, %",0.29
1994M09,Vísitala neysluverðs,"Ársbreyting, %",0.7
1994M09,Vísitala neysluverðs án húsnæðis,Vísitala,175.1
1994M09,Vísitala neysluverðs án húsnæðis,"Mánaðarbreyting, %",0.4
1994M09,Vísitala neysluverðs án húsnæðis,"Ársbreyting, %",1
1994M10,Vísitala neysluverðs,Vísitala,170.8
1994M10,Vísitala neysluverðs,"Mánaðarbreyting, %",-0.12
1994M10,Vísitala neysluverðs,"Ársbreyting, %",0
1994M10,Vísitala neysluverðs án húsnæðis,Vísitala,174.7
1994M10,Vísitala neysluverðs án húsnæðis,"Mánaðarbreyting, %",-0.23
1994M10,Vísitala neysluverðs án húsnæðis,"Ársbreyting, %",0
1994M11,Vísitala neysluverðs,Vísitala,170.7
1994M11,Vísitala neysluverðs,"Mánaðarbreyting, %",-0.06
1994M11,Vísitala neysluverðs,"Ársbreyting, %",-0.1
1994M11,Vísitala neysluverðs án húsnæðis,Vísitala,174.5
1994M11,Vísitala neysluverðs án húsnæðis,"Mánaðarbreyting, %",-0.11
1994M11,Vísitala neysluverðs án húsnæðis,"Ársbreyting, %",-0.2
1994M12,Vísitala neysluverðs,Vísitala,170.8
1994M12,Vísitala neysluverðs,"Mánaðarbreyting, %",0.06
1994M12,Vísitala neysluverðs,"Ársbreyting, %",0.5
1994M12,Vísitala neysluverðs án húsnæðis,Vísitala,174.4
1994M12,Vísitala neysluverðs án húsnæðis,"Mánaðarbreyting, %",-0.06
1994M12,Vísitala neysluverðs án húsnæðis,"Ársbreyting, %",0.1
1995M01,Vísitala neysluverðs,Vísitala,172.1
1995M01,Vísitala neysluverðs,"Mánaðarbreyting, %",0.76
1995M01,Vísitala neysluverðs,"Ársbreyting, %",1.7
1995M01,Vísitala neysluverðs án húsnæðis,Vísitala,175.3
1995M01,Vísitala neysluverðs án húsnæðis,"Mánaðarbreyting, %",0.52
1995M01,Vísitala neysluverðs án húsnæðis,"Ársbreyting, %",1
1995M02,Vísitala neysluverðs,Vísitala,172.3
1995M02,Vísitala neysluverðs,"Mánaðarbreyting, %",0.12
1995M02,Vísitala neysluverðs,"Ársbreyting, %",1.7
1995M02,Vísitala neysluverðs án húsnæðis,Vísitala,175.6
1995M02,Vísitala neysluverðs án húsnæðis,"Mánaðarbreyting, %",0.17
1995M02,Vísitala neysluverðs án húsnæðis,"Ársbreyting, %",1.1
1995M03,Vísitala neysluverðs,Vísitala,172
1995M03,Vísitala neysluverðs,"Mánaðarbreyting, %",-0.17
1995M03,Vísitala neysluverðs,"Ársbreyting, %",1.4
1995M03,Vísitala neysluverðs án húsnæðis,Vísitala,175.2
1995M03,Vísitala neysluverðs án húsnæðis,"Mánaðarbreyting, %",-0.23
1995M03,Vísitala neysluverðs án húsnæðis,"Ársbreyting, %",0.7
1995M04,Vísitala neysluverðs,Vísitala,171.8
1995M04,Vísitala neysluverðs,"Mánaðarbreyting, %",-0.12
1995M04,Vísitala neysluverðs,"Ársbreyting, %",1.1
1995M04,Vísitala neysluverðs án húsnæðis,Vísitala,175.3
1995M04,Vísitala neysluverðs án húsnæðis,"Mánaðarbreyting, %",0.06
1995M04,Vísitala neysluverðs án húsnæðis,"Ársbreyting, %",0.7
1995M05,Vísitala neysluverðs,Vísitala,172.1
1995M05,Vísitala neysluverðs,"Mánaðarbreyting, %",0.17
1995M05,Vísitala neysluverðs,"Ársbreyting, %",1.3
1995M05,Vísitala neysluverðs án húsnæðis,Vísitala,175.7
1995M05,Vísitala neysluverðs án húsnæðis,"Mánaðarbreyting, %",0.23
1995M05,Vísitala neysluverðs án húsnæðis,"Ársbreyting, %",1.2
1995M06,Vísitala neysluverðs,Vísitala,172.3
1995M06,Vísitala neysluverðs,"Mánaðarbreyting, %",0.12
1995M06,Vísitala neysluverðs,"Ársbreyting, %",1.3
1995M06,Vísitala neysluverðs án húsnæðis,Vísitala,175.9
1995M06,Vísitala neysluverðs án húsnæðis,"Mánaðarbreyting, %",0.11
1995M06,Vísitala neysluverðs án húsnæðis,"Ársbreyting, %",1.2
1995M07,Vísitala neysluverðs,Vísitala,172.8
1995M07,Vísitala neysluverðs,"Mánaðarbreyting, %",0.29
1995M07,Vísitala neysluverðs,"Ársbreyting, %",1.4
1995M07,Vísitala neysluverðs án húsnæðis,Vísitala,176.5
1995M07,Vísitala neysluverðs án húsnæðis,"Mánaðarbreyting, %",0.34
1995M07,Vísitala neysluverðs án húsnæðis,"Ársbreyting, %",1.3
1995M08,Vísitala neysluverðs,Vísitala,173.5
1995M08,Vísitala neysluverðs,"Mánaðarbreyting, %",0.41
1995M08,Vísitala neysluverðs,"Ársbreyting, %",1.8
1995M08,Vísitala neysluverðs án húsnæðis,Vísitala,177.3
1995M08,Vísitala neysluverðs án húsnæðis,"Mánaðarbreyting, %",0.45
1995M08,Vísitala neysluverðs án húsnæðis,"Ársbreyting, %",1.7
1995M09,Vísitala neysluverðs,Vísitala,174.1
1995M09,Vísitala neysluverðs,"Mánaðarbreyting, %",0.35
1995M09,Vísitala neysluverðs,"Ársbreyting, %",1.8
1995M09,Vísitala neysluverðs án húsnæðis,Vísitala,178
1995M09,Vísitala neysluverðs án húsnæðis,"Mánaðarbreyting, %",0.39
1995M09,Vísitala neysluverðs án húsnæðis,"Ársbreyting, %",1.7
1995M10,Vísitala neysluverðs,Vísitala,174.9
1995M10,Vísitala neysluverðs,"Mánaðarbreyting, %",0.46
1995M10,Vísitala neysluverðs,"Ársbreyting, %",2.4
1995M10,Vísitala neysluverðs án húsnæðis,Vísitala,179
1995M10,Vísitala neysluverðs án húsnæðis,"Mánaðarbreyting, %",0.56
1995M10,Vísitala neysluverðs án húsnæðis,"Ársbreyting, %",2.5
1995M11,Vísitala neysluverðs,Vísitala,174.3
1995M11,Vísitala neysluverðs,"Mánaðarbreyting, %",-0.34
1995M11,Vísitala neysluverðs,"Ársbreyting, %",2.1
1995M11,Vísitala neysluverðs án húsnæðis,Vísitala,178.2
1995M11,Vísitala neysluverðs án húsnæðis,"Mánaðarbreyting, %",-0.45
1995M11,Vísitala neysluverðs án húsnæðis,"Ársbreyting, %",2.1
1995M12,Vísitala neysluverðs,Vísitala,174.2
1995M12,Vísitala neysluverðs,"Mánaðarbreyting, %",-0.06
1995M12,Vísitala neysluverðs,"Ársbreyting, %",2
1995M12,Vísitala neysluverðs án húsnæðis,Vísitala,178.2
1995M12,Vísitala neysluverðs án húsnæðis,"Mánaðarbreyting, %",0
1995M12,Vísitala neysluverðs án húsnæðis,"Ársbreyting, %",2.2
1996M01,Vísitala neysluverðs,Vísitala,174.9
1996M01,Vísitala neysluverðs,"Mánaðarbreyting, %",0.4
1996M01,Vísitala neysluverðs,"Ársbreyting, %",1.6
1996M01,Vísitala neysluverðs án húsnæðis,Vísitala,179.1
1996M01,Vísitala neysluverðs án húsnæðis,"Mánaðarbreyting, %",0.51
1996M01,Vísitala neysluverðs án húsnæðis,"Ársbreyting, %",2.2
1996M02,Vísitala neysluverðs,Vísitala,175.2
1996M02,Vísitala neysluverðs,"Mánaðarbreyting, %",0.17
1996M02,Vísitala neysluverðs,"Ársbreyting, %",1.7
1996M02,Vísitala neysluverðs án húsnæðis,Vísitala,179.7
1996M02,Vísitala neysluverðs án húsnæðis,"Mánaðarbreyting, %",0.34
1996M02,Vísitala neysluverðs án húsnæðis,"Ársbreyting, %",2.3
1996M03,Vísitala neysluverðs,Vísitala,175.5
1996M03,Vísitala neysluverðs,"Mánaðarbreyting, %",0.17
1996M03,Vísitala neysluverðs,"Ársbreyting, %",2
1996M03,Vísitala neysluverðs án húsnæðis,Vísitala,180.1
1996M03,Vísitala neysluverðs án húsnæðis,"Mánaðarbreyting, %",0.22
1996M03,Vísitala neysluverðs án húsnæðis,"Ársbreyting, %",2.8
1996M04,Vísitala neysluverðs,Vísitala,175.8
1996M04,Vísitala neysluverðs,"Mánaðarbreyting, %",0.17
1996M04,Vísitala neysluverðs,"Ársbreyting, %",2.3
1996M04,Vísitala neysluverðs án húsnæðis,Vísitala,180.3
1996M04,Vísitala neysluverðs án húsnæðis,"Mánaðarbreyting, %",0.11
1996M04,Vísitala neysluverðs án húsnæðis,"Ársbreyting, %",2.9
1996M05,Vísitala neysluverðs,Vísitala,176.9
1996M05,Vísitala neysluverðs,"Mánaðarbreyting, %",0.63
1996M05,Vísitala neysluverðs,"Ársbreyting, %",2.8
1996M05,Vísitala neysluverðs án húsnæðis,Vísitala,181.5
1996M05,Vísitala neysluverðs án húsnæðis,"Mánaðarbreyting, %",0.67
1996M05,Vísitala neysluverðs án húsnæðis,"Ársbreyting, %",3.3
1996M06,Vísitala neysluverðs,Vísitala,176.7
1996M06,Vísitala neysluverðs,"Mánaðarbreyting, %",-0.11
1996M06,Vísitala neysluverðs,"Ársbreyting, %",2.6
1996M06,Vísitala neysluverðs án húsnæðis,Vísitala,181.3
1996M06,Vísitala neysluverðs án húsnæðis,"Mánaðarbreyting, %",-0.11
1996M06,Vísitala neysluverðs án húsnæðis,"Ársbreyting, %",3.1
1996M07,Vísitala neysluverðs,Vísitala,176.9
1996M07,Vísitala neysluverðs,"Mánaðarbreyting, %",0.11
1996M07,Vísitala neysluverðs,"Ársbreyting, %",2.4
1996M07,Vísitala neysluverðs án húsnæðis,Vísitala,181.6
1996M07,Vísitala neysluverðs án húsnæðis,"Mánaðarbreyting, %",0.17
1996M07,Vísitala neysluverðs án húsnæðis,"Ársbreyting, %",2.9
1996M08,Vísitala neysluverðs,Vísitala,178
1996M08,Vísitala neysluverðs,"Mánaðarbreyting, %",0.62
1996M08,Vísitala neysluverðs,"Ársbreyting, %",2.6
1996M08,Vísitala neysluverðs án húsnæðis,Vísitala,182.6
1996M08,Vísitala neysluverðs án húsnæðis,"Mánaðarbreyting, %",0.55
1996M08,Vísitala neysluverðs án húsnæðis,"Ársbreyting, %",3
1996M09,Vísitala neysluverðs,Vísitala,178.4
1996M09,Vísitala neysluverðs,"Mánaðarbreyting, %",0.22
1996M09,Vísitala neysluverðs,"Ársbreyting, %",2.5
1996M09,Vísitala neysluverðs án húsnæðis,Vísitala,182.7
1996M09,Vísitala neysluverðs án húsnæðis,"Mánaðarbreyting, %",0.05
1996M09,Vísitala neysluverðs án húsnæðis,"Ársbreyting, %",2.6
1996M10,Vísitala neysluverðs,Vísitala,178.5
1996M10,Vísitala neysluverðs,"Mánaðarbreyting, %",0.06
1996M10,Vísitala neysluverðs,"Ársbreyting, %",2.1
1996M10,Vísitala neysluverðs án húsnæðis,Vísitala,182.8
1996M10,Vísitala neysluverðs án húsnæðis,"Mánaðarbreyting, %",0.05
1996M10,Vísitala neysluverðs án húsnæðis,"Ársbreyting, %",2.1
1996M11,Vísitala neysluverðs,Vísitala,178.6
1996M11,Vísitala neysluverðs,"Mánaðarbreyting, %",0.06
1996M11,Vísitala neysluverðs,"Ársbreyting, %",2.5
1996M11,Vísitala neysluverðs án húsnæðis,Vísitala,182.8
1996M11,Vísitala neysluverðs án húsnæðis,"Mánaðarbreyting, %",0
1996M11,Vísitala neysluverðs án húsnæðis,"Ársbreyting, %",2.6
1996M12,Vísitala neysluverðs,Vísitala,177.8
1996M12,Vísitala neysluverðs,"Mánaðarbreyting, %",-0.45
1996M12,Vísitala neysluverðs,"Ársbreyting, %",2.1
1996M12,Vísitala neysluverðs án húsnæðis,Vísitala,182.1
1996M12,Vísitala neysluverðs án húsnæðis,"Mánaðarbreyting, %",-0.38
1996M12,Vísitala neysluverðs án húsnæðis,"Ársbreyting, %",2.2
1997M01,Vísitala neysluverðs,Vísitala,178.4
1997M01,Vísitala neysluverðs,"Mánaðarbreyting, %",0.34
1997M01,Vísitala neysluverðs,"Ársbreyting, %",2
1997M01,Vísitala neysluverðs án húsnæðis,Vísitala,182.5
1997M01,Vísitala neysluverðs án húsnæðis,"Mánaðarbreyting, %",0.22
1997M01,Vísitala neysluverðs án húsnæðis,"Ársbreyting, %",1.9
1997M02,Vísitala neysluverðs,Vísitala,178.5
1997M02,Vísitala neysluverðs,"Mánaðarbreyting, %",0.06
1997M02,Vísitala neysluverðs,"Ársbreyting, %",1.9
1997M02,Vísitala neysluverðs án húsnæðis,Vísitala,182.7
1997M02,Vísitala neysluverðs án húsnæðis,"Mánaðarbreyting, %",0.11
1997M02,Vísitala neysluverðs án húsnæðis,"Ársbreyting, %",1.7
1997M03,Vísitala neysluverðs,Vísitala,178.4
1997M03,Vísitala neysluverðs,"Mánaðarbreyting, %",-0.06
1997M03,Vísitala neysluverðs,"Ársbreyting, %",1.7
1997M03,Vísitala neysluverðs án húsnæðis,Vísitala,182.7
1997M03,Vísitala neysluverðs án húsnæðis,"Mánaðarbreyting, %",0
1997M03,Vísitala neysluverðs án húsnæðis,"Ársbreyting, %",1.4
1997M04,Vísitala neysluverðs,Vísitala,179.7
1997M04,Vísitala neysluverðs,"Mánaðarbreyting, %",0.73
1997M04,Vísitala neysluverðs,"Ársbreyting, %",2.2
1997M04,Vísitala neysluverðs án húsnæðis,Vísitala,184.1
1997M04,Vísitala neysluverðs án húsnæðis,"Mánaðarbreyting, %",0.77
1997M04,Vísitala neysluverðs án húsnæðis,"Ársbreyting, %",2.1
1997M05,Vísitala neysluverðs,Vísitala,179.4
1997M05,Vísitala neysluverðs,"Mánaðarbreyting, %",-0.17
1997M05,Vísitala neysluverðs,"Ársbreyting, %",1.4
1997M05,Vísitala neysluverðs án húsnæðis,Vísitala,183.7
1997M05,Vísitala neysluverðs án húsnæðis,"Mánaðarbreyting, %",-0.22
1997M05,Vísitala neysluverðs án húsnæðis,"Ársbreyting, %",1.2
1997M06,Vísitala neysluverðs,Vísitala,179.8
1997M06,Vísitala neysluverðs,"Mánaðarbreyting, %",0.22
1997M06,Vísitala neysluverðs,"Ársbreyting, %",1.8
1997M06,Vísitala neysluverðs án húsnæðis,Vísitala,183.9
1997M06,Vísitala neysluverðs án húsnæðis,"Mánaðarbreyting, %",0.11
1997M06,Vísitala neysluverðs án húsnæðis,"Ársbreyting, %",1.4
1997M07,Vísitala neysluverðs,Vísitala,180.1
1997M07,Vísitala neysluverðs,"Mánaðarbreyting, %",0.17
1997M07,Vísitala neysluverðs,"Ársbreyting, %",1.8
1997M07,Vísitala neysluverðs án húsnæðis,Vísitala,184.2
1997M07,Vísitala neysluverðs án húsnæðis,"Mánaðarbreyting, %",0.16
1997M07,Vísitala neysluverðs án húsnæðis,"Ársbreyting, %",1.4
1997M08,Vísitala neysluverðs,Vísitala,180.6
1997M08,Vísitala neysluverðs,"Mánaðarbreyting, %",0.28
1997M08,Vísitala neysluverðs,"Ársbreyting, %",1.5
1997M08,Vísitala neysluverðs án húsnæðis,Vísitala,184.7
1997M08,Vísitala neysluverðs án húsnæðis,"Mánaðarbreyting, %",0.27
1997M08,Vísitala neysluverðs án húsnæðis,"Ársbreyting, %",1.2
1997M09,Vísitala neysluverðs,Vísitala,181.3
1997M09,Vísitala neysluverðs,"Mánaðarbreyting, %",0.39
1997M09,Vísitala neysluverðs,"Ársbreyting, %",1.6
1997M09,Vísitala neysluverðs án húsnæðis,Vísitala,185.5
1997M09,Vísitala neysluverðs án húsnæðis,"Mánaðarbreyting, %",0.43
1997M09,Vísitala neysluverðs án húsnæðis,"Ársbreyting, %",1.5
1997M10,Vísitala neysluverðs,Vísitala,181.9
1997M10,Vísitala neysluverðs,"Mánaðarbreyting, %",0.33
1997M10,Vísitala neysluverðs,"Ársbreyting, %",1.9
1997M10,Vísitala neysluverðs án húsnæðis,Vísitala,186.3
1997M10,Vísitala neysluverðs án húsnæðis,"Mánaðarbreyting, %",0.43
1997M10,Vísitala neysluverðs án húsnæðis,"Ársbreyting, %",1.9
1997M11,Vísitala neysluverðs,Vísitala,181.7
1997M11,Vísitala neysluverðs,"Mánaðarbreyting, %",-0.11
1997M11,Vísitala neysluverðs,"Ársbreyting, %",1.7
1997M11,Vísitala neysluverðs án húsnæðis,Vísitala,186
1997M11,Vísitala neysluverðs án húsnæðis,"Mánaðarbreyting, %",-0.16
1997M11,Vísitala neysluverðs án húsnæðis,"Ársbreyting, %",1.8
1997M12,Vísitala neysluverðs,Vísitala,181.4
1997M12,Vísitala neysluverðs,"Mánaðarbreyting, %",-0.17
1997M12,Vísitala neysluverðs,"Ársbreyting, %",2
1997M12,Vísitala neysluverðs án húsnæðis,Vísitala,185.8
1997M12,Vísitala neysluverðs án húsnæðis,"Mánaðarbreyting, %",-0.11
1997M12,Vísitala neysluverðs án húsnæðis,"Ársbreyting, %",2
1998M01,Vísitala neysluverðs,Vísitala,182.4
1998M01,Vísitala neysluverðs,"Mánaðarbreyting, %",0.55
1998M01,Vísitala neysluverðs,"Ársbreyting, %",2.2
1998M01,Vísitala neysluverðs án húsnæðis,Vísitala,186.3
1998M01,Vísitala neysluverðs án húsnæðis,"Mánaðarbreyting, %",0.27
1998M01,Vísitala neysluverðs án húsnæðis,"Ársbreyting, %",2.1
1998M02,Vísitala neysluverðs,Vísitala,182
1998M02,Vísitala neysluverðs,"Mánaðarbreyting, %",-0.22
1998M02,Vísitala neysluverðs,"Ársbreyting, %",2
1998M02,Vísitala neysluverðs án húsnæðis,Vísitala,186
1998M02,Vísitala neysluverðs án húsnæðis,"Mánaðarbreyting, %",-0.16
1998M02,Vísitala neysluverðs án húsnæðis,"Ársbreyting, %",1.8
1998M03,Vísitala neysluverðs,Vísitala,182.7
1998M03,Vísitala neysluverðs,"Mánaðarbreyting, %",0.38
1998M03,Vísitala neysluverðs,"Ársbreyting, %",2.4
1998M03,Vísitala neysluverðs án húsnæðis,Vísitala,186.6
1998M03,Vísitala neysluverðs án húsnæðis,"Mánaðarbreyting, %",0.32
1998M03,Vísitala neysluverðs án húsnæðis,"Ársbreyting, %",2.1
1998M04,Vísitala neysluverðs,Vísitala,183.1
1998M04,Vísitala neysluverðs,"Mánaðarbreyting, %",0.22
1998M04,Vísitala neysluverðs,"Ársbreyting, %",1.9
1998M04,Vísitala neysluverðs án húsnæðis,Vísitala,186.5
1998M04,Vísitala neysluverðs án húsnæðis,"Mánaðarbreyting, %",-0.05
1998M04,Vísitala neysluverðs án húsnæðis,"Ársbreyting, %",1.3
1998M05,Vísitala neysluverðs,Vísitala,183.7
1998M05,Vísitala neysluverðs,"Mánaðarbreyting, %",0.33
1998M05,Vísitala neysluverðs,"Ársbreyting, %",2.4
1998M05,Vísitala neysluverðs án húsnæðis,Vísitala,187.2
1998M05,Vísitala neysluverðs án húsnæðis,"Mánaðarbreyting, %",0.38
1998M05,Vísitala neysluverðs án húsnæðis,"Ársbreyting, %",1.9
1998M06,Vísitala neysluverðs,Vísitala,184
1998M06,Vísitala neysluverðs,"Mánaðarbreyting, %",0.16
1998M06,Vísitala neysluverðs,"Ársbreyting, %",2.3
1998M06,Vísitala neysluverðs án húsnæðis,Vísitala,187.5
1998M06,Vísitala neysluverðs án húsnæðis,"Mánaðarbreyting, %",0.16
1998M06,Vísitala neysluverðs án húsnæðis,"Ársbreyting, %",2
1998M07,Vísitala neysluverðs,Vísitala,183.6
1998M07,Vísitala neysluverðs,"Mánaðarbreyting, %",-0.22
1998M07,Vísitala neysluverðs,"Ársbreyting, %",1.9
1998M07,Vísitala neysluverðs án húsnæðis,Vísitala,186.8
1998M07,Vísitala neysluverðs án húsnæðis,"Mánaðarbreyting, %",-0.37
1998M07,Vísitala neysluverðs án húsnæðis,"Ársbreyting, %",1.4
1998M08,Vísitala neysluverðs,Vísitala,182.6
1998M08,Vísitala neysluverðs,"Mánaðarbreyting, %",-0.54
1998M08,Vísitala neysluverðs,"Ársbreyting, %",1.1
1998M08,Vísitala neysluverðs án húsnæðis,Vísitala,185.6
1998M08,Vísitala neysluverðs án húsnæðis,"Mánaðarbreyting, %",-0.64
1998M08,Vísitala neysluverðs án húsnæðis,"Ársbreyting, %",0.5
1998M09,Vísitala neysluverðs,Vísitala,182.8
1998M09,Vísitala neysluverðs,"Mánaðarbreyting, %",0.11
1998M09,Vísitala neysluverðs,"Ársbreyting, %",0.8
1998M09,Vísitala neysluverðs án húsnæðis,Vísitala,185.8
1998M09,Vísitala neysluverðs án húsnæðis,"Mánaðarbreyting, %",0.11
1998M09,Vísitala neysluverðs án húsnæðis,"Ársbreyting, %",0.2
1998M10,Vísitala neysluverðs,Vísitala,183.6
1998M10,Vísitala neysluverðs,"Mánaðarbreyting, %",0.44
1998M10,Vísitala neysluverðs,"Ársbreyting, %",0.9
1998M10,Vísitala neysluverðs án húsnæðis,Vísitala,186.5
1998M10,Vísitala neysluverðs án húsnæðis,"Mánaðarbreyting, %",0.38
1998M10,Vísitala neysluverðs án húsnæðis,"Ársbreyting, %",0.1
1998M11,Vísitala neysluverðs,Vísitala,184.1
1998M11,Vísitala neysluverðs,"Mánaðarbreyting, %",0.27
1998M11,Vísitala neysluverðs,"Ársbreyting, %",1.3
1998M11,Vísitala neysluverðs án húsnæðis,Vísitala,187
1998M11,Vísitala neysluverðs án húsnæðis,"Mánaðarbreyting, %",0.27
1998M11,Vísitala neysluverðs án húsnæðis,"Ársbreyting, %",0.5
1998M12,Vísitala neysluverðs,Vísitala,183.7
1998M12,Vísitala neysluverðs,"Mánaðarbreyting, %",-0.22
1998M12,Vísitala neysluverðs,"Ársbreyting, %",1.3
1998M12,Vísitala neysluverðs án húsnæðis,Vísitala,186.4
1998M12,Vísitala neysluverðs án húsnæðis,"Mánaðarbreyting, %",-0.32
1998M12,Vísitala neysluverðs án húsnæðis,"Ársbreyting, %",0.3
1999M01,Vísitala neysluverðs,Vísitala,184.8
1999M01,Vísitala neysluverðs,"Mánaðarbreyting, %",0.6
1999M01,Vísitala neysluverðs,"Ársbreyting, %",1.3
1999M01,Vísitala neysluverðs án húsnæðis,Vísitala,187.3
1999M01,Vísitala neysluverðs án húsnæðis,"Mánaðarbreyting, %",0.48
1999M01,Vísitala neysluverðs án húsnæðis,"Ársbreyting, %",0.5
1999M02,Vísitala neysluverðs,Vísitala,184.5
1999M02,Vísitala neysluverðs,"Mánaðarbreyting, %",-0.16
1999M02,Vísitala neysluverðs,"Ársbreyting, %",1.4
1999M02,Vísitala neysluverðs án húsnæðis,Vísitala,187
1999M02,Vísitala neysluverðs án húsnæðis,"Mánaðarbreyting, %",-0.16
1999M02,Vísitala neysluverðs án húsnæðis,"Ársbreyting, %",0.5
1999M03,Vísitala neysluverðs,Vísitala,185.4
1999M03,Vísitala neysluverðs,"Mánaðarbreyting, %",0.49
1999M03,Vísitala neysluverðs,"Ársbreyting, %",1.5
1999M03,Vísitala neysluverðs án húsnæðis,Vísitala,187.8
1999M03,Vísitala neysluverðs án húsnæðis,"Mánaðarbreyting, %",0.43
1999M03,Vísitala neysluverðs án húsnæðis,"Ársbreyting, %",0.6
1999M04,Vísitala neysluverðs,Vísitala,186.4
1999M04,Vísitala neysluverðs,"Mánaðarbreyting, %",0.54
1999M04,Vísitala neysluverðs,"Ársbreyting, %",1.8
1999M04,Vísitala neysluverðs án húsnæðis,Vísitala,188.3
1999M04,Vísitala neysluverðs án húsnæðis,"Mánaðarbreyting, %",0.27
1999M04,Vísitala neysluverðs án húsnæðis,"Ársbreyting, %",1
1999M05,Vísitala neysluverðs,Vísitala,187.3
1999M05,Vísitala neysluverðs,"Mánaðarbreyting, %",0.48
1999M05,Vísitala neysluverðs,"Ársbreyting, %",2
1999M05,Vísitala neysluverðs án húsnæðis,Vísitala,189.5
1999M05,Vísitala neysluverðs án húsnæðis,"Mánaðarbreyting, %",0.64
1999M05,Vísitala neysluverðs án húsnæðis,"Ársbreyting, %",1.2
1999M06,Vísitala neysluverðs,Vísitala,188.8
1999M06,Vísitala neysluverðs,"Mánaðarbreyting, %",0.8
1999M06,Vísitala neysluverðs,"Ársbreyting, %",2.6
1999M06,Vísitala neysluverðs án húsnæðis,Vísitala,190.6
1999M06,Vísitala neysluverðs án húsnæðis,"Mánaðarbreyting, %",0.58
1999M06,Vísitala neysluverðs án húsnæðis,"Ársbreyting, %",1.7
1999M07,Vísitala neysluverðs,Vísitala,189.5
1999M07,Vísitala neysluverðs,"Mánaðarbreyting, %",0.37
1999M07,Vísitala neysluverðs,"Ársbreyting, %",3.2
1999M07,Vísitala neysluverðs án húsnæðis,Vísitala,191
1999M07,Vísitala neysluverðs án húsnæðis,"Mánaðarbreyting, %",0.21
1999M07,Vísitala neysluverðs án húsnæðis,"Ársbreyting, %",2.2
1999M08,Vísitala neysluverðs,Vísitala,190.2
1999M08,Vísitala neysluverðs,"Mánaðarbreyting, %",0.37
1999M08,Vísitala neysluverðs,"Ársbreyting, %",4.2
1999M08,Vísitala neysluverðs án húsnæðis,Vísitala,191.6
1999M08,Vísitala neysluverðs án húsnæðis,"Mánaðarbreyting, %",0.31
1999M08,Vísitala neysluverðs án húsnæðis,"Ársbreyting, %",3.2
1999M09,Vísitala neysluverðs,Vísitala,191.8
1999M09,Vísitala neysluverðs,"Mánaðarbreyting, %",0.84
1999M09,Vísitala neysluverðs,"Ársbreyting, %",4.9
1999M09,Vísitala neysluverðs án húsnæðis,Vísitala,192.8
1999M09,Vísitala neysluverðs án húsnæðis,"Mánaðarbreyting, %",0.63
1999M09,Vísitala neysluverðs án húsnæðis,"Ársbreyting, %",3.8
1999M10,Vísitala neysluverðs,Vísitala,193.3
1999M10,Vísitala neysluverðs,"Mánaðarbreyting, %",0.78
1999M10,Vísitala neysluverðs,"Ársbreyting, %",5.3
1999M10,Vísitala neysluverðs án húsnæðis,Vísitala,194.1
1999M10,Vísitala neysluverðs án húsnæðis,"Mánaðarbreyting, %",0.67
1999M10,Vísitala neysluverðs án húsnæðis,"Ársbreyting, %",4.1
1999M11,Vísitala neysluverðs,Vísitala,193.3
1999M11,Vísitala neysluverðs,"Mánaðarbreyting, %",0
1999M11,Vísitala neysluverðs,"Ársbreyting, %",5
1999M11,Vísitala neysluverðs án húsnæðis,Vísitala,194.1
1999M11,Vísitala neysluverðs án húsnæðis,"Mánaðarbreyting, %",0
1999M11,Vísitala neysluverðs án húsnæðis,"Ársbreyting, %",3.8
1999M12,Vísitala neysluverðs,Vísitala,194
1999M12,Vísitala neysluverðs,"Mánaðarbreyting, %",0.36
1999M12,Vísitala neysluverðs,"Ársbreyting, %",5.6
1999M12,Vísitala neysluverðs án húsnæðis,Vísitala,194.5
1999M12,Vísitala neysluverðs án húsnæðis,"Mánaðarbreyting, %",0.21
1999M12,Vísitala neysluverðs án húsnæðis,"Ársbreyting, %",4.3
2000M01,Vísitala neysluverðs,Vísitala,195.5
2000M01,Vísitala neysluverðs,"Mánaðarbreyting, %",0.77
2000M01,Vísitala neysluverðs,"Ársbreyting, %",5.8
2000M01,Vísitala neysluverðs án húsnæðis,Vísitala,195.4
2000M01,Vísitala neysluverðs án húsnæðis,"Mánaðarbreyting, %",0.46
2000M01,Vísitala neysluverðs án húsnæðis,"Ársbreyting, %",4.3
2000M02,Vísitala neysluverðs,Vísitala,194.9
2000M02,Vísitala neysluverðs,"Mánaðarbreyting, %",-0.31
2000M02,Vísitala neysluverðs,"Ársbreyting, %",5.6
2000M02,Vísitala neysluverðs án húsnæðis,Vísitala,194.7
2000M02,Vísitala neysluverðs án húsnæðis,"Mánaðarbreyting, %",-0.36
2000M02,Vísitala neysluverðs án húsnæðis,"Ársbreyting, %",4.1
2000M03,Vísitala neysluverðs,Vísitala,196.4
2000M03,Vísitala neysluverðs,"Mánaðarbreyting, %",0.77
2000M03,Vísitala neysluverðs,"Ársbreyting, %",5.9
2000M03,Vísitala neysluverðs án húsnæðis,Vísitala,195.7
2000M03,Vísitala neysluverðs án húsnæðis,"Mánaðarbreyting, %",0.51
2000M03,Vísitala neysluverðs án húsnæðis,"Ársbreyting, %",4.2
2000M04,Vísitala neysluverðs,Vísitala,197.6
2000M04,Vísitala neysluverðs,"Mánaðarbreyting, %",0.61
2000M04,Vísitala neysluverðs,"Ársbreyting, %",6
2000M04,Vísitala neysluverðs án húsnæðis,Vísitala,196.7
2000M04,Vísitala neysluverðs án húsnæðis,"Mánaðarbreyting, %",0.51
2000M04,Vísitala neysluverðs án húsnæðis,"Ársbreyting, %",4.5
2000M05,Vísitala neysluverðs,Vísitala,198.4
2000M05,Vísitala neysluverðs,"Mánaðarbreyting, %",0.4
2000M05,Vísitala neysluverðs,"Ársbreyting, %",5.9
2000M05,Vísitala neysluverðs án húsnæðis,Vísitala,197.1
2000M05,Vísitala neysluverðs án húsnæðis,"Mánaðarbreyting, %",0.2
2000M05,Vísitala neysluverðs án húsnæðis,"Ársbreyting, %",4
2000M06,Vísitala neysluverðs,Vísitala,199.1
2000M06,Vísitala neysluverðs,"Mánaðarbreyting, %",0.35
2000M06,Vísitala neysluverðs,"Ársbreyting, %",5.5
2000M06,Vísitala neysluverðs án húsnæðis,Vísitala,197.7
2000M06,Vísitala neysluverðs án húsnæðis,"Mánaðarbreyting, %",0.3
2000M06,Vísitala neysluverðs án húsnæðis,"Ársbreyting, %",3.7
2000M07,Vísitala neysluverðs,Vísitala,200.1
2000M07,Vísitala neysluverðs,"Mánaðarbreyting, %",0.5
2000M07,Vísitala neysluverðs,"Ársbreyting, %",5.6
2000M07,Vísitala neysluverðs án húsnæðis,Vísitala,198.9
2000M07,Vísitala neysluverðs án húsnæðis,"Mánaðarbreyting, %",0.61
2000M07,Vísitala neysluverðs án húsnæðis,"Ársbreyting, %",4.1
2000M08,Vísitala neysluverðs,Vísitala,199.1
2000M08,Vísitala neysluverðs,"Mánaðarbreyting, %",-0.5
2000M08,Vísitala neysluverðs,"Ársbreyting, %",4.7
2000M08,Vísitala neysluverðs án húsnæðis,Vísitala,197.6
2000M08,Vísitala neysluverðs án húsnæðis,"Mánaðarbreyting, %",-0.65
2000M08,Vísitala neysluverðs án húsnæðis,"Ársbreyting, %",3.1
2000M09,Vísitala neysluverðs,Vísitala,199.5
2000M09,Vísitala neysluverðs,"Mánaðarbreyting, %",0.2
2000M09,Vísitala neysluverðs,"Ársbreyting, %",4
2000M09,Vísitala neysluverðs án húsnæðis,Vísitala,197.9
2000M09,Vísitala neysluverðs án húsnæðis,"Mánaðarbreyting, %",0.15
2000M09,Vísitala neysluverðs án húsnæðis,"Ársbreyting, %",2.6
2000M10,Vísitala neysluverðs,Vísitala,201.5
2000M10,Vísitala neysluverðs,"Mánaðarbreyting, %",1
2000M10,Vísitala neysluverðs,"Ársbreyting, %",4.2
2000M10,Vísitala neysluverðs án húsnæðis,Vísitala,200.1
2000M10,Vísitala neysluverðs án húsnæðis,"Mánaðarbreyting, %",1.11
2000M10,Vísitala neysluverðs án húsnæðis,"Ársbreyting, %",3.1
2000M11,Vísitala neysluverðs,Vísitala,202.1
2000M11,Vísitala neysluverðs,"Mánaðarbreyting, %",0.3
2000M11,Vísitala neysluverðs,"Ársbreyting, %",4.6
2000M11,Vísitala neysluverðs án húsnæðis,Vísitala,200.5
2000M11,Vísitala neysluverðs án húsnæðis,"Mánaðarbreyting, %",0.2
2000M11,Vísitala neysluverðs án húsnæðis,"Ársbreyting, %",3.3
2000M12,Vísitala neysluverðs,Vísitala,202.1
2000M12,Vísitala neysluverðs,"Mánaðarbreyting, %",0
2000M12,Vísitala neysluverðs,"Ársbreyting, %",4.2
2000M12,Vísitala neysluverðs án húsnæðis,Vísitala,200.3
2000M12,Vísitala neysluverðs án húsnæðis,"Mánaðarbreyting, %",-0.1
2000M12,Vísitala neysluverðs án húsnæðis,"Ársbreyting, %",3
2001M01,Vísitala neysluverðs,Vísitala,202.4
2001M01,Vísitala neysluverðs,"Mánaðarbreyting, %",0.15
2001M01,Vísitala neysluverðs,"Ársbreyting, %",3.5
2001M01,Vísitala neysluverðs án húsnæðis,Vísitala,201
2001M01,Vísitala neysluverðs án húsnæðis,"Mánaðarbreyting, %",0.35
2001M01,Vísitala neysluverðs án húsnæðis,"Ársbreyting, %",2.9
2001M02,Vísitala neysluverðs,Vísitala,202.8
2001M02,Vísitala neysluverðs,"Mánaðarbreyting, %",0.2
2001M02,Vísitala neysluverðs,"Ársbreyting, %",4.1
2001M02,Vísitala neysluverðs án húsnæðis,Vísitala,201.1
2001M02,Vísitala neysluverðs án húsnæðis,"Mánaðarbreyting, %",0.05
2001M02,Vísitala neysluverðs án húsnæðis,"Ársbreyting, %",3.3
2001M03,Vísitala neysluverðs,Vísitala,204
2001M03,Vísitala neysluverðs,"Mánaðarbreyting, %",0.59
2001M03,Vísitala neysluverðs,"Ársbreyting, %",3.9
2001M03,Vísitala neysluverðs án húsnæðis,Vísitala,202.5
2001M03,Vísitala neysluverðs án húsnæðis,"Mánaðarbreyting, %",0.7
2001M03,Vísitala neysluverðs án húsnæðis,"Ársbreyting, %",3.5
2001M04,Vísitala neysluverðs,Vísitala,206.5
2001M04,Vísitala neysluverðs,"Mánaðarbreyting, %",1.23
2001M04,Vísitala neysluverðs,"Ársbreyting, %",4.5
2001M04,Vísitala neysluverðs án húsnæðis,Vísitala,205
2001M04,Vísitala neysluverðs án húsnæðis,"Mánaðarbreyting, %",1.23
2001M04,Vísitala neysluverðs án húsnæðis,"Ársbreyting, %",4.2
2001M05,Vísitala neysluverðs,Vísitala,209.4
2001M05,Vísitala neysluverðs,"Mánaðarbreyting, %",1.4
2001M05,Vísitala neysluverðs,"Ársbreyting, %",5.5
2001M05,Vísitala neysluverðs án húsnæðis,Vísitala,208
2001M05,Vísitala neysluverðs án húsnæðis,"Mánaðarbreyting, %",1.46
2001M05,Vísitala neysluverðs án húsnæðis,"Ársbreyting, %",5.5
2001M06,Vísitala neysluverðs,Vísitala,212.6
2001M06,Vísitala neysluverðs,"Mánaðarbreyting, %",1.53
2001M06,Vísitala neysluverðs,"Ársbreyting, %",6.8
2001M06,Vísitala neysluverðs án húsnæðis,Vísitala,211.7
2001M06,Vísitala neysluverðs án húsnæðis,"Mánaðarbreyting, %",1.78
2001M06,Vísitala neysluverðs án húsnæðis,"Ársbreyting, %",7.1
2001M07,Vísitala neysluverðs,Vísitala,214.2
2001M07,Vísitala neysluverðs,"Mánaðarbreyting, %",0.75
2001M07,Vísitala neysluverðs,"Ársbreyting, %",7
2001M07,Vísitala neysluverðs án húsnæðis,Vísitala,213.5
2001M07,Vísitala neysluverðs án húsnæðis,"Mánaðarbreyting, %",0.85
2001M07,Vísitala neysluverðs án húsnæðis,"Ársbreyting, %",7.3
2001M08,Vísitala neysluverðs,Vísitala,214.9
2001M08,Vísitala neysluverðs,"Mánaðarbreyting, %",0.33
2001M08,Vísitala neysluverðs,"Ársbreyting, %",7.9
2001M08,Vísitala neysluverðs án húsnæðis,Vísitala,214.1
2001M08,Vísitala neysluverðs án húsnæðis,"Mánaðarbreyting, %",0.28
2001M08,Vísitala neysluverðs án húsnæðis,"Ársbreyting, %",8.4
2001M09,Vísitala neysluverðs,Vísitala,216.3
2001M09,Vísitala neysluverðs,"Mánaðarbreyting, %",0.65
2001M09,Vísitala neysluverðs,"Ársbreyting, %",8.4
2001M09,Vísitala neysluverðs án húsnæðis,Vísitala,215.7
2001M09,Vísitala neysluverðs án húsnæðis,"Mánaðarbreyting, %",0.75
2001M09,Vísitala neysluverðs án húsnæðis,"Ársbreyting, %",9
2001M10,Vísitala neysluverðs,Vísitala,217.7
2001M10,Vísitala neysluverðs,"Mánaðarbreyting, %",0.65
2001M10,Vísitala neysluverðs,"Ársbreyting, %",8
2001M10,Vísitala neysluverðs án húsnæðis,Vísitala,217.3
2001M10,Vísitala neysluverðs án húsnæðis,"Mánaðarbreyting, %",0.74
2001M10,Vísitala neysluverðs án húsnæðis,"Ársbreyting, %",8.6
2001M11,Vísitala neysluverðs,Vísitala,218.5
2001M11,Vísitala neysluverðs,"Mánaðarbreyting, %",0.37
2001M11,Vísitala neysluverðs,"Ársbreyting, %",8.1
2001M11,Vísitala neysluverðs án húsnæðis,Vísitala,218.1
2001M11,Vísitala neysluverðs án húsnæðis,"Mánaðarbreyting, %",0.37
2001M11,Vísitala neysluverðs án húsnæðis,"Ársbreyting, %",8.8
2001M12,Vísitala neysluverðs,Vísitala,219.5
2001M12,Vísitala neysluverðs,"Mánaðarbreyting, %",0.46
2001M12,Vísitala neysluverðs,"Ársbreyting, %",8.6
2001M12,Vísitala neysluverðs án húsnæðis,Vísitala,219.1
2001M12,Vísitala neysluverðs án húsnæðis,"Mánaðarbreyting, %",0.46
2001M12,Vísitala neysluverðs án húsnæðis,"Ársbreyting, %",9.4
2002M01,Vísitala neysluverðs,Vísitala,221.5
2002M01,Vísitala neysluverðs,"Mánaðarbreyting, %",0.91
2002M01,Vísitala neysluverðs,"Ársbreyting, %",9.4
2002M01,Vísitala neysluverðs án húsnæðis,Vísitala,221
2002M01,Vísitala neysluverðs án húsnæðis,"Mánaðarbreyting, %",0.87
2002M01,Vísitala neysluverðs án húsnæðis,"Ársbreyting, %",10
2002M02,Vísitala neysluverðs,Vísitala,220.9
2002M02,Vísitala neysluverðs,"Mánaðarbreyting, %",-0.27
2002M02,Vísitala neysluverðs,"Ársbreyting, %",8.9
2002M02,Vísitala neysluverðs án húsnæðis,Vísitala,220.2
2002M02,Vísitala neysluverðs án húsnæðis,"Mánaðarbreyting, %",-0.36
2002M02,Vísitala neysluverðs án húsnæðis,"Ársbreyting, %",9.5
2002M03,Vísitala neysluverðs,Vísitala,221.8
2002M03,Vísitala neysluverðs,"Mánaðarbreyting, %",0.41
2002M03,Vísitala neysluverðs,"Ársbreyting, %",8.7
2002M03,Vísitala neysluverðs án húsnæðis,Vísitala,221.2
2002M03,Vísitala neysluverðs án húsnæðis,"Mánaðarbreyting, %",0.45
2002M03,Vísitala neysluverðs án húsnæðis,"Ársbreyting, %",9.2
2002M04,Vísitala neysluverðs,Vísitala,221.9
2002M04,Vísitala neysluverðs,"Mánaðarbreyting, %",0.05
2002M04,Vísitala neysluverðs,"Ársbreyting, %",7.5
2002M04,Vísitala neysluverðs án húsnæðis,Vísitala,220.8
2002M04,Vísitala neysluverðs án húsnæðis,"Mánaðarbreyting, %",-0.18
2002M04,Vísitala neysluverðs án húsnæðis,"Ársbreyting, %",7.7
2002M05,Vísitala neysluverðs,Vísitala,221.8
2002M05,Vísitala neysluverðs,"Mánaðarbreyting, %",-0.05
2002M05,Vísitala neysluverðs,"Ársbreyting, %",5.9
2002M05,Vísitala neysluverðs án húsnæðis,Vísitala,220.7
2002M05,Vísitala neysluverðs án húsnæðis,"Mánaðarbreyting, %",-0.05
2002M05,Vísitala neysluverðs án húsnæðis,"Ársbreyting, %",6.1
2002M06,Vísitala neysluverðs,Vísitala,222.8
2002M06,Vísitala neysluverðs,"Mánaðarbreyting, %",0.45
2002M06,Vísitala neysluverðs,"Ársbreyting, %",4.8
2002M06,Vísitala neysluverðs án húsnæðis,Vísitala,221.8
2002M06,Vísitala neysluverðs án húsnæðis,"Mánaðarbreyting, %",0.5
2002M06,Vísitala neysluverðs án húsnæðis,"Ársbreyting, %",4.8
2002M07,Vísitala neysluverðs,Vísitala,223
2002M07,Vísitala neysluverðs,"Mánaðarbreyting, %",0.09
2002M07,Vísitala neysluverðs,"Ársbreyting, %",4.1
2002M07,Vísitala neysluverðs án húsnæðis,Vísitala,221.8
2002M07,Vísitala neysluverðs án húsnæðis,"Mánaðarbreyting, %",0
2002M07,Vísitala neysluverðs án húsnæðis,"Ársbreyting, %",3.9
2002M08,Vísitala neysluverðs,Vísitala,221.8
2002M08,Vísitala neysluverðs,"Mánaðarbreyting, %",-0.54
2002M08,Vísitala neysluverðs,"Ársbreyting, %",3.2
2002M08,Vísitala neysluverðs án húsnæðis,Vísitala,220.2
2002M08,Vísitala neysluverðs án húsnæðis,"Mánaðarbreyting, %",-0.72
2002M08,Vísitala neysluverðs án húsnæðis,"Ársbreyting, %",2.8
2002M09,Vísitala neysluverðs,Vísitala,222.9
2002M09,Vísitala neysluverðs,"Mánaðarbreyting, %",0.5
2002M09,Vísitala neysluverðs,"Ársbreyting, %",3.1
2002M09,Vísitala neysluverðs án húsnæðis,Vísitala,221.1
2002M09,Vísitala neysluverðs án húsnæðis,"Mánaðarbreyting, %",0.41
2002M09,Vísitala neysluverðs án húsnæðis,"Ársbreyting, %",2.5
2002M10,Vísitala neysluverðs,Vísitala,224.1
2002M10,Vísitala neysluverðs,"Mánaðarbreyting, %",0.54
2002M10,Vísitala neysluverðs,"Ársbreyting, %",2.9
2002M10,Vísitala neysluverðs án húsnæðis,Vísitala,222.4
2002M10,Vísitala neysluverðs án húsnæðis,"Mánaðarbreyting, %",0.59
2002M10,Vísitala neysluverðs án húsnæðis,"Ársbreyting, %",2.3
2002M11,Vísitala neysluverðs,Vísitala,223.7
2002M11,Vísitala neysluverðs,"Mánaðarbreyting, %",-0.18
2002M11,Vísitala neysluverðs,"Ársbreyting, %",2.4
2002M11,Vísitala neysluverðs án húsnæðis,Vísitala,221.7
2002M11,Vísitala neysluverðs án húsnæðis,"Mánaðarbreyting, %",-0.31
2002M11,Vísitala neysluverðs án húsnæðis,"Ársbreyting, %",1.7
2002M12,Vísitala neysluverðs,Vísitala,223.9
2002M12,Vísitala neysluverðs,"Mánaðarbreyting, %",0.09
2002M12,Vísitala neysluverðs,"Ársbreyting, %",2
2002M12,Vísitala neysluverðs án húsnæðis,Vísitala,221.4
2002M12,Vísitala neysluverðs án húsnæðis,"Mánaðarbreyting, %",-0.14
2002M12,Vísitala neysluverðs án húsnæðis,"Ársbreyting, %",1
2003M01,Vísitala neysluverðs,Vísitala,224.7
2003M01,Vísitala neysluverðs,"Mánaðarbreyting, %",0.36
2003M01,Vísitala neysluverðs,"Ársbreyting, %",1.4
2003M01,Vísitala neysluverðs án húsnæðis,Vísitala,221.7
2003M01,Vísitala neysluverðs án húsnæðis,"Mánaðarbreyting, %",0.14
2003M01,Vísitala neysluverðs án húsnæðis,"Ársbreyting, %",0.3
2003M02,Vísitala neysluverðs,Vísitala,224.3
2003M02,Vísitala neysluverðs,"Mánaðarbreyting, %",-0.18
2003M02,Vísitala neysluverðs,"Ársbreyting, %",1.5
2003M02,Vísitala neysluverðs án húsnæðis,Vísitala,220.9
2003M02,Vísitala neysluverðs án húsnæðis,"Mánaðarbreyting, %",-0.36
2003M02,Vísitala neysluverðs án húsnæðis,"Ársbreyting, %",0.3
2003M03,Vísitala neysluverðs,Vísitala,226.7
2003M03,Vísitala neysluverðs,"Mánaðarbreyting, %",1.07
2003M03,Vísitala neysluverðs,"Ársbreyting, %",2.2
2003M03,Vísitala neysluverðs án húsnæðis,Vísitala,223.3
2003M03,Vísitala neysluverðs án húsnæðis,"Mánaðarbreyting, %",1.09
2003M03,Vísitala neysluverðs án húsnæðis,"Ársbreyting, %",0.9
2003M04,Vísitala neysluverðs,Vísitala,227
2003M04,Vísitala neysluverðs,"Mánaðarbreyting, %",0.13
2003M04,Vísitala neysluverðs,"Ársbreyting, %",2.3
2003M04,Vísitala neysluverðs án húsnæðis,Vísitala,223.3
2003M04,Vísitala neysluverðs án húsnæðis,"Mánaðarbreyting, %",0
2003M04,Vísitala neysluverðs án húsnæðis,"Ársbreyting, %",1.1
2003M05,Vísitala neysluverðs,Vísitala,226.6
2003M05,Vísitala neysluverðs,"Mánaðarbreyting, %",-0.18
2003M05,Vísitala neysluverðs,"Ársbreyting, %",2.2
2003M05,Vísitala neysluverðs án húsnæðis,Vísitala,222.6
2003M05,Vísitala neysluverðs án húsnæðis,"Mánaðarbreyting, %",-0.31
2003M05,Vísitala neysluverðs án húsnæðis,"Ársbreyting, %",0.9
2003M06,Vísitala neysluverðs,Vísitala,226.8
2003M06,Vísitala neysluverðs,"Mánaðarbreyting, %",0.09
2003M06,Vísitala neysluverðs,"Ársbreyting, %",1.8
2003M06,Vísitala neysluverðs án húsnæðis,Vísitala,222.6
2003M06,Vísitala neysluverðs án húsnæðis,"Mánaðarbreyting, %",0
2003M06,Vísitala neysluverðs án húsnæðis,"Ársbreyting, %",0.4
2003M07,Vísitala neysluverðs,Vísitala,226.5
2003M07,Vísitala neysluverðs,"Mánaðarbreyting, %",-0.13
2003M07,Vísitala neysluverðs,"Ársbreyting, %",1.6
2003M07,Vísitala neysluverðs án húsnæðis,Vísitala,221.8
2003M07,Vísitala neysluverðs án húsnæðis,"Mánaðarbreyting, %",-0.36
2003M07,Vísitala neysluverðs án húsnæðis,"Ársbreyting, %",0
2003M08,Vísitala neysluverðs,Vísitala,226.3
2003M08,Vísitala neysluverðs,"Mánaðarbreyting, %",-0.09
2003M08,Vísitala neysluverðs,"Ársbreyting, %",2
2003M08,Vísitala neysluverðs án húsnæðis,Vísitala,221
2003M08,Vísitala neysluverðs án húsnæðis,"Mánaðarbreyting, %",-0.36
2003M08,Vísitala neysluverðs án húsnæðis,"Ársbreyting, %",0.4
2003M09,Vísitala neysluverðs,Vísitala,227.9
2003M09,Vísitala neysluverðs,"Mánaðarbreyting, %",0.71
2003M09,Vísitala neysluverðs,"Ársbreyting, %",2.2
2003M09,Vísitala neysluverðs án húsnæðis,Vísitala,222.7
2003M09,Vísitala neysluverðs án húsnæðis,"Mánaðarbreyting, %",0.77
2003M09,Vísitala neysluverðs án húsnæðis,"Ársbreyting, %",0.7
2003M10,Vísitala neysluverðs,Vísitala,229
2003M10,Vísitala neysluverðs,"Mánaðarbreyting, %",0.48
2003M10,Vísitala neysluverðs,"Ársbreyting, %",2.2
2003M10,Vísitala neysluverðs án húsnæðis,Vísitala,223.7
2003M10,Vísitala neysluverðs án húsnæðis,"Mánaðarbreyting, %",0.45
2003M10,Vísitala neysluverðs án húsnæðis,"Ársbreyting, %",0.6
2003M11,Vísitala neysluverðs,Vísitala,229.3
2003M11,Vísitala neysluverðs,"Mánaðarbreyting, %",0.13
2003M11,Vísitala neysluverðs,"Ársbreyting, %",2.5
2003M11,Vísitala neysluverðs án húsnæðis,Vísitala,224.1
2003M11,Vísitala neysluverðs án húsnæðis,"Mánaðarbreyting, %",0.18
2003M11,Vísitala neysluverðs án húsnæðis,"Ársbreyting, %",1.1
2003M12,Vísitala neysluverðs,Vísitala,230
2003M12,Vísitala neysluverðs,"Mánaðarbreyting, %",0.31
2003M12,Vísitala neysluverðs,"Ársbreyting, %",2.7
2003M12,Vísitala neysluverðs án húsnæðis,Vísitala,224.7
2003M12,Vísitala neysluverðs án húsnæðis,"Mánaðarbreyting, %",0.27
2003M12,Vísitala neysluverðs án húsnæðis,"Ársbreyting, %",1.5
2004M01,Vísitala neysluverðs,Vísitala,230.1
2004M01,Vísitala neysluverðs,"Mánaðarbreyting, %",0.04
2004M01,Vísitala neysluverðs,"Ársbreyting, %",2.4
2004M01,Vísitala neysluverðs án húsnæðis,Vísitala,224.5
2004M01,Vísitala neysluverðs án húsnæðis,"Mánaðarbreyting, %",-0.09
2004M01,Vísitala neysluverðs án húsnæðis,"Ársbreyting, %",1.3
2004M02,Vísitala neysluverðs,Vísitala,229.4
2004M02,Vísitala neysluverðs,"Mánaðarbreyting, %",-0.3
2004M02,Vísitala neysluverðs,"Ársbreyting, %",2.3
2004M02,Vísitala neysluverðs án húsnæðis,Vísitala,223.5
2004M02,Vísitala neysluverðs án húsnæðis,"Mánaðarbreyting, %",-0.45
2004M02,Vísitala neysluverðs án húsnæðis,"Ársbreyting, %",1.2
2004M03,Vísitala neysluverðs,Vísitala,230.7
2004M03,Vísitala neysluverðs,"Mánaðarbreyting, %",0.57
2004M03,Vísitala neysluverðs,"Ársbreyting, %",1.8
2004M03,Vísitala neysluverðs án húsnæðis,Vísitala,224.9
2004M03,Vísitala neysluverðs án húsnæðis,"Mánaðarbreyting, %",0.63
2004M03,Vísitala neysluverðs án húsnæðis,"Ársbreyting, %",0.7
2004M04,Vísitala neysluverðs,Vísitala,232
2004M04,Vísitala neysluverðs,"Mánaðarbreyting, %",0.56
2004M04,Vísitala neysluverðs,"Ársbreyting, %",2.2
2004M04,Vísitala neysluverðs án húsnæðis,Vísitala,225.9
2004M04,Vísitala neysluverðs án húsnæðis,"Mánaðarbreyting, %",0.44
2004M04,Vísitala neysluverðs án húsnæðis,"Ársbreyting, %",1.2
2004M05,Vísitala neysluverðs,Vísitala,233.9
2004M05,Vísitala neysluverðs,"Mánaðarbreyting, %",0.82
2004M05,Vísitala neysluverðs,"Ársbreyting, %",3.2
2004M05,Vísitala neysluverðs án húsnæðis,Vísitala,227.4
2004M05,Vísitala neysluverðs án húsnæðis,"Mánaðarbreyting, %",0.66
2004M05,Vísitala neysluverðs án húsnæðis,"Ársbreyting, %",2.2
2004M06,Vísitala neysluverðs,Vísitala,235.7
2004M06,Vísitala neysluverðs,"Mánaðarbreyting, %",0.77
2004M06,Vísitala neysluverðs,"Ársbreyting, %",3.9
2004M06,Vísitala neysluverðs án húsnæðis,Vísitala,228.7
2004M06,Vísitala neysluverðs án húsnæðis,"Mánaðarbreyting, %",0.57
2004M06,Vísitala neysluverðs án húsnæðis,"Ársbreyting, %",2.7
2004M07,Vísitala neysluverðs,Vísitala,234.6
2004M07,Vísitala neysluverðs,"Mánaðarbreyting, %",-0.47
2004M07,Vísitala neysluverðs,"Ársbreyting, %",3.6
2004M07,Vísitala neysluverðs án húsnæðis,Vísitala,227.7
2004M07,Vísitala neysluverðs án húsnæðis,"Mánaðarbreyting, %",-0.44
2004M07,Vísitala neysluverðs án húsnæðis,"Ársbreyting, %",2.7
2004M08,Vísitala neysluverðs,Vísitala,234.6
2004M08,Vísitala neysluverðs,"Mánaðarbreyting, %",0
2004M08,Vísitala neysluverðs,"Ársbreyting, %",3.7
2004M08,Vísitala neysluverðs án húsnæðis,Vísitala,227.3
2004M08,Vísitala neysluverðs án húsnæðis,"Mánaðarbreyting, %",-0.18
2004M08,Vísitala neysluverðs án húsnæðis,"Ársbreyting, %",2.9
2004M09,Vísitala neysluverðs,Vísitala,235.6
2004M09,Vísitala neysluverðs,"Mánaðarbreyting, %",0.43
2004M09,Vísitala neysluverðs,"Ársbreyting, %",3.4
2004M09,Vísitala neysluverðs án húsnæðis,Vísitala,228.2
2004M09,Vísitala neysluverðs án húsnæðis,"Mánaðarbreyting, %",0.4
2004M09,Vísitala neysluverðs án húsnæðis,"Ársbreyting, %",2.5
2004M10,Vísitala neysluverðs,Vísitala,237.4
2004M10,Vísitala neysluverðs,"Mánaðarbreyting, %",0.76
2004M10,Vísitala neysluverðs,"Ársbreyting, %",3.7
2004M10,Vísitala neysluverðs án húsnæðis,Vísitala,229.8
2004M10,Vísitala neysluverðs án húsnæðis,"Mánaðarbreyting, %",0.7
2004M10,Vísitala neysluverðs án húsnæðis,"Ársbreyting, %",2.7
2004M11,Vísitala neysluverðs,Vísitala,237.9
2004M11,Vísitala neysluverðs,"Mánaðarbreyting, %",0.21
2004M11,Vísitala neysluverðs,"Ársbreyting, %",3.8
2004M11,Vísitala neysluverðs án húsnæðis,Vísitala,229.8
2004M11,Vísitala neysluverðs án húsnæðis,"Mánaðarbreyting, %",0
2004M11,Vísitala neysluverðs án húsnæðis,"Ársbreyting, %",2.5
2004M12,Vísitala neysluverðs,Vísitala,239
2004M12,Vísitala neysluverðs,"Mánaðarbreyting, %",0.46
2004M12,Vísitala neysluverðs,"Ársbreyting, %",3.9
2004M12,Vísitala neysluverðs án húsnæðis,Vísitala,230.5
2004M12,Vísitala neysluverðs án húsnæðis,"Mánaðarbreyting, %",0.3
2004M12,Vísitala neysluverðs án húsnæðis,"Ársbreyting, %",2.6
2005M01,Vísitala neysluverðs,Vísitala,239.2
2005M01,Vísitala neysluverðs,"Mánaðarbreyting, %",0.08
2005M01,Vísitala neysluverðs,"Ársbreyting, %",4
2005M01,Vísitala neysluverðs án húsnæðis,Vísitala,229.2
2005M01,Vísitala neysluverðs án húsnæðis,"Mánaðarbreyting, %",-0.56
2005M01,Vísitala neysluverðs án húsnæðis,"Ársbreyting, %",2.1
2005M02,Vísitala neysluverðs,Vísitala,239.7
2005M02,Vísitala neysluverðs,"Mánaðarbreyting, %",0.21
2005M02,Vísitala neysluverðs,"Ársbreyting, %",4.5
2005M02,Vísitala neysluverðs án húsnæðis,Vísitala,228.6
2005M02,Vísitala neysluverðs án húsnæðis,"Mánaðarbreyting, %",-0.26
2005M02,Vísitala neysluverðs án húsnæðis,"Ársbreyting, %",2.3
2005M03,Vísitala neysluverðs,Vísitala,241.5
2005M03,Vísitala neysluverðs,"Mánaðarbreyting, %",0.75
2005M03,Vísitala neysluverðs,"Ársbreyting, %",4.7
2005M03,Vísitala neysluverðs án húsnæðis,Vísitala,229.4
2005M03,Vísitala neysluverðs án húsnæðis,"Mánaðarbreyting, %",0.35
2005M03,Vísitala neysluverðs án húsnæðis,"Ársbreyting, %",2
2005M04,Vísitala neysluverðs,Vísitala,242
2005M04,Vísitala neysluverðs,"Mánaðarbreyting, %",0.21
2005M04,Vísitala neysluverðs,"Ársbreyting, %",4.3
2005M04,Vísitala neysluverðs án húsnæðis,Vísitala,228.3
2005M04,Vísitala neysluverðs án húsnæðis,"Mánaðarbreyting, %",-0.48
2005M04,Vísitala neysluverðs án húsnæðis,"Ársbreyting, %",1.1
2005M05,Vísitala neysluverðs,Vísitala,240.7
2005M05,Vísitala neysluverðs,"Mánaðarbreyting, %",-0.54
2005M05,Vísitala neysluverðs,"Ársbreyting, %",2.9
2005M05,Vísitala neysluverðs án húsnæðis,Vísitala,227.4
2005M05,Vísitala neysluverðs án húsnæðis,"Mánaðarbreyting, %",-0.39
2005M05,Vísitala neysluverðs án húsnæðis,"Ársbreyting, %",0
2005M06,Vísitala neysluverðs,Vísitala,242.4
2005M06,Vísitala neysluverðs,"Mánaðarbreyting, %",0.71
2005M06,Vísitala neysluverðs,"Ársbreyting, %",2.8
2005M06,Vísitala neysluverðs án húsnæðis,Vísitala,228.2
2005M06,Vísitala neysluverðs án húsnæðis,"Mánaðarbreyting, %",0.35
2005M06,Vísitala neysluverðs án húsnæðis,"Ársbreyting, %",-0.2
2005M07,Vísitala neysluverðs,Vísitala,242.7
2005M07,Vísitala neysluverðs,"Mánaðarbreyting, %",0.12
2005M07,Vísitala neysluverðs,"Ársbreyting, %",3.5
2005M07,Vísitala neysluverðs án húsnæðis,Vísitala,227.9
2005M07,Vísitala neysluverðs án húsnæðis,"Mánaðarbreyting, %",-0.13
2005M07,Vísitala neysluverðs án húsnæðis,"Ársbreyting, %",0.1
2005M08,Vísitala neysluverðs,Vísitala,243.2
2005M08,Vísitala neysluverðs,"Mánaðarbreyting, %",0.21
2005M08,Vísitala neysluverðs,"Ársbreyting, %",3.7
2005M08,Vísitala neysluverðs án húsnæðis,Vísitala,227.5
2005M08,Vísitala neysluverðs án húsnæðis,"Mánaðarbreyting, %",-0.18
2005M08,Vísitala neysluverðs án húsnæðis,"Ársbreyting, %",0.1
2005M09,Vísitala neysluverðs,Vísitala,246.9
2005M09,Vísitala neysluverðs,"Mánaðarbreyting, %",1.52
2005M09,Vísitala neysluverðs,"Ársbreyting, %",4.8
2005M09,Vísitala neysluverðs án húsnæðis,Vísitala,231.4
2005M09,Vísitala neysluverðs án húsnæðis,"Mánaðarbreyting, %",1.71
2005M09,Vísitala neysluverðs án húsnæðis,"Ársbreyting, %",1.4
2005M10,Vísitala neysluverðs,Vísitala,248.4
2005M10,Vísitala neysluverðs,"Mánaðarbreyting, %",0.61
2005M10,Vísitala neysluverðs,"Ársbreyting, %",4.6
2005M10,Vísitala neysluverðs án húsnæðis,Vísitala,232.5
2005M10,Vísitala neysluverðs án húsnæðis,"Mánaðarbreyting, %",0.48
2005M10,Vísitala neysluverðs án húsnæðis,"Ársbreyting, %",1.2
2005M11,Vísitala neysluverðs,Vísitala,248
2005M11,Vísitala neysluverðs,"Mánaðarbreyting, %",-0.16
2005M11,Vísitala neysluverðs,"Ársbreyting, %",4.2
2005M11,Vísitala neysluverðs án húsnæðis,Vísitala,231.5
2005M11,Vísitala neysluverðs án húsnæðis,"Mánaðarbreyting, %",-0.43
2005M11,Vísitala neysluverðs án húsnæðis,"Ársbreyting, %",0.7
2005M12,Vísitala neysluverðs,Vísitala,248.9
2005M12,Vísitala neysluverðs,"Mánaðarbreyting, %",0.36
2005M12,Vísitala neysluverðs,"Ársbreyting, %",4.1
2005M12,Vísitala neysluverðs án húsnæðis,Vísitala,232
2005M12,Vísitala neysluverðs án húsnæðis,"Mánaðarbreyting, %",0.22
2005M12,Vísitala neysluverðs án húsnæðis,"Ársbreyting, %",0.7
2006M01,Vísitala neysluverðs,Vísitala,249.7
2006M01,Vísitala neysluverðs,"Mánaðarbreyting, %",0.32
2006M01,Vísitala neysluverðs,"Ársbreyting, %",4.4
2006M01,Vísitala neysluverðs án húsnæðis,Vísitala,231.5
2006M01,Vísitala neysluverðs án húsnæðis,"Mánaðarbreyting, %",-0.22
2006M01,Vísitala neysluverðs án húsnæðis,"Ársbreyting, %",1
2006M02,Vísitala neysluverðs,Vísitala,249.5
2006M02,Vísitala neysluverðs,"Mánaðarbreyting, %",-0.08
2006M02,Vísitala neysluverðs,"Ársbreyting, %",4.1
2006M02,Vísitala neysluverðs án húsnæðis,Vísitala,230.9
2006M02,Vísitala neysluverðs án húsnæðis,"Mánaðarbreyting, %",-0.26
2006M02,Vísitala neysluverðs án húsnæðis,"Ársbreyting, %",1
2006M03,Vísitala neysluverðs,Vísitala,252.3
2006M03,Vísitala neysluverðs,"Mánaðarbreyting, %",1.12
2006M03,Vísitala neysluverðs,"Ársbreyting, %",4.5
2006M03,Vísitala neysluverðs án húsnæðis,Vísitala,233.6
2006M03,Vísitala neysluverðs án húsnæðis,"Mánaðarbreyting, %",1.17
2006M03,Vísitala neysluverðs án húsnæðis,"Ársbreyting, %",1.8
2006M04,Vísitala neysluverðs,Vísitala,255.2
2006M04,Vísitala neysluverðs,"Mánaðarbreyting, %",1.15
2006M04,Vísitala neysluverðs,"Ársbreyting, %",5.5
2006M04,Vísitala neysluverðs án húsnæðis,Vísitala,236.1
2006M04,Vísitala neysluverðs án húsnæðis,"Mánaðarbreyting, %",1.07
2006M04,Vísitala neysluverðs án húsnæðis,"Ársbreyting, %",3.4
2006M05,Vísitala neysluverðs,Vísitala,258.9
2006M05,Vísitala neysluverðs,"Mánaðarbreyting, %",1.45
2006M05,Vísitala neysluverðs,"Ársbreyting, %",7.6
2006M05,Vísitala neysluverðs án húsnæðis,Vísitala,239.6
2006M05,Vísitala neysluverðs án húsnæðis,"Mánaðarbreyting, %",1.48
2006M05,Vísitala neysluverðs án húsnæðis,"Ársbreyting, %",5.4
2006M06,Vísitala neysluverðs,Vísitala,261.9
2006M06,Vísitala neysluverðs,"Mánaðarbreyting, %",1.16
2006M06,Vísitala neysluverðs,"Ársbreyting, %",8
2006M06,Vísitala neysluverðs án húsnæðis,Vísitala,242
2006M06,Vísitala neysluverðs án húsnæðis,"Mánaðarbreyting, %",1
2006M06,Vísitala neysluverðs án húsnæðis,"Ársbreyting, %",6
2006M07,Vísitala neysluverðs,Vísitala,263.1
2006M07,Vísitala neysluverðs,"Mánaðarbreyting, %",0.46
2006M07,Vísitala neysluverðs,"Ársbreyting, %",8.4
2006M07,Vísitala neysluverðs án húsnæðis,Vísitala,243
2006M07,Vísitala neysluverðs án húsnæðis,"Mánaðarbreyting, %",0.41
2006M07,Vísitala neysluverðs án húsnæðis,"Ársbreyting, %",6.6
2006M08,Vísitala neysluverðs,Vísitala,264
2006M08,Vísitala neysluverðs,"Mánaðarbreyting, %",0.34
2006M08,Vísitala neysluverðs,"Ársbreyting, %",8.6
2006M08,Vísitala neysluverðs án húsnæðis,Vísitala,243.7
2006M08,Vísitala neysluverðs án húsnæðis,"Mánaðarbreyting, %",0.29
2006M08,Vísitala neysluverðs án húsnæðis,"Ársbreyting, %",7.1
2006M09,Vísitala neysluverðs,Vísitala,265.6
2006M09,Vísitala neysluverðs,"Mánaðarbreyting, %",0.61
2006M09,Vísitala neysluverðs,"Ársbreyting, %",7.6
2006M09,Vísitala neysluverðs án húsnæðis,Vísitala,245.2
2006M09,Vísitala neysluverðs án húsnæðis,"Mánaðarbreyting, %",0.62
2006M09,Vísitala neysluverðs án húsnæðis,"Ársbreyting, %",6
2006M10,Vísitala neysluverðs,Vísitala,266.2
2006M10,Vísitala neysluverðs,"Mánaðarbreyting, %",0.23
2006M10,Vísitala neysluverðs,"Ársbreyting, %",7.2
2006M10,Vísitala neysluverðs án húsnæðis,Vísitala,245.6
2006M10,Vísitala neysluverðs án húsnæðis,"Mánaðarbreyting, %",0.16
2006M10,Vísitala neysluverðs án húsnæðis,"Ársbreyting, %",5.6
2006M11,Vísitala neysluverðs,Vísitala,266.1
2006M11,Vísitala neysluverðs,"Mánaðarbreyting, %",-0.04
2006M11,Vísitala neysluverðs,"Ársbreyting, %",7.3
2006M11,Vísitala neysluverðs án húsnæðis,Vísitala,245
2006M11,Vísitala neysluverðs án húsnæðis,"Mánaðarbreyting, %",-0.24
2006M11,Vísitala neysluverðs án húsnæðis,"Ársbreyting, %",5.8
2006M12,Vísitala neysluverðs,Vísitala,266.2
2006M12,Vísitala neysluverðs,"Mánaðarbreyting, %",0.04
2006M12,Vísitala neysluverðs,"Ársbreyting, %",7
2006M12,Vísitala neysluverðs án húsnæðis,Vísitala,245
2006M12,Vísitala neysluverðs án húsnæðis,"Mánaðarbreyting, %",0
2006M12,Vísitala neysluverðs án húsnæðis,"Ársbreyting, %",5.6
2007M01,Vísitala neysluverðs,Vísitala,266.9
2007M01,Vísitala neysluverðs,"Mánaðarbreyting, %",0.26
2007M01,Vísitala neysluverðs,"Ársbreyting, %",6.9
2007M01,Vísitala neysluverðs án húsnæðis,Vísitala,245.3
2007M01,Vísitala neysluverðs án húsnæðis,"Mánaðarbreyting, %",0.12
2007M01,Vísitala neysluverðs án húsnæðis,"Ársbreyting, %",6
2007M02,Vísitala neysluverðs,Vísitala,268
2007M02,Vísitala neysluverðs,"Mánaðarbreyting, %",0.41
2007M02,Vísitala neysluverðs,"Ársbreyting, %",7.4
2007M02,Vísitala neysluverðs án húsnæðis,Vísitala,245.3
2007M02,Vísitala neysluverðs án húsnæðis,"Mánaðarbreyting, %",0
2007M02,Vísitala neysluverðs án húsnæðis,"Ársbreyting, %",6.2
2007M03,Vísitala neysluverðs,Vísitala,267.1
2007M03,Vísitala neysluverðs,"Mánaðarbreyting, %",-0.34
2007M03,Vísitala neysluverðs,"Ársbreyting, %",5.9
2007M03,Vísitala neysluverðs án húsnæðis,Vísitala,243.2
2007M03,Vísitala neysluverðs án húsnæðis,"Mánaðarbreyting, %",-0.86
2007M03,Vísitala neysluverðs án húsnæðis,"Ársbreyting, %",4.1
2007M04,Vísitala neysluverðs,Vísitala,268.7
2007M04,Vísitala neysluverðs,"Mánaðarbreyting, %",0.6
2007M04,Vísitala neysluverðs,"Ársbreyting, %",5.3
2007M04,Vísitala neysluverðs án húsnæðis,Vísitala,243.7
2007M04,Vísitala neysluverðs án húsnæðis,"Mánaðarbreyting, %",0.21
2007M04,Vísitala neysluverðs án húsnæðis,"Ársbreyting, %",3.2
2007M05,Vísitala neysluverðs,Vísitala,271
2007M05,Vísitala neysluverðs,"Mánaðarbreyting, %",0.86
2007M05,Vísitala neysluverðs,"Ársbreyting, %",4.7
2007M05,Vísitala neysluverðs án húsnæðis,Vísitala,245.7
2007M05,Vísitala neysluverðs án húsnæðis,"Mánaðarbreyting, %",0.82
2007M05,Vísitala neysluverðs án húsnæðis,"Ársbreyting, %",2.5
2007M06,Vísitala neysluverðs,Vísitala,272.4
2007M06,Vísitala neysluverðs,"Mánaðarbreyting, %",0.52
2007M06,Vísitala neysluverðs,"Ársbreyting, %",4
2007M06,Vísitala neysluverðs án húsnæðis,Vísitala,246.2
2007M06,Vísitala neysluverðs án húsnæðis,"Mánaðarbreyting, %",0.2
2007M06,Vísitala neysluverðs án húsnæðis,"Ársbreyting, %",1.7
2007M07,Vísitala neysluverðs,Vísitala,273
2007M07,Vísitala neysluverðs,"Mánaðarbreyting, %",0.22
2007M07,Vísitala neysluverðs,"Ársbreyting, %",3.8
2007M07,Vísitala neysluverðs án húsnæðis,Vísitala,245.9
2007M07,Vísitala neysluverðs án húsnæðis,"Mánaðarbreyting, %",-0.12
2007M07,Vísitala neysluverðs án húsnæðis,"Ársbreyting, %",1.2
2007M08,Vísitala neysluverðs,Vísitala,273.1
2007M08,Vísitala neysluverðs,"Mánaðarbreyting, %",0.04
2007M08,Vísitala neysluverðs,"Ársbreyting, %",3.4
2007M08,Vísitala neysluverðs án húsnæðis,Vísitala,245
2007M08,Vísitala neysluverðs án húsnæðis,"Mánaðarbreyting, %",-0.37
2007M08,Vísitala neysluverðs án húsnæðis,"Ársbreyting, %",0.5
2007M09,Vísitala neysluverðs,Vísitala,276.7
2007M09,Vísitala neysluverðs,"Mánaðarbreyting, %",1.32
2007M09,Vísitala neysluverðs,"Ársbreyting, %",4.2
2007M09,Vísitala neysluverðs án húsnæðis,Vísitala,247.8
2007M09,Vísitala neysluverðs án húsnæðis,"Mánaðarbreyting, %",1.14
2007M09,Vísitala neysluverðs án húsnæðis,"Ársbreyting, %",1.1
2007M10,Vísitala neysluverðs,Vísitala,278.1
2007M10,Vísitala neysluverðs,"Mánaðarbreyting, %",0.51
2007M10,Vísitala neysluverðs,"Ársbreyting, %",4.5
2007M10,Vísitala neysluverðs án húsnæðis,Vísitala,248.7
2007M10,Vísitala neysluverðs án húsnæðis,"Mánaðarbreyting, %",0.36
2007M10,Vísitala neysluverðs án húsnæðis,"Ársbreyting, %",1.3
2007M11,Vísitala neysluverðs,Vísitala,279.9
2007M11,Vísitala neysluverðs,"Mánaðarbreyting, %",0.65
2007M11,Vísitala neysluverðs,"Ársbreyting, %",5.2
2007M11,Vísitala neysluverðs án húsnæðis,Vísitala,249.7
2007M11,Vísitala neysluverðs án húsnæðis,"Mánaðarbreyting, %",0.4
2007M11,Vísitala neysluverðs án húsnæðis,"Ársbreyting, %",1.9
2007M12,Vísitala neysluverðs,Vísitala,281.8
2007M12,Vísitala neysluverðs,"Mánaðarbreyting, %",0.68
2007M12,Vísitala neysluverðs,"Ársbreyting, %",5.9
2007M12,Vísitala neysluverðs án húsnæðis,Vísitala,251.4
2007M12,Vísitala neysluverðs án húsnæðis,"Mánaðarbreyting, %",0.68
2007M12,Vísitala neysluverðs án húsnæðis,"Ársbreyting, %",2.6
2008M01,Vísitala neysluverðs,Vísitala,282.3
2008M01,Vísitala neysluverðs,"Mánaðarbreyting, %",0.18
2008M01,Vísitala neysluverðs,"Ársbreyting, %",5.8
2008M01,Vísitala neysluverðs án húsnæðis,Vísitala,251
2008M01,Vísitala neysluverðs án húsnæðis,"Mánaðarbreyting, %",-0.16
2008M01,Vísitala neysluverðs án húsnæðis,"Ársbreyting, %",2.3
2008M02,Vísitala neysluverðs,Vísitala,286.2
2008M02,Vísitala neysluverðs,"Mánaðarbreyting, %",1.38
2008M02,Vísitala neysluverðs,"Ársbreyting, %",6.8
2008M02,Vísitala neysluverðs án húsnæðis,Vísitala,254.9
2008M02,Vísitala neysluverðs án húsnæðis,"Mánaðarbreyting, %",1.55
2008M02,Vísitala neysluverðs án húsnæðis,"Ársbreyting, %",3.9
2008M03,Vísitala neysluverðs,Vísitala,290.4
2008M03,Vísitala neysluverðs,"Mánaðarbreyting, %",1.47
2008M03,Vísitala neysluverðs,"Ársbreyting, %",8.7
2008M03,Vísitala neysluverðs án húsnæðis,Vísitala,258.7
2008M03,Vísitala neysluverðs án húsnæðis,"Mánaðarbreyting, %",1.49
2008M03,Vísitala neysluverðs án húsnæðis,"Ársbreyting, %",6.4
2008M04,Vísitala neysluverðs,Vísitala,300.3
2008M04,Vísitala neysluverðs,"Mánaðarbreyting, %",3.41
2008M04,Vísitala neysluverðs,"Ársbreyting, %",11.8
2008M04,Vísitala neysluverðs án húsnæðis,Vísitala,269.6
2008M04,Vísitala neysluverðs án húsnæðis,"Mánaðarbreyting, %",4.21
2008M04,Vísitala neysluverðs án húsnæðis,"Ársbreyting, %",10.6
2008M05,Vísitala neysluverðs,Vísitala,304.4
2008M05,Vísitala neysluverðs,"Mánaðarbreyting, %",1.37
2008M05,Vísitala neysluverðs,"Ársbreyting, %",12.3
2008M05,Vísitala neysluverðs án húsnæðis,Vísitala,273.6
2008M05,Vísitala neysluverðs án húsnæðis,"Mánaðarbreyting, %",1.48
2008M05,Vísitala neysluverðs án húsnæðis,"Ársbreyting, %",11.4
2008M06,Vísitala neysluverðs,Vísitala,307.1
2008M06,Vísitala neysluverðs,"Mánaðarbreyting, %",0.89
2008M06,Vísitala neysluverðs,"Ársbreyting, %",12.7
2008M06,Vísitala neysluverðs án húsnæðis,Vísitala,275.9
2008M06,Vísitala neysluverðs án húsnæðis,"Mánaðarbreyting, %",0.84
2008M06,Vísitala neysluverðs án húsnæðis,"Ársbreyting, %",12.1
2008M07,Vísitala neysluverðs,Vísitala,310
2008M07,Vísitala neysluverðs,"Mánaðarbreyting, %",0.94
2008M07,Vísitala neysluverðs,"Ársbreyting, %",13.6
2008M07,Vísitala neysluverðs án húsnæðis,Vísitala,278.3
2008M07,Vísitala neysluverðs án húsnæðis,"Mánaðarbreyting, %",0.87
2008M07,Vísitala neysluverðs án húsnæðis,"Ársbreyting, %",13.2
2008M08,Vísitala neysluverðs,Vísitala,312.8
2008M08,Vísitala neysluverðs,"Mánaðarbreyting, %",0.9
2008M08,Vísitala neysluverðs,"Ársbreyting, %",14.5
2008M08,Vísitala neysluverðs án húsnæðis,Vísitala,280.8
2008M08,Vísitala neysluverðs án húsnæðis,"Mánaðarbreyting, %",0.9
2008M08,Vísitala neysluverðs án húsnæðis,"Ársbreyting, %",14.6
2008M09,Vísitala neysluverðs,Vísitala,315.5
2008M09,Vísitala neysluverðs,"Mánaðarbreyting, %",0.86
2008M09,Vísitala neysluverðs,"Ársbreyting, %",14
2008M09,Vísitala neysluverðs án húsnæðis,Vísitala,284.3
2008M09,Vísitala neysluverðs án húsnæðis,"Mánaðarbreyting, %",1.25
2008M09,Vísitala neysluverðs án húsnæðis,"Ársbreyting, %",14.7
2008M10,Vísitala neysluverðs,Vísitala,322.3
2008M10,Vísitala neysluverðs,"Mánaðarbreyting, %",2.16
2008M10,Vísitala neysluverðs,"Ársbreyting, %",15.9
2008M10,Vísitala neysluverðs án húsnæðis,Vísitala,292.9
2008M10,Vísitala neysluverðs án húsnæðis,"Mánaðarbreyting, %",3.02
2008M10,Vísitala neysluverðs án húsnæðis,"Ársbreyting, %",17.8
2008M11,Vísitala neysluverðs,Vísitala,327.9
2008M11,Vísitala neysluverðs,"Mánaðarbreyting, %",1.74
2008M11,Vísitala neysluverðs,"Ársbreyting, %",17.1
2008M11,Vísitala neysluverðs án húsnæðis,Vísitala,298.3
2008M11,Vísitala neysluverðs án húsnæðis,"Mánaðarbreyting, %",1.84
2008M11,Vísitala neysluverðs án húsnæðis,"Ársbreyting, %",19.5
2008M12,Vísitala neysluverðs,Vísitala,332.9
2008M12,Vísitala neysluverðs,"Mánaðarbreyting, %",1.52
2008M12,Vísitala neysluverðs,"Ársbreyting, %",18.1
2008M12,Vísitala neysluverðs án húsnæðis,Vísitala,303.4
2008M12,Vísitala neysluverðs án húsnæðis,"Mánaðarbreyting, %",1.71
2008M12,Vísitala neysluverðs án húsnæðis,"Ársbreyting, %",20.7
2009M01,Vísitala neysluverðs,Vísitala,334.8
2009M01,Vísitala neysluverðs,"Mánaðarbreyting, %",0.57
2009M01,Vísitala neysluverðs,"Ársbreyting, %",18.6
2009M01,Vísitala neysluverðs án húsnæðis,Vísitala,304.7
2009M01,Vísitala neysluverðs án húsnæðis,"Mánaðarbreyting, %",0.43
2009M01,Vísitala neysluverðs án húsnæðis,"Ársbreyting, %",21.4
2009M02,Vísitala neysluverðs,Vísitala,336.5
2009M02,Vísitala neysluverðs,"Mánaðarbreyting, %",0.51
2009M02,Vísitala neysluverðs,"Ársbreyting, %",17.6
2009M02,Vísitala neysluverðs án húsnæðis,Vísitala,308.5
2009M02,Vísitala neysluverðs án húsnæðis,"Mánaðarbreyting, %",1.25
2009M02,Vísitala neysluverðs án húsnæðis,"Ársbreyting, %",21
2009M03,Vísitala neysluverðs,Vísitala,334.5
2009M03,Vísitala neysluverðs,"Mánaðarbreyting, %",-0.59
2009M03,Vísitala neysluverðs,"Ársbreyting, %",15.2
2009M03,Vísitala neysluverðs án húsnæðis,Vísitala,309
2009M03,Vísitala neysluverðs án húsnæðis,"Mánaðarbreyting, %",0.16
2009M03,Vísitala neysluverðs án húsnæðis,"Ársbreyting, %",19.4
2009M04,Vísitala neysluverðs,Vísitala,336
2009M04,Vísitala neysluverðs,"Mánaðarbreyting, %",0.45
2009M04,Vísitala neysluverðs,"Ársbreyting, %",11.9
2009M04,Vísitala neysluverðs án húsnæðis,Vísitala,311.6
2009M04,Vísitala neysluverðs án húsnæðis,"Mánaðarbreyting, %",0.84
2009M04,Vísitala neysluverðs án húsnæðis,"Ársbreyting, %",15.6
2009M05,Vísitala neysluverðs,Vísitala,339.8
2009M05,Vísitala neysluverðs,"Mánaðarbreyting, %",1.13
2009M05,Vísitala neysluverðs,"Ársbreyting, %",11.6
2009M05,Vísitala neysluverðs án húsnæðis,Vísitala,316.1
2009M05,Vísitala neysluverðs án húsnæðis,"Mánaðarbreyting, %",1.44
2009M05,Vísitala neysluverðs án húsnæðis,"Ársbreyting, %",15.5
2009M06,Vísitala neysluverðs,Vísitala,344.5
2009M06,Vísitala neysluverðs,"Mánaðarbreyting, %",1.38
2009M06,Vísitala neysluverðs,"Ársbreyting, %",12.2
2009M06,Vísitala neysluverðs án húsnæðis,Vísitala,322.1
2009M06,Vísitala neysluverðs án húsnæðis,"Mánaðarbreyting, %",1.9
2009M06,Vísitala neysluverðs án húsnæðis,"Ársbreyting, %",16.7
2009M07,Vísitala neysluverðs,Vísitala,345.1
2009M07,Vísitala neysluverðs,"Mánaðarbreyting, %",0.17
2009M07,Vísitala neysluverðs,"Ársbreyting, %",11.3
2009M07,Vísitala neysluverðs án húsnæðis,Vísitala,323.9
2009M07,Vísitala neysluverðs án húsnæðis,"Mánaðarbreyting, %",0.56
2009M07,Vísitala neysluverðs án húsnæðis,"Ársbreyting, %",16.4
2009M08,Vísitala neysluverðs,Vísitala,346.9
2009M08,Vísitala neysluverðs,"Mánaðarbreyting, %",0.52
2009M08,Vísitala neysluverðs,"Ársbreyting, %",10.9
2009M08,Vísitala neysluverðs án húsnæðis,Vísitala,326.1
2009M08,Vísitala neysluverðs án húsnæðis,"Mánaðarbreyting, %",0.68
2009M08,Vísitala neysluverðs án húsnæðis,"Ársbreyting, %",16.1
2009M09,Vísitala neysluverðs,Vísitala,349.6
2009M09,Vísitala neysluverðs,"Mánaðarbreyting, %",0.78
2009M09,Vísitala neysluverðs,"Ársbreyting, %",10.8
2009M09,Vísitala neysluverðs án húsnæðis,Vísitala,328.9
2009M09,Vísitala neysluverðs án húsnæðis,"Mánaðarbreyting, %",0.86
2009M09,Vísitala neysluverðs án húsnæðis,"Ársbreyting, %",15.7
2009M10,Vísitala neysluverðs,Vísitala,353.6
2009M10,Vísitala neysluverðs,"Mánaðarbreyting, %",1.14
2009M10,Vísitala neysluverðs,"Ársbreyting, %",9.7
2009M10,Vísitala neysluverðs án húsnæðis,Vísitala,332.5
2009M10,Vísitala neysluverðs án húsnæðis,"Mánaðarbreyting, %",1.09
2009M10,Vísitala neysluverðs án húsnæðis,"Ársbreyting, %",13.5
2009M11,Vísitala neysluverðs,Vísitala,356.2
2009M11,Vísitala neysluverðs,"Mánaðarbreyting, %",0.74
2009M11,Vísitala neysluverðs,"Ársbreyting, %",8.6
2009M11,Vísitala neysluverðs án húsnæðis,Vísitala,335.7
2009M11,Vísitala neysluverðs án húsnæðis,"Mánaðarbreyting, %",0.96
2009M11,Vísitala neysluverðs án húsnæðis,"Ársbreyting, %",12.5
2009M12,Vísitala neysluverðs,Vísitala,357.9
2009M12,Vísitala neysluverðs,"Mánaðarbreyting, %",0.48
2009M12,Vísitala neysluverðs,"Ársbreyting, %",7.5
2009M12,Vísitala neysluverðs án húsnæðis,Vísitala,337.8
2009M12,Vísitala neysluverðs án húsnæðis,"Mánaðarbreyting, %",0.63
2009M12,Vísitala neysluverðs án húsnæðis,"Ársbreyting, %",11.3
2010M01,Vísitala neysluverðs,Vísitala,356.8
2010M01,Vísitala neysluverðs,"Mánaðarbreyting, %",-0.31
2010M01,Vísitala neysluverðs,"Ársbreyting, %",6.6
2010M01,Vísitala neysluverðs án húsnæðis,Vísitala,337.9
2010M01,Vísitala neysluverðs án húsnæðis,"Mánaðarbreyting, %",0.03
2010M01,Vísitala neysluverðs án húsnæðis,"Ársbreyting, %",10.9
2010M02,Vísitala neysluverðs,Vísitala,360.9
2010M02,Vísitala neysluverðs,"Mánaðarbreyting, %",1.15
2010M02,Vísitala neysluverðs,"Ársbreyting, %",7.3
2010M02,Vísitala neysluverðs án húsnæðis,Vísitala,342.4
2010M02,Vísitala neysluverðs án húsnæðis,"Mánaðarbreyting, %",1.33
2010M02,Vísitala neysluverðs án húsnæðis,"Ársbreyting, %",11
2010M03,Vísitala neysluverðs,Vísitala,362.9
2010M03,Vísitala neysluverðs,"Mánaðarbreyting, %",0.55
2010M03,Vísitala neysluverðs,"Ársbreyting, %",8.5
2010M03,Vísitala neysluverðs án húsnæðis,Vísitala,346
2010M03,Vísitala neysluverðs án húsnæðis,"Mánaðarbreyting, %",1.05
2010M03,Vísitala neysluverðs án húsnæðis,"Ársbreyting, %",12
2010M04,Vísitala neysluverðs,Vísitala,363.8
2010M04,Vísitala neysluverðs,"Mánaðarbreyting, %",0.25
2010M04,Vísitala neysluverðs,"Ársbreyting, %",8.3
2010M04,Vísitala neysluverðs án húsnæðis,Vísitala,346.9
2010M04,Vísitala neysluverðs án húsnæðis,"Mánaðarbreyting, %",0.26
2010M04,Vísitala neysluverðs án húsnæðis,"Ársbreyting, %",11.3
2010M05,Vísitala neysluverðs,Vísitala,365.3
2010M05,Vísitala neysluverðs,"Mánaðarbreyting, %",0.41
2010M05,Vísitala neysluverðs,"Ársbreyting, %",7.5
2010M05,Vísitala neysluverðs án húsnæðis,Vísitala,347.9
2010M05,Vísitala neysluverðs án húsnæðis,"Mánaðarbreyting, %",0.29
2010M05,Vísitala neysluverðs án húsnæðis,"Ársbreyting, %",10.1
2010M06,Vísitala neysluverðs,Vísitala,364.1
2010M06,Vísitala neysluverðs,"Mánaðarbreyting, %",-0.33
2010M06,Vísitala neysluverðs,"Ársbreyting, %",5.7
2010M06,Vísitala neysluverðs án húsnæðis,Vísitala,346.3
2010M06,Vísitala neysluverðs án húsnæðis,"Mánaðarbreyting, %",-0.46
2010M06,Vísitala neysluverðs án húsnæðis,"Ársbreyting, %",7.5
2010M07,Vísitala neysluverðs,Vísitala,361.7
2010M07,Vísitala neysluverðs,"Mánaðarbreyting, %",-0.66
2010M07,Vísitala neysluverðs,"Ársbreyting, %",4.8
2010M07,Vísitala neysluverðs án húsnæðis,Vísitala,343.6
2010M07,Vísitala neysluverðs án húsnæðis,"Mánaðarbreyting, %",-0.78
2010M07,Vísitala neysluverðs án húsnæðis,"Ársbreyting, %",6.1
2010M08,Vísitala neysluverðs,Vísitala,362.6
2010M08,Vísitala neysluverðs,"Mánaðarbreyting, %",0.25
2010M08,Vísitala neysluverðs,"Ársbreyting, %",4.5
2010M08,Vísitala neysluverðs án húsnæðis,Vísitala,344.9
2010M08,Vísitala neysluverðs án húsnæðis,"Mánaðarbreyting, %",0.38
2010M08,Vísitala neysluverðs án húsnæðis,"Ársbreyting, %",5.8
2010M09,Vísitala neysluverðs,Vísitala,362.6
2010M09,Vísitala neysluverðs,"Mánaðarbreyting, %",0
2010M09,Vísitala neysluverðs,"Ársbreyting, %",3.7
2010M09,Vísitala neysluverðs án húsnæðis,Vísitala,344.9
2010M09,Vísitala neysluverðs án húsnæðis,"Mánaðarbreyting, %",0
2010M09,Vísitala neysluverðs án húsnæðis,"Ársbreyting, %",4.9
2010M10,Vísitala neysluverðs,Vísitala,365.3
2010M10,Vísitala neysluverðs,"Mánaðarbreyting, %",0.74
2010M10,Vísitala neysluverðs,"Ársbreyting, %",3.3
2010M10,Vísitala neysluverðs án húsnæðis,Vísitala,347.7
2010M10,Vísitala neysluverðs án húsnæðis,"Mánaðarbreyting, %",0.81
2010M10,Vísitala neysluverðs án húsnæðis,"Ársbreyting, %",4.6
2010M11,Vísitala neysluverðs,Vísitala,365.5
2010M11,Vísitala neysluverðs,"Mánaðarbreyting, %",0.05
2010M11,Vísitala neysluverðs,"Ársbreyting, %",2.6
2010M11,Vísitala neysluverðs án húsnæðis,Vísitala,348
2010M11,Vísitala neysluverðs án húsnæðis,"Mánaðarbreyting, %",0.09
2010M11,Vísitala neysluverðs án húsnæðis,"Ársbreyting, %",3.7
2010M12,Vísitala neysluverðs,Vísitala,366.7
2010M12,Vísitala neysluverðs,"Mánaðarbreyting, %",0.33
2010M12,Vísitala neysluverðs,"Ársbreyting, %",2.5
2010M12,Vísitala neysluverðs án húsnæðis,Vísitala,349.5
2010M12,Vísitala neysluverðs án húsnæðis,"Mánaðarbreyting, %",0.43
2010M12,Vísitala neysluverðs án húsnæðis,"Ársbreyting, %",3.5
2011M01,Vísitala neysluverðs,Vísitala,363.4
2011M01,Vísitala neysluverðs,"Mánaðarbreyting, %",-0.9
2011M01,Vísitala neysluverðs,"Ársbreyting, %",1.8
2011M01,Vísitala neysluverðs án húsnæðis,Vísitala,346.1
2011M01,Vísitala neysluverðs án húsnæðis,"Mánaðarbreyting, %",-0.97
2011M01,Vísitala neysluverðs án húsnæðis,"Ársbreyting, %",2.4
2011M02,Vísitala neysluverðs,Vísitala,367.7
2011M02,Vísitala neysluverðs,"Mánaðarbreyting, %",1.18
2011M02,Vísitala neysluverðs,"Ársbreyting, %",1.9
2011M02,Vísitala neysluverðs án húsnæðis,Vísitala,350.1
2011M02,Vísitala neysluverðs án húsnæðis,"Mánaðarbreyting, %",1.16
2011M02,Vísitala neysluverðs án húsnæðis,"Ársbreyting, %",2.2
2011M03,Vísitala neysluverðs,Vísitala,371.2
2011M03,Vísitala neysluverðs,"Mánaðarbreyting, %",0.95
2011M03,Vísitala neysluverðs,"Ársbreyting, %",2.3
2011M03,Vísitala neysluverðs án húsnæðis,Vísitala,353.9
2011M03,Vísitala neysluverðs án húsnæðis,"Mánaðarbreyting, %",1.09
2011M03,Vísitala neysluverðs án húsnæðis,"Ársbreyting, %",2.3
2011M04,Vísitala neysluverðs,Vísitala,374.1
2011M04,Vísitala neysluverðs,"Mánaðarbreyting, %",0.78
2011M04,Vísitala neysluverðs,"Ársbreyting, %",2.8
2011M04,Vísitala neysluverðs án húsnæðis,Vísitala,356.2
2011M04,Vísitala neysluverðs án húsnæðis,"Mánaðarbreyting, %",0.65
2011M04,Vísitala neysluverðs án húsnæðis,"Ársbreyting, %",2.7
2011M05,Vísitala neysluverðs,Vísitala,377.6
2011M05,Vísitala neysluverðs,"Mánaðarbreyting, %",0.94
2011M05,Vísitala neysluverðs,"Ársbreyting, %",3.4
2011M05,Vísitala neysluverðs án húsnæðis,Vísitala,358.8
2011M05,Vísitala neysluverðs án húsnæðis,"Mánaðarbreyting, %",0.73
2011M05,Vísitala neysluverðs án húsnæðis,"Ársbreyting, %",3.1
2011M06,Vísitala neysluverðs,Vísitala,379.5
2011M06,Vísitala neysluverðs,"Mánaðarbreyting, %",0.5
2011M06,Vísitala neysluverðs,"Ársbreyting, %",4.2
2011M06,Vísitala neysluverðs án húsnæðis,Vísitala,360.7
2011M06,Vísitala neysluverðs án húsnæðis,"Mánaðarbreyting, %",0.53
2011M06,Vísitala neysluverðs án húsnæðis,"Ársbreyting, %",4.2
2011M07,Vísitala neysluverðs,Vísitala,379.9
2011M07,Vísitala neysluverðs,"Mánaðarbreyting, %",0.11
2011M07,Vísitala neysluverðs,"Ársbreyting, %",5
2011M07,Vísitala neysluverðs án húsnæðis,Vísitala,359.9
2011M07,Vísitala neysluverðs án húsnæðis,"Mánaðarbreyting, %",-0.22
2011M07,Vísitala neysluverðs án húsnæðis,"Ársbreyting, %",4.7
2011M08,Vísitala neysluverðs,Vísitala,380.9
2011M08,Vísitala neysluverðs,"Mánaðarbreyting, %",0.26
2011M08,Vísitala neysluverðs,"Ársbreyting, %",5
2011M08,Vísitala neysluverðs án húsnæðis,Vísitala,361.2
2011M08,Vísitala neysluverðs án húsnæðis,"Mánaðarbreyting, %",0.36
2011M08,Vísitala neysluverðs án húsnæðis,"Ársbreyting, %",4.7
2011M09,Vísitala neysluverðs,Vísitala,383.3
2011M09,Vísitala neysluverðs,"Mánaðarbreyting, %",0.63
2011M09,Vísitala neysluverðs,"Ársbreyting, %",5.7
2011M09,Vísitala neysluverðs án húsnæðis,Vísitala,363.9
2011M09,Vísitala neysluverðs án húsnæðis,"Mánaðarbreyting, %",0.75
2011M09,Vísitala neysluverðs án húsnæðis,"Ársbreyting, %",5.5
2011M10,Vísitala neysluverðs,Vísitala,384.6
2011M10,Vísitala neysluverðs,"Mánaðarbreyting, %",0.34
2011M10,Vísitala neysluverðs,"Ársbreyting, %",5.3
2011M10,Vísitala neysluverðs án húsnæðis,Vísitala,365
2011M10,Vísitala neysluverðs án húsnæðis,"Mánaðarbreyting, %",0.3
2011M10,Vísitala neysluverðs án húsnæðis,"Ársbreyting, %",5
2011M11,Vísitala neysluverðs,Vísitala,384.6
2011M11,Vísitala neysluverðs,"Mánaðarbreyting, %",0
2011M11,Vísitala neysluverðs,"Ársbreyting, %",5.2
2011M11,Vísitala neysluverðs án húsnæðis,Vísitala,364.4
2011M11,Vísitala neysluverðs án húsnæðis,"Mánaðarbreyting, %",-0.16
2011M11,Vísitala neysluverðs án húsnæðis,"Ársbreyting, %",4.7
2011M12,Vísitala neysluverðs,Vísitala,386
2011M12,Vísitala neysluverðs,"Mánaðarbreyting, %",0.36
2011M12,Vísitala neysluverðs,"Ársbreyting, %",5.3
2011M12,Vísitala neysluverðs án húsnæðis,Vísitala,365.7
2011M12,Vísitala neysluverðs án húsnæðis,"Mánaðarbreyting, %",0.36
2011M12,Vísitala neysluverðs án húsnæðis,"Ársbreyting, %",4.6
2012M01,Vísitala neysluverðs,Vísitala,387.1
2012M01,Vísitala neysluverðs,"Mánaðarbreyting, %",0.28
2012M01,Vísitala neysluverðs,"Ársbreyting, %",6.5
2012M01,Vísitala neysluverðs án húsnæðis,Vísitala,365.9
2012M01,Vísitala neysluverðs án húsnæðis,"Mánaðarbreyting, %",0.05
2012M01,Vísitala neysluverðs án húsnæðis,"Ársbreyting, %",5.7
2012M02,Vísitala neysluverðs,Vísitala,391
2012M02,Vísitala neysluverðs,"Mánaðarbreyting, %",1.01
2012M02,Vísitala neysluverðs,"Ársbreyting, %",6.3
2012M02,Vísitala neysluverðs án húsnæðis,Vísitala,371.1
2012M02,Vísitala neysluverðs án húsnæðis,"Mánaðarbreyting, %",1.42
2012M02,Vísitala neysluverðs án húsnæðis,"Ársbreyting, %",6
2012M03,Vísitala neysluverðs,Vísitala,395.1
2012M03,Vísitala neysluverðs,"Mánaðarbreyting, %",1.05
2012M03,Vísitala neysluverðs,"Ársbreyting, %",6.4
2012M03,Vísitala neysluverðs án húsnæðis,Vísitala,375.9
2012M03,Vísitala neysluverðs án húsnæðis,"Mánaðarbreyting, %",1.29
2012M03,Vísitala neysluverðs án húsnæðis,"Ársbreyting, %",6.2
2012M04,Vísitala neysluverðs,Vísitala,398.2
2012M04,Vísitala neysluverðs,"Mánaðarbreyting, %",0.78
2012M04,Vísitala neysluverðs,"Ársbreyting, %",6.4
2012M04,Vísitala neysluverðs án húsnæðis,Vísitala,378.7
2012M04,Vísitala neysluverðs án húsnæðis,"Mánaðarbreyting, %",0.74
2012M04,Vísitala neysluverðs án húsnæðis,"Ársbreyting, %",6.3
2012M05,Vísitala neysluverðs,Vísitala,398.1
2012M05,Vísitala neysluverðs,"Mánaðarbreyting, %",-0.03
2012M05,Vísitala neysluverðs,"Ársbreyting, %",5.4
2012M05,Vísitala neysluverðs án húsnæðis,Vísitala,378.4
2012M05,Vísitala neysluverðs án húsnæðis,"Mánaðarbreyting, %",-0.08
2012M05,Vísitala neysluverðs án húsnæðis,"Ársbreyting, %",5.5
2012M06,Vísitala neysluverðs,Vísitala,400.1
2012M06,Vísitala neysluverðs,"Mánaðarbreyting, %",0.5
2012M06,Vísitala neysluverðs,"Ársbreyting, %",5.4
2012M06,Vísitala neysluverðs án húsnæðis,Vísitala,380.7
2012M06,Vísitala neysluverðs án húsnæðis,"Mánaðarbreyting, %",0.61
2012M06,Vísitala neysluverðs án húsnæðis,"Ársbreyting, %",5.5
2012M07,Vísitala neysluverðs,Vísitala,397.2
2012M07,Vísitala neysluverðs,"Mánaðarbreyting, %",-0.72
2012M07,Vísitala neysluverðs,"Ársbreyting, %",4.6
2012M07,Vísitala neysluverðs án húsnæðis,Vísitala,376.9
2012M07,Vísitala neysluverðs án húsnæðis,"Mánaðarbreyting, %",-1
2012M07,Vísitala neysluverðs án húsnæðis,"Ársbreyting, %",4.7
2012M08,Vísitala neysluverðs,Vísitala,396.6
2012M08,Vísitala neysluverðs,"Mánaðarbreyting, %",-0.15
2012M08,Vísitala neysluverðs,"Ársbreyting, %",4.1
2012M08,Vísitala neysluverðs án húsnæðis,Vísitala,376.6
2012M08,Vísitala neysluverðs án húsnæðis,"Mánaðarbreyting, %",-0.08
2012M08,Vísitala neysluverðs án húsnæðis,"Ársbreyting, %",4.3
2012M09,Vísitala neysluverðs,Vísitala,399.6
2012M09,Vísitala neysluverðs,"Mánaðarbreyting, %",0.76
2012M09,Vísitala neysluverðs,"Ársbreyting, %",4.3
2012M09,Vísitala neysluverðs án húsnæðis,Vísitala,380.3
2012M09,Vísitala neysluverðs án húsnæðis,"Mánaðarbreyting, %",0.98
2012M09,Vísitala neysluverðs án húsnæðis,"Ársbreyting, %",4.5
2012M10,Vísitala neysluverðs,Vísitala,400.7
2012M10,Vísitala neysluverðs,"Mánaðarbreyting, %",0.28
2012M10,Vísitala neysluverðs,"Ársbreyting, %",4.2
2012M10,Vísitala neysluverðs án húsnæðis,Vísitala,382.1
2012M10,Vísitala neysluverðs án húsnæðis,"Mánaðarbreyting, %",0.47
2012M10,Vísitala neysluverðs án húsnæðis,"Ársbreyting, %",4.7
2012M11,Vísitala neysluverðs,Vísitala,402
2012M11,Vísitala neysluverðs,"Mánaðarbreyting, %",0.32
2012M11,Vísitala neysluverðs,"Ársbreyting, %",4.5
2012M11,Vísitala neysluverðs án húsnæðis,Vísitala,383.5
2012M11,Vísitala neysluverðs án húsnæðis,"Mánaðarbreyting, %",0.37
2012M11,Vísitala neysluverðs án húsnæðis,"Ársbreyting, %",5.2
2012M12,Vísitala neysluverðs,Vísitala,402.2
2012M12,Vísitala neysluverðs,"Mánaðarbreyting, %",0.05
2012M12,Vísitala neysluverðs,"Ársbreyting, %",4.2
2012M12,Vísitala neysluverðs án húsnæðis,Vísitala,383.3
2012M12,Vísitala neysluverðs án húsnæðis,"Mánaðarbreyting, %",-0.05
2012M12,Vísitala neysluverðs án húsnæðis,"Ársbreyting, %",4.8
2013M01,Vísitala neysluverðs,Vísitala,403.3
2013M01,Vísitala neysluverðs,"Mánaðarbreyting, %",0.27
2013M01,Vísitala neysluverðs,"Ársbreyting, %",4.2
2013M01,Vísitala neysluverðs án húsnæðis,Vísitala,384.1
2013M01,Vísitala neysluverðs án húsnæðis,"Mánaðarbreyting, %",0.21
2013M01,Vísitala neysluverðs án húsnæðis,"Ársbreyting, %",5
2013M02,Vísitala neysluverðs,Vísitala,409.9
2013M02,Vísitala neysluverðs,"Mánaðarbreyting, %",1.64
2013M02,Vísitala neysluverðs,"Ársbreyting, %",4.8
2013M02,Vísitala neysluverðs án húsnæðis,Vísitala,391.9
2013M02,Vísitala neysluverðs án húsnæðis,"Mánaðarbreyting, %",2.03
2013M02,Vísitala neysluverðs án húsnæðis,"Ársbreyting, %",5.6
2013M03,Vísitala neysluverðs,Vísitala,410.7
2013M03,Vísitala neysluverðs,"Mánaðarbreyting, %",0.2
2013M03,Vísitala neysluverðs,"Ársbreyting, %",3.9
2013M03,Vísitala neysluverðs án húsnæðis,Vísitala,392.5
2013M03,Vísitala neysluverðs án húsnæðis,"Mánaðarbreyting, %",0.15
2013M03,Vísitala neysluverðs án húsnæðis,"Ársbreyting, %",4.4
2013M04,Vísitala neysluverðs,Vísitala,411.5
2013M04,Vísitala neysluverðs,"Mánaðarbreyting, %",0.19
2013M04,Vísitala neysluverðs,"Ársbreyting, %",3.3
2013M04,Vísitala neysluverðs án húsnæðis,Vísitala,392
2013M04,Vísitala neysluverðs án húsnæðis,"Mánaðarbreyting, %",-0.13
2013M04,Vísitala neysluverðs án húsnæðis,"Ársbreyting, %",3.5
2013M05,Vísitala neysluverðs,Vísitala,411.3
2013M05,Vísitala neysluverðs,"Mánaðarbreyting, %",-0.05
2013M05,Vísitala neysluverðs,"Ársbreyting, %",3.3
2013M05,Vísitala neysluverðs án húsnæðis,Vísitala,391.3
2013M05,Vísitala neysluverðs án húsnæðis,"Mánaðarbreyting, %",-0.18
2013M05,Vísitala neysluverðs án húsnæðis,"Ársbreyting, %",3.4
2013M06,Vísitala neysluverðs,Vísitala,413.5
2013M06,Vísitala neysluverðs,"Mánaðarbreyting, %",0.53
2013M06,Vísitala neysluverðs,"Ársbreyting, %",3.3
2013M06,Vísitala neysluverðs án húsnæðis,Vísitala,393.6
2013M06,Vísitala neysluverðs án húsnæðis,"Mánaðarbreyting, %",0.59
2013M06,Vísitala neysluverðs án húsnæðis,"Ársbreyting, %",3.4
2013M07,Vísitala neysluverðs,Vísitala,412.4
2013M07,Vísitala neysluverðs,"Mánaðarbreyting, %",-0.27
2013M07,Vísitala neysluverðs,"Ársbreyting, %",3.8
2013M07,Vísitala neysluverðs án húsnæðis,Vísitala,391.2
2013M07,Vísitala neysluverðs án húsnæðis,"Mánaðarbreyting, %",-0.61
2013M07,Vísitala neysluverðs án húsnæðis,"Ársbreyting, %",3.8
2013M08,Vísitala neysluverðs,Vísitala,413.8
2013M08,Vísitala neysluverðs,"Mánaðarbreyting, %",0.34
2013M08,Vísitala neysluverðs,"Ársbreyting, %",4.3
2013M08,Vísitala neysluverðs án húsnæðis,Vísitala,392.6
2013M08,Vísitala neysluverðs án húsnæðis,"Mánaðarbreyting, %",0.36
2013M08,Vísitala neysluverðs án húsnæðis,"Ársbreyting, %",4.2
2013M09,Vísitala neysluverðs,Vísitala,415.2
2013M09,Vísitala neysluverðs,"Mánaðarbreyting, %",0.34
2013M09,Vísitala neysluverðs,"Ársbreyting, %",3.9
2013M09,Vísitala neysluverðs án húsnæðis,Vísitala,394.2
2013M09,Vísitala neysluverðs án húsnæðis,"Mánaðarbreyting, %",0.41
2013M09,Vísitala neysluverðs án húsnæðis,"Ársbreyting, %",3.7
2013M10,Vísitala neysluverðs,Vísitala,415.2
2013M10,Vísitala neysluverðs,"Mánaðarbreyting, %",0
2013M10,Vísitala neysluverðs,"Ársbreyting, %",3.6
2013M10,Vísitala neysluverðs án húsnæðis,Vísitala,393.7
2013M10,Vísitala neysluverðs án húsnæðis,"Mánaðarbreyting, %",-0.13
2013M10,Vísitala neysluverðs án húsnæðis,"Ársbreyting, %",3
2013M11,Vísitala neysluverðs,Vísitala,416.7
2013M11,Vísitala neysluverðs,"Mánaðarbreyting, %",0.36
2013M11,Vísitala neysluverðs,"Ársbreyting, %",3.7
2013M11,Vísitala neysluverðs án húsnæðis,Vísitala,394.5
2013M11,Vísitala neysluverðs án húsnæðis,"Mánaðarbreyting, %",0.2
2013M11,Vísitala neysluverðs án húsnæðis,"Ársbreyting, %",2.9
2013M12,Vísitala neysluverðs,Vísitala,418.9
2013M12,Vísitala neysluverðs,"Mánaðarbreyting, %",0.53
2013M12,Vísitala neysluverðs,"Ársbreyting, %",4.2
2013M12,Vísitala neysluverðs án húsnæðis,Vísitala,395.8
2013M12,Vísitala neysluverðs án húsnæðis,"Mánaðarbreyting, %",0.33
2013M12,Vísitala neysluverðs án húsnæðis,"Ársbreyting, %",3.3
2014M01,Vísitala neysluverðs,Vísitala,415.9
2014M01,Vísitala neysluverðs,"Mánaðarbreyting, %",-0.72
2014M01,Vísitala neysluverðs,"Ársbreyting, %",3.1
2014M01,Vísitala neysluverðs án húsnæðis,Vísitala,391.5
2014M01,Vísitala neysluverðs án húsnæðis,"Mánaðarbreyting, %",-1.09
2014M01,Vísitala neysluverðs án húsnæðis,"Ársbreyting, %",1.9
2014M02,Vísitala neysluverðs,Vísitala,418.7
2014M02,Vísitala neysluverðs,"Mánaðarbreyting, %",0.67
2014M02,Vísitala neysluverðs,"Ársbreyting, %",2.1
2014M02,Vísitala neysluverðs án húsnæðis,Vísitala,394.9
2014M02,Vísitala neysluverðs án húsnæðis,"Mánaðarbreyting, %",0.87
2014M02,Vísitala neysluverðs án húsnæðis,"Ársbreyting, %",0.8
2014M03,Vísitala neysluverðs,Vísitala,419.7
2014M03,Vísitala neysluverðs,"Mánaðarbreyting, %",0.24
2014M03,Vísitala neysluverðs,"Ársbreyting, %",2.2
2014M03,Vísitala neysluverðs án húsnæðis,Vísitala,395.8
2014M03,Vísitala neysluverðs án húsnæðis,"Mánaðarbreyting, %",0.23
2014M03,Vísitala neysluverðs án húsnæðis,"Ársbreyting, %",0.8
2014M04,Vísitala neysluverðs,Vísitala,421
2014M04,Vísitala neysluverðs,"Mánaðarbreyting, %",0.31
2014M04,Vísitala neysluverðs,"Ársbreyting, %",2.3
2014M04,Vísitala neysluverðs án húsnæðis,Vísitala,396
2014M04,Vísitala neysluverðs án húsnæðis,"Mánaðarbreyting, %",0.05
2014M04,Vísitala neysluverðs án húsnæðis,"Ársbreyting, %",1
2014M05,Vísitala neysluverðs,Vísitala,421.3
2014M05,Vísitala neysluverðs,"Mánaðarbreyting, %",0.07
2014M05,Vísitala neysluverðs,"Ársbreyting, %",2.4
2014M05,Vísitala neysluverðs án húsnæðis,Vísitala,395.7
2014M05,Vísitala neysluverðs án húsnæðis,"Mánaðarbreyting, %",-0.08
2014M05,Vísitala neysluverðs án húsnæðis,"Ársbreyting, %",1.1
2014M06,Vísitala neysluverðs,Vísitala,422.8
2014M06,Vísitala neysluverðs,"Mánaðarbreyting, %",0.36
2014M06,Vísitala neysluverðs,"Ársbreyting, %",2.2
2014M06,Vísitala neysluverðs án húsnæðis,Vísitala,397.6
2014M06,Vísitala neysluverðs án húsnæðis,"Mánaðarbreyting, %",0.48
2014M06,Vísitala neysluverðs án húsnæðis,"Ársbreyting, %",1
2014M07,Vísitala neysluverðs,Vísitala,422.1
2014M07,Vísitala neysluverðs,"Mánaðarbreyting, %",-0.17
2014M07,Vísitala neysluverðs,"Ársbreyting, %",2.4
2014M07,Vísitala neysluverðs án húsnæðis,Vísitala,396.7
2014M07,Vísitala neysluverðs án húsnæðis,"Mánaðarbreyting, %",-0.23
2014M07,Vísitala neysluverðs án húsnæðis,"Ársbreyting, %",1.4
2014M08,Vísitala neysluverðs,Vísitala,423.1
2014M08,Vísitala neysluverðs,"Mánaðarbreyting, %",0.24
2014M08,Vísitala neysluverðs,"Ársbreyting, %",2.2
2014M08,Vísitala neysluverðs án húsnæðis,Vísitala,397.4
2014M08,Vísitala neysluverðs án húsnæðis,"Mánaðarbreyting, %",0.18
2014M08,Vísitala neysluverðs án húsnæðis,"Ársbreyting, %",1.2
2014M09,Vísitala neysluverðs,Vísitala,422.6
2014M09,Vísitala neysluverðs,"Mánaðarbreyting, %",-0.12
2014M09,Vísitala neysluverðs,"Ársbreyting, %",1.8
2014M09,Vísitala neysluverðs án húsnæðis,Vísitala,395.7
2014M09,Vísitala neysluverðs án húsnæðis,"Mánaðarbreyting, %",-0.43
2014M09,Vísitala neysluverðs án húsnæðis,"Ársbreyting, %",0.4
2014M10,Vísitala neysluverðs,Vísitala,423.2
2014M10,Vísitala neysluverðs,"Mánaðarbreyting, %",0.14
2014M10,Vísitala neysluverðs,"Ársbreyting, %",1.9
2014M10,Vísitala neysluverðs án húsnæðis,Vísitala,395.8
2014M10,Vísitala neysluverðs án húsnæðis,"Mánaðarbreyting, %",0.03
2014M10,Vísitala neysluverðs án húsnæðis,"Ársbreyting, %",0.5
2014M11,Vísitala neysluverðs,Vísitala,421
2014M11,Vísitala neysluverðs,"Mánaðarbreyting, %",-0.52
2014M11,Vísitala neysluverðs,"Ársbreyting, %",1
2014M11,Vísitala neysluverðs án húsnæðis,Vísitala,393.4
2014M11,Vísitala neysluverðs án húsnæðis,"Mánaðarbreyting, %",-0.61
2014M11,Vísitala neysluverðs án húsnæðis,"Ársbreyting, %",-0.3
2014M12,Vísitala neysluverðs,Vísitala,422.3
2014M12,Vísitala neysluverðs,"Mánaðarbreyting, %",0.31
2014M12,Vísitala neysluverðs,"Ársbreyting, %",0.8
2014M12,Vísitala neysluverðs án húsnæðis,Vísitala,394.3
2014M12,Vísitala neysluverðs án húsnæðis,"Mánaðarbreyting, %",0.23
2014M12,Vísitala neysluverðs án húsnæðis,"Ársbreyting, %",-0.4
2015M01,Vísitala neysluverðs,Vísitala,419.3
2015M01,Vísitala neysluverðs,"Mánaðarbreyting, %",-0.71
2015M01,Vísitala neysluverðs,"Ársbreyting, %",0.8
2015M01,Vísitala neysluverðs án húsnæðis,Vísitala,389.2
2015M01,Vísitala neysluverðs án húsnæðis,"Mánaðarbreyting, %",-1.29
2015M01,Vísitala neysluverðs án húsnæðis,"Ársbreyting, %",-0.6
2015M02,Vísitala neysluverðs,Vísitala,422.1
2015M02,Vísitala neysluverðs,"Mánaðarbreyting, %",0.67
2015M02,Vísitala neysluverðs,"Ársbreyting, %",0.8
2015M02,Vísitala neysluverðs án húsnæðis,Vísitala,391.4
2015M02,Vísitala neysluverðs án húsnæðis,"Mánaðarbreyting, %",0.57
2015M02,Vísitala neysluverðs án húsnæðis,"Ársbreyting, %",-0.9
2015M03,Vísitala neysluverðs,Vísitala,426.4
2015M03,Vísitala neysluverðs,"Mánaðarbreyting, %",1.02
2015M03,Vísitala neysluverðs,"Ársbreyting, %",1.6
2015M03,Vísitala neysluverðs án húsnæðis,Vísitala,395.4
2015M03,Vísitala neysluverðs án húsnæðis,"Mánaðarbreyting, %",1.02
2015M03,Vísitala neysluverðs án húsnæðis,"Ársbreyting, %",-0.1
2015M04,Vísitala neysluverðs,Vísitala,427
2015M04,Vísitala neysluverðs,"Mánaðarbreyting, %",0.14
2015M04,Vísitala neysluverðs,"Ársbreyting, %",1.4
2015M04,Vísitala neysluverðs án húsnæðis,Vísitala,395.6
2015M04,Vísitala neysluverðs án húsnæðis,"Mánaðarbreyting, %",0.05
2015M04,Vísitala neysluverðs án húsnæðis,"Ársbreyting, %",-0.1
2015M05,Vísitala neysluverðs,Vísitala,428.2
2015M05,Vísitala neysluverðs,"Mánaðarbreyting, %",0.28
2015M05,Vísitala neysluverðs,"Ársbreyting, %",1.6
2015M05,Vísitala neysluverðs án húsnæðis,Vísitala,396.8
2015M05,Vísitala neysluverðs án húsnæðis,"Mánaðarbreyting, %",0.3
2015M05,Vísitala neysluverðs án húsnæðis,"Ársbreyting, %",0.3
2015M06,Vísitala neysluverðs,Vísitala,429.3
2015M06,Vísitala neysluverðs,"Mánaðarbreyting, %",0.26
2015M06,Vísitala neysluverðs,"Ársbreyting, %",1.5
2015M06,Vísitala neysluverðs án húsnæðis,Vísitala,398.2
2015M06,Vísitala neysluverðs án húsnæðis,"Mánaðarbreyting, %",0.35
2015M06,Vísitala neysluverðs án húsnæðis,"Ársbreyting, %",0.2
2015M07,Vísitala neysluverðs,Vísitala,430
2015M07,Vísitala neysluverðs,"Mánaðarbreyting, %",0.16
2015M07,Vísitala neysluverðs,"Ársbreyting, %",1.9
2015M07,Vísitala neysluverðs án húsnæðis,Vísitala,398.3
2015M07,Vísitala neysluverðs án húsnæðis,"Mánaðarbreyting, %",0.03
2015M07,Vísitala neysluverðs án húsnæðis,"Ársbreyting, %",0.4
2015M08,Vísitala neysluverðs,Vísitala,432.3
2015M08,Vísitala neysluverðs,"Mánaðarbreyting, %",0.53
2015M08,Vísitala neysluverðs,"Ársbreyting, %",2.2
2015M08,Vísitala neysluverðs án húsnæðis,Vísitala,400.3
2015M08,Vísitala neysluverðs án húsnæðis,"Mánaðarbreyting, %",0.5
2015M08,Vísitala neysluverðs án húsnæðis,"Ársbreyting, %",0.7
2015M09,Vísitala neysluverðs,Vísitala,430.6
2015M09,Vísitala neysluverðs,"Mánaðarbreyting, %",-0.39
2015M09,Vísitala neysluverðs,"Ársbreyting, %",1.9
2015M09,Vísitala neysluverðs án húsnæðis,Vísitala,397.8
2015M09,Vísitala neysluverðs án húsnæðis,"Mánaðarbreyting, %",-0.62
2015M09,Vísitala neysluverðs án húsnæðis,"Ársbreyting, %",0.5
2015M10,Vísitala neysluverðs,Vísitala,430.9
2015M10,Vísitala neysluverðs,"Mánaðarbreyting, %",0.07
2015M10,Vísitala neysluverðs,"Ársbreyting, %",1.8
2015M10,Vísitala neysluverðs án húsnæðis,Vísitala,397
2015M10,Vísitala neysluverðs án húsnæðis,"Mánaðarbreyting, %",-0.2
2015M10,Vísitala neysluverðs án húsnæðis,"Ársbreyting, %",0.3
2015M11,Vísitala neysluverðs,Vísitala,429.4
2015M11,Vísitala neysluverðs,"Mánaðarbreyting, %",-0.35
2015M11,Vísitala neysluverðs,"Ársbreyting, %",2
2015M11,Vísitala neysluverðs án húsnæðis,Vísitala,394.7
2015M11,Vísitala neysluverðs án húsnæðis,"Mánaðarbreyting, %",-0.58
2015M11,Vísitala neysluverðs án húsnæðis,"Ársbreyting, %",0.3
2015M12,Vísitala neysluverðs,Vísitala,430.8
2015M12,Vísitala neysluverðs,"Mánaðarbreyting, %",0.33
2015M12,Vísitala neysluverðs,"Ársbreyting, %",2
2015M12,Vísitala neysluverðs án húsnæðis,Vísitala,395.8
2015M12,Vísitala neysluverðs án húsnæðis,"Mánaðarbreyting, %",0.28
2015M12,Vísitala neysluverðs án húsnæðis,"Ársbreyting, %",0.4
2016M01,Vísitala neysluverðs,Vísitala,428.3
2016M01,Vísitala neysluverðs,"Mánaðarbreyting, %",-0.58
2016M01,Vísitala neysluverðs,"Ársbreyting, %",2.1
2016M01,Vísitala neysluverðs án húsnæðis,Vísitala,391.6
2016M01,Vísitala neysluverðs án húsnæðis,"Mánaðarbreyting, %",-1.06
2016M01,Vísitala neysluverðs án húsnæðis,"Ársbreyting, %",0.6
2016M02,Vísitala neysluverðs,Vísitala,431.2
2016M02,Vísitala neysluverðs,"Mánaðarbreyting, %",0.68
2016M02,Vísitala neysluverðs,"Ársbreyting, %",2.2
2016M02,Vísitala neysluverðs án húsnæðis,Vísitala,394.3
2016M02,Vísitala neysluverðs án húsnæðis,"Mánaðarbreyting, %",0.69
2016M02,Vísitala neysluverðs án húsnæðis,"Ársbreyting, %",0.7
2016M03,Vísitala neysluverðs,Vísitala,432.8
2016M03,Vísitala neysluverðs,"Mánaðarbreyting, %",0.37
2016M03,Vísitala neysluverðs,"Ársbreyting, %",1.5
2016M03,Vísitala neysluverðs án húsnæðis,Vísitala,396.1
2016M03,Vísitala neysluverðs án húsnæðis,"Mánaðarbreyting, %",0.46
2016M03,Vísitala neysluverðs án húsnæðis,"Ársbreyting, %",0.2
2016M04,Vísitala neysluverðs,Vísitala,433.7
2016M04,Vísitala neysluverðs,"Mánaðarbreyting, %",0.21
2016M04,Vísitala neysluverðs,"Ársbreyting, %",1.6
2016M04,Vísitala neysluverðs án húsnæðis,Vísitala,396.5
2016M04,Vísitala neysluverðs án húsnæðis,"Mánaðarbreyting, %",0.1
2016M04,Vísitala neysluverðs án húsnæðis,"Ársbreyting, %",0.2
2016M05,Vísitala neysluverðs,Vísitala,435.5
2016M05,Vísitala neysluverðs,"Mánaðarbreyting, %",0.42
2016M05,Vísitala neysluverðs,"Ársbreyting, %",1.7
2016M05,Vísitala neysluverðs án húsnæðis,Vísitala,397.8
2016M05,Vísitala neysluverðs án húsnæðis,"Mánaðarbreyting, %",0.33
2016M05,Vísitala neysluverðs án húsnæðis,"Ársbreyting, %",0.3
2016M06,Vísitala neysluverðs,Vísitala,436.3
2016M06,Vísitala neysluverðs,"Mánaðarbreyting, %",0.18
2016M06,Vísitala neysluverðs,"Ársbreyting, %",1.6
2016M06,Vísitala neysluverðs án húsnæðis,Vísitala,398.2
2016M06,Vísitala neysluverðs án húsnæðis,"Mánaðarbreyting, %",0.1
2016M06,Vísitala neysluverðs án húsnæðis,"Ársbreyting, %",0
2016M07,Vísitala neysluverðs,Vísitala,434.9
2016M07,Vísitala neysluverðs,"Mánaðarbreyting, %",-0.32
2016M07,Vísitala neysluverðs,"Ársbreyting, %",1.1
2016M07,Vísitala neysluverðs án húsnæðis,Vísitala,396
2016M07,Vísitala neysluverðs án húsnæðis,"Mánaðarbreyting, %",-0.55
2016M07,Vísitala neysluverðs án húsnæðis,"Ársbreyting, %",-0.6
2016M08,Vísitala neysluverðs,Vísitala,436.4
2016M08,Vísitala neysluverðs,"Mánaðarbreyting, %",0.34
2016M08,Vísitala neysluverðs,"Ársbreyting, %",0.9
2016M08,Vísitala neysluverðs án húsnæðis,Vísitala,396.5
2016M08,Vísitala neysluverðs án húsnæðis,"Mánaðarbreyting, %",0.13
2016M08,Vísitala neysluverðs án húsnæðis,"Ársbreyting, %",-0.9
2016M09,Vísitala neysluverðs,Vísitala,438.5
2016M09,Vísitala neysluverðs,"Mánaðarbreyting, %",0.48
2016M09,Vísitala neysluverðs,"Ársbreyting, %",1.8
2016M09,Vísitala neysluverðs án húsnæðis,Vísitala,396.1
2016M09,Vísitala neysluverðs án húsnæðis,"Mánaðarbreyting, %",-0.1
2016M09,Vísitala neysluverðs án húsnæðis,"Ársbreyting, %",-0.4
2016M10,Vísitala neysluverðs,Vísitala,438.5
2016M10,Vísitala neysluverðs,"Mánaðarbreyting, %",0
2016M10,Vísitala neysluverðs,"Ársbreyting, %",1.8
2016M10,Vísitala neysluverðs án húsnæðis,Vísitala,395
2016M10,Vísitala neysluverðs án húsnæðis,"Mánaðarbreyting, %",-0.28
2016M10,Vísitala neysluverðs án húsnæðis,"Ársbreyting, %",-0.5
2016M11,Vísitala neysluverðs,Vísitala,438.4
2016M11,Vísitala neysluverðs,"Mánaðarbreyting, %",-0.02
2016M11,Vísitala neysluverðs,"Ársbreyting, %",2.1
2016M11,Vísitala neysluverðs án húsnæðis,Vísitala,393.4
2016M11,Vísitala neysluverðs án húsnæðis,"Mánaðarbreyting, %",-0.41
2016M11,Vísitala neysluverðs án húsnæðis,"Ársbreyting, %",-0.3
2016M12,Vísitala neysluverðs,Vísitala,439
2016M12,Vísitala neysluverðs,"Mánaðarbreyting, %",0.14
2016M12,Vísitala neysluverðs,"Ársbreyting, %",1.9
2016M12,Vísitala neysluverðs án húsnæðis,Vísitala,392.7
2016M12,Vísitala neysluverðs án húsnæðis,"Mánaðarbreyting, %",-0.18
2016M12,Vísitala neysluverðs án húsnæðis,"Ársbreyting, %",-0.8
2017M01,Vísitala neysluverðs,Vísitala,436.5
2017M01,Vísitala neysluverðs,"Mánaðarbreyting, %",-0.57
2017M01,Vísitala neysluverðs,"Ársbreyting, %",1.9
2017M01,Vísitala neysluverðs án húsnæðis,Vísitala,388
2017M01,Vísitala neysluverðs án húsnæðis,"Mánaðarbreyting, %",-1.2
2017M01,Vísitala neysluverðs án húsnæðis,"Ársbreyting, %",-0.9
2017M02,Vísitala neysluverðs,Vísitala,439.6
2017M02,Vísitala neysluverðs,"Mánaðarbreyting, %",0.71
2017M02,Vísitala neysluverðs,"Ársbreyting, %",1.9
2017M02,Vísitala neysluverðs án húsnæðis,Vísitala,390.3
2017M02,Vísitala neysluverðs án húsnæðis,"Mánaðarbreyting, %",0.59
2017M02,Vísitala neysluverðs án húsnæðis,"Ársbreyting, %",-1
2017M03,Vísitala neysluverðs,Vísitala,439.9
2017M03,Vísitala neysluverðs,"Mánaðarbreyting, %",0.07
2017M03,Vísitala neysluverðs,"Ársbreyting, %",1.6
2017M03,Vísitala neysluverðs án húsnæðis,Vísitala,389.2
2017M03,Vísitala neysluverðs án húsnæðis,"Mánaðarbreyting, %",-0.28
2017M03,Vísitala neysluverðs án húsnæðis,"Ársbreyting, %",-1.7
2017M04,Vísitala neysluverðs,Vísitala,442.1
2017M04,Vísitala neysluverðs,"Mánaðarbreyting, %",0.5
2017M04,Vísitala neysluverðs,"Ársbreyting, %",1.9
2017M04,Vísitala neysluverðs án húsnæðis,Vísitala,389.2
2017M04,Vísitala neysluverðs án húsnæðis,"Mánaðarbreyting, %",0
2017M04,Vísitala neysluverðs án húsnæðis,"Ársbreyting, %",-1.8
2017M05,Vísitala neysluverðs,Vísitala,443
2017M05,Vísitala neysluverðs,"Mánaðarbreyting, %",0.2
2017M05,Vísitala neysluverðs,"Ársbreyting, %",1.7
2017M05,Vísitala neysluverðs án húsnæðis,Vísitala,387.6
2017M05,Vísitala neysluverðs án húsnæðis,"Mánaðarbreyting, %",-0.41
2017M05,Vísitala neysluverðs án húsnæðis,"Ársbreyting, %",-2.6
2017M06,Vísitala neysluverðs,Vísitala,443
2017M06,Vísitala neysluverðs,"Mánaðarbreyting, %",0
2017M06,Vísitala neysluverðs,"Ársbreyting, %",1.5
2017M06,Vísitala neysluverðs án húsnæðis,Vísitala,386
2017M06,Vísitala neysluverðs án húsnæðis,"Mánaðarbreyting, %",-0.41
2017M06,Vísitala neysluverðs án húsnæðis,"Ársbreyting, %",-3.1
2017M07,Vísitala neysluverðs,Vísitala,442.9
2017M07,Vísitala neysluverðs,"Mánaðarbreyting, %",-0.02
2017M07,Vísitala neysluverðs,"Ársbreyting, %",1.8
2017M07,Vísitala neysluverðs án húsnæðis,Vísitala,383.8
2017M07,Vísitala neysluverðs án húsnæðis,"Mánaðarbreyting, %",-0.57
2017M07,Vísitala neysluverðs án húsnæðis,"Ársbreyting, %",-3.1
2017M08,Vísitala neysluverðs,Vísitala,444
2017M08,Vísitala neysluverðs,"Mánaðarbreyting, %",0.25
2017M08,Vísitala neysluverðs,"Ársbreyting, %",1.7
2017M08,Vísitala neysluverðs án húsnæðis,Vísitala,384.5
2017M08,Vísitala neysluverðs án húsnæðis,"Mánaðarbreyting, %",0.18
2017M08,Vísitala neysluverðs án húsnæðis,"Ársbreyting, %",-3
2017M09,Vísitala neysluverðs,Vísitala,444.6
2017M09,Vísitala neysluverðs,"Mánaðarbreyting, %",0.14
2017M09,Vísitala neysluverðs,"Ársbreyting, %",1.4
2017M09,Vísitala neysluverðs án húsnæðis,Vísitala,383.7
2017M09,Vísitala neysluverðs án húsnæðis,"Mánaðarbreyting, %",-0.21
2017M09,Vísitala neysluverðs án húsnæðis,"Ársbreyting, %",-3.1
2017M10,Vísitala neysluverðs,Vísitala,446.7
2017M10,Vísitala neysluverðs,"Mánaðarbreyting, %",0.47
2017M10,Vísitala neysluverðs,"Ársbreyting, %",1.9
2017M10,Vísitala neysluverðs án húsnæðis,Vísitala,386.1
2017M10,Vísitala neysluverðs án húsnæðis,"Mánaðarbreyting, %",0.63
2017M10,Vísitala neysluverðs án húsnæðis,"Ársbreyting, %",-2.3
2017M11,Vísitala neysluverðs,Vísitala,446
2017M11,Vísitala neysluverðs,"Mánaðarbreyting, %",-0.16
2017M11,Vísitala neysluverðs,"Ársbreyting, %",1.7
2017M11,Vísitala neysluverðs án húsnæðis,Vísitala,384.2
2017M11,Vísitala neysluverðs án húsnæðis,"Mánaðarbreyting, %",-0.49
2017M11,Vísitala neysluverðs án húsnæðis,"Ársbreyting, %",-2.3
2017M12,Vísitala neysluverðs,Vísitala,447.2
2017M12,Vísitala neysluverðs,"Mánaðarbreyting, %",0.27
2017M12,Vísitala neysluverðs,"Ársbreyting, %",1.9
2017M12,Vísitala neysluverðs án húsnæðis,Vísitala,386.6
2017M12,Vísitala neysluverðs án húsnæðis,"Mánaðarbreyting, %",0.62
2017M12,Vísitala neysluverðs án húsnæðis,"Ársbreyting, %",-1.6
2018M01,Vísitala neysluverðs,Vísitala,446.8
2018M01,Vísitala neysluverðs,"Mánaðarbreyting, %",-0.09
2018M01,Vísitala neysluverðs,"Ársbreyting, %",2.4
2018M01,Vísitala neysluverðs án húsnæðis,Vísitala,384.4
2018M01,Vísitala neysluverðs án húsnæðis,"Mánaðarbreyting, %",-0.57
2018M01,Vísitala neysluverðs án húsnæðis,"Ársbreyting, %",-0.9
2018M02,Vísitala neysluverðs,Vísitala,449.5
2018M02,Vísitala neysluverðs,"Mánaðarbreyting, %",0.6
2018M02,Vísitala neysluverðs,"Ársbreyting, %",2.3
2018M02,Vísitala neysluverðs án húsnæðis,Vísitala,386.7
2018M02,Vísitala neysluverðs án húsnæðis,"Mánaðarbreyting, %",0.6
2018M02,Vísitala neysluverðs án húsnæðis,"Ársbreyting, %",-0.9
2018M03,Vísitala neysluverðs,Vísitala,452
2018M03,Vísitala neysluverðs,"Mánaðarbreyting, %",0.56
2018M03,Vísitala neysluverðs,"Ársbreyting, %",2.8
2018M03,Vísitala neysluverðs án húsnæðis,Vísitala,388.1
2018M03,Vísitala neysluverðs án húsnæðis,"Mánaðarbreyting, %",0.36
2018M03,Vísitala neysluverðs án húsnæðis,"Ársbreyting, %",-0.3
2018M04,Vísitala neysluverðs,Vísitala,452.2
2018M04,Vísitala neysluverðs,"Mánaðarbreyting, %",0.04
2018M04,Vísitala neysluverðs,"Ársbreyting, %",2.3
2018M04,Vísitala neysluverðs án húsnæðis,Vísitala,388.4
2018M04,Vísitala neysluverðs án húsnæðis,"Mánaðarbreyting, %",0.08
2018M04,Vísitala neysluverðs án húsnæðis,"Ársbreyting, %",-0.2
2018M05,Vísitala neysluverðs,Vísitala,451.8
2018M05,Vísitala neysluverðs,"Mánaðarbreyting, %",-0.09
2018M05,Vísitala neysluverðs,"Ársbreyting, %",2
2018M05,Vísitala neysluverðs án húsnæðis,Vísitala,388.3
2018M05,Vísitala neysluverðs án húsnæðis,"Mánaðarbreyting, %",-0.03
2018M05,Vísitala neysluverðs án húsnæðis,"Ársbreyting, %",0.2
2018M06,Vísitala neysluverðs,Vísitala,454.6
2018M06,Vísitala neysluverðs,"Mánaðarbreyting, %",0.62
2018M06,Vísitala neysluverðs,"Ársbreyting, %",2.6
2018M06,Vísitala neysluverðs án húsnæðis,Vísitala,390.1
2018M06,Vísitala neysluverðs án húsnæðis,"Mánaðarbreyting, %",0.46
2018M06,Vísitala neysluverðs án húsnæðis,"Ársbreyting, %",1.1
2018M07,Vísitala neysluverðs,Vísitala,454.8
2018M07,Vísitala neysluverðs,"Mánaðarbreyting, %",0.04
2018M07,Vísitala neysluverðs,"Ársbreyting, %",2.7
2018M07,Vísitala neysluverðs án húsnæðis,Vísitala,389.1
2018M07,Vísitala neysluverðs án húsnæðis,"Mánaðarbreyting, %",-0.26
2018M07,Vísitala neysluverðs án húsnæðis,"Ársbreyting, %",1.4
2018M08,Vísitala neysluverðs,Vísitala,455.7
2018M08,Vísitala neysluverðs,"Mánaðarbreyting, %",0.2
2018M08,Vísitala neysluverðs,"Ársbreyting, %",2.6
2018M08,Vísitala neysluverðs án húsnæðis,Vísitala,389.5
2018M08,Vísitala neysluverðs án húsnæðis,"Mánaðarbreyting, %",0.1
2018M08,Vísitala neysluverðs án húsnæðis,"Ársbreyting, %",1.3
2018M09,Vísitala neysluverðs,Vísitala,456.8
2018M09,Vísitala neysluverðs,"Mánaðarbreyting, %",0.24
2018M09,Vísitala neysluverðs,"Ársbreyting, %",2.7
2018M09,Vísitala neysluverðs án húsnæðis,Vísitala,390.5
2018M09,Vísitala neysluverðs án húsnæðis,"Mánaðarbreyting, %",0.26
2018M09,Vísitala neysluverðs án húsnæðis,"Ársbreyting, %",1.8
2018M10,Vísitala neysluverðs,Vísitala,459.4
2018M10,Vísitala neysluverðs,"Mánaðarbreyting, %",0.57
2018M10,Vísitala neysluverðs,"Ársbreyting, %",2.8
2018M10,Vísitala neysluverðs án húsnæðis,Vísitala,392.8
2018M10,Vísitala neysluverðs án húsnæðis,"Mánaðarbreyting, %",0.59
2018M10,Vísitala neysluverðs án húsnæðis,"Ársbreyting, %",1.7
2018M11,Vísitala neysluverðs,Vísitala,460.5
2018M11,Vísitala neysluverðs,"Mánaðarbreyting, %",0.24
2018M11,Vísitala neysluverðs,"Ársbreyting, %",3.3
2018M11,Vísitala neysluverðs án húsnæðis,Vísitala,393.5
2018M11,Vísitala neysluverðs án húsnæðis,"Mánaðarbreyting, %",0.18
2018M11,Vísitala neysluverðs án húsnæðis,"Ársbreyting, %",2.4
2018M12,Vísitala neysluverðs,Vísitala,463.9
2018M12,Vísitala neysluverðs,"Mánaðarbreyting, %",0.74
2018M12,Vísitala neysluverðs,"Ársbreyting, %",3.7
2018M12,Vísitala neysluverðs án húsnæðis,Vísitala,397.2
2018M12,Vísitala neysluverðs án húsnæðis,"Mánaðarbreyting, %",0.94
2018M12,Vísitala neysluverðs án húsnæðis,"Ársbreyting, %",2.7
2019M01,Vísitala neysluverðs,Vísitala,462
2019M01,Vísitala neysluverðs,"Mánaðarbreyting, %",-0.41
2019M01,Vísitala neysluverðs,"Ársbreyting, %",3.4
2019M01,Vísitala neysluverðs án húsnæðis,Vísitala,394.3
2019M01,Vísitala neysluverðs án húsnæðis,"Mánaðarbreyting, %",-0.73
2019M01,Vísitala neysluverðs án húsnæðis,"Ársbreyting, %",2.6
2019M02,Vísitala neysluverðs,Vísitala,462.9
2019M02,Vísitala neysluverðs,"Mánaðarbreyting, %",0.19
2019M02,Vísitala neysluverðs,"Ársbreyting, %",3
2019M02,Vísitala neysluverðs án húsnæðis,Vísitala,394.9
2019M02,Vísitala neysluverðs án húsnæðis,"Mánaðarbreyting, %",0.15
2019M02,Vísitala neysluverðs án húsnæðis,"Ársbreyting, %",2.1
2019M03,Vísitala neysluverðs,Vísitala,465.3
2019M03,Vísitala neysluverðs,"Mánaðarbreyting, %",0.52
2019M03,Vísitala neysluverðs,"Ársbreyting, %",2.9
2019M03,Vísitala neysluverðs án húsnæðis,Vísitala,397.5
2019M03,Vísitala neysluverðs án húsnæðis,"Mánaðarbreyting, %",0.66
2019M03,Vísitala neysluverðs án húsnæðis,"Ársbreyting, %",2.4
2019M04,Vísitala neysluverðs,Vísitala,467
2019M04,Vísitala neysluverðs,"Mánaðarbreyting, %",0.37
2019M04,Vísitala neysluverðs,"Ársbreyting, %",3.3
2019M04,Vísitala neysluverðs án húsnæðis,Vísitala,399.4
2019M04,Vísitala neysluverðs án húsnæðis,"Mánaðarbreyting, %",0.48
2019M04,Vísitala neysluverðs án húsnæðis,"Ársbreyting, %",2.8
2019M05,Vísitala neysluverðs,Vísitala,468
2019M05,Vísitala neysluverðs,"Mánaðarbreyting, %",0.21
2019M05,Vísitala neysluverðs,"Ársbreyting, %",3.6
2019M05,Vísitala neysluverðs án húsnæðis,Vísitala,400.2
2019M05,Vísitala neysluverðs án húsnæðis,"Mánaðarbreyting, %",0.2
2019M05,Vísitala neysluverðs án húsnæðis,"Ársbreyting, %",3.1
2019M06,Vísitala neysluverðs,Vísitala,469.8
2019M06,Vísitala neysluverðs,"Mánaðarbreyting, %",0.38
2019M06,Vísitala neysluverðs,"Ársbreyting, %",3.3
2019M06,Vísitala neysluverðs án húsnæðis,Vísitala,401.7
2019M06,Vísitala neysluverðs án húsnæðis,"Mánaðarbreyting, %",0.37
2019M06,Vísitala neysluverðs án húsnæðis,"Ársbreyting, %",3
2019M07,Vísitala neysluverðs,Vísitala,468.8
2019M07,Vísitala neysluverðs,"Mánaðarbreyting, %",-0.21
2019M07,Vísitala neysluverðs,"Ársbreyting, %",3.1
2019M07,Vísitala neysluverðs án húsnæðis,Vísitala,400
2019M07,Vísitala neysluverðs án húsnæðis,"Mánaðarbreyting, %",-0.42
2019M07,Vísitala neysluverðs án húsnæðis,"Ársbreyting, %",2.8
2019M08,Vísitala neysluverðs,Vísitala,470.1
2019M08,Vísitala neysluverðs,"Mánaðarbreyting, %",0.28
2019M08,Vísitala neysluverðs,"Ársbreyting, %",3.2
2019M08,Vísitala neysluverðs án húsnæðis,Vísitala,401.6
2019M08,Vísitala neysluverðs án húsnæðis,"Mánaðarbreyting, %",0.4
2019M08,Vísitala neysluverðs án húsnæðis,"Ársbreyting, %",3.1
2019M09,Vísitala neysluverðs,Vísitala,470.5
2019M09,Vísitala neysluverðs,"Mánaðarbreyting, %",0.09
2019M09,Vísitala neysluverðs,"Ársbreyting, %",3
2019M09,Vísitala neysluverðs án húsnæðis,Vísitala,402
2019M09,Vísitala neysluverðs án húsnæðis,"Mánaðarbreyting, %",0.1
2019M09,Vísitala neysluverðs án húsnæðis,"Ársbreyting, %",2.9
2019M10,Vísitala neysluverðs,Vísitala,472.2
2019M10,Vísitala neysluverðs,"Mánaðarbreyting, %",0.36
2019M10,Vísitala neysluverðs,"Ársbreyting, %",2.8
2019M10,Vísitala neysluverðs án húsnæðis,Vísitala,402.9
2019M10,Vísitala neysluverðs án húsnæðis,"Mánaðarbreyting, %",0.22
2019M10,Vísitala neysluverðs án húsnæðis,"Ársbreyting, %",2.6
2019M11,Vísitala neysluverðs,Vísitala,472.8
2019M11,Vísitala neysluverðs,"Mánaðarbreyting, %",0.13
2019M11,Vísitala neysluverðs,"Ársbreyting, %",2.7
2019M11,Vísitala neysluverðs án húsnæðis,Vísitala,402.9
2019M11,Vísitala neysluverðs án húsnæðis,"Mánaðarbreyting, %",0
2019M11,Vísitala neysluverðs án húsnæðis,"Ársbreyting, %",2.4
2019M12,Vísitala neysluverðs,Vísitala,473.3
2019M12,Vísitala neysluverðs,"Mánaðarbreyting, %",0.11
2019M12,Vísitala neysluverðs,"Ársbreyting, %",2
2019M12,Vísitala neysluverðs án húsnæðis,Vísitala,404
2019M12,Vísitala neysluverðs án húsnæðis,"Mánaðarbreyting, %",0.27
2019M12,Vísitala neysluverðs án húsnæðis,"Ársbreyting, %",1.7
2020M01,Vísitala neysluverðs,Vísitala,469.8
2020M01,Vísitala neysluverðs,"Mánaðarbreyting, %",-0.74
2020M01,Vísitala neysluverðs,"Ársbreyting, %",1.7
2020M01,Vísitala neysluverðs án húsnæðis,Vísitala,400.5
2020M01,Vísitala neysluverðs án húsnæðis,"Mánaðarbreyting, %",-0.87
2020M01,Vísitala neysluverðs án húsnæðis,"Ársbreyting, %",1.6
2020M02,Vísitala neysluverðs,Vísitala,474.1
2020M02,Vísitala neysluverðs,"Mánaðarbreyting, %",0.92
2020M02,Vísitala neysluverðs,"Ársbreyting, %",2.4
2020M02,Vísitala neysluverðs án húsnæðis,Vísitala,404.3
2020M02,Vísitala neysluverðs án húsnæðis,"Mánaðarbreyting, %",0.95
2020M02,Vísitala neysluverðs án húsnæðis,"Ársbreyting, %",2.4
2020M03,Vísitala neysluverðs,Vísitala,475.2
2020M03,Vísitala neysluverðs,"Mánaðarbreyting, %",0.23
2020M03,Vísitala neysluverðs,"Ársbreyting, %",2.1
2020M03,Vísitala neysluverðs án húsnæðis,Vísitala,404.7
2020M03,Vísitala neysluverðs án húsnæðis,"Mánaðarbreyting, %",0.1
2020M03,Vísitala neysluverðs án húsnæðis,"Ársbreyting, %",1.8
2020M04,Vísitala neysluverðs,Vísitala,477.5
2020M04,Vísitala neysluverðs,"Mánaðarbreyting, %",0.48
2020M04,Vísitala neysluverðs,"Ársbreyting, %",2.2
2020M04,Vísitala neysluverðs án húsnæðis,Vísitala,407
2020M04,Vísitala neysluverðs án húsnæðis,"Mánaðarbreyting, %",0.57
2020M04,Vísitala neysluverðs án húsnæðis,"Ársbreyting, %",1.9
2020M05,Vísitala neysluverðs,Vísitala,480.1
2020M05,Vísitala neysluverðs,"Mánaðarbreyting, %",0.54
2020M05,Vísitala neysluverðs,"Ársbreyting, %",2.6
2020M05,Vísitala neysluverðs án húsnæðis,Vísitala,410.6
2020M05,Vísitala neysluverðs án húsnæðis,"Mánaðarbreyting, %",0.88
2020M05,Vísitala neysluverðs án húsnæðis,"Ársbreyting, %",2.6
2020M06,Vísitala neysluverðs,Vísitala,482.2
2020M06,Vísitala neysluverðs,"Mánaðarbreyting, %",0.44
2020M06,Vísitala neysluverðs,"Ársbreyting, %",2.6
2020M06,Vísitala neysluverðs án húsnæðis,Vísitala,412.7
2020M06,Vísitala neysluverðs án húsnæðis,"Mánaðarbreyting, %",0.51
2020M06,Vísitala neysluverðs án húsnæðis,"Ársbreyting, %",2.7
2020M07,Vísitala neysluverðs,Vísitala,482.9
2020M07,Vísitala neysluverðs,"Mánaðarbreyting, %",0.15
2020M07,Vísitala neysluverðs,"Ársbreyting, %",3
2020M07,Vísitala neysluverðs án húsnæðis,Vísitala,413.4
2020M07,Vísitala neysluverðs án húsnæðis,"Mánaðarbreyting, %",0.17
2020M07,Vísitala neysluverðs án húsnæðis,"Ársbreyting, %",3.3
2020M08,Vísitala neysluverðs,Vísitala,485.1
2020M08,Vísitala neysluverðs,"Mánaðarbreyting, %",0.46
2020M08,Vísitala neysluverðs,"Ársbreyting, %",3.2
2020M08,Vísitala neysluverðs án húsnæðis,Vísitala,415.3
2020M08,Vísitala neysluverðs án húsnæðis,"Mánaðarbreyting, %",0.46
2020M08,Vísitala neysluverðs án húsnæðis,"Ársbreyting, %",3.4
2020M09,Vísitala neysluverðs,Vísitala,487
2020M09,Vísitala neysluverðs,"Mánaðarbreyting, %",0.39
2020M09,Vísitala neysluverðs,"Ársbreyting, %",3.5
2020M09,Vísitala neysluverðs án húsnæðis,Vísitala,417.5
2020M09,Vísitala neysluverðs án húsnæðis,"Mánaðarbreyting, %",0.53
2020M09,Vísitala neysluverðs án húsnæðis,"Ársbreyting, %",3.9
2020M10,Vísitala neysluverðs,Vísitala,489.1
2020M10,Vísitala neysluverðs,"Mánaðarbreyting, %",0.43
2020M10,Vísitala neysluverðs,"Ársbreyting, %",3.6
2020M10,Vísitala neysluverðs án húsnæðis,Vísitala,419.3
2020M10,Vísitala neysluverðs án húsnæðis,"Mánaðarbreyting, %",0.43
2020M10,Vísitala neysluverðs án húsnæðis,"Ársbreyting, %",4.1
2020M11,Vísitala neysluverðs,Vísitala,489.3
2020M11,Vísitala neysluverðs,"Mánaðarbreyting, %",0.04
2020M11,Vísitala neysluverðs,"Ársbreyting, %",3.5
2020M11,Vísitala neysluverðs án húsnæðis,Vísitala,419.7
2020M11,Vísitala neysluverðs án húsnæðis,"Mánaðarbreyting, %",0.1
2020M11,Vísitala neysluverðs án húsnæðis,"Ársbreyting, %",4.2
2020M12,Vísitala neysluverðs,Vísitala,490.3
2020M12,Vísitala neysluverðs,"Mánaðarbreyting, %",0.2
2020M12,Vísitala neysluverðs,"Ársbreyting, %",3.6
2020M12,Vísitala neysluverðs án húsnæðis,Vísitala,420.3
2020M12,Vísitala neysluverðs án húsnæðis,"Mánaðarbreyting, %",0.14
2020M12,Vísitala neysluverðs án húsnæðis,"Ársbreyting, %",4
2021M01,Vísitala neysluverðs,Vísitala,490
2021M01,Vísitala neysluverðs,"Mánaðarbreyting, %",-0.06
2021M01,Vísitala neysluverðs,"Ársbreyting, %",4.3
2021M01,Vísitala neysluverðs án húsnæðis,Vísitala,419.3
2021M01,Vísitala neysluverðs án húsnæðis,"Mánaðarbreyting, %",-0.24
2021M01,Vísitala neysluverðs án húsnæðis,"Ársbreyting, %",4.7
2021M02,Vísitala neysluverðs,Vísitala,493.4
2021M02,Vísitala neysluverðs,"Mánaðarbreyting, %",0.69
2021M02,Vísitala neysluverðs,"Ársbreyting, %",4.1
2021M02,Vísitala neysluverðs án húsnæðis,Vísitala,422.5
2021M02,Vísitala neysluverðs án húsnæðis,"Mánaðarbreyting, %",0.76
2021M02,Vísitala neysluverðs án húsnæðis,"Ársbreyting, %",4.5
2021M03,Vísitala neysluverðs,Vísitala,495.8
2021M03,Vísitala neysluverðs,"Mánaðarbreyting, %",0.49
2021M03,Vísitala neysluverðs,"Ársbreyting, %",4.3
2021M03,Vísitala neysluverðs án húsnæðis,Vísitala,424.3
2021M03,Vísitala neysluverðs án húsnæðis,"Mánaðarbreyting, %",0.43
2021M03,Vísitala neysluverðs án húsnæðis,"Ársbreyting, %",4.8
2021M04,Vísitala neysluverðs,Vísitala,499.3
2021M04,Vísitala neysluverðs,"Mánaðarbreyting, %",0.71
2021M04,Vísitala neysluverðs,"Ársbreyting, %",4.6
2021M04,Vísitala neysluverðs án húsnæðis,Vísitala,425.9
2021M04,Vísitala neysluverðs án húsnæðis,"Mánaðarbreyting, %",0.38
2021M04,Vísitala neysluverðs án húsnæðis,"Ársbreyting, %",4.6
2021M05,Vísitala neysluverðs,Vísitala,501.4
2021M05,Vísitala neysluverðs,"Mánaðarbreyting, %",0.42
2021M05,Vísitala neysluverðs,"Ársbreyting, %",4.4
2021M05,Vísitala neysluverðs án húsnæðis,Vísitala,426.9
2021M05,Vísitala neysluverðs án húsnæðis,"Mánaðarbreyting, %",0.23
2021M05,Vísitala neysluverðs án húsnæðis,"Ársbreyting, %",4
2021M06,Vísitala neysluverðs,Vísitala,502.7
2021M06,Vísitala neysluverðs,"Mánaðarbreyting, %",0.26
2021M06,Vísitala neysluverðs,"Ársbreyting, %",4.3
2021M06,Vísitala neysluverðs án húsnæðis,Vísitala,427.5
2021M06,Vísitala neysluverðs án húsnæðis,"Mánaðarbreyting, %",0.14
2021M06,Vísitala neysluverðs án húsnæðis,"Ársbreyting, %",3.6
2021M07,Vísitala neysluverðs,Vísitala,503.5
2021M07,Vísitala neysluverðs,"Mánaðarbreyting, %",0.16
2021M07,Vísitala neysluverðs,"Ársbreyting, %",4.3
2021M07,Vísitala neysluverðs án húsnæðis,Vísitala,427.3
2021M07,Vísitala neysluverðs án húsnæðis,"Mánaðarbreyting, %",-0.05
2021M07,Vísitala neysluverðs án húsnæðis,"Ársbreyting, %",3.4
2021M08,Vísitala neysluverðs,Vísitala,505.8
2021M08,Vísitala neysluverðs,"Mánaðarbreyting, %",0.46
2021M08,Vísitala neysluverðs,"Ársbreyting, %",4.3
2021M08,Vísitala neysluverðs án húsnæðis,Vísitala,429
2021M08,Vísitala neysluverðs án húsnæðis,"Mánaðarbreyting, %",0.4
2021M08,Vísitala neysluverðs án húsnæðis,"Ársbreyting, %",3.3
2021M09,Vísitala neysluverðs,Vísitala,508.2
2021M09,Vísitala neysluverðs,"Mánaðarbreyting, %",0.47
2021M09,Vísitala neysluverðs,"Ársbreyting, %",4.4
2021M09,Vísitala neysluverðs án húsnæðis,Vísitala,429.8
2021M09,Vísitala neysluverðs án húsnæðis,"Mánaðarbreyting, %",0.19
2021M09,Vísitala neysluverðs án húsnæðis,"Ársbreyting, %",2.9
2021M10,Vísitala neysluverðs,Vísitala,511.2
2021M10,Vísitala neysluverðs,"Mánaðarbreyting, %",0.59
2021M10,Vísitala neysluverðs,"Ársbreyting, %",4.5
2021M10,Vísitala neysluverðs án húsnæðis,Vísitala,431.8
2021M10,Vísitala neysluverðs án húsnæðis,"Mánaðarbreyting, %",0.47
2021M10,Vísitala neysluverðs án húsnæðis,"Ársbreyting, %",3
2021M11,Vísitala neysluverðs,Vísitala,513
2021M11,Vísitala neysluverðs,"Mánaðarbreyting, %",0.35
2021M11,Vísitala neysluverðs,"Ársbreyting, %",4.8
2021M11,Vísitala neysluverðs án húsnæðis,Vísitala,432.5
2021M11,Vísitala neysluverðs án húsnæðis,"Mánaðarbreyting, %",0.16
2021M11,Vísitala neysluverðs án húsnæðis,"Ársbreyting, %",3
2021M12,Vísitala neysluverðs,Vísitala,515.3
2021M12,Vísitala neysluverðs,"Mánaðarbreyting, %",0.45
2021M12,Vísitala neysluverðs,"Ársbreyting, %",5.1
2021M12,Vísitala neysluverðs án húsnæðis,Vísitala,434.1
2021M12,Vísitala neysluverðs án húsnæðis,"Mánaðarbreyting, %",0.37
2021M12,Vísitala neysluverðs án húsnæðis,"Ársbreyting, %",3.3
2022M01,Vísitala neysluverðs,Vísitala,517.9
2022M01,Vísitala neysluverðs,"Mánaðarbreyting, %",0.5
2022M01,Vísitala neysluverðs,"Ársbreyting, %",5.7
2022M01,Vísitala neysluverðs án húsnæðis,Vísitala,434.8
2022M01,Vísitala neysluverðs án húsnæðis,"Mánaðarbreyting, %",0.16
2022M01,Vísitala neysluverðs án húsnæðis,"Ársbreyting, %",3.7
2022M02,Vísitala neysluverðs,Vísitala,523.9
2022M02,Vísitala neysluverðs,"Mánaðarbreyting, %",1.16
2022M02,Vísitala neysluverðs,"Ársbreyting, %",6.2
2022M02,Vísitala neysluverðs án húsnæðis,Vísitala,440.3
2022M02,Vísitala neysluverðs án húsnæðis,"Mánaðarbreyting, %",1.26
2022M02,Vísitala neysluverðs án húsnæðis,"Ársbreyting, %",4.2
2022M03,Vísitala neysluverðs,Vísitala,528.8
2022M03,Vísitala neysluverðs,"Mánaðarbreyting, %",0.94
2022M03,Vísitala neysluverðs,"Ársbreyting, %",6.7
2022M03,Vísitala neysluverðs án húsnæðis,Vísitala,443.9
2022M03,Vísitala neysluverðs án húsnæðis,"Mánaðarbreyting, %",0.82
2022M03,Vísitala neysluverðs án húsnæðis,"Ársbreyting, %",4.6
2022M04,Vísitala neysluverðs,Vísitala,535.4
2022M04,Vísitala neysluverðs,"Mánaðarbreyting, %",1.25
2022M04,Vísitala neysluverðs,"Ársbreyting, %",7.2
2022M04,Vísitala neysluverðs án húsnæðis,Vísitala,448.3
2022M04,Vísitala neysluverðs án húsnæðis,"Mánaðarbreyting, %",0.99
2022M04,Vísitala neysluverðs án húsnæðis,"Ársbreyting, %",5.3
2022M05,Vísitala neysluverðs,Vísitala,539.5
2022M05,Vísitala neysluverðs,"Mánaðarbreyting, %",0.77
2022M05,Vísitala neysluverðs,"Ársbreyting, %",7.6
2022M05,Vísitala neysluverðs án húsnæðis,Vísitala,450.2
2022M05,Vísitala neysluverðs án húsnæðis,"Mánaðarbreyting, %",0.42
2022M05,Vísitala neysluverðs án húsnæðis,"Ársbreyting, %",5.5
2022M06,Vísitala neysluverðs,Vísitala,547.1
2022M06,Vísitala neysluverðs,"Mánaðarbreyting, %",1.41
2022M06,Vísitala neysluverðs,"Ársbreyting, %",8.8
2022M06,Vísitala neysluverðs án húsnæðis,Vísitala,455.1
2022M06,Vísitala neysluverðs án húsnæðis,"Mánaðarbreyting, %",1.09
2022M06,Vísitala neysluverðs án húsnæðis,"Ársbreyting, %",6.5
2022M07,Vísitala neysluverðs,Vísitala,553.5
2022M07,Vísitala neysluverðs,"Mánaðarbreyting, %",1.17
2022M07,Vísitala neysluverðs,"Ársbreyting, %",9.9
2022M07,Vísitala neysluverðs án húsnæðis,Vísitala,459.4
2022M07,Vísitala neysluverðs án húsnæðis,"Mánaðarbreyting, %",0.94
2022M07,Vísitala neysluverðs án húsnæðis,"Ársbreyting, %",7.5
2022M08,Vísitala neysluverðs,Vísitala,555.1
2022M08,Vísitala neysluverðs,"Mánaðarbreyting, %",0.29
2022M08,Vísitala neysluverðs,"Ársbreyting, %",9.7
2022M08,Vísitala neysluverðs án húsnæðis,Vísitala,459.6
2022M08,Vísitala neysluverðs án húsnæðis,"Mánaðarbreyting, %",0.04
2022M08,Vísitala neysluverðs án húsnæðis,"Ársbreyting, %",7.1
2022M09,Vísitala neysluverðs,Vísitala,555.6
2022M09,Vísitala neysluverðs,"Mánaðarbreyting, %",0.09
2022M09,Vísitala neysluverðs,"Ársbreyting, %",9.3
2022M09,Vísitala neysluverðs án húsnæðis,Vísitala,460
2022M09,Vísitala neysluverðs án húsnæðis,"Mánaðarbreyting, %",0.09
2022M09,Vísitala neysluverðs án húsnæðis,"Ársbreyting, %",7
2022M10,Vísitala neysluverðs,Vísitala,559.3
2022M10,Vísitala neysluverðs,"Mánaðarbreyting, %",0.67
2022M10,Vísitala neysluverðs,"Ársbreyting, %",9.4
2022M10,Vísitala neysluverðs án húsnæðis,Vísitala,463
2022M10,Vísitala neysluverðs án húsnæðis,"Mánaðarbreyting, %",0.65
2022M10,Vísitala neysluverðs án húsnæðis,"Ársbreyting, %",7.2
2022M11,Vísitala neysluverðs,Vísitala,560.9
2022M11,Vísitala neysluverðs,"Mánaðarbreyting, %",0.29
2022M11,Vísitala neysluverðs,"Ársbreyting, %",9.3
2022M11,Vísitala neysluverðs án húsnæðis,Vísitala,463.3
2022M11,Vísitala neysluverðs án húsnæðis,"Mánaðarbreyting, %",0.06
2022M11,Vísitala neysluverðs án húsnæðis,"Ársbreyting, %",7.1
2022M12,Vísitala neysluverðs,Vísitala,564.6
2022M12,Vísitala neysluverðs,"Mánaðarbreyting, %",0.66
2022M12,Vísitala neysluverðs,"Ársbreyting, %",9.6
2022M12,Vísitala neysluverðs án húsnæðis,Vísitala,466.8
2022M12,Vísitala neysluverðs án húsnæðis,"Mánaðarbreyting, %",0.76
2022M12,Vísitala neysluverðs án húsnæðis,"Ársbreyting, %",7.5
2023M01,Vísitala neysluverðs,Vísitala,569.4
2023M01,Vísitala neysluverðs,"Mánaðarbreyting, %",0.85
2023M01,Vísitala neysluverðs,"Ársbreyting, %",9.9
2023M01,Vísitala neysluverðs án húsnæðis,Vísitala,470.9
2023M01,Vísitala neysluverðs án húsnæðis,"Mánaðarbreyting, %",0.88
2023M01,Vísitala neysluverðs án húsnæðis,"Ársbreyting, %",8.3
2023M02,Vísitala neysluverðs,Vísitala,577.3
2023M02,Vísitala neysluverðs,"Mánaðarbreyting, %",1.39
2023M02,Vísitala neysluverðs,"Ársbreyting, %",10.2
2023M02,Vísitala neysluverðs án húsnæðis,Vísitala,479.4
2023M02,Vísitala neysluverðs án húsnæðis,"Mánaðarbreyting, %",1.81
2023M02,Vísitala neysluverðs án húsnæðis,"Ársbreyting, %",8.9
2023M03,Vísitala neysluverðs,Vísitala,580.7
2023M03,Vísitala neysluverðs,"Mánaðarbreyting, %",0.59
2023M03,Vísitala neysluverðs,"Ársbreyting, %",9.8
2023M03,Vísitala neysluverðs án húsnæðis,Vísitala,481.9
2023M03,Vísitala neysluverðs án húsnæðis,"Mánaðarbreyting, %",0.52
2023M03,Vísitala neysluverðs án húsnæðis,"Ársbreyting, %",8.6
2023M04,Vísitala neysluverðs,Vísitala,588.3
2023M04,Vísitala neysluverðs,"Mánaðarbreyting, %",1.31
2023M04,Vísitala neysluverðs,"Ársbreyting, %",9.9
2023M04,Vísitala neysluverðs án húsnæðis,Vísitala,487.1
2023M04,Vísitala neysluverðs án húsnæðis,"Mánaðarbreyting, %",1.08
2023M04,Vísitala neysluverðs án húsnæðis,"Ársbreyting, %",8.7
2023M05,Vísitala neysluverðs,Vísitala,590.6
2023M05,Vísitala neysluverðs,"Mánaðarbreyting, %",0.39
2023M05,Vísitala neysluverðs,"Ársbreyting, %",9.5
2023M05,Vísitala neysluverðs án húsnæðis,Vísitala,487.8
2023M05,Vísitala neysluverðs án húsnæðis,"Mánaðarbreyting, %",0.14
2023M05,Vísitala neysluverðs án húsnæðis,"Ársbreyting, %",8.4
2023M06,Vísitala neysluverðs,Vísitala,595.6
2023M06,Vísitala neysluverðs,"Mánaðarbreyting, %",0.85
2023M06,Vísitala neysluverðs,"Ársbreyting, %",8.9
2023M06,Vísitala neysluverðs án húsnæðis,Vísitala,491.1
2023M06,Vísitala neysluverðs án húsnæðis,"Mánaðarbreyting, %",0.68
2023M06,Vísitala neysluverðs án húsnæðis,"Ársbreyting, %",7.9
2023M07,Vísitala neysluverðs,Vísitala,595.8
2023M07,Vísitala neysluverðs,"Mánaðarbreyting, %",0.03
2023M07,Vísitala neysluverðs,"Ársbreyting, %",7.6
2023M07,Vísitala neysluverðs án húsnæðis,Vísitala,492.1
2023M07,Vísitala neysluverðs án húsnæðis,"Mánaðarbreyting, %",0.2
2023M07,Vísitala neysluverðs án húsnæðis,"Ársbreyting, %",7.1
2023M08,Vísitala neysluverðs,Vísitala,597.8
2023M08,Vísitala neysluverðs,"Mánaðarbreyting, %",0.34
2023M08,Vísitala neysluverðs,"Ársbreyting, %",7.7
2023M08,Vísitala neysluverðs án húsnæðis,Vísitala,494.5
2023M08,Vísitala neysluverðs án húsnæðis,"Mánaðarbreyting, %",0.49
2023M08,Vísitala neysluverðs án húsnæðis,"Ársbreyting, %",7.6
2023M09,Vísitala neysluverðs,Vísitala,599.9
2023M09,Vísitala neysluverðs,"Mánaðarbreyting, %",0.35
2023M09,Vísitala neysluverðs,"Ársbreyting, %",8
2023M09,Vísitala neysluverðs án húsnæðis,Vísitala,495.4
2023M09,Vísitala neysluverðs án húsnæðis,"Mánaðarbreyting, %",0.18
2023M09,Vísitala neysluverðs án húsnæðis,"Ársbreyting, %",7.7
2023M10,Vísitala neysluverðs,Vísitala,603.5
2023M10,Vísitala neysluverðs,"Mánaðarbreyting, %",0.6
2023M10,Vísitala neysluverðs,"Ársbreyting, %",7.9
2023M10,Vísitala neysluverðs án húsnæðis,Vísitala,496.8
2023M10,Vísitala neysluverðs án húsnæðis,"Mánaðarbreyting, %",0.28
2023M10,Vísitala neysluverðs án húsnæðis,"Ársbreyting, %",7.3
2023M11,Vísitala neysluverðs,Vísitala,605.8
2023M11,Vísitala neysluverðs,"Mánaðarbreyting, %",0.38
2023M11,Vísitala neysluverðs,"Ársbreyting, %",8
2023M11,Vísitala neysluverðs án húsnæðis,Vísitala,496.6
2023M11,Vísitala neysluverðs án húsnæðis,"Mánaðarbreyting, %",-0.04
2023M11,Vísitala neysluverðs án húsnæðis,"Ársbreyting, %",7.2
2023M12,Vísitala neysluverðs,Vísitala,608.3
2023M12,Vísitala neysluverðs,"Mánaðarbreyting, %",0.41
2023M12,Vísitala neysluverðs,"Ársbreyting, %",7.7
2023M12,Vísitala neysluverðs án húsnæðis,Vísitala,497.9
2023M12,Vísitala neysluverðs án húsnæðis,"Mánaðarbreyting, %",0.26
2023M12,Vísitala neysluverðs án húsnæðis,"Ársbreyting, %",6.7
2024M01,Vísitala neysluverðs,Vísitala,607.3
2024M01,Vísitala neysluverðs,"Mánaðarbreyting, %",-0.16
2024M01,Vísitala neysluverðs,"Ársbreyting, %",6.7
2024M01,Vísitala neysluverðs án húsnæðis,Vísitala,495.4
2024M01,Vísitala neysluverðs án húsnæðis,"Mánaðarbreyting, %",-0.5
2024M01,Vísitala neysluverðs án húsnæðis,"Ársbreyting, %",5.2
2024M02,Vísitala neysluverðs,Vísitala,615.4
2024M02,Vísitala neysluverðs,"Mánaðarbreyting, %",1.33
2024M02,Vísitala neysluverðs,"Ársbreyting, %",6.6
2024M02,Vísitala neysluverðs án húsnæðis,Vísitala,502
2024M02,Vísitala neysluverðs án húsnæðis,"Mánaðarbreyting, %",1.33
2024M02,Vísitala neysluverðs án húsnæðis,"Ársbreyting, %",4.7
2024M03,Vísitala neysluverðs,Vísitala,620.3
2024M03,Vísitala neysluverðs,"Mánaðarbreyting, %",0.8
2024M03,Vísitala neysluverðs,"Ársbreyting, %",6.8
2024M03,Vísitala neysluverðs án húsnæðis,Vísitala,504.4
2024M03,Vísitala neysluverðs án húsnæðis,"Mánaðarbreyting, %",0.48
2024M03,Vísitala neysluverðs án húsnæðis,"Ársbreyting, %",4.7
2024M04,Vísitala neysluverðs,Vísitala,623.7
2024M04,Vísitala neysluverðs,"Mánaðarbreyting, %",0.55
2024M04,Vísitala neysluverðs,"Ársbreyting, %",6
2024M04,Vísitala neysluverðs án húsnæðis,Vísitala,505.9
2024M04,Vísitala neysluverðs án húsnæðis,"Mánaðarbreyting, %",0.3
2024M04,Vísitala neysluverðs án húsnæðis,"Ársbreyting, %",3.9
2024M05,Vísitala neysluverðs,Vísitala,627.3
2024M05,Vísitala neysluverðs,"Mánaðarbreyting, %",0.58
2024M05,Vísitala neysluverðs,"Ársbreyting, %",6.2
2024M05,Vísitala neysluverðs án húsnæðis,Vísitala,508.5
2024M05,Vísitala neysluverðs án húsnæðis,"Mánaðarbreyting, %",0.51
2024M05,Vísitala neysluverðs án húsnæðis,"Ársbreyting, %",4.2
2024M06,Vísitala neysluverðs,Vísitala,630.3
2024M06,Vísitala neysluverðs,"Mánaðarbreyting, %",0.48
2024M06,Vísitala neysluverðs,"Ársbreyting, %",5.8
2024M06,Vísitala neysluverðs án húsnæðis,Vísitala,510.6
2024M06,Vísitala neysluverðs án húsnæðis,"Mánaðarbreyting, %",0.41
2024M06,Vísitala neysluverðs án húsnæðis,"Ársbreyting, %",4
2024M07,Vísitala neysluverðs,Vísitala,633.2
2024M07,Vísitala neysluverðs,"Mánaðarbreyting, %",0.46
2024M07,Vísitala neysluverðs,"Ársbreyting, %",6.3
2024M07,Vísitala neysluverðs án húsnæðis,Vísitala,512.9
2024M07,Vísitala neysluverðs án húsnæðis,"Mánaðarbreyting, %",0.45
2024M07,Vísitala neysluverðs án húsnæðis,"Ársbreyting, %",4.2
2024M08,Vísitala neysluverðs,Vísitala,633.8
2024M08,Vísitala neysluverðs,"Mánaðarbreyting, %",0.09
2024M08,Vísitala neysluverðs,"Ársbreyting, %",6
2024M08,Vísitala neysluverðs án húsnæðis,Vísitala,512.1
2024M08,Vísitala neysluverðs án húsnæðis,"Mánaðarbreyting, %",-0.16
2024M08,Vísitala neysluverðs án húsnæðis,"Ársbreyting, %",3.6
2024M09,Vísitala neysluverðs,Vísitala,632.3
2024M09,Vísitala neysluverðs,"Mánaðarbreyting, %",-0.24
2024M09,Vísitala neysluverðs,"Ársbreyting, %",5.4
2024M09,Vísitala neysluverðs án húsnæðis,Vísitala,509.3
2024M09,Vísitala neysluverðs án húsnæðis,"Mánaðarbreyting, %",-0.55
2024M09,Vísitala neysluverðs án húsnæðis,"Ársbreyting, %",2.8
2024M10,Vísitala neysluverðs,Vísitala,634.1
2024M10,Vísitala neysluverðs,"Mánaðarbreyting, %",0.28
2024M10,Vísitala neysluverðs,"Ársbreyting, %",5.1
2024M10,Vísitala neysluverðs án húsnæðis,Vísitala,510.8
2024M10,Vísitala neysluverðs án húsnæðis,"Mánaðarbreyting, %",0.29
2024M10,Vísitala neysluverðs án húsnæðis,"Ársbreyting, %",2.8
2024M11,Vísitala neysluverðs,Vísitala,634.7
2024M11,Vísitala neysluverðs,"Mánaðarbreyting, %",0.09
2024M11,Vísitala neysluverðs,"Ársbreyting, %",4.8
2024M11,Vísitala neysluverðs án húsnæðis,Vísitala,509.8
2024M11,Vísitala neysluverðs án húsnæðis,"Mánaðarbreyting, %",-0.2
2024M11,Vísitala neysluverðs án húsnæðis,"Ársbreyting, %",2.7
2024M12,Vísitala neysluverðs,Vísitala,637.2
2024M12,Vísitala neysluverðs,"Mánaðarbreyting, %",0.39
2024M12,Vísitala neysluverðs,"Ársbreyting, %",4.8
2024M12,Vísitala neysluverðs án húsnæðis,Vísitala,511.7
2024M12,Vísitala neysluverðs án húsnæðis,"Mánaðarbreyting, %",0.37
2024M12,Vísitala neysluverðs án húsnæðis,"Ársbreyting, %",2.8
2025M01,Vísitala neysluverðs,Vísitala,635.5
2025M01,Vísitala neysluverðs,"Mánaðarbreyting, %",-0.27
2025M01,Vísitala neysluverðs,"Ársbreyting, %",4.6
2025M01,Vísitala neysluverðs án húsnæðis,Vísitala,510.2
2025M01,Vísitala neysluverðs án húsnæðis,"Mánaðarbreyting, %",-0.29
2025M01,Vísitala neysluverðs án húsnæðis,"Ársbreyting, %",3
2025M02,Vísitala neysluverðs,Vísitala,641.3
2025M02,Vísitala neysluverðs,"Mánaðarbreyting, %",0.91
2025M02,Vísitala neysluverðs,"Ársbreyting, %",4.2
2025M02,Vísitala neysluverðs án húsnæðis,Vísitala,515.6
2025M02,Vísitala neysluverðs án húsnæðis,"Mánaðarbreyting, %",1.06
2025M02,Vísitala neysluverðs án húsnæðis,"Ársbreyting, %",2.7
2025M03,Vísitala neysluverðs,Vísitala,643.7
2025M03,Vísitala neysluverðs,"Mánaðarbreyting, %",0.37
2025M03,Vísitala neysluverðs,"Ársbreyting, %",3.8
2025M03,Vísitala neysluverðs án húsnæðis,Vísitala,517.2
2025M03,Vísitala neysluverðs án húsnæðis,"Mánaðarbreyting, %",0.31
2025M03,Vísitala neysluverðs án húsnæðis,"Ársbreyting, %",2.5
2025M04,Vísitala neysluverðs,Vísitala,649.7
2025M04,Vísitala neysluverðs,"Mánaðarbreyting, %",0.93
2025M04,Vísitala neysluverðs,"Ársbreyting, %",4.2
2025M04,Vísitala neysluverðs án húsnæðis,Vísitala,522
2025M04,Vísitala neysluverðs án húsnæðis,"Mánaðarbreyting, %",0.93
2025M04,Vísitala neysluverðs án húsnæðis,"Ársbreyting, %",3.2
2025M05,Vísitala neysluverðs,Vísitala,651
2025M05,Vísitala neysluverðs,"Mánaðarbreyting, %",0.2
2025M05,Vísitala neysluverðs,"Ársbreyting, %",3.8
2025M05,Vísitala neysluverðs án húsnæðis,Vísitala,522.1
2025M05,Vísitala neysluverðs án húsnæðis,"Mánaðarbreyting, %",0.02
2025M05,Vísitala neysluverðs án húsnæðis,"Ársbreyting, %",2.7
2025M06,Vísitala neysluverðs,Vísitala,656.5
2025M06,Vísitala neysluverðs,"Mánaðarbreyting, %",0.84
2025M06,Vísitala neysluverðs,"Ársbreyting, %",4.2
2025M06,Vísitala neysluverðs án húsnæðis,Vísitala,526.8
2025M06,Vísitala neysluverðs án húsnæðis,"Mánaðarbreyting, %",0.9
2025M06,Vísitala neysluverðs án húsnæðis,"Ársbreyting, %",3.2
2025M07,Vísitala neysluverðs,Vísitala,658.6
2025M07,Vísitala neysluverðs,"Mánaðarbreyting, %",0.32
2025M07,Vísitala neysluverðs,"Ársbreyting, %",4
2025M07,Vísitala neysluverðs án húsnæðis,Vísitala,528.5
2025M07,Vísitala neysluverðs án húsnæðis,"Mánaðarbreyting, %",0.32
2025M07,Vísitala neysluverðs án húsnæðis,"Ársbreyting, %",3
2025M08,Vísitala neysluverðs,Vísitala,657.6
2025M08,Vísitala neysluverðs,"Mánaðarbreyting, %",-0.15
2025M08,Vísitala neysluverðs,"Ársbreyting, %",3.8
2025M08,Vísitala neysluverðs án húsnæðis,Vísitala,526.5
2025M08,Vísitala neysluverðs án húsnæðis,"Mánaðarbreyting, %",-0.38
2025M08,Vísitala neysluverðs án húsnæðis,"Ársbreyting, %",2.8
2025M09,Vísitala neysluverðs,Vísitala,658.3
2025M09,Vísitala neysluverðs,"Mánaðarbreyting, %",0.11
2025M09,Vísitala neysluverðs,"Ársbreyting, %",4.1
2025M09,Vísitala neysluverðs án húsnæðis,Vísitala,525.8
2025M09,Vísitala neysluverðs án húsnæðis,"Mánaðarbreyting, %",-0.13
2025M09,Vísitala neysluverðs án húsnæðis,"Ársbreyting, %",3.2
2025M10,Vísitala neysluverðs,Vísitala,661.4
2025M10,Vísitala neysluverðs,"Mánaðarbreyting, %",0.47
2025M10,Vísitala neysluverðs,"Ársbreyting, %",4.3
2025M10,Vísitala neysluverðs án húsnæðis,Vísitala,527.7
2025M10,Vísitala neysluverðs án húsnæðis,"Mánaðarbreyting, %",0.36
2025M10,Vísitala neysluverðs án húsnæðis,"Ársbreyting, %",3.3
2025M11,Vísitala neysluverðs,Vísitala,658.2
2025M11,Vísitala neysluverðs,"Mánaðarbreyting, %",-0.48
2025M11,Vísitala neysluverðs,"Ársbreyting, %",3.7
2025M11,Vísitala neysluverðs án húsnæðis,Vísitala,523.4
2025M11,Vísitala neysluverðs án húsnæðis,"Mánaðarbreyting, %",-0.81
2025M11,Vísitala neysluverðs án húsnæðis,"Ársbreyting, %",2.7
2025M12,Vísitala neysluverðs,Vísitala,665.8
2025M12,Vísitala neysluverðs,"Mánaðarbreyting, %",1.15
2025M12,Vísitala neysluverðs,"Ársbreyting, %",4.5
2025M12,Vísitala neysluverðs án húsnæðis,Vísitala,531
2025M12,Vísitala neysluverðs án húsnæðis,"Mánaðarbreyting, %",1.45
2025M12,Vísitala neysluverðs án húsnæðis,"Ársbreyting, %",3.8
2026M01,Vísitala neysluverðs,Vísitala,668.3
2026M01,Vísitala neysluverðs,"Mánaðarbreyting, %",0.38
2026M01,Vísitala neysluverðs,"Ársbreyting, %",5.2
2026M01,Vísitala neysluverðs án húsnæðis,Vísitala,533
2026M01,Vísitala neysluverðs án húsnæðis,"Mánaðarbreyting, %",0.38
2026M01,Vísitala neysluverðs án húsnæðis,"Ársbreyting, %",4.5
2026M02,Vísitala neysluverðs,Vísitala,674.6
2026M02,Vísitala neysluverðs,"Mánaðarbreyting, %",0.94
2026M02,Vísitala neysluverðs,"Ársbreyting, %",5.2
2026M02,Vísitala neysluverðs án húsnæðis,Vísitala,538.8
2026M02,Vísitala neysluverðs án húsnæðis,"Mánaðarbreyting, %",1.09
2026M02,Vísitala neysluverðs án húsnæðis,"Ársbreyting, %",4.5
2026M03,Vísitala neysluverðs,Vísitala,678.3
2026M03,Vísitala neysluverðs,"Mánaðarbreyting, %",0.55
2026M03,Vísitala neysluverðs,"Ársbreyting, %",5.4
2026M03,Vísitala neysluverðs án húsnæðis,Vísitala,542.4
2026M03,Vísitala neysluverðs án húsnæðis,"Mánaðarbreyting, %",0.67
2026M03,Vísitala neysluverðs án húsnæðis,"Ársbreyting, %",4.9
2026M04,Vísitala neysluverðs,Vísitala,683.8
2026M04,Vísitala neysluverðs,"Mánaðarbreyting, %",0.81
2026M04,Vísitala neysluverðs,"Ársbreyting, %",5.2
2026M04,Vísitala neysluverðs án húsnæðis,Vísitala,547
2026M04,Vísitala neysluverðs án húsnæðis,"Mánaðarbreyting, %",0.85
2026M04,Vísitala neysluverðs án húsnæðis,"Ársbreyting, %",4.8
2026M05,Vísitala neysluverðs,Vísitala,684.3
2026M05,Vísitala neysluverðs,"Mánaðarbreyting, %",0.07
2026M05,Vísitala neysluverðs,"Ársbreyting, %",5.1
2026M05,Vísitala neysluverðs án húsnæðis,Vísitala,546.3
2026M05,Vísitala neysluverðs án húsnæðis,"Mánaðarbreyting, %",-0.13
2026M05,Vísitala neysluverðs án húsnæðis,"Ársbreyting, %",4.6
2026M06,Vísitala neysluverðs,Vísitala,690.7
2026M06,Vísitala neysluverðs,"Mánaðarbreyting, %",0.94
2026M06,Vísitala neysluverðs,"Ársbreyting, %",5.2
2026M06,Vísitala neysluverðs án húsnæðis,Vísitala,552.2
2026M06,Vísitala neysluverðs án húsnæðis,"Mánaðarbreyting, %",1.08
2026M06,Vísitala neysluverðs án húsnæðis,"Ársbreyting, %",4.8
2026M07,Vísitala neysluverðs,Vísitala,693.2
2026M07,Vísitala neysluverðs,"Mánaðarbreyting, %",0.36
2026M07,Vísitala neysluverðs,"Ársbreyting, %",5.3
2026M07,Vísitala neysluverðs án húsnæðis,Vísitala,553.9
2026M07,Vísitala neysluverðs án húsnæðis,"Mánaðarbreyting, %",0.31
2026M07,Vísitala neysluverðs án húsnæðis,"Ársbreyting, %",4.8
2026M08,Vísitala neysluverðs,Vísitala,694.6
2026M08,Vísitala neysluverðs,"Mánaðarbreyting, %",0.2
2026M08,Vísitala neysluverðs,"Ársbreyting, %",5.6
2026M08,Vísitala neysluverðs án húsnæðis,Vísitala,553.8
2026M08,Vísitala neysluverðs án húsnæðis,"Mánaðarbreyting, %",-0.02
2026M08,Vísitala neysluverðs án húsnæðis,"Ársbreyting, %",5.2
